seed,capacity_share,padding_per_round
0,0.0005057985136847307,44.98981481481483
0,1.0650545099813765e-05,59.65833333333338
0,0.00177807892485842,126.1574074074074
0,0.0005991006236600394,148.6435185185185
0,0.003086822068999243,42.49351851851849
0,0.0004125609970032963,46.682407407407375
0,0.0006876759923446485,42.053703703703704
0,0.001050165937178243,46.19722222222221
0,0.0018432124618317444,54.18425925925925
0,0.0005863735674588561,45.30833333333333
0,0.0004211018271455957,48.596296296296316
0,0.0016377027282528734,128.36296296296297
0,0.0008863419212809012,141.94074074074078
0,0.0019895082890841616,46.42777777777775
0,0.0012421714991688818,136.34444444444452
0,0.0028719252605511323,38.31574074074073
0,0.006253443709362085,38.74351851851853
0,0.0029426442123080387,110.02777777777767
0,0.0017565816053122952,34.23981481481479
0,0.001360059068752831,37.31574074074074
0,0.0010268040305961119,138.13888888888886
0,5.2787145745813064e-05,59.41574074074073
0,0.0009553652990726922,40.51203703703703
0,0.0011583479107485247,42.33888888888889
0,0.0012598856656965988,134.09629629629634
0,0.002171774597600385,119.38981481481481
0,0.0004960161677740437,44.25000000000001
0,0.0030315476278335285,27.61944444444443
0,3.223568249496668e-05,59.634259259259316
0,0.001088674245413565,138.37129629629624
0,0.0016105764478824846,129.22592592592582
0,0.00028904437587414536,50.01574074074075
0,0.0017894055222421581,128.03148148148145
0,0.0004669993541849857,46.64259259259257
0,0.0032357379163750373,35.39537037037037
0,0.0013658825352261576,132.8370370370371
0,0.0034158675658210002,44.397222222222226
0,0.00081083725963642,143.26018518518524
0,0.0006323098323304158,147.40277777777774
0,0.0009956217994056811,39.37037037037035
0,0.0009505345916094892,139.45277777777778
0,0.001992295235697519,119.75185185185175
0,0.0018700411775897658,122.36851851851857
0,0.0010720454639536125,138.43148148148143
0,0.003671312451633853,49.879629629629626
0,0.0012760831599104457,34.002777777777766
0,0.001989683834061231,124.97129629629633
0,0.002014405012163814,120.72499999999998
0,0.0002371648021960535,161.97037037037032
0,0.0011546319819306704,36.19629629629629
0,0.0007086276255665653,43.74166666666664
0,0.0006055106008708564,42.946296296296296
0,0.0006411159304381457,46.172222222222224
0,0.001459520675483266,37.953703703703724
0,0.00022202674686734158,53.70925925925929
0,0.0004910599932806632,45.27222222222223
0,0.0032576694262366813,36.33888888888889
0,0.0022213822473187593,37.46481481481481
0,0.0014922435293100449,130.89259259259262
0,4.314287707294692e-05,59.65462962962967
0,0.003251318871227455,108.99814814814815
0,0.0005211590167053616,150.96388888888885
0,0.0012089599317546733,35.40925925925922
0,0.0013868520404690722,54.90185185185179
0,0.0011070677301783262,35.89537037037035
0,0.007858296211618859,20.231481481481474
0,0.0011022173362757758,39.96574074074074
0,0.0008578257057196102,41.856481481481495
0,0.00019971003598617522,52.83888888888892
0,0.0005815524764129914,43.129629629629626
0,0.000837842699743475,39.05092592592591
0,0.0008231724921909806,143.25092592592588
0,0.0025907455718144675,39.952777777777754
0,0.002531104914287691,115.08240740740736
0,0.004637789974560192,22.775925925925932
0,0.0010063892837693354,41.425000000000026
0,0.002130156194840288,119.51481481481483
0,0.002574859976118044,51.97777777777781
0,0.0006354682811046752,42.54907407407408
0,0.0016076470694271843,41.29444444444445
0,0.0025452894927640505,44.12685185185185
0,0.00047155136698687276,45.420370370370364
0,0.0012251940772195161,34.908333333333324
0,0.00018700411775898182,53.295370370370385
0,0.003149714164241619,40.860185185185166
0,0.002509088036041911,26.325925925925926
0,0.0009730159609575745,44.100925925925914
0,0.0028372487317465398,28.619444444444436
0,0.0003713351436571639,47.7935185185185
0,0.0038171593010609805,50.63148148148147
0,0.0008505736569441847,46.33703703703701
0,0.0007538690589240582,144.64907407407398
0,0.0003664834796617914,48.7398148148148
0,0.0006873648195945044,46.84814814814814
0,0.00029904309117521986,49.760185185185215
0,0.003376478720351658,45.022222222222226
0,0.0023468199746161504,25.15833333333332
0,0.0017190104441640439,52.379629629629655
0,0.00035473067540334977,48.40000000000001
0,0.0006591099709991589,44.97407407407407
0,0.0025338970319935226,45.20462962962965
0,0.0010825429628640963,50.554629629629645
0,0.0002445611879526909,161.91759259259274
0,0.0006621467630218271,147.07962962962958
0,4.571163987758107e-05,167.09907407407383
0,0.0009862075082610025,140.08611111111114
0,0.0026035270605667196,112.70462962962965
0,0.0004464656722341551,51.04814814814813
0,0.0018345433523108798,123.24907407407416
0,0.0014717146555679004,33.20925925925928
0,0.0002299230956053024,51.9962962962963
0,0.001320994369124962,45.56666666666667
0,0.00018020621790106777,53.754629629629626
0,0.0007671358138688205,144.29907407407404
0,0.002079433766476454,40.245370370370374
0,0.0009449606983827171,140.08888888888885
0,0.006791231144643598,40.8537037037037
0,0.00215291934336089,29.603703703703708
0,0.0010844938254934908,138.66574074074083
0,0.0019030829154448215,28.069444444444446
0,0.0009720869787530909,139.4740740740742
0,0.0028460991923833817,23.534259259259244
0,0.0002754432236241349,50.42222222222222
0,0.002115664072450558,118.70648148148146
0,0.002263650937622018,24.92499999999999
0,0.00015783407653875472,166.06759259259286
0,0.0011553629203702534,47.784259259259315
0,0.0007324196400228323,144.84074074074093
0,0.0012134365554733306,136.13796296296294
0,0.004285593950896064,101.39537037037043
0,0.002790612192105731,110.08888888888887
0,0.002097242373480207,120.47129629629629
0,0.0011489390628589117,42.15833333333334
0,0.00031839876200057577,49.01851851851854
0,0.0019059464305133313,38.937037037037015
0,0.0015022571228417475,131.06481481481475
0,0.000275814816505924,53.800000000000004
0,0.0004941866897334987,46.49814814814816
0,0.0006324510848003652,42.80648148148148
0,0.001036929936624798,56.54629629629629
0,0.000732806927623524,145.51759259259256
0,0.00408101882421864,34.462962962962955
0,0.0019208565041740758,122.7055555555556
0,0.004748759166906429,48.582407407407416
0,0.002470562037227525,53.255555555555546
0,0.0007642989707503224,39.957407407407416
0,0.0009293537973476507,43.744444444444476
0,0.0020262030861605594,122.41203703703707
0,0.0003024766057740877,49.7333333333333
0,0.0002562132919916922,50.909259259259265
0,0.00011743423715469389,56.38703703703702
0,0.0009057926676287166,140.95185185185184
0,0.0012968997096848974,38.855555555555554
0,0.0005416895234240624,47.93518518518518
0,9.897924360726517e-06,59.65092592592592
0,0.0010436433753076813,40.60925925925927
0,0.0005626845212449787,43.82592592592591
0,0.0026704074288238806,35.90555555555554
0,0.00202996228885648,46.17407407407407
0,0.0005121578686230689,44.57500000000001
0,0.0017300790312559117,35.17685185185186
0,0.00043870177603707076,46.04629629629628
0,0.0018663252487719681,31.436111111111103
0,0.001191077024318653,35.741666666666674
0,0.00048539320183341216,45.646296296296285
0,0.0005110331106766706,46.94537037037035
0,0.0009780324648616802,139.98888888888885
0,0.0008661284841720315,142.30185185185186
0,0.0054192133351475165,41.33333333333334
0,0.0007951158688023387,142.5185185185186
0,0.0004795854300789688,51.50370370370369
0,0.0011985728402018983,136.68796296296307
0,0.0009603818029768191,140.14074074074077
0,0.0004878674334410888,46.909259259259244
0,0.002191561918555471,121.73148148148142
0,0.000340100385054964,48.71111111111111
0,0.001085954885884405,40.115740740740726
0,0.0008379079280838373,142.32314814814814
0,0.000777929698019714,45.79907407407408
0,0.0009768247879958641,42.704629629629615
0,0.00016461564663135006,54.703703703703695
0,0.0008934021860348526,42.946296296296296
0,0.0036298121675095523,33.43333333333334
0,0.002045618814233892,120.85277777777782
0,0.002486347386309051,38.87314814814811
0,0.0004525072317953287,45.99814814814814
0,0.001640917151833843,28.936111111111114
0,0.0016962971921485838,37.882407407407406
0,0.0005282192814593029,44.24814814814813
0,0.0003994755931744119,46.69537037037039
0,0.003135593634733706,38.66574074074074
0,0.00011026664955428027,56.714814814814815
0,0.0022105152421076782,41.6138888888889
0,0.0023140946713244926,39.06388888888889
0,0.004821564246182122,48.29166666666665
0,2.3689046213879643e-05,59.62500000000003
0,0.0001047891926637515,57.0018518518519
0,0.0005758843241519789,149.3527777777778
0,0.0010631272347907711,138.01296296296297
0,0.0010435453967158426,139.43148148148148
0,0.0009907595210628644,138.95370370370367
0,0.0018981893383851643,123.03888888888886
0,0.003531421067616346,104.99074074074066
0,0.00028176030261449747,50.29629629629631
0,0.0010504001785895873,139.7509259259259
0,8.537346459041625e-05,58.01388888888896
0,0.00010938556799473368,56.75555555555553
0,0.0026671079090215682,114.97129629629636
0,0.00020096425268312172,53.04999999999998
0,3.958915725719163e-05,59.64351851851855
0,0.0013175268341816958,38.2462962962963
0,0.0037980463994133247,104.82777777777781
0,0.0014521849820210762,130.91759259259257
0,0.0015400967271875495,38.29722222222222
0,0.0010718596675127357,50.10555555555556
0,0.0025815486479902647,114.25648148148149
0,0.0013039194221883238,134.49259259259262
0,0.00010143841554246822,57.152777777777786
0,0.0006902016627130302,41.45462962962963
0,0.0012733559076613973,135.65648148148148
0,0.00032229177805116093,57.00648148148149
0,0.0005211356107084149,150.7722222222222
0,0.0006282706648802839,50.53425925925922
0,0.0007685769156576993,39.647222222222176
0,0.0013842322925082622,133.87962962962962
0,0.00183188214489033,30.504629629629637
0,0.001704496548753989,128.26018518518524
0,0.00621196537970009,14.333333333333341
0,0.001907943651531992,121.45555555555555
0,0.00024012602369371212,51.478703703703694
0,0.00021660372252785889,53.726851851851855
0,0.00012160377056458087,56.43981481481483
0,0.0008149091773380834,39.45185185185183
0,0.00018626093199540617,164.6222222222222
0,0.001360122845558483,133.6527777777778
0,0.0012511532329746355,34.829629629629636
0,0.00026705625615943687,50.56481481481481
0,0.0018745002921712606,125.35185185185178
0,0.0011273849520178191,45.06018518518519
0,0.001624046689847242,55.16944444444446
0,0.001156861539221373,135.5324074074074
0,0.002257891247954298,117.57962962962958
0,0.00028481796044841723,159.90833333333325
0,0.0013004118793200365,38.5824074074074
0,0.0017445736031103662,42.336111111111094
0,0.0010739704711212707,40.58796296296292
0,0.0017590278041560968,128.52222222222215
0,0.000814699430574738,43.89259259259256
0,0.0011076254823846451,137.94259259259252
0,0.0033735080638785126,106.82870370370371
0,0.0010091533687113022,141.34999999999997
0,0.002781692874291831,31.49259259259258
0,0.0029354908678916754,51.35277777777783
0,0.00010208942885294096,57.09444444444444
0,0.0021074532850094037,28.322222222222216
0,0.001418378557544814,37.13425925925925
0,0.002984634026508002,110.84999999999997
0,0.0005594708234314189,43.62499999999998
0,0.00112657671935575,137.7342592592592
0,0.0024090704915235243,115.04259259259267
0,0.0011211656701774846,44.83425925925928
0,0.0007552259717006256,144.27222222222218
0,0.0010750250110768,36.29351851851854
0,0.0024487970909721182,115.85185185185185
0,0.003581969583979549,43.562037037037015
0,0.005052240688293728,98.83148148148149
0,0.0007279679645567265,48.00000000000001
0,0.003037695603031931,23.10000000000001
0,0.0022824163781521856,118.6916666666666
0,0.0001425907849446953,55.41851851851852
0,0.0009128679013342017,38.79259259259259
0,0.0003308462163312288,48.92222222222221
0,0.0026352815593103564,25.230555555555572
0,0.0005160673958808072,49.79999999999995
0,0.0008164771976918026,143.70740740740732
0,0.0036602777941654864,20.365740740740726
0,0.003514153883053531,32.70555555555556
0,0.0010151698892989698,45.46759259259261
0,0.001117286897311093,138.14166666666668
0,0.002994197553563417,36.1787037037037
0,0.0021526375641883434,117.22222222222219
0,0.0019327474763912963,39.621296296296265
0,0.004005637633744034,48.80740740740739
0,0.0017521335586829028,126.8620370370371
0,0.0003248075598394514,49.260185185185186
0,0.0007261853892309629,47.121296296296315
0,0.0011336369841097034,36.48148148148148
0,0.0015055491128079456,131.37037037037032
0,0.001568586452240596,130.5296296296296
0,0.005923140276285753,41.961111111111094
0,0.002905484742687485,110.2638888888889
0,0.0006158270208281828,43.25555555555555
0,0.0008199196936615685,43.36481481481482
0,0.001066300833958377,40.993518518518506
0,0.007924008003726076,13.445370370370364
0,0.0013343750695432887,34.53148148148147
0,0.0014857993503130248,130.88425925925918
0,0.0013407611871525111,133.57129629629628
0,0.00045862735567183435,49.58240740740742
0,0.00039054411875746013,49.91481481481482
0,0.001836114910780416,39.73796296296296
0,6.218365559051696e-05,59.15740740740739
0,0.0017083982740127752,127.07129629629632
0,0.0009735949418588115,37.88333333333336
0,0.0032942035565667114,106.73148148148152
0,0.0006594575228375503,41.836111111111094
0,0.0021649190899591998,31.415740740740734
0,0.0012971378520956855,134.96759259259264
0,0.0007099917960166464,41.408333333333324
0,0.0009106467810888992,39.143518518518505
0,1.3098649082968938e-05,59.677777777777784
0,7.752456289278146e-05,58.33240740740737
0,0.00023231059801496966,51.795370370370335
0,0.00016826961306194946,54.12129629629628
0,0.0010117672198123484,35.82777777777777
0,0.004201600714358349,37.26851851851855
0,0.0002042831867620446,53.09444444444442
0,0.0018255344929504827,125.53425925925923
0,0.0016202926582436711,32.37777777777778
0,0.0010073707026646438,139.27962962962965
0,0.0016541272969254875,40.54351851851854
0,0.0042621677231827505,33.171296296296305
0,0.0009002081600544741,42.797222222222224
0,0.000477600184221535,45.10185185185187
0,0.0004329214927208977,46.57592592592592
0,0.0017853385941910228,127.45000000000003
0,0.000700585216149988,145.69907407407413
0,0.0010017215110755334,52.48611111111111
0,0.0017213150276543482,127.79722222222222
0,0.0024845856767944934,114.78703703703711
0,0.00188800029059728,33.92407407407409
0,0.0011092624506363743,46.20740740740744
0,0.006071548993727524,20.815740740740736
0,0.0019595021638798573,39.78425925925925
0,0.0008695157311025197,47.03796296296296
0,0.0019085772464262035,48.38796296296298
0,0.0010504930768100147,37.44537037037036
0,0.0009662343908649778,139.10833333333332
0,0.000945366946655312,44.44259259259259
0,0.0011797336435650238,135.74722222222223
0,0.0005370900635818357,44.44537037037036
0,0.0020921608226775815,119.81018518518526
0,0.0009836519907104112,45.33425925925927
0,0.0010933148925527255,136.79444444444454
0,0.0033398790895186534,37.33055555555557
0,0.002291455447578369,119.01388888888883
0,0.003705417438652506,104.3574074074074
0,0.00045204727673902174,48.423148148148165
0,0.0031816247936859434,23.63703703703704
0,0.0009184847055554382,140.712037037037
0,0.006549575929149517,14.601851851851853
0,0.0009257307667502493,141.4962962962962
0,0.0014458352435000963,36.85925925925925
0,0.0003390084680810346,52.23333333333332
0,0.0022990324586835264,35.022222222222226
0,0.0007932610796255635,144.2861111111111
0,0.0028511392837262824,38.73888888888888
0,0.0020752290333502206,119.42499999999997
0,0.0008951287865538958,38.28425925925925
0,0.00038840909266370883,47.14444444444442
0,0.001954610673401326,124.77222222222214
0,0.003932381671504106,26.222222222222232
0,0.0010388260945404094,41.70555555555557
0,0.00011859111030619399,56.3824074074074
0,0.0011903977968026056,135.62870370370376
0,0.0022366273533311856,46.001851851851825
0,0.0008312532765560626,143.11388888888882
0,0.00011268554140171092,56.67962962962967
0,0.00026217483570282536,50.87407407407405
0,0.0007752356496267768,144.93703703703704
0,0.0013510896729920247,53.185185185185226
0,0.0011196093528222809,137.33981481481482
0,0.001025311036441935,42.39814814814814
0,0.0027992950912062624,111.78425925925926
0,0.0040655264129825395,36.86388888888891
0,0.0012701044699457362,44.92222222222221
0,0.0007351036183938461,40.97222222222221
0,0.000754361310627329,45.413888888888906
0,0.0015967346130359682,128.93240740740734
0,0.004404646921397924,24.246296296296283
0,0.00010776193571804149,56.94259259259258
0,0.007119853519102109,45.40648148148148
0,0.0004999971831154761,52.402777777777814
0,0.0008037284591911124,52.41481481481479
0,0.0008798271614093339,141.62407407407397
0,0.0012264423063358821,135.8703703703704
0,0.00030941367152084124,50.629629629629626
0,0.0028124007258000664,39.37592592592592
0,0.0012632300016327265,46.805555555555564
0,0.0006105405314709044,42.83888888888888
0,0.00038441283620798544,49.10740740740743
0,0.005243082663785061,20.891666666666655
0,0.00040373521245627394,46.92407407407405
0,0.001503786949688808,33.6388888888889
0,0.005141452010616526,49.11203703703704
0,0.0012228192757384104,49.287037037037024
0,0.0032264715910482722,108.5194444444444
0,0.0013400568299420511,132.59629629629632
0,0.0006533531844008428,51.30833333333332
0,0.0010238362771923593,43.03333333333336
0,0.0023614757575426194,32.5
0,0.0007525634941872902,144.38333333333335
0,0.001167916427454521,135.62500000000003
0,0.0024077372569066436,30.925000000000015
0,0.0024040164291591185,49.81851851851851
0,0.001968615805900944,46.14444444444443
0,0.0006790604988864774,146.9314814814814
0,0.00271002688686785,44.77500000000001
0,0.0022882689660403788,116.66481481481485
0,0.00025351761062220295,51.12037037037037
0,0.0014890655755383376,131.6453703703704
0,0.0009043504771888645,44.68703703703703
0,0.005716677791621597,47.865740740740755
0,0.0015850789708811443,47.9537037037037
0,0.0006386798016162242,147.40185185185192
0,0.0031520289084745767,108.53148148148144
0,0.0008963809166697359,141.18611111111116
0,0.0016425334357161449,127.53425925925926
0,0.0005735303884821304,46.49444444444445
0,0.0013404284228237914,47.54907407407407
0,0.0010411103565449267,138.86018518518514
0,0.00036264208381377465,156.63796296296303
0,0.0012103751780817764,42.75370370370371
0,0.0030495795897384293,108.39629629629633
0,2.545411240236496e-05,167.03703703703675
0,0.000520643449726077,44.46111111111111
0,0.001745366413216298,28.50277777777777
0,0.00029448735881568015,49.859259259259275
0,2.0902099600482038e-05,59.66851851851857
0,4.865725737726936e-05,59.48981481481486
0,0.0046050576857577285,29.908333333333335
0,0.0014578534971657355,36.98611111111111
0,0.0006172355538073482,43.52222222222221
0,0.002935305071450787,43.05185185185186
0,0.0012403343098502575,39.17129629629633
0,0.0008697131398209582,39.14074074074073
0,0.0032918809196135763,50.56018518518517
0,0.0009967979053919036,140.63611111111115
0,0.0011413475364067556,137.7101851851851
0,0.0012837605083513824,135.31759259259275
0,0.0024569254130983997,115.0333333333333
0,5.713240557465051e-05,59.29444444444441
0,0.0011374458111480482,137.4638888888889
0,0.000192020712384015,53.39259259259257
0,0.0021981576922071233,119.24537037037038
0,0.001373687437278409,133.2537037037036
0,0.0033161032233858623,22.345370370370368
0,0.001019465071180846,138.89166666666662
0,0.0007581423770646199,42.887037037037054
0,0.0029004682387833557,30.122222222222224
0,0.0006633932684407158,43.88518518518517
0,0.0010521090885295685,41.92407407407409
0,0.0005471527371303905,44.20648148148152
0,0.0037360923584673156,34.80462962962962
0,0.0005959233956556786,42.8648148148148
0,0.0008455596025048495,143.84444444444446
0,0.001982912515432401,125.11574074074076
0,0.0009431027339737455,37.73425925925926
0,0.0007372321125814697,48.525000000000006
0,0.001961027999006523,122.87129629629632
0,0.00346466553134279,25.662962962962943
0,0.0004536637420631601,45.78796296296295
0,0.00021134345151598322,52.5583333333333
0,0.00027349236099475114,50.329629629629636
0,0.0030511491523477338,49.78888888888889
0,0.001094248138640367,39.49537037037039
0,0.004946303240965926,23.496296296296293
0,0.000424796255105805,46.167592592592584
0,0.001214179741236874,135.66481481481478
0,0.0004692289114757164,51.599074074074075
0,0.001117449106313248,35.08425925925928
0,0.0011801387124656885,51.11574074074075
0,0.0009574677563567215,37.71851851851853
0,0.001588844342599503,31.762037037037043
0,0.0007087556327824551,41.236111111111136
0,0.0015569441460608578,38.473148148148155
0,0.0013622595046287524,38.605555555555554
0,0.00017811038324407776,54.01018518518519
0,0.0012820279202516809,44.30000000000001
0,0.0003180835068091215,158.13888888888889
0,0.0011261506939229382,38.43148148148147
0,0.0008783526743224957,142.02777777777771
0,0.0007952087670227881,50.06944444444443
0,0.0020916390866758654,123.36111111111114
0,0.002035400009984763,122.66296296296291
0,0.0026314670168542994,35.87500000000001
0,0.0019487683369769798,33.32222222222224
0,0.0005053813789018876,151.07222222222217
0,0.0007988854136829822,40.54259259259259
0,0.005486137884492265,98.61388888888885
0,0.000991874299708234,139.37500000000006
0,0.0009026547217820497,142.37499999999997
0,0.0014263592767368941,37.04537037037037
0,0.0011440263436854668,40.5037037037037
0,0.0018162531079512223,42.53611111111112
0,0.0015242097706773465,39.94537037037038
0,0.0002460823055915862,51.29629629629626
0,0.001139025080895626,136.0722222222223
0,0.000418612445144574,47.037037037037024
0,0.00241526083339088,23.987962962962964
0,0.000353291932358366,48.49351851851855
0,0.0039015394623158873,37.703703703703695
0,0.0003679698511889422,47.7675925925926
0,0.0011677264578513371,56.818518518518545
0,0.005187157935076038,16.364814814814814
0,0.0027708884665144104,28.15740740740741
0,0.0011790642139081272,52.5916666666667
0,0.00037986082340609964,47.746296296296286
0,1.0201385832790763e-05,59.660185185185185
0,0.0010059019309956363,36.96851851851853
0,0.0024316709774374803,114.68888888888887
0,0.001263323081294972,35.74444444444444
0,0.0015639228527091203,36.38240740740742
0,2.9249603465669556e-05,59.66851851851856
0,0.0013720560030027371,34.7611111111111
0,0.0011925344558728556,135.55740740740748
0,0.0014201184033180336,134.56111111111105
0,0.004547274992640007,47.73611111111112
0,0.00011532379642984413,56.586111111111094
0,0.0006644113385870619,146.98518518518514
0,0.0009593761615963197,43.45648148148149
0,0.00012933201344073755,55.79074074074075
0,0.0011761078006191363,135.7481481481482
0,0.001587192042512594,128.0388888888889
0,0.003194798196805667,34.27500000000001
0,0.004506213979202708,44.49166666666665
0,0.0005699664172025717,44.88148148148148
0,0.00015150937699124142,54.83333333333329
0,0.0015095031840365713,42.737037037037034
0,0.00021868241093127145,52.07962962962962
0,0.000896433534802425,141.40000000000006
0,6.998683394527303e-05,58.78518518518508
0,0.0003021765009760134,51.3111111111111
0,0.0010695837518327274,36.573148148148135
0,0.0018853904312165603,125.34444444444439
0,0.00142115697639191,32.49259259259261
0,0.0015938081376500434,129.54907407407407
0,0.00039695409596826267,47.34074074074071
0,0.0009330697261655205,140.2203703703705
0,0.0006413129762729217,147.34722222222226
0,0.0014504026788580908,131.33148148148146
0,0.0017638585116193724,45.60925925925926
0,0.0025394657541279826,114.57962962962964
0,0.003178267031053914,22.8037037037037
0,0.0017219614141979816,125.99907407407404
0,0.0015455476935698695,28.800000000000008
0,0.001330494754421216,34.271296296296306
0,7.53292073882999e-06,59.67592592592599
0,0.001651623853182084,33.41666666666668
0,0.0008328325463036648,50.67499999999997
0,0.0050018259852852385,46.953703703703724
0,0.0018042692375136397,125.18518518518516
0,0.005522608782342015,45.69444444444443
0,0.00203207880788284,29.575925925925926
0,0.0027877953075893655,22.57129629629629
0,0.0017854108987629517,45.72037037037038
0,0.003555582497652302,47.312037037037015
0,0.0020183067374226044,46.540740740740745
0,0.0021835726715970206,27.18055555555556
0,0.0022257484636798563,118.41388888888892
0,0.0022031873506445044,39.19907407407408
0,0.004528529964316351,18.342592592592595
0,0.0010981374351332878,40.611111111111114
0,0.002549332651934601,112.34722222222227
0,0.0005727958212057945,43.33703703703706
0,0.0027210817751010365,113.48240740740744
0,0.0015336430224940486,130.33796296296288
0,0.00094093885862797,39.723148148148155
0,0.003837160995546278,28.639814814814834
0,0.00430731888922651,30.53703703703703
0,0.0004206431421821437,154.19074074074084
0,0.0033856756441758614,50.770370370370344
0,0.00119429952206131,42.48796296296296
0,0.006065247700177119,15.549074074074074
0,0.0014145612027401968,131.36296296296297
0,0.0011516592388763625,137.49907407407412
0,0.0015401595967839967,129.36111111111111
0,0.0018361810463299135,125.85370370370367
0,0.002578382215775116,113.6796296296296
0,0.0010358012776789539,36.598148148148155
0,0.002701387352366392,111.32777777777781
0,0.00251086290008958,40.483333333333356
0,0.0034583220525651144,36.39907407407407
0,8.784007564092244e-05,57.79814814814818
0,0.0005168410638729522,48.230555555555554
0,0.0008955388451051067,38.17314814814814
0,0.0036795473708392808,37.540740740740745
0,0.0011164691389526314,55.69722222222225
0,0.0007080371231086907,145.45648148148155
0,0.0008522482743769945,143.86666666666662
0,0.0004457777355098919,46.35370370370369
0,0.0005502088527087083,47.36944444444443
0,0.0004009836470010595,53.63981481481483
0,0.0008626528750669995,143.21574074074073
0,0.0027493767223423465,34.47314814814817
0,0.0005310991262931433,47.01944444444447
0,0.0009466328663507243,140.6462962962963
0,0.0012030303218067506,41.81018518518516
0,0.0007755143442881169,143.5888888888889
0,0.0024416439279977384,32.965740740740735
0,0.0009908897055807859,38.01481481481479
0,0.0010104539437975283,138.73981481481485
0,0.0019376303483825627,125.6453703703704
0,0.002103058128675438,53.96666666666667
0,0.0035893979034994574,21.327777777777783
0,0.0004637479164693597,52.52592592592592
0,0.0023374654685566158,28.08611111111111
0,0.0023216194271807123,115.22962962962963
0,0.002923224583235094,22.57129629629629
0,0.00045808112502211543,45.93796296296296
0,0.00013854517630934842,55.30000000000001
0,0.0014825627001071359,40.59444444444443
0,0.0016642929387164528,127.83611111111105
0,0.0021330890206904085,40.10648148148148
0,0.00012836674286890922,55.964814814814844
0,0.0004334630966037861,154.3185185185184
0,0.001139029344778786,56.289814814814825
0,0.003753912305585916,50.125000000000014
0,0.0006705078750248025,51.61481481481479
0,0.0022665260649681004,29.820370370370373
0,0.002978038252856234,108.66481481481483
0,0.00026327355674562607,161.07407407407422
0,0.0035469048603650687,105.14074074074074
0,0.0016844954893150967,129.14814814814815
0,0.0010592255095319793,138.76388888888889
0,0.0023401990712700244,114.77222222222223
0,0.0012318304031217432,134.61111111111117
0,0.00028319650547377166,49.960185185185196
0,0.00023657475334275317,51.72037037037035
0,0.000920528466405261,140.7833333333334
0,1.874221597509943e-05,59.65555555555558
0,0.001383367359272183,42.897222222222204
0,9.549937061909249e-05,57.55740740740744
0,0.0016283200079878224,128.7777777777777
0,0.0008342784563011987,38.24722222222222
0,0.0018621448288518186,123.62500000000009
0,0.002652134421438874,37.9462962962963
0,0.0005514546323602278,44.10555555555555
0,0.00018222122021975635,53.781481481481514
0,0.0007202399031224032,145.46111111111102
0,0.0008874566999262695,55.270370370370415
0,0.002367975639183488,115.13888888888889
0,0.0009181533927614004,46.73055555555553
0,0.0007469945906110158,51.773148148148145
0,0.00020576955828919237,53.668518518518496
0,0.0009353921816766983,38.480555555555576
0,0.0023426402804633734,46.010185185185186
0,0.00041508430862780823,46.50185185185184
0,0.002060018038403132,34.6888888888889
0,0.0007151305009978436,49.368518518518506
0,0.0005413179305422618,50.69166666666666
0,0.000526732909932161,52.46851851851854
0,1.5394886248714466e-05,59.63611111111112
0,0.000927124240056944,49.087037037037014
1,0.0005057985136847307,44.78333333333332
1,1.0650545099813765e-05,59.66481481481484
1,0.00177807892485842,126.89907407407408
1,0.0005991006236600394,148.8712962962963
1,0.003086822068999243,39.47037037037037
1,0.0004125609970032963,46.82129629629631
1,0.0006876759923446485,41.49259259259258
1,0.001050165937178243,46.09074074074076
1,0.0018432124618317444,52.89351851851854
1,0.0005863735674588561,45.17222222222223
1,0.0004211018271455957,48.51574074074075
1,0.0016377027282528734,130.25185185185188
1,0.0008863419212809012,142.17870370370372
1,0.0019895082890841616,50.096296296296266
1,0.0012421714991688818,134.34074074074064
1,0.0028719252605511323,39.810185185185205
1,0.006253443709362085,30.313888888888872
1,0.0029426442123080387,109.99351851851847
1,0.0017565816053122952,35.04074074074073
1,0.001360059068752831,40.47592592592593
1,0.0010268040305961119,139.2351851851852
1,5.2787145745813064e-05,59.411111111111005
1,0.0009553652990726922,39.55833333333333
1,0.0011583479107485247,43.305555555555564
1,0.0012598856656965988,133.57222222222214
1,0.002171774597600385,119.87962962962969
1,0.0004960161677740437,45.13240740740742
1,0.0030315476278335285,27.5537037037037
1,3.223568249496668e-05,59.63055555555555
1,0.001088674245413565,137.01944444444436
1,0.0016105764478824846,130.88240740740744
1,0.00028904437587414536,49.8787037037037
1,0.0017894055222421581,124.90925925925934
1,0.0004669993541849857,46.78425925925925
1,0.0032357379163750373,51.05833333333332
1,0.0013658825352261576,133.00925925925927
1,0.0034158675658210002,39.923148148148165
1,0.00081083725963642,143.0685185185185
1,0.0006323098323304158,147.86944444444455
1,0.0009956217994056811,43.05925925925922
1,0.0009505345916094892,139.85925925925923
1,0.001992295235697519,122.65000000000005
1,0.0018700411775897658,125.27870370370367
1,0.0010720454639536125,139.01018518518518
1,0.003671312451633853,45.794444444444466
1,0.0012760831599104457,34.60648148148147
1,0.001989683834061231,123.61111111111121
1,0.002014405012163814,120.37870370370369
1,0.0002371648021960535,162.44351851851852
1,0.0011546319819306704,35.716666666666676
1,0.0007086276255665653,43.6898148148148
1,0.0006055106008708564,42.61388888888888
1,0.0006411159304381457,49.72037037037036
1,0.001459520675483266,37.492592592592565
1,0.00022202674686734158,53.47499999999999
1,0.0004910599932806632,45.14166666666666
1,0.0032576694262366813,37.67870370370371
1,0.0022213822473187593,37.4101851851852
1,0.0014922435293100449,130.34814814814808
1,4.314287707294692e-05,59.61296296296297
1,0.003251318871227455,108.51851851851848
1,0.0005211590167053616,150.70555555555546
1,0.0012089599317546733,36.57777777777777
1,0.0013868520404690722,47.26203703703706
1,0.0011070677301783262,36.044444444444444
1,0.007858296211618859,21.023148148148145
1,0.0011022173362757758,40.525925925925954
1,0.0008578257057196102,44.18796296296296
1,0.00019971003598617522,52.947222222222216
1,0.0005815524764129914,42.9601851851852
1,0.000837842699743475,38.65648148148149
1,0.0008231724921909806,142.99814814814812
1,0.0025907455718144675,50.92685185185185
1,0.002531104914287691,113.8944444444445
1,0.004637789974560192,27.512962962962973
1,0.0010063892837693354,46.65462962962964
1,0.002130156194840288,117.39907407407402
1,0.002574859976118044,53.03518518518519
1,0.0006354682811046752,42.90740740740742
1,0.0016076470694271843,44.84999999999999
1,0.0025452894927640505,52.43333333333332
1,0.00047155136698687276,45.61574074074076
1,0.0012251940772195161,35.44351851851854
1,0.00018700411775898182,53.49259259259259
1,0.003149714164241619,50.637037037037025
1,0.002509088036041911,26.575925925925947
1,0.0009730159609575745,41.571296296296296
1,0.0028372487317465398,28.221296296296288
1,0.0003713351436571639,47.81666666666667
1,0.0038171593010609805,45.97129629629631
1,0.0008505736569441847,46.250925925925934
1,0.0007538690589240582,144.39537037037044
1,0.0003664834796617914,48.64351851851852
1,0.0006873648195945044,47.06851851851854
1,0.00029904309117521986,49.6574074074074
1,0.003376478720351658,51.57777777777776
1,0.0023468199746161504,27.3425925925926
1,0.0017190104441640439,52.00833333333331
1,0.00035473067540334977,48.0805555555555
1,0.0006591099709991589,46.58333333333336
1,0.0025338970319935226,40.62037037037039
1,0.0010825429628640963,56.78796296296299
1,0.0002445611879526909,161.94814814814814
1,0.0006621467630218271,146.95092592592587
1,4.571163987758107e-05,167.05462962962937
1,0.0009862075082610025,140.6175925925926
1,0.0026035270605667196,112.54907407407411
1,0.0004464656722341551,50.60555555555554
1,0.0018345433523108798,127.60092592592592
1,0.0014717146555679004,34.225
1,0.0002299230956053024,51.54074074074074
1,0.001320994369124962,56.1740740740741
1,0.00018020621790106777,53.59629629629629
1,0.0007671358138688205,144.40925925925927
1,0.002079433766476454,44.575925925925944
1,0.0009449606983827171,140.5092592592593
1,0.006791231144643598,43.675000000000004
1,0.00215291934336089,30.082407407407402
1,0.0010844938254934908,138.0277777777778
1,0.0019030829154448215,28.482407407407415
1,0.0009720869787530909,139.59537037037035
1,0.0028460991923833817,26.74444444444445
1,0.0002754432236241349,50.1222222222222
1,0.002115664072450558,118.63425925925927
1,0.002263650937622018,27.627777777777805
1,0.00015783407653875472,165.94444444444468
1,0.0011553629203702534,44.49259259259258
1,0.0007324196400228323,145.05092592592595
1,0.0012134365554733306,135.30833333333334
1,0.004285593950896064,103.78796296296295
1,0.002790612192105731,111.76851851851858
1,0.002097242373480207,119.19259259259255
1,0.0011489390628589117,41.170370370370364
1,0.00031839876200057577,49.45185185185184
1,0.0019059464305133313,34.30185185185185
1,0.0015022571228417475,130.89259259259262
1,0.000275814816505924,55.27592592592594
1,0.0004941866897334987,46.27407407407404
1,0.0006324510848003652,42.39351851851851
1,0.001036929936624798,56.73611111111113
1,0.000732806927623524,145.80000000000004
1,0.00408101882421864,32.43148148148149
1,0.0019208565041740758,121.18888888888887
1,0.004748759166906429,39.39537037037035
1,0.002470562037227525,53.49351851851851
1,0.0007642989707503224,40.65277777777779
1,0.0009293537973476507,39.69074074074078
1,0.0020262030861605594,120.53240740740748
1,0.0003024766057740877,49.053703703703746
1,0.0002562132919916922,50.81944444444444
1,0.00011743423715469389,56.19166666666667
1,0.0009057926676287166,141.20462962962966
1,0.0012968997096848974,44.61851851851849
1,0.0005416895234240624,48.93518518518517
1,9.897924360726517e-06,59.618518518518556
1,0.0010436433753076813,40.992592592592594
1,0.0005626845212449787,43.52037037037038
1,0.0026704074288238806,34.66574074074075
1,0.00202996228885648,41.60277777777779
1,0.0005121578686230689,44.652777777777786
1,0.0017300790312559117,34.28981481481482
1,0.00043870177603707076,45.857407407407415
1,0.0018663252487719681,32.04074074074073
1,0.001191077024318653,34.02870370370368
1,0.00048539320183341216,45.42037037037037
1,0.0005110331106766706,46.03888888888892
1,0.0009780324648616802,140.47685185185168
1,0.0008661284841720315,141.80277777777772
1,0.0054192133351475165,47.34074074074075
1,0.0007951158688023387,143.91388888888883
1,0.0004795854300789688,47.15092592592591
1,0.0011985728402018983,137.43055555555557
1,0.0009603818029768191,139.6481481481482
1,0.0004878674334410888,49.32777777777776
1,0.002191561918555471,119.1777777777778
1,0.000340100385054964,48.322222222222244
1,0.001085954885884405,43.10648148148149
1,0.0008379079280838373,142.52777777777763
1,0.000777929698019714,44.57407407407409
1,0.0009768247879958641,39.314814814814824
1,0.00016461564663135006,54.6388888888889
1,0.0008934021860348526,42.682407407407425
1,0.0036298121675095523,33.605555555555576
1,0.002045618814233892,121.64351851851846
1,0.002486347386309051,49.795370370370364
1,0.0004525072317953287,45.600925925925914
1,0.001640917151833843,31.6925925925926
1,0.0016962971921485838,39.63611111111112
1,0.0005282192814593029,44.778703703703734
1,0.0003994755931744119,46.775925925925925
1,0.003135593634733706,51.73425925925928
1,0.00011026664955428027,56.74259259259261
1,0.0022105152421076782,39.56944444444445
1,0.0023140946713244926,39.445370370370355
1,0.004821564246182122,48.29166666666664
1,2.3689046213879643e-05,59.64722222222222
1,0.0001047891926637515,57.020370370370365
1,0.0005758843241519789,150.31574074074072
1,0.0010631272347907711,138.38055555555556
1,0.0010435453967158426,139.29722222222225
1,0.0009907595210628644,138.87314814814815
1,0.0018981893383851643,125.91481481481479
1,0.003531421067616346,106.29444444444445
1,0.00028176030261449747,50.09814814814816
1,0.0010504001785895873,137.47685185185182
1,8.537346459041625e-05,57.812962962963006
1,0.00010938556799473368,56.64814814814812
1,0.0026671079090215682,115.04444444444442
1,0.00020096425268312172,52.80185185185185
1,3.958915725719163e-05,59.6166666666667
1,0.0013175268341816958,37.01203703703704
1,0.0037980463994133247,103.937962962963
1,0.0014521849820210762,131.27129629629624
1,0.0015400967271875495,36.9138888888889
1,0.0010718596675127357,52.51203703703702
1,0.0025815486479902647,116.73055555555558
1,0.0013039194221883238,135.44444444444449
1,0.00010143841554246822,57.15833333333338
1,0.0006902016627130302,41.584259259259234
1,0.0012733559076613973,134.29166666666663
1,0.00032229177805116093,51.25555555555553
1,0.0005211356107084149,150.73055555555553
1,0.0006282706648802839,46.2527777777778
1,0.0007685769156576993,40.92777777777777
1,0.0013842322925082622,133.84907407407408
1,0.00183188214489033,29.171296296296298
1,0.001704496548753989,129.89907407407404
1,0.00621196537970009,16.837037037037042
1,0.001907943651531992,125.03518518518516
1,0.00024012602369371212,51.70000000000002
1,0.00021660372252785889,53.65925925925929
1,0.00012160377056458087,56.153703703703705
1,0.0008149091773380834,39.536111111111126
1,0.00018626093199540617,164.81481481481498
1,0.001360122845558483,134.60277777777773
1,0.0012511532329746355,38.24074074074073
1,0.00026705625615943687,50.49814814814815
1,0.0018745002921712606,123.1203703703703
1,0.0011273849520178191,37.52314814814813
1,0.001624046689847242,47.49537037037038
1,0.001156861539221373,136.69351851851854
1,0.002257891247954298,118.96666666666665
1,0.00028481796044841723,159.84351851851847
1,0.0013004118793200365,37.10833333333333
1,0.0017445736031103662,47.26111111111113
1,0.0010739704711212707,41.12685185185188
1,0.0017590278041560968,128.04629629629633
1,0.000814699430574738,44.38888888888888
1,0.0011076254823846451,136.79074074074063
1,0.0033735080638785126,106.65370370370371
1,0.0010091533687113022,138.85740740740735
1,0.002781692874291831,33.36018518518519
1,0.0029354908678916754,47.05833333333332
1,0.00010208942885294096,57.29351851851857
1,0.0021074532850094037,30.416666666666654
1,0.001418378557544814,37.721296296296295
1,0.002984634026508002,110.48796296296292
1,0.0005594708234314189,43.376851851851846
1,0.00112657671935575,136.45185185185179
1,0.0024090704915235243,114.0962962962963
1,0.0011211656701774846,45.24722222222223
1,0.0007552259717006256,144.68425925925928
1,0.0010750250110768,36.990740740740755
1,0.0024487970909721182,114.98055555555561
1,0.003581969583979549,43.754629629629626
1,0.005052240688293728,98.78055555555545
1,0.0007279679645567265,44.882407407407385
1,0.003037695603031931,25.07407407407407
1,0.0022824163781521856,117.6379629629629
1,0.0001425907849446953,54.89444444444443
1,0.0009128679013342017,38.44444444444443
1,0.0003308462163312288,48.895370370370365
1,0.0026352815593103564,25.492592592592594
1,0.0005160673958808072,50.21574074074071
1,0.0008164771976918026,143.0935185185185
1,0.0036602777941654864,21.918518518518518
1,0.003514153883053531,36.675
1,0.0010151698892989698,45.69907407407409
1,0.001117286897311093,136.21574074074076
1,0.002994197553563417,40.11481481481483
1,0.0021526375641883434,118.1416666666667
1,0.0019327474763912963,44.18240740740742
1,0.004005637633744034,47.06574074074074
1,0.0017521335586829028,124.87314814814812
1,0.0003248075598394514,48.7527777777778
1,0.0007261853892309629,45.78796296296294
1,0.0011336369841097034,40.10740740740738
1,0.0015055491128079456,130.73148148148144
1,0.001568586452240596,130.47592592592585
1,0.005923140276285753,46.487962962962946
1,0.002905484742687485,111.21759259259255
1,0.0006158270208281828,42.287962962962915
1,0.0008199196936615685,43.41851851851853
1,0.001066300833958377,43.66944444444445
1,0.007924008003726076,14.546296296296289
1,0.0013343750695432887,33.645370370370365
1,0.0014857993503130248,132.6814814814815
1,0.0013407611871525111,132.74722222222223
1,0.00045862735567183435,50.32499999999998
1,0.00039054411875746013,51.00555555555555
1,0.001836114910780416,40.90833333333332
1,6.218365559051696e-05,59.08333333333325
1,0.0017083982740127752,127.83055555555563
1,0.0009735949418588115,37.74537037037036
1,0.0032942035565667114,107.10277777777782
1,0.0006594575228375503,42.227777777777774
1,0.0021649190899591998,31.41759259259259
1,0.0012971378520956855,134.34814814814806
1,0.0007099917960166464,41.84074074074072
1,0.0009106467810888992,43.297222222222246
1,1.3098649082968938e-05,59.64444444444442
1,7.752456289278146e-05,58.41111111111109
1,0.00023231059801496966,51.62685185185188
1,0.00016826961306194946,54.10555555555553
1,0.0010117672198123484,37.9138888888889
1,0.004201600714358349,35.38333333333332
1,0.0002042831867620446,52.688888888888904
1,0.0018255344929504827,125.61944444444437
1,0.0016202926582436711,33.68518518518519
1,0.0010073707026646438,138.65
1,0.0016541272969254875,47.141666666666666
1,0.0042621677231827505,38.36018518518521
1,0.0009002081600544741,43.37777777777779
1,0.000477600184221535,45.23240740740743
1,0.0004329214927208977,46.49259259259259
1,0.0017853385941910228,124.04814814814814
1,0.000700585216149988,146.50555555555565
1,0.0010017215110755334,51.64259259259261
1,0.0017213150276543482,126.91944444444447
1,0.0024845856767944934,114.46759259259264
1,0.00188800029059728,32.98796296296296
1,0.0011092624506363743,42.376851851851804
1,0.006071548993727524,21.119444444444433
1,0.0019595021638798573,38.56944444444444
1,0.0008695157311025197,43.76666666666667
1,0.0019085772464262035,41.84074074074075
1,0.0010504930768100147,36.62129629629629
1,0.0009662343908649778,140.49351851851844
1,0.000945366946655312,45.59629629629627
1,0.0011797336435650238,136.2046296296296
1,0.0005370900635818357,43.91296296296297
1,0.0020921608226775815,119.25370370370375
1,0.0009836519907104112,46.78425925925928
1,0.0010933148925527255,137.43240740740734
1,0.0033398790895186534,31.369444444444465
1,0.002291455447578369,116.50740740740741
1,0.003705417438652506,106.01666666666667
1,0.00045204727673902174,47.97685185185184
1,0.0031816247936859434,22.398148148148145
1,0.0009184847055554382,140.8916666666666
1,0.006549575929149517,15.965740740740737
1,0.0009257307667502493,141.2787037037037
1,0.0014458352435000963,36.16666666666668
1,0.0003390084680810346,50.10555555555556
1,0.0022990324586835264,39.873148148148154
1,0.0007932610796255635,144.526851851852
1,0.0028511392837262824,47.04351851851854
1,0.0020752290333502206,122.34444444444445
1,0.0008951287865538958,38.704629629629636
1,0.00038840909266370883,47.17222222222222
1,0.001954610673401326,123.025
1,0.003932381671504106,30.033333333333296
1,0.0010388260945404094,42.88611111111112
1,0.00011859111030619399,56.3185185185185
1,0.0011903977968026056,136.16944444444445
1,0.0022366273533311856,37.475000000000016
1,0.0008312532765560626,143.77314814814818
1,0.00011268554140171092,56.61296296296295
1,0.00026217483570282536,50.65462962962958
1,0.0007752356496267768,144.11018518518523
1,0.0013510896729920247,46.89629629629627
1,0.0011196093528222809,137.01759259259262
1,0.001025311036441935,43.04074074074073
1,0.0027992950912062624,109.69259259259262
1,0.0040655264129825395,28.01018518518518
1,0.0012701044699457362,43.00462962962963
1,0.0007351036183938461,40.418518518518525
1,0.000754361310627329,44.09537037037036
1,0.0015967346130359682,131.38888888888889
1,0.004404646921397924,25.17314814814813
1,0.00010776193571804149,56.898148148148145
1,0.007119853519102109,45.460185185185175
1,0.0004999971831154761,52.39537037037038
1,0.0008037284591911124,48.11203703703702
1,0.0008798271614093339,140.37129629629632
1,0.0012264423063358821,135.59166666666667
1,0.00030941367152084124,49.93703703703703
1,0.0028124007258000664,37.049999999999976
1,0.0012632300016327265,44.921296296296276
1,0.0006105405314709044,43.44259259259259
1,0.00038441283620798544,47.92314814814816
1,0.005243082663785061,22.03333333333334
1,0.00040373521245627394,47.0611111111111
1,0.001503786949688808,32.55092592592592
1,0.005141452010616526,47.9648148148148
1,0.0012228192757384104,44.67777777777779
1,0.0032264715910482722,107.62962962962962
1,0.0013400568299420511,133.8759259259259
1,0.0006533531844008428,49.54444444444447
1,0.0010238362771923593,43.53148148148148
1,0.0023614757575426194,33.251851851851846
1,0.0007525634941872902,144.2351851851852
1,0.001167916427454521,135.8185185185185
1,0.0024077372569066436,28.82592592592593
1,0.0024040164291591185,49.18518518518516
1,0.001968615805900944,53.8574074074074
1,0.0006790604988864774,146.3
1,0.00271002688686785,38.48888888888887
1,0.0022882689660403788,117.3296296296296
1,0.00025351761062220295,50.99537037037041
1,0.0014890655755383376,131.27777777777786
1,0.0009043504771888645,48.6074074074074
1,0.005716677791621597,42.32037037037036
1,0.0015850789708811443,55.7648148148148
1,0.0006386798016162242,147.6231481481481
1,0.0031520289084745767,108.84629629629634
1,0.0008963809166697359,141.08981481481484
1,0.0016425334357161449,128.82777777777787
1,0.0005735303884821304,49.216666666666676
1,0.0013404284228237914,44.163888888888906
1,0.0010411103565449267,139.15555555555554
1,0.00036264208381377465,156.59351851851858
1,0.0012103751780817764,42.1398148148148
1,0.0030495795897384293,108.71111111111112
1,2.545411240236496e-05,167.18240740740714
1,0.000520643449726077,44.14814814814818
1,0.001745366413216298,30.709259259259273
1,0.00029448735881568015,49.81018518518516
1,2.0902099600482038e-05,59.62037037037041
1,4.865725737726936e-05,59.51944444444448
1,0.0046050576857577285,26.85277777777778
1,0.0014578534971657355,35.7472222222222
1,0.0006172355538073482,46.29444444444443
1,0.002935305071450787,40.83240740740742
1,0.0012403343098502575,37.3759259259259
1,0.0008697131398209582,38.53148148148148
1,0.0032918809196135763,46.126851851851846
1,0.0009967979053919036,140.56481481481475
1,0.0011413475364067556,136.5814814814814
1,0.0012837605083513824,134.23796296296288
1,0.0024569254130983997,114.4685185185185
1,5.713240557465051e-05,59.25648148148143
1,0.0011374458111480482,136.61759259259253
1,0.000192020712384015,53.002777777777794
1,0.0021981576922071233,117.33425925925924
1,0.001373687437278409,131.68055555555551
1,0.0033161032233858623,24.147222222222208
1,0.001019465071180846,139.04351851851848
1,0.0007581423770646199,41.958333333333336
1,0.0029004682387833557,30.684259259259246
1,0.0006633932684407158,45.531481481481464
1,0.0010521090885295685,57.17129629629635
1,0.0005471527371303905,43.96759259259258
1,0.0037360923584673156,31.44629629629629
1,0.0005959233956556786,43.523148148148145
1,0.0008455596025048495,142.93888888888887
1,0.001982912515432401,122.08981481481473
1,0.0009431027339737455,38.74166666666665
1,0.0007372321125814697,50.1675925925926
1,0.001961027999006523,125.24444444444441
1,0.00346466553134279,26.912962962962975
1,0.0004536637420631601,45.663888888888906
1,0.00021134345151598322,52.43888888888891
1,0.00027349236099475114,50.17407407407409
1,0.0030511491523477338,43.17592592592592
1,0.001094248138640367,39.72777777777779
1,0.004946303240965926,30.762962962962963
1,0.000424796255105805,46.47407407407407
1,0.001214179741236874,135.17962962962955
1,0.0004692289114757164,51.36851851851851
1,0.001117449106313248,35.34537037037038
1,0.0011801387124656885,43.35648148148147
1,0.0009574677563567215,38.09814814814813
1,0.001588844342599503,32.55925925925924
1,0.0007087556327824551,41.38425925925929
1,0.0015569441460608578,39.913888888888884
1,0.0013622595046287524,38.770370370370365
1,0.00017811038324407776,53.71666666666669
1,0.0012820279202516809,43.80370370370371
1,0.0003180835068091215,158.16481481481483
1,0.0011261506939229382,39.2074074074074
1,0.0008783526743224957,141.13796296296294
1,0.0007952087670227881,45.17500000000002
1,0.0020916390866758654,123.38796296296304
1,0.002035400009984763,124.16388888888895
1,0.0026314670168542994,49.592592592592595
1,0.0019487683369769798,34.88796296296299
1,0.0005053813789018876,151.59814814814817
1,0.0007988854136829822,40.141666666666694
1,0.005486137884492265,96.68148148148144
1,0.000991874299708234,139.4879629629629
1,0.0009026547217820497,141.624074074074
1,0.0014263592767368941,36.716666666666676
1,0.0011440263436854668,40.271296296296285
1,0.0018162531079512223,40.863888888888866
1,0.0015242097706773465,38.8962962962963
1,0.0002460823055915862,51.245370370370395
1,0.001139025080895626,136.88425925925915
1,0.000418612445144574,46.575925925925944
1,0.00241526083339088,25.83703703703706
1,0.000353291932358366,48.02222222222225
1,0.0039015394623158873,33.56111111111112
1,0.0003679698511889422,47.74814814814813
1,0.0011677264578513371,47.10462962962963
1,0.005187157935076038,18.403703703703723
1,0.0027708884665144104,28.055555555555557
1,0.0011790642139081272,55.81111111111112
1,0.00037986082340609964,47.617592592592594
1,1.0201385832790763e-05,59.64629629629632
1,0.0010059019309956363,37.80555555555557
1,0.0024316709774374803,114.20833333333327
1,0.001263323081294972,34.66759259259257
1,0.0015639228527091203,37.22962962962963
1,2.9249603465669556e-05,59.62962962962969
1,0.0013720560030027371,33.12314814814814
1,0.0011925344558728556,135.3166666666666
1,0.0014201184033180336,133.88425925925927
1,0.004547274992640007,38.30555555555556
1,0.00011532379642984413,56.40185185185187
1,0.0006644113385870619,146.56481481481475
1,0.0009593761615963197,44.012962962962945
1,0.00012933201344073755,55.74444444444442
1,0.0011761078006191363,135.20277777777787
1,0.001587192042512594,129.3037037037037
1,0.003194798196805667,33.68611111111112
1,0.004506213979202708,43.360185185185195
1,0.0005699664172025717,45.04814814814815
1,0.00015150937699124142,54.891666666666666
1,0.0015095031840365713,44.84259259259258
1,0.00021868241093127145,52.114814814814814
1,0.000896433534802425,141.12870370370368
1,6.998683394527303e-05,58.83981481481475
1,0.0003021765009760134,52.72777777777779
1,0.0010695837518327274,37.83240740740743
1,0.0018853904312165603,125.64629629629627
1,0.00142115697639191,32.70648148148149
1,0.0015938081376500434,129.99351851851858
1,0.00039695409596826267,47.17407407407408
1,0.0009330697261655205,139.9083333333333
1,0.0006413129762729217,147.48703703703694
1,0.0014504026788580908,132.11759259259262
1,0.0017638585116193724,49.73703703703704
1,0.0025394657541279826,114.01111111111116
1,0.003178267031053914,23.827777777777758
1,0.0017219614141979816,128.2518518518518
1,0.0015455476935698695,32.78796296296294
1,0.001330494754421216,33.535185185185185
1,7.53292073882999e-06,59.64259259259262
1,0.001651623853182084,35.309259259259285
1,0.0008328325463036648,53.369444444444454
1,0.0050018259852852385,47.930555555555564
1,0.0018042692375136397,126.9185185185185
1,0.005522608782342015,45.44166666666667
1,0.00203207880788284,28.253703703703685
1,0.0027877953075893655,24.226851851851833
1,0.0017854108987629517,54.35092592592589
1,0.003555582497652302,44.47592592592592
1,0.0020183067374226044,41.332407407407416
1,0.0021835726715970206,26.16388888888889
1,0.0022257484636798563,117.90462962962955
1,0.0022031873506445044,34.13055555555557
1,0.004528529964316351,20.08518518518515
1,0.0010981374351332878,40.645370370370365
1,0.002549332651934601,115.40648148148146
1,0.0005727958212057945,43.14629629629631
1,0.0027210817751010365,113.26388888888889
1,0.0015336430224940486,130.06851851851854
1,0.00094093885862797,45.0175925925926
1,0.003837160995546278,33.51574074074074
1,0.00430731888922651,31.762962962962984
1,0.0004206431421821437,154.3648148148148
1,0.0033856756441758614,48.63425925925924
1,0.00119429952206131,45.68796296296298
1,0.006065247700177119,16.91296296296296
1,0.0014145612027401968,132.5185185185185
1,0.0011516592388763625,137.0342592592593
1,0.0015401595967839967,130.3777777777778
1,0.0018361810463299135,125.54351851851857
1,0.002578382215775116,113.36759259259257
1,0.0010358012776789539,37.23888888888887
1,0.002701387352366392,112.02962962962958
1,0.00251086290008958,32.97962962962962
1,0.0034583220525651144,31.47685185185186
1,8.784007564092244e-05,57.89537037037041
1,0.0005168410638729522,49.52129629629629
1,0.0008955388451051067,37.83703703703706
1,0.0036795473708392808,36.65370370370372
1,0.0011164691389526314,55.720370370370354
1,0.0007080371231086907,145.6537037037038
1,0.0008522482743769945,142.55740740740742
1,0.0004457777355098919,46.031481481481485
1,0.0005502088527087083,51.801851851851865
1,0.0004009836470010595,49.56018518518518
1,0.0008626528750669995,142.20555555555558
1,0.0027493767223423465,39.4638888888889
1,0.0005310991262931433,45.62962962962962
1,0.0009466328663507243,141.06203703703702
1,0.0012030303218067506,39.708333333333336
1,0.0007755143442881169,144.94629629629634
1,0.0024416439279977384,36.97407407407407
1,0.0009908897055807859,37.56388888888889
1,0.0010104539437975283,139.97962962962967
1,0.0019376303483825627,125.1462962962963
1,0.002103058128675438,38.371296296296286
1,0.0035893979034994574,22.40925925925925
1,0.0004637479164693597,52.48333333333335
1,0.0023374654685566158,27.052777777777784
1,0.0023216194271807123,116.89722222222215
1,0.002923224583235094,24.92870370370369
1,0.00045808112502211543,45.519444444444446
1,0.00013854517630934842,55.11296296296295
1,0.0014825627001071359,53.273148148148145
1,0.0016642929387164528,128.05370370370366
1,0.0021330890206904085,45.32314814814812
1,0.00012836674286890922,55.85740740740743
1,0.0004334630966037861,154.40277777777774
1,0.001139029344778786,45.24999999999998
1,0.003753912305585916,47.535185185185185
1,0.0006705078750248025,51.73425925925926
1,0.0022665260649681004,31.6259259259259
1,0.002978038252856234,109.99814814814815
1,0.00026327355674562607,161.18240740740742
1,0.0035469048603650687,104.92222222222219
1,0.0016844954893150967,128.13425925925927
1,0.0010592255095319793,138.58703703703705
1,0.0023401990712700244,115.65925925925931
1,0.0012318304031217432,135.16759259259254
1,0.00028319650547377166,50.22870370370369
1,0.00023657475334275317,51.58518518518518
1,0.000920528466405261,140.5305555555556
1,1.874221597509943e-05,59.63981481481481
1,0.001383367359272183,42.28240740740739
1,9.549937061909249e-05,57.538888888888934
1,0.0016283200079878224,129.7972222222222
1,0.0008342784563011987,39.63611111111113
1,0.0018621448288518186,126.34444444444448
1,0.002652134421438874,44.43240740740742
1,0.0005514546323602278,43.79074074074073
1,0.00018222122021975635,53.56944444444448
1,0.0007202399031224032,146.00277777777774
1,0.0008874566999262695,56.72037037037044
1,0.002367975639183488,114.98703703703701
1,0.0009181533927614004,45.796296296296276
1,0.0007469945906110158,51.563888888888854
1,0.00020576955828919237,53.76388888888888
1,0.0009353921816766983,37.576851851851835
1,0.0023426402804633734,43.58796296296297
1,0.00041508430862780823,46.60092592592592
1,0.002060018038403132,41.51574074074073
1,0.0007151305009978436,49.55555555555556
1,0.0005413179305422618,48.69629629629631
1,0.000526732909932161,52.41388888888892
1,1.5394886248714466e-05,59.64351851851854
1,0.000927124240056944,49.52685185185183
2,0.0005057985136847307,44.83240740740741
2,1.0650545099813765e-05,59.68425925925928
2,0.00177807892485842,127.40370370370378
2,0.0005991006236600394,148.57870370370375
2,0.003086822068999243,41.13796296296297
2,0.0004125609970032963,46.573148148148135
2,0.0006876759923446485,41.276851851851866
2,0.001050165937178243,48.223148148148134
2,0.0018432124618317444,53.03333333333333
2,0.0005863735674588561,44.576851851851885
2,0.0004211018271455957,49.42407407407407
2,0.0016377027282528734,129.64166666666668
2,0.0008863419212809012,142.05740740740745
2,0.0019895082890841616,38.90092592592593
2,0.0012421714991688818,135.47222222222214
2,0.0028719252605511323,35.10740740740742
2,0.006253443709362085,30.459259259259273
2,0.0029426442123080387,111.34999999999995
2,0.0017565816053122952,35.17777777777777
2,0.001360059068752831,40.04444444444445
2,0.0010268040305961119,139.2490740740741
2,5.2787145745813064e-05,59.40555555555556
2,0.0009553652990726922,39.3601851851852
2,0.0011583479107485247,41.79166666666667
2,0.0012598856656965988,134.77777777777777
2,0.002171774597600385,119.42592592592587
2,0.0004960161677740437,44.53981481481482
2,0.0030315476278335285,28.57037037037035
2,3.223568249496668e-05,59.60000000000004
2,0.001088674245413565,137.06574074074078
2,0.0016105764478824846,130.04814814814827
2,0.00028904437587414536,49.867592592592565
2,0.0017894055222421581,126.72500000000002
2,0.0004669993541849857,47.64722222222223
2,0.0032357379163750373,41.18333333333333
2,0.0013658825352261576,132.93981481481484
2,0.0034158675658210002,46.19907407407408
2,0.00081083725963642,143.08796296296296
2,0.0006323098323304158,147.80185185185184
2,0.0009956217994056811,42.93333333333332
2,0.0009505345916094892,140.787037037037
2,0.001992295235697519,122.88703703703703
2,0.0018700411775897658,125.95925925925926
2,0.0010720454639536125,137.962962962963
2,0.003671312451633853,36.41111111111112
2,0.0012760831599104457,35.73981481481483
2,0.001989683834061231,123.01851851851852
2,0.002014405012163814,121.91388888888886
2,0.0002371648021960535,162.1907407407408
2,0.0011546319819306704,36.49166666666666
2,0.0007086276255665653,42.03148148148151
2,0.0006055106008708564,42.95092592592594
2,0.0006411159304381457,46.77407407407405
2,0.001459520675483266,37.41203703703705
2,0.00022202674686734158,53.60462962962959
2,0.0004910599932806632,45.04999999999999
2,0.0032576694262366813,42.05462962962966
2,0.0022213822473187593,42.12685185185186
2,0.0014922435293100449,131.20277777777778
2,4.314287707294692e-05,59.61111111111116
2,0.003251318871227455,108.31759259259258
2,0.0005211590167053616,150.7796296296296
2,0.0012089599317546733,36.13888888888888
2,0.0013868520404690722,55.72222222222223
2,0.0011070677301783262,37.42777777777777
2,0.007858296211618859,21.122222222222224
2,0.0011022173362757758,41.64351851851853
2,0.0008578257057196102,40.46203703703701
2,0.00019971003598617522,53.03333333333334
2,0.0005815524764129914,43.63796296296297
2,0.000837842699743475,40.46944444444441
2,0.0008231724921909806,142.97962962962953
2,0.0025907455718144675,42.45185185185184
2,0.002531104914287691,113.72962962962958
2,0.004637789974560192,27.113888888888887
2,0.0010063892837693354,40.83518518518517
2,0.002130156194840288,120.33240740740743
2,0.002574859976118044,44.5861111111111
2,0.0006354682811046752,42.30925925925926
2,0.0016076470694271843,55.25648148148151
2,0.0025452894927640505,49.563888888888876
2,0.00047155136698687276,45.200925925925944
2,0.0012251940772195161,35.476851851851855
2,0.00018700411775898182,53.091666666666676
2,0.003149714164241619,50.64907407407406
2,0.002509088036041911,26.860185185185177
2,0.0009730159609575745,43.71759259259258
2,0.0028372487317465398,31.480555555555537
2,0.0003713351436571639,47.687037037037
2,0.0038171593010609805,50.672222222222246
2,0.0008505736569441847,46.44629629629628
2,0.0007538690589240582,145.14351851851853
2,0.0003664834796617914,48.88333333333331
2,0.0006873648195945044,58.13240740740731
2,0.00029904309117521986,49.286111111111104
2,0.003376478720351658,36.15092592592589
2,0.0023468199746161504,26.96481481481483
2,0.0017190104441640439,52.13888888888887
2,0.00035473067540334977,47.99629629629631
2,0.0006591099709991589,43.92037037037038
2,0.0025338970319935226,51.89629629629631
2,0.0010825429628640963,56.596296296296295
2,0.0002445611879526909,161.80462962962972
2,0.0006621467630218271,147.29074074074077
2,4.571163987758107e-05,167.2148148148145
2,0.0009862075082610025,139.2814814814815
2,0.0026035270605667196,112.94166666666663
2,0.0004464656722341551,49.649074074074036
2,0.0018345433523108798,127.76944444444442
2,0.0014717146555679004,32.40648148148147
2,0.0002299230956053024,51.79444444444443
2,0.001320994369124962,56.11388888888894
2,0.00018020621790106777,53.44259259259262
2,0.0007671358138688205,144.06018518518508
2,0.002079433766476454,41.404629629629625
2,0.0009449606983827171,140.76574074074077
2,0.006791231144643598,45.577777777777776
2,0.00215291934336089,31.685185185185166
2,0.0010844938254934908,136.62962962962965
2,0.0019030829154448215,29.901851851851863
2,0.0009720869787530909,140.05740740740742
2,0.0028460991923833817,25.160185185185185
2,0.0002754432236241349,50.349999999999994
2,0.002115664072450558,120.46574074074074
2,0.002263650937622018,28.857407407407397
2,0.00015783407653875472,166.08240740740757
2,0.0011553629203702534,47.98425925925928
2,0.0007324196400228323,145.1851851851852
2,0.0012134365554733306,134.74722222222215
2,0.004285593950896064,101.93888888888888
2,0.002790612192105731,110.88796296296294
2,0.002097242373480207,122.71481481481484
2,0.0011489390628589117,40.337037037037035
2,0.00031839876200057577,48.94444444444444
2,0.0019059464305133313,36.180555555555564
2,0.0015022571228417475,131.5351851851851
2,0.000275814816505924,52.08703703703703
2,0.0004941866897334987,46.39537037037038
2,0.0006324510848003652,42.69259259259261
2,0.001036929936624798,46.67962962962964
2,0.000732806927623524,145.3731481481482
2,0.00408101882421864,34.2898148148148
2,0.0019208565041740758,125.65
2,0.004748759166906429,49.163888888888906
2,0.002470562037227525,53.117592592592636
2,0.0007642989707503224,40.324074074074076
2,0.0009293537973476507,41.986111111111114
2,0.0020262030861605594,123.37777777777772
2,0.0003024766057740877,49.45648148148149
2,0.0002562132919916922,50.87407407407408
2,0.00011743423715469389,56.35185185185187
2,0.0009057926676287166,141.3703703703704
2,0.0012968997096848974,37.999999999999986
2,0.0005416895234240624,51.756481481481515
2,9.897924360726517e-06,59.65277777777782
2,0.0010436433753076813,40.0722222222222
2,0.0005626845212449787,44.156481481481485
2,0.0026704074288238806,37.562962962962956
2,0.00202996228885648,37.5324074074074
2,0.0005121578686230689,44.41944444444445
2,0.0017300790312559117,34.14074074074073
2,0.00043870177603707076,45.900925925925954
2,0.0018663252487719681,32.5925925925926
2,0.001191077024318653,34.44814814814816
2,0.00048539320183341216,45.271296296296285
2,0.0005110331106766706,47.190740740740736
2,0.0009780324648616802,139.65370370370377
2,0.0008661284841720315,141.53796296296304
2,0.0054192133351475165,34.443518518518495
2,0.0007951158688023387,144.9175925925926
2,0.0004795854300789688,52.18425925925926
2,0.0011985728402018983,136.2092592592592
2,0.0009603818029768191,140.51944444444442
2,0.0004878674334410888,45.88796296296296
2,0.002191561918555471,118.45092592592594
2,0.000340100385054964,48.04537037037035
2,0.001085954885884405,42.546296296296305
2,0.0008379079280838373,142.40833333333333
2,0.000777929698019714,46.75740740740738
2,0.0009768247879958641,41.43518518518519
2,0.00016461564663135006,54.73703703703708
2,0.0008934021860348526,44.627777777777794
2,0.0036298121675095523,32.005555555555546
2,0.002045618814233892,122.91481481481487
2,0.002486347386309051,41.653703703703705
2,0.0004525072317953287,45.98240740740742
2,0.001640917151833843,31.9074074074074
2,0.0016962971921485838,37.16944444444446
2,0.0005282192814593029,44.65092592592594
2,0.0003994755931744119,46.58425925925926
2,0.003135593634733706,35.49351851851851
2,0.00011026664955428027,56.82685185185186
2,0.0022105152421076782,44.15925925925924
2,0.0023140946713244926,36.72500000000001
2,0.004821564246182122,44.09259259259261
2,2.3689046213879643e-05,59.65740740740743
2,0.0001047891926637515,56.70648148148151
2,0.0005758843241519789,149.3851851851851
2,0.0010631272347907711,138.34166666666673
2,0.0010435453967158426,138.55462962962955
2,0.0009907595210628644,138.83240740740737
2,0.0018981893383851643,122.8148148148149
2,0.003531421067616346,105.40925925925924
2,0.00028176030261449747,50.59814814814815
2,0.0010504001785895873,138.29629629629636
2,8.537346459041625e-05,57.98240740740743
2,0.00010938556799473368,56.73703703703706
2,0.0026671079090215682,113.39907407407401
2,0.00020096425268312172,52.839814814814844
2,3.958915725719163e-05,59.61388888888888
2,0.0013175268341816958,38.874074074074095
2,0.0037980463994133247,105.23981481481479
2,0.0014521849820210762,132.56759259259252
2,0.0015400967271875495,37.42962962962963
2,0.0010718596675127357,57.054629629629645
2,0.0025815486479902647,114.94166666666659
2,0.0013039194221883238,134.23796296296305
2,0.00010143841554246822,57.180555555555564
2,0.0006902016627130302,41.85833333333334
2,0.0012733559076613973,135.20833333333337
2,0.00032229177805116093,51.30833333333333
2,0.0005211356107084149,151.56944444444449
2,0.0006282706648802839,45.36481481481482
2,0.0007685769156576993,40.68981481481478
2,0.0013842322925082622,133.2953703703703
2,0.00183188214489033,29.99907407407408
2,0.001704496548753989,128.2092592592593
2,0.00621196537970009,18.658333333333335
2,0.001907943651531992,125.08148148148148
2,0.00024012602369371212,51.31388888888892
2,0.00021660372252785889,53.55740740740742
2,0.00012160377056458087,56.24351851851853
2,0.0008149091773380834,39.847222222222214
2,0.00018626093199540617,164.87962962962993
2,0.001360122845558483,132.89166666666668
2,0.0012511532329746355,40.19259259259259
2,0.00026705625615943687,50.737037037037034
2,0.0018745002921712606,123.94537037037037
2,0.0011273849520178191,39.532407407407426
2,0.001624046689847242,43.87222222222222
2,0.001156861539221373,136.10740740740746
2,0.002257891247954298,117.12592592592586
2,0.00028481796044841723,159.88333333333324
2,0.0013004118793200365,36.288888888888884
2,0.0017445736031103662,54.32314814814814
2,0.0010739704711212707,41.82592592592592
2,0.0017590278041560968,127.61666666666677
2,0.000814699430574738,43.90277777777777
2,0.0011076254823846451,138.2314814814815
2,0.0033735080638785126,107.35277777777785
2,0.0010091533687113022,138.55925925925922
2,0.002781692874291831,36.82129629629629
2,0.0029354908678916754,46.949074074074105
2,0.00010208942885294096,56.96296296296294
2,0.0021074532850094037,28.68055555555556
2,0.001418378557544814,39.68425925925926
2,0.002984634026508002,109.73518518518513
2,0.0005594708234314189,43.08148148148147
2,0.00112657671935575,136.46296296296288
2,0.0024090704915235243,114.60462962962966
2,0.0011211656701774846,42.973148148148134
2,0.0007552259717006256,144.4185185185184
2,0.0010750250110768,35.716666666666654
2,0.0024487970909721182,115.67314814814819
2,0.003581969583979549,42.65648148148147
2,0.005052240688293728,99.79351851851854
2,0.0007279679645567265,42.55555555555555
2,0.003037695603031931,24.734259259259254
2,0.0022824163781521856,118.39537037037046
2,0.0001425907849446953,55.44166666666667
2,0.0009128679013342017,38.97592592592592
2,0.0003308462163312288,48.67314814814817
2,0.0026352815593103564,27.490740740740712
2,0.0005160673958808072,52.25833333333331
2,0.0008164771976918026,143.60555555555555
2,0.0036602777941654864,23.64537037037036
2,0.003514153883053531,30.94907407407408
2,0.0010151698892989698,46.73981481481481
2,0.001117286897311093,136.69351851851854
2,0.002994197553563417,52.11481481481481
2,0.0021526375641883434,121.89444444444445
2,0.0019327474763912963,42.01203703703703
2,0.004005637633744034,48.057407407407425
2,0.0017521335586829028,126.11851851851854
2,0.0003248075598394514,48.81111111111113
2,0.0007261853892309629,44.4537037037037
2,0.0011336369841097034,37.27499999999998
2,0.0015055491128079456,130.11296296296294
2,0.001568586452240596,130.4675925925927
2,0.005923140276285753,44.995370370370374
2,0.002905484742687485,111.44814814814825
2,0.0006158270208281828,42.85925925925927
2,0.0008199196936615685,44.673148148148144
2,0.001066300833958377,43.89444444444447
2,0.007924008003726076,16.459259259259262
2,0.0013343750695432887,35.270370370370365
2,0.0014857993503130248,130.66018518518516
2,0.0013407611871525111,134.2268518518519
2,0.00045862735567183435,47.84166666666664
2,0.00039054411875746013,47.80185185185185
2,0.001836114910780416,47.62314814814814
2,6.218365559051696e-05,59.09537037037033
2,0.0017083982740127752,128.18518518518516
2,0.0009735949418588115,37.362037037037055
2,0.0032942035565667114,106.5342592592592
2,0.0006594575228375503,42.1509259259259
2,0.0021649190899591998,31.427777777777784
2,0.0012971378520956855,133.57222222222222
2,0.0007099917960166464,40.869444444444454
2,0.0009106467810888992,44.25555555555557
2,1.3098649082968938e-05,59.627777777777794
2,7.752456289278146e-05,58.34629629629627
2,0.00023231059801496966,51.58611111111111
2,0.00016826961306194946,53.953703703703695
2,0.0010117672198123484,37.5990740740741
2,0.004201600714358349,31.537037037037056
2,0.0002042831867620446,52.71666666666666
2,0.0018255344929504827,125.40925925925929
2,0.0016202926582436711,30.32222222222221
2,0.0010073707026646438,138.82777777777787
2,0.0016541272969254875,44.08148148148146
2,0.0042621677231827505,38.25092592592592
2,0.0009002081600544741,40.46944444444445
2,0.000477600184221535,45.117592592592544
2,0.0004329214927208977,46.42314814814817
2,0.0017853385941910228,126.21388888888889
2,0.000700585216149988,146.26759259259265
2,0.0010017215110755334,55.41944444444444
2,0.0017213150276543482,126.39722222222225
2,0.0024845856767944934,113.66944444444441
2,0.00188800029059728,36.2361111111111
2,0.0011092624506363743,46.55092592592593
2,0.006071548993727524,22.50185185185185
2,0.0019595021638798573,39.94537037037035
2,0.0008695157311025197,46.88796296296293
2,0.0019085772464262035,43.40555555555554
2,0.0010504930768100147,36.189814814814824
2,0.0009662343908649778,140.26574074074068
2,0.000945366946655312,45.40648148148145
2,0.0011797336435650238,136.5111111111111
2,0.0005370900635818357,44.08425925925925
2,0.0020921608226775815,119.58425925925926
2,0.0009836519907104112,45.97685185185184
2,0.0010933148925527255,137.34074074074076
2,0.0033398790895186534,39.136111111111084
2,0.002291455447578369,117.12314814814809
2,0.003705417438652506,106.13055555555549
2,0.00045204727673902174,46.61944444444446
2,0.0031816247936859434,24.358333333333334
2,0.0009184847055554382,140.76759259259262
2,0.006549575929149517,19.019444444444435
2,0.0009257307667502493,140.79074074074074
2,0.0014458352435000963,41.650925925925925
2,0.0003390084680810346,48.59999999999998
2,0.0022990324586835264,36.542592592592584
2,0.0007932610796255635,143.09814814814814
2,0.0028511392837262824,52.577777777777776
2,0.0020752290333502206,119.89444444444443
2,0.0008951287865538958,38.23148148148151
2,0.00038840909266370883,47.416666666666664
2,0.001954610673401326,121.89074074074071
2,0.003932381671504106,30.679629629629616
2,0.0010388260945404094,42.83796296296292
2,0.00011859111030619399,56.153703703703705
2,0.0011903977968026056,135.9509259259259
2,0.0022366273533311856,44.27499999999998
2,0.0008312532765560626,143.137037037037
2,0.00011268554140171092,56.425
2,0.00026217483570282536,50.55833333333333
2,0.0007752356496267768,143.6648148148148
2,0.0013510896729920247,56.014814814814805
2,0.0011196093528222809,136.50000000000003
2,0.001025311036441935,39.865740740740755
2,0.0027992950912062624,110.86666666666667
2,0.0040655264129825395,31.805555555555557
2,0.0012701044699457362,53.169444444444466
2,0.0007351036183938461,40.85
2,0.000754361310627329,44.47592592592595
2,0.0015967346130359682,129.30833333333328
2,0.004404646921397924,25.326851851851867
2,0.00010776193571804149,56.912037037037024
2,0.007119853519102109,42.41574074074073
2,0.0004999971831154761,52.33425925925929
2,0.0008037284591911124,49.1166666666667
2,0.0008798271614093339,141.4166666666666
2,0.0012264423063358821,135.07592592592604
2,0.00030941367152084124,50.102777777777774
2,0.0028124007258000664,38.996296296296286
2,0.0012632300016327265,40.99907407407408
2,0.0006105405314709044,43.27407407407407
2,0.00038441283620798544,49.07870370370374
2,0.005243082663785061,22.801851851851865
2,0.00040373521245627394,46.67777777777778
2,0.001503786949688808,33.07222222222224
2,0.005141452010616526,38.19166666666667
2,0.0012228192757384104,46.02685185185182
2,0.0032264715910482722,108.96851851851851
2,0.0013400568299420511,133.612962962963
2,0.0006533531844008428,46.927777777777784
2,0.0010238362771923593,42.137037037037054
2,0.0023614757575426194,30.501851851851853
2,0.0007525634941872902,144.27314814814818
2,0.001167916427454521,136.21759259259255
2,0.0024077372569066436,31.895370370370365
2,0.0024040164291591185,51.4462962962963
2,0.001968615805900944,54.262037037037025
2,0.0006790604988864774,146.56388888888887
2,0.00271002688686785,44.03055555555552
2,0.0022882689660403788,116.04722222222227
2,0.00025351761062220295,51.12407407407407
2,0.0014890655755383376,129.97129629629626
2,0.0009043504771888645,42.6138888888889
2,0.005716677791621597,45.6259259259259
2,0.0015850789708811443,55.036111111111076
2,0.0006386798016162242,147.75462962962948
2,0.0031520289084745767,108.937962962963
2,0.0008963809166697359,141.38333333333338
2,0.0016425334357161449,129.3046296296296
2,0.0005735303884821304,45.473148148148155
2,0.0013404284228237914,44.55740740740742
2,0.0010411103565449267,138.43611111111105
2,0.00036264208381377465,156.86666666666673
2,0.0012103751780817764,39.649074074074086
2,0.0030495795897384293,108.4398148148148
2,2.545411240236496e-05,167.2185185185182
2,0.000520643449726077,44.556481481481505
2,0.001745366413216298,29.861111111111132
2,0.00029448735881568015,49.877777777777794
2,2.0902099600482038e-05,59.632407407407456
2,4.865725737726936e-05,59.531481481481485
2,0.0046050576857577285,31.150925925925925
2,0.0014578534971657355,36.96203703703706
2,0.0006172355538073482,45.81944444444444
2,0.002935305071450787,35.4601851851852
2,0.0012403343098502575,40.61759259259259
2,0.0008697131398209582,38.95462962962963
2,0.0032918809196135763,52.560185185185155
2,0.0009967979053919036,139.15925925925933
2,0.0011413475364067556,136.65462962962962
2,0.0012837605083513824,135.04722222222225
2,0.0024569254130983997,114.76574074074077
2,5.713240557465051e-05,59.24629629629629
2,0.0011374458111480482,137.1555555555556
2,0.000192020712384015,52.99166666666668
2,0.0021981576922071233,118.19444444444449
2,0.001373687437278409,131.7249999999999
2,0.0033161032233858623,23.948148148148146
2,0.001019465071180846,139.9138888888889
2,0.0007581423770646199,42.454629629629636
2,0.0029004682387833557,36.44814814814815
2,0.0006633932684407158,43.42685185185186
2,0.0010521090885295685,42.443518518518495
2,0.0005471527371303905,43.24722222222224
2,0.0037360923584673156,40.87870370370373
2,0.0005959233956556786,42.842592592592595
2,0.0008455596025048495,143.3462962962962
2,0.001982912515432401,122.06018518518526
2,0.0009431027339737455,38.19444444444445
2,0.0007372321125814697,52.75925925925927
2,0.001961027999006523,124.71944444444442
2,0.00346466553134279,28.321296296296286
2,0.0004536637420631601,45.87314814814817
2,0.00021134345151598322,52.36203703703704
2,0.00027349236099475114,50.30462962962964
2,0.0030511491523477338,39.07129629629628
2,0.001094248138640367,40.50555555555555
2,0.004946303240965926,30.958333333333346
2,0.000424796255105805,46.230555555555554
2,0.001214179741236874,134.77500000000003
2,0.0004692289114757164,51.46759259259259
2,0.001117449106313248,34.77037037037035
2,0.0011801387124656885,45.37314814814814
2,0.0009574677563567215,37.80092592592596
2,0.001588844342599503,30.940740740740754
2,0.0007087556327824551,41.51759259259259
2,0.0015569441460608578,41.36666666666666
2,0.0013622595046287524,36.651851851851866
2,0.00017811038324407776,54.011111111111084
2,0.0012820279202516809,42.02592592592593
2,0.0003180835068091215,158.5027777777776
2,0.0011261506939229382,40.56944444444446
2,0.0008783526743224957,141.74722222222226
2,0.0007952087670227881,50.31018518518518
2,0.0020916390866758654,119.43703703703706
2,0.002035400009984763,120.27592592592593
2,0.0026314670168542994,39.08981481481481
2,0.0019487683369769798,36.59907407407408
2,0.0005053813789018876,151.10185185185196
2,0.0007988854136829822,39.92314814814815
2,0.005486137884492265,98.07222222222214
2,0.000991874299708234,139.24814814814806
2,0.0009026547217820497,140.91481481481475
2,0.0014263592767368941,38.17222222222221
2,0.0011440263436854668,42.05370370370372
2,0.0018162531079512223,54.569444444444436
2,0.0015242097706773465,38.720370370370404
2,0.0002460823055915862,50.909259259259265
2,0.001139025080895626,136.9490740740741
2,0.000418612445144574,46.1935185185185
2,0.00241526083339088,26.351851851851865
2,0.000353291932358366,48.18703703703705
2,0.0039015394623158873,29.32685185185184
2,0.0003679698511889422,47.61851851851851
2,0.0011677264578513371,54.42037037037033
2,0.005187157935076038,20.604629629629635
2,0.0027708884665144104,30.518518518518533
2,0.0011790642139081272,56.53796296296298
2,0.00037986082340609964,47.37777777777778
2,1.0201385832790763e-05,59.64907407407412
2,0.0010059019309956363,37.455555555555556
2,0.0024316709774374803,114.6916666666667
2,0.001263323081294972,34.11944444444445
2,0.0015639228527091203,34.53425925925926
2,2.9249603465669556e-05,59.650925925926
2,0.0013720560030027371,33.90000000000002
2,0.0011925344558728556,136.40833333333333
2,0.0014201184033180336,133.20833333333337
2,0.004547274992640007,33.883333333333326
2,0.00011532379642984413,56.65277777777779
2,0.0006644113385870619,147.08148148148155
2,0.0009593761615963197,42.74259259259258
2,0.00012933201344073755,55.740740740740776
2,0.0011761078006191363,135.93981481481478
2,0.001587192042512594,129.38611111111118
2,0.003194798196805667,33.17592592592592
2,0.004506213979202708,30.00740740740741
2,0.0005699664172025717,44.701851851851856
2,0.00015150937699124142,54.69166666666667
2,0.0015095031840365713,41.75277777777778
2,0.00021868241093127145,52.24259259259253
2,0.000896433534802425,141.94537037037043
2,6.998683394527303e-05,58.783333333333275
2,0.0003021765009760134,50.98796296296297
2,0.0010695837518327274,36.497222222222234
2,0.0018853904312165603,120.77129629629633
2,0.00142115697639191,32.64722222222222
2,0.0015938081376500434,129.0833333333334
2,0.00039695409596826267,47.28703703703702
2,0.0009330697261655205,140.67407407407407
2,0.0006413129762729217,147.58240740740735
2,0.0014504026788580908,131.5027777777779
2,0.0017638585116193724,54.02870370370367
2,0.0025394657541279826,114.53611111111115
2,0.003178267031053914,25.177777777777777
2,0.0017219614141979816,128.53796296296292
2,0.0015455476935698695,32.02314814814814
2,0.001330494754421216,33.814814814814824
2,7.53292073882999e-06,59.639814814814855
2,0.001651623853182084,37.041666666666686
2,0.0008328325463036648,50.73703703703701
2,0.0050018259852852385,45.50833333333335
2,0.0018042692375136397,125.39444444444445
2,0.005522608782342015,44.215740740740785
2,0.00203207880788284,30.302777777777784
2,0.0027877953075893655,25.486111111111114
2,0.0017854108987629517,48.96203703703704
2,0.003555582497652302,41.886111111111084
2,0.0020183067374226044,42.78796296296297
2,0.0021835726715970206,30.147222222222226
2,0.0022257484636798563,120.04722222222219
2,0.0022031873506445044,38.197222222222244
2,0.004528529964316351,20.711111111111123
2,0.0010981374351332878,42.89722222222223
2,0.002549332651934601,113.08055555555553
2,0.0005727958212057945,42.97037037037035
2,0.0027210817751010365,112.39999999999992
2,0.0015336430224940486,130.5638888888889
2,0.00094093885862797,41.037037037037074
2,0.003837160995546278,50.66111111111112
2,0.00430731888922651,36.38333333333335
2,0.0004206431421821437,154.60740740740732
2,0.0033856756441758614,50.304629629629645
2,0.00119429952206131,41.966666666666654
2,0.006065247700177119,18.883333333333333
2,0.0014145612027401968,131.0648148148148
2,0.0011516592388763625,136.1703703703704
2,0.0015401595967839967,131.4592592592592
2,0.0018361810463299135,125.93796296296298
2,0.002578382215775116,113.27500000000002
2,0.0010358012776789539,37.254629629629626
2,0.002701387352366392,112.29074074074072
2,0.00251086290008958,40.91018518518517
2,0.0034583220525651144,51.4314814814815
2,8.784007564092244e-05,57.825925925925965
2,0.0005168410638729522,47.08148148148148
2,0.0008955388451051067,38.65833333333331
2,0.0036795473708392808,38.112037037037034
2,0.0011164691389526314,53.222222222222236
2,0.0007080371231086907,145.72407407407388
2,0.0008522482743769945,143.9675925925926
2,0.0004457777355098919,45.83888888888887
2,0.0005502088527087083,49.66851851851851
2,0.0004009836470010595,49.84537037037036
2,0.0008626528750669995,141.77592592592592
2,0.0027493767223423465,39.53611111111111
2,0.0005310991262931433,47.586111111111094
2,0.0009466328663507243,140.01203703703703
2,0.0012030303218067506,43.681481481481505
2,0.0007755143442881169,144.2601851851852
2,0.0024416439279977384,36.13611111111111
2,0.0009908897055807859,37.10462962962964
2,0.0010104539437975283,138.5694444444444
2,0.0019376303483825627,121.8314814814815
2,0.002103058128675438,50.14814814814816
2,0.0035893979034994574,24.033333333333335
2,0.0004637479164693597,52.40092592592592
2,0.0023374654685566158,26.974074074074057
2,0.0023216194271807123,117.86759259259253
2,0.002923224583235094,24.23796296296294
2,0.00045808112502211543,45.55462962962963
2,0.00013854517630934842,55.4324074074074
2,0.0014825627001071359,44.50462962962964
2,0.0016642929387164528,128.8611111111111
2,0.0021330890206904085,43.204629629629615
2,0.00012836674286890922,55.8796296296296
2,0.0004334630966037861,154.68611111111105
2,0.001139029344778786,44.29074074074074
2,0.003753912305585916,49.850925925925935
2,0.0006705078750248025,51.66111111111114
2,0.0022665260649681004,33.02685185185185
2,0.002978038252856234,109.73888888888888
2,0.00026327355674562607,161.54444444444457
2,0.0035469048603650687,105.57962962962964
2,0.0016844954893150967,128.03148148148148
2,0.0010592255095319793,138.03055555555557
2,0.0023401990712700244,115.78148148148146
2,0.0012318304031217432,135.21666666666673
2,0.00028319650547377166,50.12777777777778
2,0.00023657475334275317,51.46018518518519
2,0.000920528466405261,140.96944444444443
2,1.874221597509943e-05,59.65833333333338
2,0.001383367359272183,45.345370370370375
2,9.549937061909249e-05,57.398148148148145
2,0.0016283200079878224,126.49537037037042
2,0.0008342784563011987,39.782407407407405
2,0.0018621448288518186,126.25648148148146
2,0.002652134421438874,36.7675925925926
2,0.0005514546323602278,43.84351851851852
2,0.00018222122021975635,53.513888888888886
2,0.0007202399031224032,146.29351851851845
2,0.0008874566999262695,56.759259259259295
2,0.002367975639183488,116.18981481481478
2,0.0009181533927614004,50.02037037037039
2,0.0007469945906110158,51.64166666666671
2,0.00020576955828919237,53.8092592592593
2,0.0009353921816766983,38.8388888888889
2,0.0023426402804633734,53.11759259259259
2,0.00041508430862780823,46.33518518518518
2,0.002060018038403132,38.571296296296275
2,0.0007151305009978436,45.21481481481483
2,0.0005413179305422618,49.253703703703664
2,0.000526732909932161,52.309259259259285
2,1.5394886248714466e-05,59.63333333333335
2,0.000927124240056944,45.30092592592593
3,0.0005057985136847307,44.637037037037025
3,1.0650545099813765e-05,59.64166666666672
3,0.00177807892485842,128.14166666666668
3,0.0005991006236600394,148.77777777777774
3,0.003086822068999243,40.454629629629636
3,0.0004125609970032963,46.680555555555564
3,0.0006876759923446485,41.35370370370371
3,0.001050165937178243,45.377777777777794
3,0.0018432124618317444,52.981481481481474
3,0.0005863735674588561,46.59351851851852
3,0.0004211018271455957,48.25740740740744
3,0.0016377027282528734,129.87314814814815
3,0.0008863419212809012,142.17407407407404
3,0.0019895082890841616,35.85833333333332
3,0.0012421714991688818,135.64166666666662
3,0.0028719252605511323,38.44907407407407
3,0.006253443709362085,26.73703703703704
3,0.0029426442123080387,109.91296296296291
3,0.0017565816053122952,34.20277777777776
3,0.001360059068752831,37.250000000000014
3,0.0010268040305961119,139.27685185185186
3,5.2787145745813064e-05,59.45370370370368
3,0.0009553652990726922,40.77129629629631
3,0.0011583479107485247,41.674999999999976
3,0.0012598856656965988,134.22129629629623
3,0.002171774597600385,119.48055555555545
3,0.0004960161677740437,44.41388888888887
3,0.0030315476278335285,28.204629629629608
3,3.223568249496668e-05,59.65185185185189
3,0.001088674245413565,137.63888888888883
3,0.0016105764478824846,129.37592592592597
3,0.00028904437587414536,49.91111111111112
3,0.0017894055222421581,127.70833333333336
3,0.0004669993541849857,46.81759259259257
3,0.0032357379163750373,50.77500000000002
3,0.0013658825352261576,133.98703703703697
3,0.0034158675658210002,32.59999999999999
3,0.00081083725963642,143.24444444444447
3,0.0006323098323304158,148.01666666666668
3,0.0009956217994056811,40.27777777777781
3,0.0009505345916094892,139.68703703703713
3,0.001992295235697519,123.43055555555564
3,0.0018700411775897658,125.50740740740736
3,0.0010720454639536125,138.42962962962966
3,0.003671312451633853,49.18611111111108
3,0.0012760831599104457,34.65555555555555
3,0.001989683834061231,123.98703703703704
3,0.002014405012163814,119.27037037037027
3,0.0002371648021960535,162.3083333333334
3,0.0011546319819306704,36.189814814814795
3,0.0007086276255665653,43.34814814814815
3,0.0006055106008708564,42.75092592592593
3,0.0006411159304381457,45.60185185185184
3,0.001459520675483266,38.66944444444447
3,0.00022202674686734158,53.39537037037039
3,0.0004910599932806632,44.81481481481478
3,0.0032576694262366813,35.0675925925926
3,0.0022213822473187593,39.91944444444445
3,0.0014922435293100449,131.60648148148147
3,4.314287707294692e-05,59.61111111111112
3,0.003251318871227455,109.10648148148147
3,0.0005211590167053616,150.91944444444434
3,0.0012089599317546733,34.755555555555546
3,0.0013868520404690722,56.75925925925928
3,0.0011070677301783262,35.89722222222223
3,0.007858296211618859,18.98703703703703
3,0.0011022173362757758,39.96481481481483
3,0.0008578257057196102,41.061111111111124
3,0.00019971003598617522,52.43240740740742
3,0.0005815524764129914,43.080555555555556
3,0.000837842699743475,39.617592592592594
3,0.0008231724921909806,142.4259259259259
3,0.0025907455718144675,50.862037037037034
3,0.002531104914287691,112.85185185185186
3,0.004637789974560192,24.699074074074076
3,0.0010063892837693354,43.727777777777774
3,0.002130156194840288,122.86851851851851
3,0.002574859976118044,52.92407407407403
3,0.0006354682811046752,42.28518518518519
3,0.0016076470694271843,43.13518518518516
3,0.0025452894927640505,53.029629629629646
3,0.00047155136698687276,44.80925925925924
3,0.0012251940772195161,34.711111111111116
3,0.00018700411775898182,53.28425925925928
3,0.003149714164241619,51.08518518518518
3,0.002509088036041911,26.943518518518527
3,0.0009730159609575745,47.64259259259258
3,0.0028372487317465398,33.5574074074074
3,0.0003713351436571639,47.98240740740743
3,0.0038171593010609805,44.542592592592584
3,0.0008505736569441847,55.98518518518517
3,0.0007538690589240582,144.05740740740737
3,0.0003664834796617914,55.33796296296296
3,0.0006873648195945044,45.975
3,0.00029904309117521986,49.04444444444445
3,0.003376478720351658,37.26851851851851
3,0.0023468199746161504,28.112037037037037
3,0.0017190104441640439,52.1092592592593
3,0.00035473067540334977,48.13611111111109
3,0.0006591099709991589,44.45277777777777
3,0.0025338970319935226,41.695370370370355
3,0.0010825429628640963,56.52129629629632
3,0.0002445611879526909,161.79722222222227
3,0.0006621467630218271,147.4083333333333
3,4.571163987758107e-05,167.1685185185182
3,0.0009862075082610025,139.57314814814805
3,0.0026035270605667196,113.21481481481486
3,0.0004464656722341551,49.34166666666667
3,0.0018345433523108798,127.38055555555547
3,0.0014717146555679004,33.205555555555556
3,0.0002299230956053024,51.494444444444454
3,0.001320994369124962,47.60277777777777
3,0.00018020621790106777,53.38055555555554
3,0.0007671358138688205,144.46203703703708
3,0.002079433766476454,40.73611111111113
3,0.0009449606983827171,140.41666666666657
3,0.006791231144643598,45.75833333333334
3,0.00215291934336089,30.250925925925955
3,0.0010844938254934908,137.40370370370366
3,0.0019030829154448215,30.695370370370355
3,0.0009720869787530909,139.46018518518517
3,0.0028460991923833817,24.424999999999997
3,0.0002754432236241349,49.99444444444447
3,0.002115664072450558,122.37407407407396
3,0.002263650937622018,26.51944444444443
3,0.00015783407653875472,166.0453703703706
3,0.0011553629203702534,41.990740740740755
3,0.0007324196400228323,145.27685185185197
3,0.0012134365554733306,136.00370370370382
3,0.004285593950896064,101.75092592592593
3,0.002790612192105731,111.23148148148154
3,0.002097242373480207,122.50925925925918
3,0.0011489390628589117,45.19166666666666
3,0.00031839876200057577,48.9027777777778
3,0.0019059464305133313,34.32037037037036
3,0.0015022571228417475,131.9555555555556
3,0.000275814816505924,53.766666666666694
3,0.0004941866897334987,45.86944444444447
3,0.0006324510848003652,41.98425925925927
3,0.001036929936624798,48.252777777777766
3,0.000732806927623524,145.52314814814812
3,0.00408101882421864,42.762962962962966
3,0.0019208565041740758,122.85462962962954
3,0.004748759166906429,45.95833333333332
3,0.002470562037227525,48.18888888888888
3,0.0007642989707503224,40.55833333333333
3,0.0009293537973476507,40.504629629629626
3,0.0020262030861605594,121.68888888888878
3,0.0003024766057740877,49.00370370370371
3,0.0002562132919916922,50.84444444444444
3,0.00011743423715469389,56.23703703703707
3,0.0009057926676287166,141.1629629629629
3,0.0012968997096848974,39.04629629629633
3,0.0005416895234240624,53.82129629629626
3,9.897924360726517e-06,59.63055555555558
3,0.0010436433753076813,40.89351851851852
3,0.0005626845212449787,43.35833333333335
3,0.0026704074288238806,36.22685185185184
3,0.00202996228885648,42.32037037037035
3,0.0005121578686230689,44.58888888888889
3,0.0017300790312559117,34.38611111111112
3,0.00043870177603707076,46.17592592592591
3,0.0018663252487719681,32.72407407407407
3,0.001191077024318653,36.34814814814815
3,0.00048539320183341216,45.23611111111111
3,0.0005110331106766706,47.241666666666646
3,0.0009780324648616802,139.5129629629629
3,0.0008661284841720315,142.09907407407403
3,0.0054192133351475165,38.49351851851852
3,0.0007951158688023387,144.08888888888893
3,0.0004795854300789688,48.46574074074077
3,0.0011985728402018983,136.0759259259259
3,0.0009603818029768191,141.44444444444446
3,0.0004878674334410888,48.92222222222225
3,0.002191561918555471,120.13518518518525
3,0.000340100385054964,48.18981481481482
3,0.001085954885884405,42.51759259259257
3,0.0008379079280838373,142.21666666666667
3,0.000777929698019714,45.529629629629646
3,0.0009768247879958641,39.652777777777786
3,0.00016461564663135006,54.612037037037034
3,0.0008934021860348526,43.90462962962962
3,0.0036298121675095523,37.56944444444444
3,0.002045618814233892,120.25092592592596
3,0.002486347386309051,44.5962962962963
3,0.0004525072317953287,45.68425925925927
3,0.001640917151833843,30.899074074074075
3,0.0016962971921485838,37.04999999999998
3,0.0005282192814593029,44.37314814814814
3,0.0003994755931744119,47.111111111111114
3,0.003135593634733706,48.18333333333334
3,0.00011026664955428027,56.571296296296296
3,0.0022105152421076782,51.74629629629629
3,0.0023140946713244926,34.041666666666664
3,0.004821564246182122,48.96111111111113
3,2.3689046213879643e-05,59.66203703703704
3,0.0001047891926637515,57.05092592592595
3,0.0005758843241519789,150.41574074074074
3,0.0010631272347907711,137.69074074074075
3,0.0010435453967158426,138.86666666666667
3,0.0009907595210628644,139.925
3,0.0018981893383851643,126.12407407407423
3,0.003531421067616346,106.98703703703696
3,0.00028176030261449747,49.90185185185182
3,0.0010504001785895873,139.3824074074074
3,8.537346459041625e-05,57.80277777777783
3,0.00010938556799473368,56.85185185185184
3,0.0026671079090215682,112.79166666666666
3,0.00020096425268312172,52.738888888888866
3,3.958915725719163e-05,59.64722222222225
3,0.0013175268341816958,40.112037037037034
3,0.0037980463994133247,105.18425925925922
3,0.0014521849820210762,130.90740740740733
3,0.0015400967271875495,38.496296296296286
3,0.0010718596675127357,56.67870370370373
3,0.0025815486479902647,115.462962962963
3,0.0013039194221883238,134.80092592592587
3,0.00010143841554246822,57.19259259259264
3,0.0006902016627130302,41.98981481481481
3,0.0012733559076613973,134.137037037037
3,0.00032229177805116093,52.17129629629627
3,0.0005211356107084149,151.8157407407407
3,0.0006282706648802839,47.35555555555555
3,0.0007685769156576993,40.43333333333332
3,0.0013842322925082622,132.93148148148154
3,0.00183188214489033,31.028703703703705
3,0.001704496548753989,129.38518518518512
3,0.00621196537970009,17.036111111111104
3,0.001907943651531992,126.8898148148149
3,0.00024012602369371212,51.703703703703674
3,0.00021660372252785889,53.65000000000005
3,0.00012160377056458087,56.28333333333335
3,0.0008149091773380834,39.99444444444445
3,0.00018626093199540617,164.6333333333334
3,0.001360122845558483,133.3888888888889
3,0.0012511532329746355,40.11944444444444
3,0.00026705625615943687,50.84444444444448
3,0.0018745002921712606,124.56666666666666
3,0.0011273849520178191,41.475
3,0.001624046689847242,53.673148148148165
3,0.001156861539221373,136.30185185185186
3,0.002257891247954298,117.44537037037033
3,0.00028481796044841723,160.11666666666667
3,0.0013004118793200365,37.67129629629628
3,0.0017445736031103662,47.91203703703702
3,0.0010739704711212707,39.69629629629632
3,0.0017590278041560968,126.86666666666669
3,0.000814699430574738,46.80185185185182
3,0.0011076254823846451,137.07129629629623
3,0.0033735080638785126,106.69074074074074
3,0.0010091533687113022,139.8888888888889
3,0.002781692874291831,33.12777777777778
3,0.0029354908678916754,51.64074074074072
3,0.00010208942885294096,57.123148148148175
3,0.0021074532850094037,29.65555555555557
3,0.001418378557544814,39.097222222222236
3,0.002984634026508002,110.47129629629632
3,0.0005594708234314189,43.56296296296297
3,0.00112657671935575,137.25925925925924
3,0.0024090704915235243,115.28148148148149
3,0.0011211656701774846,41.26666666666666
3,0.0007552259717006256,144.89629629629638
3,0.0010750250110768,36.862962962962975
3,0.0024487970909721182,117.87037037037032
3,0.003581969583979549,34.31666666666667
3,0.005052240688293728,99.6944444444444
3,0.0007279679645567265,45.239814814814814
3,0.003037695603031931,25.39351851851851
3,0.0022824163781521856,117.25370370370372
3,0.0001425907849446953,55.07129629629628
3,0.0009128679013342017,38.62314814814815
3,0.0003308462163312288,48.639814814814805
3,0.0026352815593103564,26.375925925925912
3,0.0005160673958808072,52.969444444444456
3,0.0008164771976918026,143.2953703703704
3,0.0036602777941654864,22.100925925925925
3,0.003514153883053531,27.359259259259264
3,0.0010151698892989698,43.539814814814804
3,0.001117286897311093,137.06666666666666
3,0.002994197553563417,35.51203703703705
3,0.0021526375641883434,117.23148148148145
3,0.0019327474763912963,47.22592592592592
3,0.004005637633744034,49.728703703703694
3,0.0017521335586829028,127.5444444444444
3,0.0003248075598394514,48.69074074074076
3,0.0007261853892309629,47.053703703703675
3,0.0011336369841097034,39.465740740740735
3,0.0015055491128079456,130.47500000000002
3,0.001568586452240596,129.09166666666664
3,0.005923140276285753,45.98055555555554
3,0.002905484742687485,110.97592592592598
3,0.0006158270208281828,42.61018518518515
3,0.0008199196936615685,43.475925925925914
3,0.001066300833958377,42.152777777777764
3,0.007924008003726076,15.468518518518511
3,0.0013343750695432887,32.59351851851853
3,0.0014857993503130248,132.57407407407405
3,0.0013407611871525111,133.36574074074068
3,0.00045862735567183435,49.767592592592614
3,0.00039054411875746013,48.5185185185185
3,0.001836114910780416,36.31574074074074
3,6.218365559051696e-05,59.044444444444366
3,0.0017083982740127752,127.28518518518516
3,0.0009735949418588115,37.54166666666665
3,0.0032942035565667114,109.02777777777779
3,0.0006594575228375503,41.312037037037044
3,0.0021649190899591998,31.007407407407413
3,0.0012971378520956855,134.68333333333325
3,0.0007099917960166464,41.10925925925929
3,0.0009106467810888992,41.35555555555554
3,1.3098649082968938e-05,59.662962962963
3,7.752456289278146e-05,58.34629629629627
3,0.00023231059801496966,51.63055555555559
3,0.00016826961306194946,53.94166666666668
3,0.0010117672198123484,36.967592592592595
3,0.004201600714358349,38.83888888888886
3,0.0002042831867620446,52.67037037037037
3,0.0018255344929504827,124.91574074074074
3,0.0016202926582436711,31.798148148148147
3,0.0010073707026646438,139.27500000000003
3,0.0016541272969254875,44.73425925925927
3,0.0042621677231827505,31.295370370370396
3,0.0009002081600544741,41.524074074074086
3,0.000477600184221535,45.335185185185175
3,0.0004329214927208977,46.44074074074072
3,0.0017853385941910228,126.7907407407408
3,0.000700585216149988,145.962962962963
3,0.0010017215110755334,52.15185185185184
3,0.0017213150276543482,127.81018518518516
3,0.0024845856767944934,113.54537037037028
3,0.00188800029059728,32.16574074074074
3,0.0011092624506363743,45.31481481481482
3,0.006071548993727524,21.65648148148148
3,0.0019595021638798573,44.4490740740741
3,0.0008695157311025197,49.12037037037035
3,0.0019085772464262035,51.31574074074076
3,0.0010504930768100147,35.83425925925924
3,0.0009662343908649778,140.24444444444453
3,0.000945366946655312,44.2574074074074
3,0.0011797336435650238,136.05092592592595
3,0.0005370900635818357,44.00185185185186
3,0.0020921608226775815,120.90185185185186
3,0.0009836519907104112,42.31203703703704
3,0.0010933148925527255,138.92777777777778
3,0.0033398790895186534,33.03518518518519
3,0.002291455447578369,118.937962962963
3,0.003705417438652506,105.33240740740737
3,0.00045204727673902174,46.48148148148147
3,0.0031816247936859434,23.344444444444438
3,0.0009184847055554382,140.56944444444437
3,0.006549575929149517,16.663888888888874
3,0.0009257307667502493,140.53425925925924
3,0.0014458352435000963,39.11111111111112
3,0.0003390084680810346,52.025000000000006
3,0.0022990324586835264,32.765740740740746
3,0.0007932610796255635,143.26203703703715
3,0.0028511392837262824,43.06574074074076
3,0.0020752290333502206,123.39907407407405
3,0.0008951287865538958,38.85185185185186
3,0.00038840909266370883,46.85555555555555
3,0.001954610673401326,124.31296296296289
3,0.003932381671504106,31.748148148148122
3,0.0010388260945404094,42.47129629629629
3,0.00011859111030619399,56.33240740740744
3,0.0011903977968026056,136.0685185185185
3,0.0022366273533311856,35.382407407407406
3,0.0008312532765560626,142.92962962962963
3,0.00011268554140171092,56.60833333333329
3,0.00026217483570282536,50.82037037037041
3,0.0007752356496267768,144.49074074074065
3,0.0013510896729920247,44.01018518518518
3,0.0011196093528222809,137.44907407407413
3,0.001025311036441935,44.52222222222224
3,0.0027992950912062624,111.32962962962965
3,0.0040655264129825395,33.19537037037038
3,0.0012701044699457362,48.15277777777779
3,0.0007351036183938461,41.025000000000006
3,0.000754361310627329,49.03518518518521
3,0.0015967346130359682,131.19444444444449
3,0.004404646921397924,25.951851851851874
3,0.00010776193571804149,56.93055555555556
3,0.007119853519102109,45.48148148148146
3,0.0004999971831154761,52.44074074074074
3,0.0008037284591911124,51.57129629629632
3,0.0008798271614093339,141.3574074074075
3,0.0012264423063358821,135.77037037037036
3,0.00030941367152084124,50.23055555555554
3,0.0028124007258000664,37.65555555555555
3,0.0012632300016327265,50.10462962962963
3,0.0006105405314709044,42.842592592592574
3,0.00038441283620798544,47.79444444444443
3,0.005243082663785061,22.38703703703704
3,0.00040373521245627394,47.08425925925924
3,0.001503786949688808,33.536111111111104
3,0.005141452010616526,47.20277777777778
3,0.0012228192757384104,43.657407407407405
3,0.0032264715910482722,109.05833333333328
3,0.0013400568299420511,133.1462962962963
3,0.0006533531844008428,51.476851851851826
3,0.0010238362771923593,41.54259259259256
3,0.0023614757575426194,29.378703703703692
3,0.0007525634941872902,144.3435185185185
3,0.001167916427454521,136.17314814814813
3,0.0024077372569066436,29.860185185185173
3,0.0024040164291591185,38.46203703703703
3,0.001968615805900944,53.95092592592595
3,0.0006790604988864774,147.34259259259255
3,0.00271002688686785,39.759259259259274
3,0.0022882689660403788,117.9314814814814
3,0.00025351761062220295,50.85925925925925
3,0.0014890655755383376,130.78611111111113
3,0.0009043504771888645,45.271296296296306
3,0.005716677791621597,40.937037037037044
3,0.0015850789708811443,55.70648148148151
3,0.0006386798016162242,147.27407407407404
3,0.0031520289084745767,108.57962962962955
3,0.0008963809166697359,140.57037037037037
3,0.0016425334357161449,127.76481481481487
3,0.0005735303884821304,46.603703703703694
3,0.0013404284228237914,48.480555555555554
3,0.0010411103565449267,138.46574074074078
3,0.00036264208381377465,156.6074074074075
3,0.0012103751780817764,40.259259259259274
3,0.0030495795897384293,109.45000000000005
3,2.545411240236496e-05,167.07962962962938
3,0.000520643449726077,44.060185185185176
3,0.001745366413216298,29.837037037037035
3,0.00029448735881568015,49.81666666666669
3,2.0902099600482038e-05,59.68055555555562
3,4.865725737726936e-05,59.51759259259262
3,0.0046050576857577285,25.377777777777798
3,0.0014578534971657355,35.86296296296297
3,0.0006172355538073482,46.99629629629628
3,0.002935305071450787,43.061111111111124
3,0.0012403343098502575,40.583333333333336
3,0.0008697131398209582,39.04814814814814
3,0.0032918809196135763,52.17129629629629
3,0.0009967979053919036,139.59907407407408
3,0.0011413475364067556,137.42962962962955
3,0.0012837605083513824,134.94814814814816
3,0.0024569254130983997,115.88888888888891
3,5.713240557465051e-05,59.27407407407399
3,0.0011374458111480482,137.49444444444435
3,0.000192020712384015,53.093518518518515
3,0.0021981576922071233,120.02314814814812
3,0.001373687437278409,132.70833333333337
3,0.0033161032233858623,22.769444444444435
3,0.001019465071180846,139.10648148148144
3,0.0007581423770646199,42.64259259259259
3,0.0029004682387833557,31.39166666666665
3,0.0006633932684407158,45.194444444444436
3,0.0010521090885295685,46.667592592592584
3,0.0005471527371303905,43.71203703703702
3,0.0037360923584673156,29.609259259259257
3,0.0005959233956556786,43.13425925925925
3,0.0008455596025048495,142.61388888888894
3,0.001982912515432401,123.47314814814817
3,0.0009431027339737455,38.61388888888889
3,0.0007372321125814697,52.63796296296297
3,0.001961027999006523,124.55648148148143
3,0.00346466553134279,26.89074074074075
3,0.0004536637420631601,45.4462962962963
3,0.00021134345151598322,52.52222222222221
3,0.00027349236099475114,50.398148148148124
3,0.0030511491523477338,41.62314814814815
3,0.001094248138640367,40.905555555555566
3,0.004946303240965926,29.3851851851852
3,0.000424796255105805,46.49444444444447
3,0.001214179741236874,134.65462962962957
3,0.0004692289114757164,51.509259259259245
3,0.001117449106313248,35.78611111111109
3,0.0011801387124656885,46.50740740740741
3,0.0009574677563567215,38.06481481481481
3,0.001588844342599503,30.558333333333312
3,0.0007087556327824551,40.3648148148148
3,0.0015569441460608578,42.29444444444446
3,0.0013622595046287524,35.84722222222221
3,0.00017811038324407776,53.82407407407406
3,0.0012820279202516809,45.98055555555556
3,0.0003180835068091215,158.34537037037035
3,0.0011261506939229382,37.846296296296295
3,0.0008783526743224957,142.7953703703703
3,0.0007952087670227881,50.33888888888885
3,0.0020916390866758654,121.51111111111106
3,0.002035400009984763,124.36111111111117
3,0.0026314670168542994,43.64629629629631
3,0.0019487683369769798,32.84722222222219
3,0.0005053813789018876,151.66296296296295
3,0.0007988854136829822,39.53888888888891
3,0.005486137884492265,97.6342592592592
3,0.000991874299708234,139.10462962962964
3,0.0009026547217820497,142.0009259259259
3,0.0014263592767368941,43.8648148148148
3,0.0011440263436854668,42.81388888888891
3,0.0018162531079512223,41.96666666666667
3,0.0015242097706773465,38.37129629629628
3,0.0002460823055915862,51.09074074074075
3,0.001139025080895626,136.79074074074063
3,0.000418612445144574,46.47037037037037
3,0.00241526083339088,26.755555555555564
3,0.000353291932358366,48.21851851851854
3,0.0039015394623158873,32.69629629629632
3,0.0003679698511889422,47.460185185185196
3,0.0011677264578513371,43.80185185185184
3,0.005187157935076038,17.992592592592604
3,0.0027708884665144104,30.35555555555557
3,0.0011790642139081272,56.93703703703708
3,0.00037986082340609964,47.17129629629629
3,1.0201385832790763e-05,59.631481481481465
3,0.0010059019309956363,37.025000000000006
3,0.0024316709774374803,114.76388888888893
3,0.001263323081294972,35.61296296296297
3,0.0015639228527091203,36.369444444444426
3,2.9249603465669556e-05,59.646296296296356
3,0.0013720560030027371,34.185185185185205
3,0.0011925344558728556,136.73333333333332
3,0.0014201184033180336,133.46944444444446
3,0.004547274992640007,31.475000000000012
3,0.00011532379642984413,56.51296296296297
3,0.0006644113385870619,146.6462962962962
3,0.0009593761615963197,42.552777777777784
3,0.00012933201344073755,55.71666666666669
3,0.0011761078006191363,136.41574074074077
3,0.001587192042512594,129.01296296296294
3,0.003194798196805667,42.465740740740735
3,0.004506213979202708,44.2814814814815
3,0.0005699664172025717,46.40925925925925
3,0.00015150937699124142,54.900000000000006
3,0.0015095031840365713,47.09166666666667
3,0.00021868241093127145,52.117592592592594
3,0.000896433534802425,140.8435185185186
3,6.998683394527303e-05,58.76203703703695
3,0.0003021765009760134,50.37129629629625
3,0.0010695837518327274,37.39259259259259
3,0.0018853904312165603,123.45462962962964
3,0.00142115697639191,32.42037037037037
3,0.0015938081376500434,130.54074074074086
3,0.00039695409596826267,46.695370370370355
3,0.0009330697261655205,139.9953703703704
3,0.0006413129762729217,148.17870370370366
3,0.0014504026788580908,132.8398148148148
3,0.0017638585116193724,46.9462962962963
3,0.0025394657541279826,117.29166666666663
3,0.003178267031053914,23.985185185185173
3,0.0017219614141979816,128.6555555555555
3,0.0015455476935698695,33.32407407407407
3,0.001330494754421216,32.16851851851852
3,7.53292073882999e-06,59.64629629629627
3,0.001651623853182084,38.949074074074076
3,0.0008328325463036648,55.38611111111112
3,0.0050018259852852385,47.98333333333333
3,0.0018042692375136397,126.68888888888887
3,0.005522608782342015,47.00648148148145
3,0.00203207880788284,27.681481481481477
3,0.0027877953075893655,24.156481481481467
3,0.0017854108987629517,40.16481481481479
3,0.003555582497652302,46.073148148148135
3,0.0020183067374226044,37.59444444444445
3,0.0021835726715970206,28.969444444444452
3,0.0022257484636798563,119.80833333333328
3,0.0022031873506445044,34.28148148148148
3,0.004528529964316351,19.649074074074072
3,0.0010981374351332878,42.56574074074074
3,0.002549332651934601,113.76296296296302
3,0.0005727958212057945,43.384259259259274
3,0.0027210817751010365,112.38703703703712
3,0.0015336430224940486,130.78611111111104
3,0.00094093885862797,47.591666666666654
3,0.003837160995546278,44.320370370370384
3,0.00430731888922651,33.18518518518518
3,0.0004206431421821437,154.16296296296295
3,0.0033856756441758614,50.886111111111106
3,0.00119429952206131,54.590740740740735
3,0.006065247700177119,17.03148148148148
3,0.0014145612027401968,132.24537037037044
3,0.0011516592388763625,137.1675925925926
3,0.0015401595967839967,131.11388888888885
3,0.0018361810463299135,124.67037037037036
3,0.002578382215775116,113.39722222222227
3,0.0010358012776789539,36.72592592592595
3,0.002701387352366392,112.6796296296297
3,0.00251086290008958,34.43796296296294
3,0.0034583220525651144,39.186111111111096
3,8.784007564092244e-05,58.02685185185182
3,0.0005168410638729522,52.1314814814815
3,0.0008955388451051067,38.62685185185184
3,0.0036795473708392808,28.689814814814813
3,0.0011164691389526314,48.03240740740741
3,0.0007080371231086907,146.19444444444449
3,0.0008522482743769945,142.07314814814814
3,0.0004457777355098919,45.656481481481485
3,0.0005502088527087083,48.19907407407408
3,0.0004009836470010595,51.21851851851851
3,0.0008626528750669995,141.4324074074074
3,0.0027493767223423465,34.705555555555534
3,0.0005310991262931433,46.560185185185155
3,0.0009466328663507243,139.98703703703694
3,0.0012030303218067506,40.07962962962964
3,0.0007755143442881169,143.8074074074074
3,0.0024416439279977384,38.05462962962963
3,0.0009908897055807859,37.41388888888888
3,0.0010104539437975283,139.04166666666663
3,0.0019376303483825627,120.23240740740736
3,0.002103058128675438,36.98055555555557
3,0.0035893979034994574,22.058333333333337
3,0.0004637479164693597,52.528703703703734
3,0.0023374654685566158,28.324999999999996
3,0.0023216194271807123,117.14907407407411
3,0.002923224583235094,23.223148148148148
3,0.00045808112502211543,45.56574074074076
3,0.00013854517630934842,55.639814814814834
3,0.0014825627001071359,51.98796296296296
3,0.0016642929387164528,127.17037037037042
3,0.0021330890206904085,40.721296296296295
3,0.00012836674286890922,55.75833333333335
3,0.0004334630966037861,153.9666666666666
3,0.001139029344778786,56.76388888888889
3,0.003753912305585916,48.72314814814814
3,0.0006705078750248025,51.653703703703755
3,0.0022665260649681004,31.25740740740739
3,0.002978038252856234,109.56388888888884
3,0.00026327355674562607,160.9083333333334
3,0.0035469048603650687,106.93055555555557
3,0.0016844954893150967,128.57129629629637
3,0.0010592255095319793,139.70185185185176
3,0.0023401990712700244,115.30185185185186
3,0.0012318304031217432,134.32407407407416
3,0.00028319650547377166,50.130555555555574
3,0.00023657475334275317,51.69259259259258
3,0.000920528466405261,141.00277777777788
3,1.874221597509943e-05,59.65925925925927
3,0.001383367359272183,47.245370370370374
3,9.549937061909249e-05,57.2953703703704
3,0.0016283200079878224,129.2259259259259
3,0.0008342784563011987,39.22685185185184
3,0.0018621448288518186,123.7444444444444
3,0.002652134421438874,52.57222222222221
3,0.0005514546323602278,43.45833333333332
3,0.00018222122021975635,53.46481481481479
3,0.0007202399031224032,145.16203703703707
3,0.0008874566999262695,56.211111111111144
3,0.002367975639183488,118.81018518518522
3,0.0009181533927614004,50.488888888888894
3,0.0007469945906110158,51.90092592592592
3,0.00020576955828919237,53.46296296296296
3,0.0009353921816766983,37.538888888888884
3,0.0023426402804633734,53.28981481481482
3,0.00041508430862780823,46.05833333333332
3,0.002060018038403132,37.429629629629645
3,0.0007151305009978436,46.27222222222221
3,0.0005413179305422618,48.823148148148164
3,0.000526732909932161,52.326851851851856
3,1.5394886248714466e-05,59.63240740740743
3,0.000927124240056944,41.51296296296296
4,0.0005057985136847307,44.326851851851835
4,1.0650545099813765e-05,59.65833333333336
4,0.00177807892485842,127.81759259259253
4,0.0005991006236600394,148.41481481481475
4,0.003086822068999243,52.35277777777777
4,0.0004125609970032963,46.32592592592591
4,0.0006876759923446485,41.592592592592595
4,0.001050165937178243,52.19629629629631
4,0.0018432124618317444,53.70833333333332
4,0.0005863735674588561,44.150925925925925
4,0.0004211018271455957,46.85833333333332
4,0.0016377027282528734,130.8574074074074
4,0.0008863419212809012,142.55462962962966
4,0.0019895082890841616,46.91666666666665
4,0.0012421714991688818,134.84444444444446
4,0.0028719252605511323,35.93055555555554
4,0.006253443709362085,47.210185185185196
4,0.0029426442123080387,110.48796296296301
4,0.0017565816053122952,34.30462962962963
4,0.001360059068752831,42.78703703703703
4,0.0010268040305961119,139.62685185185188
4,5.2787145745813064e-05,59.47870370370369
4,0.0009553652990726922,40.677777777777784
4,0.0011583479107485247,38.350925925925935
4,0.0012598856656965988,133.7666666666666
4,0.002171774597600385,118.9398148148149
4,0.0004960161677740437,44.95462962962963
4,0.0030315476278335285,27.97685185185186
4,3.223568249496668e-05,59.65092592592595
4,0.001088674245413565,138.22037037037032
4,0.0016105764478824846,131.32777777777778
4,0.00028904437587414536,49.492592592592615
4,0.0017894055222421581,128.36574074074073
4,0.0004669993541849857,47.56481481481483
4,0.0032357379163750373,40.75833333333335
4,0.0013658825352261576,133.66759259259257
4,0.0034158675658210002,36.18518518518516
4,0.00081083725963642,142.9157407407407
4,0.0006323098323304158,147.79814814814821
4,0.0009956217994056811,42.51018518518515
4,0.0009505345916094892,139.66481481481478
4,0.001992295235697519,122.90648148148145
4,0.0018700411775897658,124.36666666666665
4,0.0010720454639536125,138.43055555555557
4,0.003671312451633853,50.34259259259262
4,0.0012760831599104457,33.34166666666664
4,0.001989683834061231,121.0722222222222
4,0.002014405012163814,120.89722222222218
4,0.0002371648021960535,162.2657407407408
4,0.0011546319819306704,36.00555555555554
4,0.0007086276255665653,42.10833333333336
4,0.0006055106008708564,43.07407407407408
4,0.0006411159304381457,46.63148148148145
4,0.001459520675483266,36.31296296296296
4,0.00022202674686734158,53.53611111111117
4,0.0004910599932806632,44.4435185185185
4,0.0032576694262366813,51.58611111111111
4,0.0022213822473187593,35.45370370370371
4,0.0014922435293100449,130.87037037037044
4,4.314287707294692e-05,59.597222222222264
4,0.003251318871227455,108.3481481481482
4,0.0005211590167053616,150.83240740740732
4,0.0012089599317546733,35.20462962962965
4,0.0013868520404690722,55.917592592592584
4,0.0011070677301783262,34.890740740740746
4,0.007858296211618859,15.937962962962963
4,0.0011022173362757758,43.108333333333334
4,0.0008578257057196102,39.89814814814816
4,0.00019971003598617522,53.1638888888889
4,0.0005815524764129914,43.01203703703704
4,0.000837842699743475,39.425000000000004
4,0.0008231724921909806,143.26574074074068
4,0.0025907455718144675,34.30925925925925
4,0.002531104914287691,114.9185185185185
4,0.004637789974560192,23.606481481481467
4,0.0010063892837693354,45.64537037037036
4,0.002130156194840288,119.42592592592602
4,0.002574859976118044,50.617592592592565
4,0.0006354682811046752,42.298148148148144
4,0.0016076470694271843,41.83981481481481
4,0.0025452894927640505,40.603703703703715
4,0.00047155136698687276,45.44166666666665
4,0.0012251940772195161,34.475
4,0.00018700411775898182,53.499074074074045
4,0.003149714164241619,51.44166666666667
4,0.002509088036041911,26.168518518518518
4,0.0009730159609575745,43.85092592592595
4,0.0028372487317465398,27.03611111111113
4,0.0003713351436571639,47.38425925925928
4,0.0038171593010609805,50.01018518518514
4,0.0008505736569441847,46.012037037037054
4,0.0007538690589240582,145.74537037037044
4,0.0003664834796617914,48.92314814814815
4,0.0006873648195945044,51.551851851851836
4,0.00029904309117521986,49.62407407407409
4,0.003376478720351658,50.619444444444426
4,0.0023468199746161504,24.756481481481476
4,0.0017190104441640439,52.264814814814834
4,0.00035473067540334977,48.14814814814818
4,0.0006591099709991589,43.625
4,0.0025338970319935226,36.24999999999998
4,0.0010825429628640963,56.42870370370377
4,0.0002445611879526909,161.96111111111125
4,0.0006621467630218271,146.88518518518524
4,4.571163987758107e-05,167.06574074074052
4,0.0009862075082610025,140.0722222222221
4,0.0026035270605667196,114.21851851851856
4,0.0004464656722341551,50.00462962962964
4,0.0018345433523108798,124.73796296296294
4,0.0014717146555679004,31.588888888888867
4,0.0002299230956053024,51.7583333333333
4,0.001320994369124962,53.85185185185183
4,0.00018020621790106777,53.792592592592584
4,0.0007671358138688205,144.84351851851847
4,0.002079433766476454,41.36296296296296
4,0.0009449606983827171,141.2861111111111
4,0.006791231144643598,44.41759259259259
4,0.00215291934336089,29.762037037037047
4,0.0010844938254934908,138.84166666666664
4,0.0019030829154448215,28.15925925925925
4,0.0009720869787530909,139.9916666666667
4,0.0028460991923833817,22.395370370370376
4,0.0002754432236241349,50.238888888888916
4,0.002115664072450558,123.39351851851858
4,0.002263650937622018,26.76666666666665
4,0.00015783407653875472,165.82037037037065
4,0.0011553629203702534,43.500925925925905
4,0.0007324196400228323,144.6527777777777
4,0.0012134365554733306,135.64074074074063
4,0.004285593950896064,102.20462962962954
4,0.002790612192105731,112.49907407407412
4,0.002097242373480207,122.39351851851846
4,0.0011489390628589117,40.28611111111108
4,0.00031839876200057577,48.87777777777778
4,0.0019059464305133313,35.09074074074075
4,0.0015022571228417475,132.57777777777773
4,0.000275814816505924,53.2675925925926
4,0.0004941866897334987,46.953703703703724
4,0.0006324510848003652,41.925
4,0.001036929936624798,46.55555555555559
4,0.000732806927623524,144.56666666666666
4,0.00408101882421864,32.42222222222222
4,0.0019208565041740758,124.62870370370374
4,0.004748759166906429,30.39166666666668
4,0.002470562037227525,53.551851851851865
4,0.0007642989707503224,39.81203703703704
4,0.0009293537973476507,39.63425925925925
4,0.0020262030861605594,124.61388888888892
4,0.0003024766057740877,49.387037037037025
4,0.0002562132919916922,50.96759259259259
4,0.00011743423715469389,56.2148148148148
4,0.0009057926676287166,141.32685185185184
4,0.0012968997096848974,40.6
4,0.0005416895234240624,50.79999999999999
4,9.897924360726517e-06,59.65648148148153
4,0.0010436433753076813,40.94537037037036
4,0.0005626845212449787,43.486111111111114
4,0.0026704074288238806,37.381481481481494
4,0.00202996228885648,39.38055555555556
4,0.0005121578686230689,44.57222222222223
4,0.0017300790312559117,35.200925925925915
4,0.00043870177603707076,45.838888888888924
4,0.0018663252487719681,31.731481481481488
4,0.001191077024318653,32.828703703703695
4,0.00048539320183341216,44.402777777777786
4,0.0005110331106766706,45.37685185185187
4,0.0009780324648616802,139.94907407407402
4,0.0008661284841720315,142.27129629629633
4,0.0054192133351475165,28.77592592592591
4,0.0007951158688023387,144.0111111111112
4,0.0004795854300789688,50.90740740740738
4,0.0011985728402018983,136.97222222222226
4,0.0009603818029768191,140.62407407407397
4,0.0004878674334410888,50.12499999999998
4,0.002191561918555471,123.67592592592598
4,0.000340100385054964,48.38611111111112
4,0.001085954885884405,39.47592592592592
4,0.0008379079280838373,142.5712962962963
4,0.000777929698019714,42.45185185185184
4,0.0009768247879958641,40.15370370370372
4,0.00016461564663135006,54.69259259259258
4,0.0008934021860348526,40.75648148148147
4,0.0036298121675095523,38.736111111111136
4,0.002045618814233892,123.05833333333341
4,0.002486347386309051,39.074074074074076
4,0.0004525072317953287,45.40925925925925
4,0.001640917151833843,29.084259259259245
4,0.0016962971921485838,38.14166666666667
4,0.0005282192814593029,43.84351851851853
4,0.0003994755931744119,46.59629629629629
4,0.003135593634733706,41.546296296296276
4,0.00011026664955428027,56.675
4,0.0022105152421076782,54.376851851851825
4,0.0023140946713244926,35.26388888888888
4,0.004821564246182122,48.10925925925926
4,2.3689046213879643e-05,59.66296296296299
4,0.0001047891926637515,57.12685185185189
4,0.0005758843241519789,149.7981481481482
4,0.0010631272347907711,138.27870370370366
4,0.0010435453967158426,140.1388888888889
4,0.0009907595210628644,139.59351851851847
4,0.0018981893383851643,125.55000000000005
4,0.003531421067616346,106.11296296296301
4,0.00028176030261449747,50.25740740740741
4,0.0010504001785895873,140.05277777777778
4,8.537346459041625e-05,58.15833333333339
4,0.00010938556799473368,56.679629629629595
4,0.0026671079090215682,113.37870370370366
4,0.00020096425268312172,53.15
4,3.958915725719163e-05,59.625000000000036
4,0.0013175268341816958,38.466666666666654
4,0.0037980463994133247,104.53518518518514
4,0.0014521849820210762,131.2518518518518
4,0.0015400967271875495,39.5185185185185
4,0.0010718596675127357,51.7648148148148
4,0.0025815486479902647,114.97592592592592
4,0.0013039194221883238,135.40740740740745
4,0.00010143841554246822,57.26574074074075
4,0.0006902016627130302,41.77499999999999
4,0.0012733559076613973,135.18703703703707
4,0.00032229177805116093,53.65555555555556
4,0.0005211356107084149,150.9185185185185
4,0.0006282706648802839,46.63611111111108
4,0.0007685769156576993,39.81851851851851
4,0.0013842322925082622,135.73333333333332
4,0.00183188214489033,29.337037037037053
4,0.001704496548753989,129.325
4,0.00621196537970009,14.509259259259261
4,0.001907943651531992,124.00277777777784
4,0.00024012602369371212,51.546296296296276
4,0.00021660372252785889,53.624999999999986
4,0.00012160377056458087,56.31296296296297
4,0.0008149091773380834,39.33333333333332
4,0.00018626093199540617,164.49351851851853
4,0.001360122845558483,132.33888888888885
4,0.0012511532329746355,38.825925925925944
4,0.00026705625615943687,50.69629629629627
4,0.0018745002921712606,124.0333333333333
4,0.0011273849520178191,40.72314814814817
4,0.001624046689847242,47.94074074074075
4,0.001156861539221373,137.2388888888889
4,0.002257891247954298,120.37129629629635
4,0.00028481796044841723,159.87037037037024
4,0.0013004118793200365,36.75925925925929
4,0.0017445736031103662,41.542592592592584
4,0.0010739704711212707,40.287962962962965
4,0.0017590278041560968,128.53981481481475
4,0.000814699430574738,43.708333333333336
4,0.0011076254823846451,138.1435185185185
4,0.0033735080638785126,107.19259259259259
4,0.0010091533687113022,139.96666666666667
4,0.002781692874291831,40.175
4,0.0029354908678916754,52.24999999999999
4,0.00010208942885294096,57.0787037037037
4,0.0021074532850094037,28.870370370370342
4,0.001418378557544814,36.62870370370369
4,0.002984634026508002,111.33333333333329
4,0.0005594708234314189,43.409259259259265
4,0.00112657671935575,138.19351851851846
4,0.0024090704915235243,115.4851851851852
4,0.0011211656701774846,40.96388888888888
4,0.0007552259717006256,144.10185185185188
4,0.0010750250110768,37.19351851851852
4,0.0024487970909721182,115.82222222222218
4,0.003581969583979549,36.46759259259261
4,0.005052240688293728,100.02500000000002
4,0.0007279679645567265,46.70000000000001
4,0.003037695603031931,21.481481481481485
4,0.0022824163781521856,119.11296296296302
4,0.0001425907849446953,54.925000000000004
4,0.0009128679013342017,38.776851851851845
4,0.0003308462163312288,48.14907407407407
4,0.0026352815593103564,24.433333333333334
4,0.0005160673958808072,51.75370370370368
4,0.0008164771976918026,143.13611111111115
4,0.0036602777941654864,20.1074074074074
4,0.003514153883053531,29.556481481481484
4,0.0010151698892989698,46.43796296296294
4,0.001117286897311093,138.15833333333336
4,0.002994197553563417,40.66759259259259
4,0.0021526375641883434,119.61111111111116
4,0.0019327474763912963,50.3351851851852
4,0.004005637633744034,35.67407407407406
4,0.0017521335586829028,127.78611111111111
4,0.0003248075598394514,48.89074074074071
4,0.0007261853892309629,46.232407407407415
4,0.0011336369841097034,36.87777777777778
4,0.0015055491128079456,131.77222222222218
4,0.001568586452240596,129.70185185185179
4,0.005923140276285753,43.789814814814825
4,0.002905484742687485,112.31574074074074
4,0.0006158270208281828,42.12592592592591
4,0.0008199196936615685,51.22870370370372
4,0.001066300833958377,40.499074074074066
4,0.007924008003726076,12.188888888888895
4,0.0013343750695432887,33.69166666666667
4,0.0014857993503130248,131.98148148148152
4,0.0013407611871525111,134.82314814814805
4,0.00045862735567183435,47.04814814814812
4,0.00039054411875746013,52.08981481481482
4,0.001836114910780416,38.678703703703704
4,6.218365559051696e-05,59.10092592592588
4,0.0017083982740127752,128.81666666666666
4,0.0009735949418588115,37.41944444444445
4,0.0032942035565667114,107.92685185185195
4,0.0006594575228375503,41.418518518518525
4,0.0021649190899591998,31.08796296296297
4,0.0012971378520956855,135.12777777777777
4,0.0007099917960166464,40.98333333333332
4,0.0009106467810888992,42.05833333333335
4,1.3098649082968938e-05,59.656481481481485
4,7.752456289278146e-05,58.30740740740742
4,0.00023231059801496966,51.78148148148144
4,0.00016826961306194946,53.99907407407409
4,0.0010117672198123484,37.27777777777778
4,0.004201600714358349,44.4314814814815
4,0.0002042831867620446,52.50833333333335
4,0.0018255344929504827,124.44166666666669
4,0.0016202926582436711,31.32037037037039
4,0.0010073707026646438,139.47222222222226
4,0.0016541272969254875,46.91759259259259
4,0.0042621677231827505,26.78518518518518
4,0.0009002081600544741,42.0111111111111
4,0.000477600184221535,44.75185185185183
4,0.0004329214927208977,46.0898148148148
4,0.0017853385941910228,126.13796296296296
4,0.000700585216149988,146.09351851851852
4,0.0010017215110755334,52.02500000000002
4,0.0017213150276543482,125.78518518518524
4,0.0024845856767944934,115.67129629629623
4,0.00188800029059728,32.16851851851849
4,0.0011092624506363743,46.96481481481484
4,0.006071548993727524,18.79907407407407
4,0.0019595021638798573,38.045370370370385
4,0.0008695157311025197,44.8574074074074
4,0.0019085772464262035,40.68425925925926
4,0.0010504930768100147,35.187962962962956
4,0.0009662343908649778,141.30092592592595
4,0.000945366946655312,44.05185185185183
4,0.0011797336435650238,137.5472222222222
4,0.0005370900635818357,44.22499999999999
4,0.0020921608226775815,120.22037037037043
4,0.0009836519907104112,57.1750000000001
4,0.0010933148925527255,137.8231481481481
4,0.0033398790895186534,42.035185185185185
4,0.002291455447578369,118.79444444444445
4,0.003705417438652506,107.16018518518527
4,0.00045204727673902174,51.06203703703706
4,0.0031816247936859434,21.056481481481484
4,0.0009184847055554382,141.16481481481492
4,0.006549575929149517,14.300925925925934
4,0.0009257307667502493,141.8814814814814
4,0.0014458352435000963,37.88703703703703
4,0.0003390084680810346,51.08425925925926
4,0.0022990324586835264,38.28888888888887
4,0.0007932610796255635,144.17314814814816
4,0.0028511392837262824,33.210185185185175
4,0.0020752290333502206,123.46203703703712
4,0.0008951287865538958,38.504629629629626
4,0.00038840909266370883,46.700000000000024
4,0.001954610673401326,123.72962962962957
4,0.003932381671504106,30.83148148148149
4,0.0010388260945404094,41.909259259259244
4,0.00011859111030619399,56.42592592592593
4,0.0011903977968026056,135.76111111111106
4,0.0022366273533311856,38.01481481481481
4,0.0008312532765560626,143.36018518518526
4,0.00011268554140171092,56.482407407407386
4,0.00026217483570282536,50.76944444444448
4,0.0007752356496267768,144.35000000000002
4,0.0013510896729920247,48.06574074074076
4,0.0011196093528222809,137.47222222222223
4,0.001025311036441935,39.8648148148148
4,0.0027992950912062624,112.15462962962968
4,0.0040655264129825395,35.15648148148148
4,0.0012701044699457362,56.766666666666715
4,0.0007351036183938461,40.225000000000016
4,0.000754361310627329,44.001851851851875
4,0.0015967346130359682,129.04166666666669
4,0.004404646921397924,26.04537037037037
4,0.00010776193571804149,57.040740740740716
4,0.007119853519102109,43.57314814814815
4,0.0004999971831154761,52.58333333333336
4,0.0008037284591911124,48.97037037037037
4,0.0008798271614093339,141.88148148148147
4,0.0012264423063358821,135.6157407407408
4,0.00030941367152084124,50.430555555555564
4,0.0028124007258000664,39.72314814814816
4,0.0012632300016327265,46.67777777777778
4,0.0006105405314709044,42.662962962962965
4,0.00038441283620798544,48.88796296296297
4,0.005243082663785061,20.03981481481482
4,0.00040373521245627394,46.91481481481481
4,0.001503786949688808,32.95
4,0.005141452010616526,48.433333333333316
4,0.0012228192757384104,43.54166666666664
4,0.0032264715910482722,108.5796296296296
4,0.0013400568299420511,133.12962962962965
4,0.0006533531844008428,48.97037037037041
4,0.0010238362771923593,42.72777777777775
4,0.0023614757575426194,29.871296296296286
4,0.0007525634941872902,145.94722222222222
4,0.001167916427454521,138.07129629629634
4,0.0024077372569066436,31.82129629629631
4,0.0024040164291591185,44.838888888888896
4,0.001968615805900944,54.81574074074073
4,0.0006790604988864774,146.74814814814803
4,0.00271002688686785,49.54444444444448
4,0.0022882689660403788,117.53240740740742
4,0.00025351761062220295,51.06203703703701
4,0.0014890655755383376,130.474074074074
4,0.0009043504771888645,42.853703703703715
4,0.005716677791621597,40.58425925925927
4,0.0015850789708811443,46.8611111111111
4,0.0006386798016162242,147.52499999999998
4,0.0031520289084745767,109.41759259259258
4,0.0008963809166697359,141.47777777777773
4,0.0016425334357161449,129.1972222222222
4,0.0005735303884821304,51.541666666666664
4,0.0013404284228237914,46.80833333333334
4,0.0010411103565449267,139.2888888888889
4,0.00036264208381377465,156.4055555555556
4,0.0012103751780817764,36.61388888888888
4,0.0030495795897384293,109.24999999999994
4,2.545411240236496e-05,167.0712962962961
4,0.000520643449726077,44.1037037037037
4,0.001745366413216298,29.97870370370371
4,0.00029448735881568015,49.77592592592592
4,2.0902099600482038e-05,59.65648148148149
4,4.865725737726936e-05,59.537037037037074
4,0.0046050576857577285,28.342592592592588
4,0.0014578534971657355,35.15277777777775
4,0.0006172355538073482,46.47407407407408
4,0.002935305071450787,31.978703703703697
4,0.0012403343098502575,38.912962962962965
4,0.0008697131398209582,39.43703703703704
4,0.0032918809196135763,51.260185185185186
4,0.0009967979053919036,141.19629629629634
4,0.0011413475364067556,139.23425925925932
4,0.0012837605083513824,133.98796296296288
4,0.0024569254130983997,115.79907407407403
4,5.713240557465051e-05,59.25277777777775
4,0.0011374458111480482,138.0055555555556
4,0.000192020712384015,53.10833333333334
4,0.0021981576922071233,116.80740740740745
4,0.001373687437278409,133.74907407407403
4,0.0033161032233858623,20.531481481481464
4,0.001019465071180846,139.0361111111111
4,0.0007581423770646199,42.06296296296298
4,0.0029004682387833557,30.84999999999998
4,0.0006633932684407158,43.423148148148165
4,0.0010521090885295685,45.655555555555566
4,0.0005471527371303905,43.75092592592595
4,0.0037360923584673156,30.320370370370362
4,0.0005959233956556786,42.32685185185184
4,0.0008455596025048495,142.7314814814815
4,0.001982912515432401,126.9407407407408
4,0.0009431027339737455,37.245370370370374
4,0.0007372321125814697,48.099999999999994
4,0.001961027999006523,124.00648148148152
4,0.00346466553134279,24.74907407407407
4,0.0004536637420631601,45.67592592592591
4,0.00021134345151598322,52.64907407407407
4,0.00027349236099475114,50.53148148148149
4,0.0030511491523477338,40.99444444444446
4,0.001094248138640367,40.523148148148145
4,0.004946303240965926,24.44351851851851
4,0.000424796255105805,46.30092592592591
4,0.001214179741236874,135.0379629629629
4,0.0004692289114757164,51.273148148148145
4,0.001117449106313248,35.66574074074073
4,0.0011801387124656885,43.70740740740737
4,0.0009574677563567215,37.36759259259258
4,0.001588844342599503,30.308333333333337
4,0.0007087556327824551,40.49907407407408
4,0.0015569441460608578,35.824074074074076
4,0.0013622595046287524,38.02685185185188
4,0.00017811038324407776,53.95000000000002
4,0.0012820279202516809,47.04166666666664
4,0.0003180835068091215,158.5398148148148
4,0.0011261506939229382,38.8138888888889
4,0.0008783526743224957,142.86481481481493
4,0.0007952087670227881,45.82129629629628
4,0.0020916390866758654,124.61666666666659
4,0.002035400009984763,122.18425925925926
4,0.0026314670168542994,45.92685185185186
4,0.0019487683369769798,33.81666666666668
4,0.0005053813789018876,151.43703703703707
4,0.0007988854136829822,39.581481481481475
4,0.005486137884492265,98.1759259259259
4,0.000991874299708234,140.06759259259263
4,0.0009026547217820497,142.1851851851852
4,0.0014263592767368941,38.69907407407405
4,0.0011440263436854668,42.5333333333333
4,0.0018162531079512223,54.72777777777775
4,0.0015242097706773465,39.246296296296286
4,0.0002460823055915862,51.33148148148147
4,0.001139025080895626,136.825925925926
4,0.000418612445144574,46.3509259259259
4,0.00241526083339088,25.460185185185175
4,0.000353291932358366,47.91296296296298
4,0.0039015394623158873,27.798148148148144
4,0.0003679698511889422,47.6675925925926
4,0.0011677264578513371,56.56111111111113
4,0.005187157935076038,17.219444444444452
4,0.0027708884665144104,27.811111111111117
4,0.0011790642139081272,50.40833333333334
4,0.00037986082340609964,47.302777777777784
4,1.0201385832790763e-05,59.62685185185185
4,0.0010059019309956363,36.67037037037036
4,0.0024316709774374803,115.07407407407405
4,0.001263323081294972,33.76574074074075
4,0.0015639228527091203,35.23611111111111
4,2.9249603465669556e-05,59.635185185185215
4,0.0013720560030027371,32.86388888888889
4,0.0011925344558728556,137.52685185185172
4,0.0014201184033180336,133.175
4,0.004547274992640007,36.3824074074074
4,0.00011532379642984413,56.58055555555556
4,0.0006644113385870619,146.7592592592593
4,0.0009593761615963197,40.34074074074076
4,0.00012933201344073755,56.05740740740743
4,0.0011761078006191363,135.4361111111111
4,0.001587192042512594,130.38981481481486
4,0.003194798196805667,31.168518518518518
4,0.004506213979202708,37.279629629629625
4,0.0005699664172025717,45.7675925925926
4,0.00015150937699124142,54.819444444444436
4,0.0015095031840365713,36.851851851851876
4,0.00021868241093127145,51.91018518518514
4,0.000896433534802425,141.80277777777775
4,6.998683394527303e-05,58.799074074073985
4,0.0003021765009760134,52.35370370370369
4,0.0010695837518327274,35.67962962962965
4,0.0018853904312165603,124.30555555555559
4,0.00142115697639191,32.60740740740741
4,0.0015938081376500434,128.2148148148148
4,0.00039695409596826267,47.01481481481482
4,0.0009330697261655205,141.52407407407404
4,0.0006413129762729217,147.13888888888889
4,0.0014504026788580908,132.92685185185192
4,0.0017638585116193724,52.778703703703734
4,0.0025394657541279826,114.31851851851847
4,0.003178267031053914,23.51388888888889
4,0.0017219614141979816,128.80277777777772
4,0.0015455476935698695,31.761111111111124
4,0.001330494754421216,33.608333333333356
4,7.53292073882999e-06,59.6611111111112
4,0.001651623853182084,35.61666666666667
4,0.0008328325463036648,52.39074074074071
4,0.0050018259852852385,30.460185185185185
4,0.0018042692375136397,126.64537037037037
4,0.005522608782342015,47.74999999999998
4,0.00203207880788284,26.163888888888877
4,0.0027877953075893655,24.52037037037037
4,0.0017854108987629517,54.03055555555555
4,0.003555582497652302,34.45
4,0.0020183067374226044,37.7425925925926
4,0.0021835726715970206,27.207407407407413
4,0.0022257484636798563,119.10185185185189
4,0.0022031873506445044,47.48333333333334
4,0.004528529964316351,16.308333333333323
4,0.0010981374351332878,41.9314814814815
4,0.002549332651934601,114.52314814814812
4,0.0005727958212057945,42.929629629629616
4,0.0027210817751010365,113.51203703703696
4,0.0015336430224940486,130.7462962962963
4,0.00094093885862797,44.084259259259255
4,0.003837160995546278,47.636111111111106
4,0.00430731888922651,35.63055555555556
4,0.0004206431421821437,154.1925925925926
4,0.0033856756441758614,50.09814814814814
4,0.00119429952206131,43.68333333333332
4,0.006065247700177119,13.808333333333339
4,0.0014145612027401968,132.3824074074074
4,0.0011516592388763625,137.96018518518522
4,0.0015401595967839967,132.1268518518518
4,0.0018361810463299135,126.91388888888895
4,0.002578382215775116,113.33888888888893
4,0.0010358012776789539,36.36481481481477
4,0.002701387352366392,111.74629629629631
4,0.00251086290008958,39.6861111111111
4,0.0034583220525651144,50.11481481481483
4,8.784007564092244e-05,57.87222222222226
4,0.0005168410638729522,48.80555555555557
4,0.0008955388451051067,38.38611111111114
4,0.0036795473708392808,26.22500000000001
4,0.0011164691389526314,49.512962962962966
4,0.0007080371231086907,145.2851851851851
4,0.0008522482743769945,141.99351851851856
4,0.0004457777355098919,45.873148148148125
4,0.0005502088527087083,52.8416666666667
4,0.0004009836470010595,50.14444444444444
4,0.0008626528750669995,143.4296296296297
4,0.0027493767223423465,52.971296296296266
4,0.0005310991262931433,46.41296296296297
4,0.0009466328663507243,141.4305555555556
4,0.0012030303218067506,38.851851851851855
4,0.0007755143442881169,145.38703703703703
4,0.0024416439279977384,43.61944444444445
4,0.0009908897055807859,35.3175925925926
4,0.0010104539437975283,138.24537037037035
4,0.0019376303483825627,125.82777777777775
4,0.002103058128675438,47.62314814814816
4,0.0035893979034994574,19.760185185185183
4,0.0004637479164693597,52.405555555555566
4,0.0023374654685566158,25.442592592592597
4,0.0023216194271807123,116.6481481481481
4,0.002923224583235094,22.4888888888889
4,0.00045808112502211543,45.25740740740739
4,0.00013854517630934842,55.541666666666664
4,0.0014825627001071359,55.77592592592597
4,0.0016642929387164528,126.81481481481484
4,0.0021330890206904085,42.770370370370365
4,0.00012836674286890922,55.766666666666715
4,0.0004334630966037861,153.79629629629628
4,0.001139029344778786,48.41759259259255
4,0.003753912305585916,50.468518518518515
4,0.0006705078750248025,51.659259259259265
4,0.0022665260649681004,30.309259259259246
4,0.002978038252856234,110.71388888888892
4,0.00026327355674562607,162.83333333333314
4,0.0035469048603650687,106.86574074074076
4,0.0016844954893150967,128.24907407407403
4,0.0010592255095319793,138.63796296296306
4,0.0023401990712700244,115.88796296296294
4,0.0012318304031217432,135.58611111111105
4,0.00028319650547377166,49.826851851851856
4,0.00023657475334275317,51.44907407407406
4,0.000920528466405261,141.91203703703692
4,1.874221597509943e-05,59.664814814814854
4,0.001383367359272183,55.29629629629633
4,9.549937061909249e-05,57.50277777777777
4,0.0016283200079878224,129.13518518518512
4,0.0008342784563011987,39.36388888888888
4,0.0018621448288518186,127.84166666666667
4,0.002652134421438874,33.26574074074075
4,0.0005514546323602278,43.81203703703705
4,0.00018222122021975635,53.91018518518516
4,0.0007202399031224032,145.9490740740741
4,0.0008874566999262695,56.15185185185188
4,0.002367975639183488,117.34074074074064
4,0.0009181533927614004,57.55185185185186
4,0.0007469945906110158,51.56296296296296
4,0.00020576955828919237,53.62314814814815
4,0.0009353921816766983,37.18425925925925
4,0.0023426402804633734,53.73425925925926
4,0.00041508430862780823,46.51851851851852
4,0.002060018038403132,36.29907407407408
4,0.0007151305009978436,52.346296296296266
4,0.0005413179305422618,46.16296296296295
4,0.000526732909932161,52.4111111111111
4,1.5394886248714466e-05,59.666666666666686
4,0.000927124240056944,49.18703703703704
