pool,stat,hour,worst_over_seeds
mid,min_ratio,0.013888888888888888,0.6878457271940899
mid,min_ratio,0.030555555555555555,0.6065306597126333
mid,min_ratio,0.04722222222222222,0.6065306597126333
mid,min_ratio,0.06388888888888888,0.6065306597126333
mid,min_ratio,0.08055555555555556,0.6065306597126333
mid,min_ratio,0.09722222222222222,0.6065306597126333
mid,min_ratio,0.11388888888888889,0.6065306597126333
mid,min_ratio,0.13055555555555556,0.6065306597126333
mid,min_ratio,0.14722222222222223,0.6065306597126333
mid,min_ratio,0.1638888888888889,0.6065306597126333
mid,min_ratio,0.18055555555555555,0.6065306597126333
mid,min_ratio,0.19722222222222222,0.6065306597126333
mid,min_ratio,0.21388888888888888,0.6065306597126333
mid,min_ratio,0.23055555555555557,0.6065306597126333
mid,min_ratio,0.24722222222222223,0.6065306597126332
mid,min_ratio,0.2638888888888889,0.6065306597126333
mid,min_ratio,0.28055555555555556,0.6065306597126333
mid,min_ratio,0.2972222222222222,0.6065306597126333
mid,min_ratio,0.3138888888888889,0.6065306597126333
mid,min_ratio,0.33055555555555555,0.6065306597126333
mid,min_ratio,0.3472222222222222,0.6065306597126333
mid,min_ratio,0.3638888888888889,0.6065306597126333
mid,min_ratio,0.38055555555555554,0.6065306597126333
mid,min_ratio,0.3972222222222222,0.6065306597126333
mid,min_ratio,0.41388888888888886,0.6065306597126333
mid,min_ratio,0.4305555555555556,0.6065306597126332
mid,min_ratio,0.44722222222222224,0.6065306597126333
mid,min_ratio,0.4638888888888889,0.6065306597126333
mid,min_ratio,0.48055555555555557,0.6065306597126333
mid,min_ratio,0.49722222222222223,0.6065306597126333
mid,min_ratio,0.5138888888888888,0.6065306597126333
mid,min_ratio,0.5305555555555556,0.6065306597126089
mid,min_ratio,0.5472222222222223,0.6065306597126333
mid,min_ratio,0.5638888888888889,0.6065306597126333
mid,min_ratio,0.5805555555555556,0.6065306597126333
mid,min_ratio,0.5972222222222222,0.6065306597126333
mid,min_ratio,0.6138888888888889,0.6065306597126333
mid,min_ratio,0.6305555555555555,0.6065306597126333
mid,min_ratio,0.6472222222222223,0.6065306597126332
mid,min_ratio,0.6638888888888889,0.6065306597126333
mid,min_ratio,0.6805555555555556,0.6065306597126333
mid,min_ratio,0.6972222222222222,0.6065306597126333
mid,min_ratio,0.7138888888888889,0.6065306597126333
mid,min_ratio,0.7305555555555555,0.6065306597126333
mid,min_ratio,0.7472222222222222,0.6065306597126333
mid,min_ratio,0.7638888888888888,0.6065306597126333
mid,min_ratio,0.7805555555555556,0.6065306597126333
mid,min_ratio,0.7972222222222223,0.6065306597126333
mid,min_ratio,0.8138888888888889,0.6065306597126333
mid,min_ratio,0.8305555555555556,0.6065306597126333
mid,min_ratio,0.8472222222222222,0.6065306597126333
mid,min_ratio,0.8638888888888889,0.6065306597126333
mid,min_ratio,0.8805555555555555,0.6065306597126333
mid,min_ratio,0.8972222222222223,0.6065306597126333
mid,min_ratio,0.9138888888888889,0.6065306597126333
mid,min_ratio,0.9305555555555556,0.6065306597126333
mid,min_ratio,0.9472222222222222,0.6065306597126333
mid,min_ratio,0.9638888888888889,0.6065306597126333
mid,min_ratio,0.9805555555555555,0.6065306597126333
mid,min_ratio,0.9972222222222222,0.6065306597126333
mid,min_ratio,1.0138888888888888,0.6065306597126334
mid,min_ratio,1.0305555555555554,0.6065306597126333
mid,min_ratio,1.0472222222222223,0.6065306597126333
mid,min_ratio,1.0638888888888889,0.6065306597126333
mid,min_ratio,1.0805555555555555,0.6065306597126333
mid,min_ratio,1.0972222222222223,0.6065306597126333
mid,min_ratio,1.113888888888889,0.6065306597126333
mid,min_ratio,1.1305555555555555,0.6065306597126333
mid,min_ratio,1.1472222222222221,0.6065306597126333
mid,min_ratio,1.163888888888889,0.6065306597126333
mid,min_ratio,1.1805555555555556,0.6065306597126332
mid,min_ratio,1.1972222222222222,0.6065306597126333
mid,min_ratio,1.2138888888888888,0.6065306597126333
mid,min_ratio,1.2305555555555556,0.6065306597126333
mid,min_ratio,1.2472222222222222,0.6065306597126333
mid,min_ratio,1.2638888888888888,0.6065306597126333
mid,min_ratio,1.2805555555555554,0.6065306597126333
mid,min_ratio,1.2972222222222223,0.6065306597126333
mid,min_ratio,1.3138888888888889,0.6065306597126333
mid,min_ratio,1.3305555555555555,0.6065306597126333
mid,min_ratio,1.3472222222222223,0.6065306597126333
mid,min_ratio,1.363888888888889,0.6065306597126333
mid,min_ratio,1.3805555555555555,0.6065306597126333
mid,min_ratio,1.3972222222222221,0.6065306597126332
mid,min_ratio,1.413888888888889,0.6065306597126332
mid,min_ratio,1.4305555555555556,0.6065306597126333
mid,min_ratio,1.4472222222222222,0.6065306597126333
mid,min_ratio,1.4638888888888888,0.6065306597126333
mid,min_ratio,1.4805555555555556,0.6065306597126333
mid,min_ratio,1.4972222222222222,0.6065306597126333
mid,min_ratio,1.5138888888888888,0.6065306597126333
mid,min_ratio,1.5305555555555554,0.6065306597126333
mid,min_ratio,1.5472222222222223,0.6065306597126333
mid,min_ratio,1.5638888888888889,0.6065306597126333
mid,min_ratio,1.5805555555555555,0.6065306597126333
mid,min_ratio,1.5972222222222223,0.6065306597126333
mid,min_ratio,1.613888888888889,0.6065306597126333
mid,min_ratio,1.6305555555555555,0.6065306597126333
mid,min_ratio,1.6472222222222221,0.6065306597126333
mid,min_ratio,1.663888888888889,0.6065306597126333
mid,min_ratio,1.6805555555555556,0.6065306597126333
mid,min_ratio,1.6972222222222222,0.6065306597126332
mid,min_ratio,1.7138888888888888,0.6065306597126333
mid,min_ratio,1.7305555555555556,0.6065306597126333
mid,min_ratio,1.7472222222222222,0.6065306597126333
mid,min_ratio,1.7638888888888888,0.6065306597126333
mid,min_ratio,1.7805555555555554,0.6065306597126333
mid,min_ratio,1.7972222222222223,0.6065306597126333
mid,min_ratio,1.8138888888888889,0.6065306597126333
mid,min_ratio,1.8305555555555555,0.6065306597126333
mid,min_ratio,1.8472222222222223,0.6065306597126333
mid,min_ratio,1.863888888888889,0.6065306597126333
mid,min_ratio,1.8805555555555555,0.6065306597126333
mid,min_ratio,1.8972222222222221,0.6065306597126333
mid,min_ratio,1.913888888888889,0.6065306597126333
mid,min_ratio,1.9305555555555556,0.6065306597126333
mid,min_ratio,1.9472222222222222,0.6065306597126333
mid,min_ratio,1.9638888888888888,0.6065306597126333
mid,min_ratio,1.9805555555555556,0.6065306597126333
mid,min_ratio,1.9972222222222222,0.6065306597126333
mid,min_ratio,2.013888888888889,0.6065306597126333
mid,min_ratio,2.0305555555555554,0.6065306597126332
mid,min_ratio,2.047222222222222,0.6065306597126333
mid,min_ratio,2.063888888888889,0.6065306597126333
mid,min_ratio,2.0805555555555557,0.6065306597126333
mid,min_ratio,2.0972222222222223,0.6065306597126333
mid,min_ratio,2.113888888888889,0.6065306597126333
mid,min_ratio,2.1305555555555555,0.6065306597126332
mid,min_ratio,2.147222222222222,0.6065306597126333
mid,min_ratio,2.1638888888888888,0.6065306597126333
mid,min_ratio,2.1805555555555554,0.6065306597126333
mid,min_ratio,2.1972222222222224,0.6065306597126333
mid,min_ratio,2.213888888888889,0.6065306597126333
mid,min_ratio,2.2305555555555556,0.6065306597126333
mid,min_ratio,2.2472222222222222,0.6065306597126332
mid,min_ratio,2.263888888888889,0.6065306597126333
mid,min_ratio,2.2805555555555554,0.6065306597126333
mid,min_ratio,2.297222222222222,0.6065306597126333
mid,min_ratio,2.313888888888889,0.6065306597126333
mid,min_ratio,2.3305555555555557,0.6065306597126332
mid,min_ratio,2.3472222222222223,0.6065306597126333
mid,min_ratio,2.363888888888889,0.6065306597126332
mid,min_ratio,2.3805555555555555,0.6065306597126333
mid,min_ratio,2.397222222222222,0.6065306597126332
mid,min_ratio,2.4138888888888888,0.6065306597126333
mid,min_ratio,2.4305555555555554,0.6065306597126333
mid,min_ratio,2.4472222222222224,0.6065306597126333
mid,min_ratio,2.463888888888889,0.6065306597126333
mid,min_ratio,2.4805555555555556,0.6065306597126333
mid,min_ratio,2.4972222222222222,0.6065306597126333
mid,min_ratio,2.513888888888889,0.6065306597126333
mid,min_ratio,2.5305555555555554,0.6065306597126333
mid,min_ratio,2.547222222222222,0.6065306597126333
mid,min_ratio,2.563888888888889,0.6065306597126333
mid,min_ratio,2.5805555555555557,0.6065306597126253
mid,min_ratio,2.5972222222222223,0.6065306597126333
mid,min_ratio,2.613888888888889,0.6065306597126333
mid,min_ratio,2.6305555555555555,0.6065306597126333
mid,min_ratio,2.647222222222222,0.6065306597126333
mid,min_ratio,2.6638888888888888,0.6065306597126333
mid,min_ratio,2.6805555555555554,0.6065306597126333
mid,min_ratio,2.6972222222222224,0.6065306597126333
mid,min_ratio,2.713888888888889,0.6065306597126332
mid,min_ratio,2.7305555555555556,0.6065306597126333
mid,min_ratio,2.7472222222222222,0.6065306597126333
mid,min_ratio,2.763888888888889,0.6065306597126333
mid,min_ratio,2.7805555555555554,0.6065306597126333
mid,min_ratio,2.797222222222222,0.6065306597126332
mid,min_ratio,2.813888888888889,0.6065306597126333
mid,min_ratio,2.8305555555555557,0.6065306597126333
mid,min_ratio,2.8472222222222223,0.6065306597126333
mid,min_ratio,2.863888888888889,0.6065306597126333
mid,min_ratio,2.8805555555555555,0.6065306597126332
mid,min_ratio,2.897222222222222,0.6065306597126333
mid,min_ratio,2.9138888888888888,0.6065306597126333
mid,min_ratio,2.9305555555555554,0.6065306597126333
mid,min_ratio,2.9472222222222224,0.6065306597126333
mid,min_ratio,2.963888888888889,0.6065306597126333
mid,min_ratio,2.9805555555555556,0.6065306597126333
mid,min_ratio,2.9972222222222222,0.6065306597126333
mid,min_ratio,3.013888888888889,0.6065306597126333
mid,min_ratio,3.0305555555555554,0.6065306597126332
mid,min_ratio,3.047222222222222,0.6065306597126333
mid,min_ratio,3.063888888888889,0.6065306597126333
mid,min_ratio,3.0805555555555557,0.6065306597126332
mid,min_ratio,3.0972222222222223,0.6065306597126333
mid,min_ratio,3.113888888888889,0.6065306597126333
mid,min_ratio,3.1305555555555555,0.6065306597126332
mid,min_ratio,3.147222222222222,0.6065306597126333
mid,min_ratio,3.1638888888888888,0.6065306597126332
mid,min_ratio,3.1805555555555554,0.6065306597126333
mid,min_ratio,3.1972222222222224,0.6065306597126333
mid,min_ratio,3.213888888888889,0.6065306597126333
mid,min_ratio,3.2305555555555556,0.6065306597126333
mid,min_ratio,3.2472222222222222,0.6065306597126333
mid,min_ratio,3.263888888888889,0.6065306597126333
mid,min_ratio,3.2805555555555554,0.6065306597126333
mid,min_ratio,3.297222222222222,0.6065306597126332
mid,min_ratio,3.313888888888889,0.6065306597126333
mid,min_ratio,3.3305555555555557,0.6065306597126333
mid,min_ratio,3.3472222222222223,0.6065306597126333
mid,min_ratio,3.363888888888889,0.6065306597126333
mid,min_ratio,3.3805555555555555,0.6065306597126333
mid,min_ratio,3.397222222222222,0.6065306597126333
mid,min_ratio,3.4138888888888888,0.6065306597126333
mid,min_ratio,3.4305555555555554,0.6065306597126333
mid,min_ratio,3.4472222222222224,0.6065306597126333
mid,min_ratio,3.463888888888889,0.6065306597126332
mid,min_ratio,3.4805555555555556,0.6065306597126333
mid,min_ratio,3.4972222222222222,0.6065306597126333
mid,min_ratio,3.513888888888889,0.6065306597126333
mid,min_ratio,3.5305555555555554,0.6065306597126333
mid,min_ratio,3.547222222222222,0.6065306597126333
mid,min_ratio,3.563888888888889,0.6065306597126328
mid,min_ratio,3.5805555555555557,0.6065306597126333
mid,min_ratio,3.5972222222222223,0.6065306597126332
mid,min_ratio,3.613888888888889,0.6065306597126333
mid,min_ratio,3.6305555555555555,0.6065306597126333
mid,min_ratio,3.647222222222222,0.6065306597126333
mid,min_ratio,3.6638888888888888,0.6065306597126333
mid,min_ratio,3.6805555555555554,0.6065306597126272
mid,min_ratio,3.6972222222222224,0.6065306597126333
mid,min_ratio,3.713888888888889,0.6065306597126333
mid,min_ratio,3.7305555555555556,0.6065306597126333
mid,min_ratio,3.7472222222222222,0.6065306597126324
mid,min_ratio,3.763888888888889,0.6065306597126333
mid,min_ratio,3.7805555555555554,0.6065306597126333
mid,min_ratio,3.797222222222222,0.6065306597126333
mid,min_ratio,3.813888888888889,0.6065306597126333
mid,min_ratio,3.8305555555555557,0.6065306597126333
mid,min_ratio,3.8472222222222223,0.6065306597126333
mid,min_ratio,3.863888888888889,0.6065306597126333
mid,min_ratio,3.8805555555555555,0.6065306597126333
mid,min_ratio,3.897222222222222,0.6065306597126333
mid,min_ratio,3.9138888888888888,0.6065306597126299
mid,min_ratio,3.9305555555555554,0.6065306597126332
mid,min_ratio,3.9472222222222224,0.6065306597126162
mid,min_ratio,3.963888888888889,0.6065306597126333
mid,min_ratio,3.9805555555555556,0.6065306597126333
mid,min_ratio,3.9972222222222222,0.6065306597126332
mid,min_ratio,4.013888888888889,0.6065306597126333
mid,min_ratio,4.030555555555556,0.6065306597126333
mid,min_ratio,4.0472222222222225,0.6065306597126333
mid,min_ratio,4.063888888888889,0.6065306597126333
mid,min_ratio,4.080555555555556,0.6065306597126332
mid,min_ratio,4.097222222222222,0.6065306597126333
mid,min_ratio,4.113888888888889,0.6065306597126333
mid,min_ratio,4.1305555555555555,0.6065306597126333
mid,min_ratio,4.147222222222222,0.6065306597126332
mid,min_ratio,4.163888888888889,0.6065306597126333
mid,min_ratio,4.180555555555555,0.6065306597126333
mid,min_ratio,4.197222222222222,0.6065306597126333
mid,min_ratio,4.213888888888889,0.6065306597126333
mid,min_ratio,4.230555555555555,0.6065306597126333
mid,min_ratio,4.247222222222222,0.6065306597126333
mid,min_ratio,4.263888888888889,0.6065306597126333
mid,min_ratio,4.280555555555556,0.6065306597126332
mid,min_ratio,4.2972222222222225,0.6065306597126333
mid,min_ratio,4.313888888888889,0.6065306597126333
mid,min_ratio,4.330555555555556,0.6065306597126333
mid,min_ratio,4.347222222222222,0.6065306597126333
mid,min_ratio,4.363888888888889,0.6065306597126333
mid,min_ratio,4.3805555555555555,0.6065306597126333
mid,min_ratio,4.397222222222222,0.6065306597126333
mid,min_ratio,4.413888888888889,0.6065306597126332
mid,min_ratio,4.430555555555555,0.6065306597126333
mid,min_ratio,4.447222222222222,0.6065306597126333
mid,min_ratio,4.463888888888889,0.6065306597126333
mid,min_ratio,4.480555555555555,0.6065306597126333
mid,min_ratio,4.497222222222222,0.6065306597126333
mid,min_ratio,4.513888888888889,0.6065306597126332
mid,min_ratio,4.530555555555556,0.6065306597126333
mid,min_ratio,4.5472222222222225,0.6065306597126333
mid,min_ratio,4.563888888888889,0.6065306597126333
mid,min_ratio,4.580555555555556,0.6065306597126333
mid,min_ratio,4.597222222222222,0.6065306597126333
mid,min_ratio,4.613888888888889,0.6065306597126333
mid,min_ratio,4.6305555555555555,0.6065306597126332
mid,min_ratio,4.647222222222222,0.6065306597126332
mid,min_ratio,4.663888888888889,0.6065306597126333
mid,min_ratio,4.680555555555555,0.6065306597126332
mid,min_ratio,4.697222222222222,0.6065306597126333
mid,min_ratio,4.713888888888889,0.6065306597126333
mid,min_ratio,4.730555555555555,0.6065306597126333
mid,min_ratio,4.747222222222222,0.6065306597126333
mid,min_ratio,4.763888888888889,0.6065306597126332
mid,min_ratio,4.780555555555556,0.6065306597126333
mid,min_ratio,4.7972222222222225,0.6065306597126333
mid,min_ratio,4.813888888888889,0.6065306597126333
mid,min_ratio,4.830555555555556,0.6065306597126332
mid,min_ratio,4.847222222222222,0.6065306597126333
mid,min_ratio,4.863888888888889,0.6065306597126333
mid,min_ratio,4.8805555555555555,0.6065306597126333
mid,min_ratio,4.897222222222222,0.6065306597126333
mid,min_ratio,4.913888888888889,0.6065306597126333
mid,min_ratio,4.930555555555555,0.6065306597126333
mid,min_ratio,4.947222222222222,0.6065306597126333
mid,min_ratio,4.963888888888889,0.6065306597126333
mid,min_ratio,4.980555555555555,0.6065306597126333
mid,min_ratio,4.997222222222222,0.6065306597126333
mid,min_ratio,5.013888888888889,0.6065306597126333
mid,min_ratio,5.030555555555556,0.6065306597126333
mid,min_ratio,5.0472222222222225,0.6065306597126333
mid,min_ratio,5.063888888888889,0.6065306597126333
mid,min_ratio,5.080555555555556,0.6065306597126333
mid,min_ratio,5.097222222222222,0.6065306597126332
mid,min_ratio,5.113888888888889,0.6065306597126332
mid,min_ratio,5.1305555555555555,0.6065306597126333
mid,min_ratio,5.147222222222222,0.6065306597126333
mid,min_ratio,5.163888888888889,0.6065306597126333
mid,min_ratio,5.180555555555555,0.6065306597126333
mid,min_ratio,5.197222222222222,0.6065306597126333
mid,min_ratio,5.213888888888889,0.6065306597126333
mid,min_ratio,5.230555555555555,0.6065306597126333
mid,min_ratio,5.247222222222222,0.6065306597126333
mid,min_ratio,5.263888888888889,0.6065306597126333
mid,min_ratio,5.280555555555556,0.6065306597126332
mid,min_ratio,5.2972222222222225,0.6065306597126333
mid,min_ratio,5.313888888888889,0.6065306597126333
mid,min_ratio,5.330555555555556,0.6065306597126332
mid,min_ratio,5.347222222222222,0.6065306597126333
mid,min_ratio,5.363888888888889,0.6065306597126333
mid,min_ratio,5.3805555555555555,0.6065306597126333
mid,min_ratio,5.397222222222222,0.6065306597126333
mid,min_ratio,5.413888888888889,0.6065306597126333
mid,min_ratio,5.430555555555555,0.6065306597126333
mid,min_ratio,5.447222222222222,0.6065306597126333
mid,min_ratio,5.463888888888889,0.6065306597126333
mid,min_ratio,5.480555555555555,0.6065306597125787
mid,min_ratio,5.497222222222222,0.6065306597126333
mid,min_ratio,5.513888888888889,0.6065306597126333
mid,min_ratio,5.530555555555556,0.6065306597126332
mid,min_ratio,5.5472222222222225,0.6065306597126333
mid,min_ratio,5.563888888888889,0.6065306597126333
mid,min_ratio,5.580555555555556,0.6065306597126333
mid,min_ratio,5.597222222222222,0.6065306597126333
mid,min_ratio,5.613888888888889,0.6065306597126333
mid,min_ratio,5.6305555555555555,0.6065306597126333
mid,min_ratio,5.647222222222222,0.6065306597126333
mid,min_ratio,5.663888888888889,0.6065306597126333
mid,min_ratio,5.680555555555555,0.6065306597126333
mid,min_ratio,5.697222222222222,0.6065306597126333
mid,min_ratio,5.713888888888889,0.6065306597126333
mid,min_ratio,5.730555555555555,0.6065306597126333
mid,min_ratio,5.747222222222222,0.6065306597126333
mid,min_ratio,5.763888888888889,0.6065306597126333
mid,min_ratio,5.780555555555556,0.6065306597126333
mid,min_ratio,5.7972222222222225,0.6065306597126333
mid,min_ratio,5.813888888888889,0.6065306597126333
mid,min_ratio,5.830555555555556,0.6065306597126333
mid,min_ratio,5.847222222222222,0.6065306597126333
mid,min_ratio,5.863888888888889,0.6065306597126333
mid,min_ratio,5.8805555555555555,0.6065306597126333
mid,min_ratio,5.897222222222222,0.6065306597126333
mid,min_ratio,5.913888888888889,0.6065306597126333
mid,min_ratio,5.930555555555555,0.6065306597126333
mid,min_ratio,5.947222222222222,0.6065306597126333
mid,min_ratio,5.963888888888889,0.6065306597126333
mid,min_ratio,5.980555555555555,0.6065306597126333
mid,min_ratio,5.997222222222222,0.6065306597126333
mid,min_ratio,6.013888888888889,0.6065306597126333
mid,min_ratio,6.030555555555556,0.6065306597126333
mid,min_ratio,6.0472222222222225,0.6065306597126333
mid,min_ratio,6.063888888888889,0.6065306597126333
mid,min_ratio,6.080555555555556,0.6065306597126333
mid,min_ratio,6.097222222222222,0.6065306597126333
mid,min_ratio,6.113888888888889,0.6065306597126333
mid,min_ratio,6.1305555555555555,0.6065306597126332
mid,min_ratio,6.147222222222222,0.6065306597126333
mid,min_ratio,6.163888888888889,0.6065306597126332
mid,min_ratio,6.180555555555555,0.6065306597126333
mid,min_ratio,6.197222222222222,0.6065306597126333
mid,min_ratio,6.213888888888889,0.6065306597126333
mid,min_ratio,6.230555555555555,0.6065306597126333
mid,min_ratio,6.247222222222222,0.6065306597126332
mid,min_ratio,6.263888888888889,0.6065306597126332
mid,min_ratio,6.280555555555556,0.6065306597126333
mid,min_ratio,6.2972222222222225,0.6065306597126332
mid,min_ratio,6.313888888888889,0.6065306597126333
mid,min_ratio,6.330555555555556,0.6065306597126333
mid,min_ratio,6.347222222222222,0.6065306597126333
mid,min_ratio,6.363888888888889,0.6065306597126333
mid,min_ratio,6.3805555555555555,0.6065306597126333
mid,min_ratio,6.397222222222222,0.6065306597126333
mid,min_ratio,6.413888888888889,0.6065306597126332
mid,min_ratio,6.430555555555555,0.6065306597126333
mid,min_ratio,6.447222222222222,0.6065306597126333
mid,min_ratio,6.463888888888889,0.6065306597126333
mid,min_ratio,6.480555555555555,0.6065306597126333
mid,min_ratio,6.497222222222222,0.6065306597126332
mid,min_ratio,6.513888888888889,0.6065306597126333
mid,min_ratio,6.530555555555556,0.6065306597126332
mid,min_ratio,6.5472222222222225,0.6065306597126333
mid,min_ratio,6.563888888888889,0.6065306597126333
mid,min_ratio,6.580555555555556,0.6065306597126333
mid,min_ratio,6.597222222222222,0.6065306597126332
mid,min_ratio,6.613888888888889,0.6065306597126333
mid,min_ratio,6.6305555555555555,0.6065306597126333
mid,min_ratio,6.647222222222222,0.6065306597126333
mid,min_ratio,6.663888888888889,0.6065306597126333
mid,min_ratio,6.680555555555555,0.6065306597126333
mid,min_ratio,6.697222222222222,0.6065306597126333
mid,min_ratio,6.713888888888889,0.6065306597126333
mid,min_ratio,6.730555555555555,0.6065306597126332
mid,min_ratio,6.747222222222222,0.6065306597126333
mid,min_ratio,6.763888888888889,0.6065306597126333
mid,min_ratio,6.780555555555556,0.6065306597126333
mid,min_ratio,6.7972222222222225,0.6065306597126333
mid,min_ratio,6.813888888888889,0.6065306597126333
mid,min_ratio,6.830555555555556,0.6065306597126333
mid,min_ratio,6.847222222222222,0.6065306597126333
mid,min_ratio,6.863888888888889,0.6065306597126332
mid,min_ratio,6.8805555555555555,0.6065306597126333
mid,min_ratio,6.897222222222222,0.6065306597126333
mid,min_ratio,6.913888888888889,0.6065306597126333
mid,min_ratio,6.930555555555555,0.6065306597126333
mid,min_ratio,6.947222222222222,0.6065306597126333
mid,min_ratio,6.963888888888889,0.6065306597126332
mid,min_ratio,6.980555555555555,0.6065306597126333
mid,min_ratio,6.997222222222222,0.6065306597126333
mid,min_ratio,7.013888888888889,0.6065306597126333
mid,min_ratio,7.030555555555556,0.6065306597126332
mid,min_ratio,7.0472222222222225,0.6065306597126333
mid,min_ratio,7.063888888888889,0.6065306597126333
mid,min_ratio,7.080555555555556,0.6065306597126332
mid,min_ratio,7.097222222222222,0.6065306597126333
mid,min_ratio,7.113888888888889,0.6065306597126333
mid,min_ratio,7.1305555555555555,0.6065306597126333
mid,min_ratio,7.147222222222222,0.6065306597126333
mid,min_ratio,7.163888888888889,0.6065306597126333
mid,min_ratio,7.180555555555555,0.6065306597126333
mid,min_ratio,7.197222222222222,0.6065306597126333
mid,min_ratio,7.213888888888889,0.6065306597126333
mid,min_ratio,7.230555555555555,0.6065306597126333
mid,min_ratio,7.247222222222222,0.6065306597126333
mid,min_ratio,7.263888888888889,0.6065306597126333
mid,min_ratio,7.280555555555556,0.6065306597126332
mid,min_ratio,7.2972222222222225,0.6065306597126332
mid,min_ratio,7.313888888888889,0.6065306597126333
mid,min_ratio,7.330555555555556,0.6065306597126332
mid,min_ratio,7.347222222222222,0.6065306597126333
mid,min_ratio,7.363888888888889,0.6065306597126333
mid,min_ratio,7.3805555555555555,0.6065306597126332
mid,min_ratio,7.397222222222222,0.6065306597126333
mid,min_ratio,7.413888888888889,0.6065306597126333
mid,min_ratio,7.430555555555555,0.6065306597126333
mid,min_ratio,7.447222222222222,0.6065306597126333
mid,min_ratio,7.463888888888889,0.6065306597126333
mid,min_ratio,7.480555555555555,0.6065306597126333
mid,min_ratio,7.497222222222222,0.6065306597126332
mid,min_ratio,7.513888888888889,0.6065306597126333
mid,min_ratio,7.530555555555556,0.6065306597126321
mid,min_ratio,7.5472222222222225,0.6065306597126333
mid,min_ratio,7.563888888888889,0.6065306597126332
mid,min_ratio,7.580555555555556,0.6065306597126333
mid,min_ratio,7.597222222222222,0.6065306597126333
mid,min_ratio,7.613888888888889,0.6065306597126333
mid,min_ratio,7.6305555555555555,0.6065306597125455
mid,min_ratio,7.647222222222222,0.6065306597126333
mid,min_ratio,7.663888888888889,0.6065306597126333
mid,min_ratio,7.680555555555555,0.6065306597126333
mid,min_ratio,7.697222222222222,0.6065306597126333
mid,min_ratio,7.713888888888889,0.6065306597126333
mid,min_ratio,7.730555555555555,0.6065306597126333
mid,min_ratio,7.747222222222222,0.6065306597126333
mid,min_ratio,7.763888888888889,0.6065306597126332
mid,min_ratio,7.780555555555556,0.6065306597126333
mid,min_ratio,7.7972222222222225,0.6065306597126332
mid,min_ratio,7.813888888888889,0.6065306597126333
mid,min_ratio,7.830555555555556,0.6065306597126332
mid,min_ratio,7.847222222222222,0.6065306597126333
mid,min_ratio,7.863888888888889,0.6065306597126333
mid,min_ratio,7.8805555555555555,0.6065306597126333
mid,min_ratio,7.897222222222222,0.6065306597126333
mid,min_ratio,7.913888888888889,0.6065306597126333
mid,min_ratio,7.930555555555555,0.6065306597126333
mid,min_ratio,7.947222222222222,0.6065306597126333
mid,min_ratio,7.963888888888889,0.6065306597126333
mid,min_ratio,7.980555555555555,0.6065306597126333
mid,min_ratio,7.997222222222222,0.6065306597126333
mid,min_ratio,8.01388888888889,0.6065306597126333
mid,min_ratio,8.030555555555555,0.6065306597126333
mid,min_ratio,8.047222222222222,0.6065306597126333
mid,min_ratio,8.063888888888888,0.6065306597126332
mid,min_ratio,8.080555555555556,0.6065306597126333
mid,min_ratio,8.097222222222221,0.6065306597126333
mid,min_ratio,8.113888888888889,0.6065306597126333
mid,min_ratio,8.130555555555556,0.6065306597126333
mid,min_ratio,8.147222222222222,0.6065306597126333
mid,min_ratio,8.16388888888889,0.6065306597126333
mid,min_ratio,8.180555555555555,0.6065306597126332
mid,min_ratio,8.197222222222223,0.6065306597126333
mid,min_ratio,8.213888888888889,0.6065306597126333
mid,min_ratio,8.230555555555556,0.6065306597126333
mid,min_ratio,8.247222222222222,0.6065306597126333
mid,min_ratio,8.26388888888889,0.6065306597126333
mid,min_ratio,8.280555555555555,0.6065306597126333
mid,min_ratio,8.297222222222222,0.6065306597126333
mid,min_ratio,8.313888888888888,0.6065306597126332
mid,min_ratio,8.330555555555556,0.6065306597126333
mid,min_ratio,8.347222222222221,0.6065306597126333
mid,min_ratio,8.363888888888889,0.6065306597126333
mid,min_ratio,8.380555555555556,0.6065306597126333
mid,min_ratio,8.397222222222222,0.6065306597126333
mid,min_ratio,8.41388888888889,0.6065306597126332
mid,min_ratio,8.430555555555555,0.6065306597126333
mid,min_ratio,8.447222222222223,0.6065306597126333
mid,min_ratio,8.463888888888889,0.6065306597126332
mid,min_ratio,8.480555555555556,0.6065306597126332
mid,min_ratio,8.497222222222222,0.6065306597126333
mid,min_ratio,8.51388888888889,0.6065306597126333
mid,min_ratio,8.530555555555555,0.6065306597126333
mid,min_ratio,8.547222222222222,0.6065306597126333
mid,min_ratio,8.563888888888888,0.6065306597126333
mid,min_ratio,8.580555555555556,0.6065306597126333
mid,min_ratio,8.597222222222221,0.6065306597126333
mid,min_ratio,8.613888888888889,0.6065306597126332
mid,min_ratio,8.630555555555556,0.6065306597126333
mid,min_ratio,8.647222222222222,0.6065306597126333
mid,min_ratio,8.66388888888889,0.6065306597126333
mid,min_ratio,8.680555555555555,0.6065306597126333
mid,min_ratio,8.697222222222223,0.6065306597126333
mid,min_ratio,8.713888888888889,0.6065306597126333
mid,min_ratio,8.730555555555556,0.6065306597126333
mid,min_ratio,8.747222222222222,0.6065306597126333
mid,min_ratio,8.76388888888889,0.6065306597126333
mid,min_ratio,8.780555555555555,0.6065306597126333
mid,min_ratio,8.797222222222222,0.6065306597126333
mid,min_ratio,8.813888888888888,0.6065306597126333
mid,min_ratio,8.830555555555556,0.6065306597126333
mid,min_ratio,8.847222222222221,0.6065306597126333
mid,min_ratio,8.863888888888889,0.6065306597126333
mid,min_ratio,8.880555555555556,0.6065306597126333
mid,min_ratio,8.897222222222222,0.6065306597126333
mid,min_ratio,8.91388888888889,0.6065306597126333
mid,min_ratio,8.930555555555555,0.6065306597126333
mid,min_ratio,8.947222222222223,0.6065306597126333
mid,min_ratio,8.963888888888889,0.6065306597126333
mid,min_ratio,8.980555555555556,0.6065306597126333
mid,min_ratio,8.997222222222222,0.6065306597126333
mid,min_ratio,9.01388888888889,0.6065306597126332
mid,min_ratio,9.030555555555555,0.6065306597126333
mid,min_ratio,9.047222222222222,0.6065306597126332
mid,min_ratio,9.063888888888888,0.6065306597126333
mid,min_ratio,9.080555555555556,0.6065306597126333
mid,min_ratio,9.097222222222221,0.6065306597126332
mid,min_ratio,9.113888888888889,0.6065306597126333
mid,min_ratio,9.130555555555556,0.6065306597126333
mid,min_ratio,9.147222222222222,0.6065306597126333
mid,min_ratio,9.16388888888889,0.6065306597126332
mid,min_ratio,9.180555555555555,0.6065306597126333
mid,min_ratio,9.197222222222223,0.6065306597126333
mid,min_ratio,9.213888888888889,0.6065306597126333
mid,min_ratio,9.230555555555556,0.6065306597126333
mid,min_ratio,9.247222222222222,0.6065306597126333
mid,min_ratio,9.26388888888889,0.6065306597126333
mid,min_ratio,9.280555555555555,0.6065306597126333
mid,min_ratio,9.297222222222222,0.6065306597126333
mid,min_ratio,9.313888888888888,0.6065306597126332
mid,min_ratio,9.330555555555556,0.6065306597126333
mid,min_ratio,9.347222222222221,0.6065306597126333
mid,min_ratio,9.363888888888889,0.6065306597126332
mid,min_ratio,9.380555555555556,0.6065306597126332
mid,min_ratio,9.397222222222222,0.6065306597126333
mid,min_ratio,9.41388888888889,0.6065306597126333
mid,min_ratio,9.430555555555555,0.6065306597126332
mid,min_ratio,9.447222222222223,0.6065306597126333
mid,min_ratio,9.463888888888889,0.6065306597126333
mid,min_ratio,9.480555555555556,0.6065306597126333
mid,min_ratio,9.497222222222222,0.6065306597126333
mid,min_ratio,9.51388888888889,0.6065306597126333
mid,min_ratio,9.530555555555555,0.6065306597126333
mid,min_ratio,9.547222222222222,0.6065306597126333
mid,min_ratio,9.563888888888888,0.6065306597126333
mid,min_ratio,9.580555555555556,0.6065306597126333
mid,min_ratio,9.597222222222221,0.6065306597126333
mid,min_ratio,9.613888888888889,0.6065306597126333
mid,min_ratio,9.630555555555556,0.6065306597126333
mid,min_ratio,9.647222222222222,0.6065306597126333
mid,min_ratio,9.66388888888889,0.6065306597126333
mid,min_ratio,9.680555555555555,0.6065306597126333
mid,min_ratio,9.697222222222223,0.6065306597126333
mid,min_ratio,9.713888888888889,0.6065306597126333
mid,min_ratio,9.730555555555556,0.6065306597126333
mid,min_ratio,9.747222222222222,0.6065306597126332
mid,min_ratio,9.76388888888889,0.6065306597126333
mid,min_ratio,9.780555555555555,0.6065306597126333
mid,min_ratio,9.797222222222222,0.6065306597126333
mid,min_ratio,9.813888888888888,0.6065306597126333
mid,min_ratio,9.830555555555556,0.6065306597126333
mid,min_ratio,9.847222222222221,0.6065306597126333
mid,min_ratio,9.863888888888889,0.6065306597126333
mid,min_ratio,9.880555555555556,0.6065306597126333
mid,min_ratio,9.897222222222222,0.6065306597126333
mid,min_ratio,9.91388888888889,0.6065306597126333
mid,min_ratio,9.930555555555555,0.6065306597126333
mid,min_ratio,9.947222222222223,0.6065306597126333
mid,min_ratio,9.963888888888889,0.6065306597126333
mid,min_ratio,9.980555555555556,0.6065306597126333
mid,min_ratio,9.997222222222222,0.6065306597126333
mid,min_ratio,10.01388888888889,0.6065306597126333
mid,min_ratio,10.030555555555555,0.6065306597126333
mid,min_ratio,10.047222222222222,0.6065306597126332
mid,min_ratio,10.063888888888888,0.6065306597126333
mid,min_ratio,10.080555555555556,0.6065306597126333
mid,min_ratio,10.097222222222221,0.6065306597126333
mid,min_ratio,10.113888888888889,0.6065306597126333
mid,min_ratio,10.130555555555556,0.6065306597126332
mid,min_ratio,10.147222222222222,0.6065306597126333
mid,min_ratio,10.16388888888889,0.6065306597126333
mid,min_ratio,10.180555555555555,0.6065306597126332
mid,min_ratio,10.197222222222223,0.6065306597126333
mid,min_ratio,10.213888888888889,0.6065306597126333
mid,min_ratio,10.230555555555556,0.6065306597126333
mid,min_ratio,10.247222222222222,0.6065306597126332
mid,min_ratio,10.26388888888889,0.6065306597126333
mid,min_ratio,10.280555555555555,0.6065306597126333
mid,min_ratio,10.297222222222222,0.6065306597126333
mid,min_ratio,10.313888888888888,0.6065306597126333
mid,min_ratio,10.330555555555556,0.6065306597126333
mid,min_ratio,10.347222222222221,0.6065306597126333
mid,min_ratio,10.363888888888889,0.6065306597126333
mid,min_ratio,10.380555555555556,0.6065306597126333
mid,min_ratio,10.397222222222222,0.6065306597126333
mid,min_ratio,10.41388888888889,0.6065306597126332
mid,min_ratio,10.430555555555555,0.6065306597126333
mid,min_ratio,10.447222222222223,0.6065306597126333
mid,min_ratio,10.463888888888889,0.6065306597126333
mid,min_ratio,10.480555555555556,0.6065306597126333
mid,min_ratio,10.497222222222222,0.6065306597126333
mid,min_ratio,10.51388888888889,0.6065306597125759
mid,min_ratio,10.530555555555555,0.6065306597126333
mid,min_ratio,10.547222222222222,0.6065306597126332
mid,min_ratio,10.563888888888888,0.6065306597126333
mid,min_ratio,10.580555555555556,0.6065306597126333
mid,min_ratio,10.597222222222221,0.6065306597126333
mid,min_ratio,10.613888888888889,0.6065306597126333
mid,min_ratio,10.630555555555556,0.6065306597126333
mid,min_ratio,10.647222222222222,0.6065306597126333
mid,min_ratio,10.66388888888889,0.6065306597126332
mid,min_ratio,10.680555555555555,0.6065306597126333
mid,min_ratio,10.697222222222223,0.6065306597126332
mid,min_ratio,10.713888888888889,0.6065306597126332
mid,min_ratio,10.730555555555556,0.6065306597126333
mid,min_ratio,10.747222222222222,0.6065306597126333
mid,min_ratio,10.76388888888889,0.6065306597126333
mid,min_ratio,10.780555555555555,0.6065306597126333
mid,min_ratio,10.797222222222222,0.6065306597126333
mid,min_ratio,10.813888888888888,0.6065306597126332
mid,min_ratio,10.830555555555556,0.6065306597126333
mid,min_ratio,10.847222222222221,0.6065306597126332
mid,min_ratio,10.863888888888889,0.6065306597126333
mid,min_ratio,10.880555555555556,0.6065306597126333
mid,min_ratio,10.897222222222222,0.6065306597126333
mid,min_ratio,10.91388888888889,0.6065306597126333
mid,min_ratio,10.930555555555555,0.6065306597126333
mid,min_ratio,10.947222222222223,0.6065306597126333
mid,min_ratio,10.963888888888889,0.6065306597126333
mid,min_ratio,10.980555555555556,0.6065306597126333
mid,min_ratio,10.997222222222222,0.6065306597126018
mid,min_ratio,11.01388888888889,0.6065306597126333
mid,min_ratio,11.030555555555555,0.6065306597126333
mid,min_ratio,11.047222222222222,0.6065306597126333
mid,min_ratio,11.063888888888888,0.6065306597126333
mid,min_ratio,11.080555555555556,0.6065306597126333
mid,min_ratio,11.097222222222221,0.6065306597126333
mid,min_ratio,11.113888888888889,0.6065306597126333
mid,min_ratio,11.130555555555556,0.6065306597126333
mid,min_ratio,11.147222222222222,0.6065306597126333
mid,min_ratio,11.16388888888889,0.6065306597126333
mid,min_ratio,11.180555555555555,0.6065306597126333
mid,min_ratio,11.197222222222223,0.6065306597126333
mid,min_ratio,11.213888888888889,0.6065306597126333
mid,min_ratio,11.230555555555556,0.6065306597126333
mid,min_ratio,11.247222222222222,0.6065306597126333
mid,min_ratio,11.26388888888889,0.6065306597126332
mid,min_ratio,11.280555555555555,0.6065306597126333
mid,min_ratio,11.297222222222222,0.6065306597126332
mid,min_ratio,11.313888888888888,0.6065306597126332
mid,min_ratio,11.330555555555556,0.6065306597126332
mid,min_ratio,11.347222222222221,0.6065306597126332
mid,min_ratio,11.363888888888889,0.6065306597126333
mid,min_ratio,11.380555555555556,0.6065306597126332
mid,min_ratio,11.397222222222222,0.6065306597126333
mid,min_ratio,11.41388888888889,0.6065306597126332
mid,min_ratio,11.430555555555555,0.6065306597125993
mid,min_ratio,11.447222222222223,0.6065306597126333
mid,min_ratio,11.463888888888889,0.6065306597126333
mid,min_ratio,11.480555555555556,0.6065306597126333
mid,min_ratio,11.497222222222222,0.6065306597126332
mid,min_ratio,11.51388888888889,0.6065306597126332
mid,min_ratio,11.530555555555555,0.6065306597126333
mid,min_ratio,11.547222222222222,0.6065306597126333
mid,min_ratio,11.563888888888888,0.6065306597126333
mid,min_ratio,11.580555555555556,0.6065306597125673
mid,min_ratio,11.597222222222221,0.6065306597126333
mid,min_ratio,11.613888888888889,0.6065306597126333
mid,min_ratio,11.630555555555556,0.6065306597126332
mid,min_ratio,11.647222222222222,0.6065306597126333
mid,min_ratio,11.66388888888889,0.6065306597125828
mid,min_ratio,11.680555555555555,0.6065306597126333
mid,min_ratio,11.697222222222223,0.6065306597126093
mid,min_ratio,11.713888888888889,0.6065306597126333
mid,min_ratio,11.730555555555556,0.6065306597126333
mid,min_ratio,11.747222222222222,0.6065306597126332
mid,min_ratio,11.76388888888889,0.6065306597126333
mid,min_ratio,11.780555555555555,0.6065306597126333
mid,min_ratio,11.797222222222222,0.6065306597126333
mid,min_ratio,11.813888888888888,0.6065306597126333
mid,min_ratio,11.830555555555556,0.6065306597126333
mid,min_ratio,11.847222222222221,0.6065306597126333
mid,min_ratio,11.863888888888889,0.6065306597126333
mid,min_ratio,11.880555555555556,0.6065306597126332
mid,min_ratio,11.897222222222222,0.6065306597126332
mid,min_ratio,11.91388888888889,0.6065306597126333
mid,min_ratio,11.930555555555555,0.6065306597126333
mid,min_ratio,11.947222222222223,0.6065306597126333
mid,min_ratio,11.963888888888889,0.6065306597126333
mid,min_ratio,11.980555555555556,0.6065306597126333
mid,min_ratio,11.997222222222222,0.6065306597126333
mid,max_ratio,0.013888888888888888,1.648721270709048
mid,max_ratio,0.030555555555555555,1.648721270709048
mid,max_ratio,0.04722222222222222,1.648721270709048
mid,max_ratio,0.06388888888888888,1.648721270709048
mid,max_ratio,0.08055555555555556,1.648721270709048
mid,max_ratio,0.09722222222222222,1.648721270709048
mid,max_ratio,0.11388888888888889,1.648721270709048
mid,max_ratio,0.13055555555555556,1.648721270709048
mid,max_ratio,0.14722222222222223,1.648721270709048
mid,max_ratio,0.1638888888888889,1.648721270709048
mid,max_ratio,0.18055555555555555,1.648721270709048
mid,max_ratio,0.19722222222222222,1.648721270709048
mid,max_ratio,0.21388888888888888,1.648721270709048
mid,max_ratio,0.23055555555555557,1.648721270709048
mid,max_ratio,0.24722222222222223,1.648721270709048
mid,max_ratio,0.2638888888888889,1.648721270709048
mid,max_ratio,0.28055555555555556,1.648721270709048
mid,max_ratio,0.2972222222222222,1.648721270709048
mid,max_ratio,0.3138888888888889,1.648721270709048
mid,max_ratio,0.33055555555555555,1.648721270709048
mid,max_ratio,0.3472222222222222,1.648721270709048
mid,max_ratio,0.3638888888888889,1.648721270709048
mid,max_ratio,0.38055555555555554,1.648721270709048
mid,max_ratio,0.3972222222222222,1.648721270709048
mid,max_ratio,0.41388888888888886,1.648721270709048
mid,max_ratio,0.4305555555555556,1.648721270709048
mid,max_ratio,0.44722222222222224,1.648721270709048
mid,max_ratio,0.4638888888888889,1.648721270709048
mid,max_ratio,0.48055555555555557,1.648721270709048
mid,max_ratio,0.49722222222222223,1.648721270709048
mid,max_ratio,0.5138888888888888,1.648721270709048
mid,max_ratio,0.5305555555555556,1.648721270709048
mid,max_ratio,0.5472222222222223,1.648721270709048
mid,max_ratio,0.5638888888888889,1.648721270709048
mid,max_ratio,0.5805555555555556,1.648721270709048
mid,max_ratio,0.5972222222222222,1.648721270709048
mid,max_ratio,0.6138888888888889,1.648721270709048
mid,max_ratio,0.6305555555555555,1.648721270709048
mid,max_ratio,0.6472222222222223,1.648721270709048
mid,max_ratio,0.6638888888888889,1.648721270709048
mid,max_ratio,0.6805555555555556,1.648721270709048
mid,max_ratio,0.6972222222222222,1.648721270709048
mid,max_ratio,0.7138888888888889,1.648721270709048
mid,max_ratio,0.7305555555555555,1.648721270709048
mid,max_ratio,0.7472222222222222,1.648721270709048
mid,max_ratio,0.7638888888888888,1.648721270709048
mid,max_ratio,0.7805555555555556,1.648721270709048
mid,max_ratio,0.7972222222222223,1.648721270709048
mid,max_ratio,0.8138888888888889,1.648721270709048
mid,max_ratio,0.8305555555555556,1.648721270709048
mid,max_ratio,0.8472222222222222,1.648721270709048
mid,max_ratio,0.8638888888888889,1.648721270709048
mid,max_ratio,0.8805555555555555,1.648721270709048
mid,max_ratio,0.8972222222222223,1.648721270709048
mid,max_ratio,0.9138888888888889,1.648721270709048
mid,max_ratio,0.9305555555555556,1.648721270709048
mid,max_ratio,0.9472222222222222,1.648721270709048
mid,max_ratio,0.9638888888888889,1.648721270709048
mid,max_ratio,0.9805555555555555,1.648721270709048
mid,max_ratio,0.9972222222222222,1.648721270709048
mid,max_ratio,1.0138888888888888,1.6487212707140981
mid,max_ratio,1.0305555555555554,1.6487212707140981
mid,max_ratio,1.0472222222222223,1.6487212707140981
mid,max_ratio,1.0638888888888889,1.6487212707140981
mid,max_ratio,1.0805555555555555,1.6487212707140981
mid,max_ratio,1.0972222222222223,1.6487212707140981
mid,max_ratio,1.113888888888889,1.6487212707140981
mid,max_ratio,1.1305555555555555,1.6487212707140981
mid,max_ratio,1.1472222222222221,1.6487212707140981
mid,max_ratio,1.163888888888889,1.6487212707140981
mid,max_ratio,1.1805555555555556,1.6487212707140981
mid,max_ratio,1.1972222222222222,1.6487212707140981
mid,max_ratio,1.2138888888888888,1.6487212707140981
mid,max_ratio,1.2305555555555556,1.6487212707140981
mid,max_ratio,1.2472222222222222,1.6487212707140981
mid,max_ratio,1.2638888888888888,1.6487212707140981
mid,max_ratio,1.2805555555555554,1.6487212707140981
mid,max_ratio,1.2972222222222223,1.6487212707140981
mid,max_ratio,1.3138888888888889,1.6487212707140981
mid,max_ratio,1.3305555555555555,1.6487212707140981
mid,max_ratio,1.3472222222222223,1.6487212707140981
mid,max_ratio,1.363888888888889,1.6487212707140981
mid,max_ratio,1.3805555555555555,1.6487212707140981
mid,max_ratio,1.3972222222222221,1.6487212707140981
mid,max_ratio,1.413888888888889,1.6487212707140981
mid,max_ratio,1.4305555555555556,1.6487212707140981
mid,max_ratio,1.4472222222222222,1.6487212707140981
mid,max_ratio,1.4638888888888888,1.6487212707140981
mid,max_ratio,1.4805555555555556,1.6487212707140981
mid,max_ratio,1.4972222222222222,1.6487212707140981
mid,max_ratio,1.5138888888888888,1.6487212707140981
mid,max_ratio,1.5305555555555554,1.6487212707140981
mid,max_ratio,1.5472222222222223,1.6487212707140981
mid,max_ratio,1.5638888888888889,1.6487212707140981
mid,max_ratio,1.5805555555555555,1.6487212707140981
mid,max_ratio,1.5972222222222223,1.6487212707140981
mid,max_ratio,1.613888888888889,1.6487212707140981
mid,max_ratio,1.6305555555555555,1.6487212707140981
mid,max_ratio,1.6472222222222221,1.6487212707140981
mid,max_ratio,1.663888888888889,1.6487212707140981
mid,max_ratio,1.6805555555555556,1.6487212707140981
mid,max_ratio,1.6972222222222222,1.6487212707140981
mid,max_ratio,1.7138888888888888,1.6487212707140981
mid,max_ratio,1.7305555555555556,1.6487212707140981
mid,max_ratio,1.7472222222222222,1.6487212707140981
mid,max_ratio,1.7638888888888888,1.6487212707140981
mid,max_ratio,1.7805555555555554,1.6487212707140981
mid,max_ratio,1.7972222222222223,1.6487212707140981
mid,max_ratio,1.8138888888888889,1.6487212707140981
mid,max_ratio,1.8305555555555555,1.6487212707140981
mid,max_ratio,1.8472222222222223,1.6487212707140981
mid,max_ratio,1.863888888888889,1.6487212707140981
mid,max_ratio,1.8805555555555555,1.6487212707140981
mid,max_ratio,1.8972222222222221,1.6487212707140981
mid,max_ratio,1.913888888888889,1.6487212707140981
mid,max_ratio,1.9305555555555556,1.6487212707140981
mid,max_ratio,1.9472222222222222,1.6487212707140981
mid,max_ratio,1.9638888888888888,1.6487212707140981
mid,max_ratio,1.9805555555555556,1.6487212707140981
mid,max_ratio,1.9972222222222222,1.6487212707140981
mid,max_ratio,2.013888888888889,1.6487212707045538
mid,max_ratio,2.0305555555555554,1.6487212707045538
mid,max_ratio,2.047222222222222,1.6487212707045538
mid,max_ratio,2.063888888888889,1.6487212707045538
mid,max_ratio,2.0805555555555557,1.6487212707045538
mid,max_ratio,2.0972222222222223,1.6487212707045538
mid,max_ratio,2.113888888888889,1.6487212707045538
mid,max_ratio,2.1305555555555555,1.6487212707045538
mid,max_ratio,2.147222222222222,1.6487212707045538
mid,max_ratio,2.1638888888888888,1.6487212707045538
mid,max_ratio,2.1805555555555554,1.6487212707045538
mid,max_ratio,2.1972222222222224,1.6487212707045538
mid,max_ratio,2.213888888888889,1.6487212707045538
mid,max_ratio,2.2305555555555556,1.6487212707045538
mid,max_ratio,2.2472222222222222,1.6487212707045538
mid,max_ratio,2.263888888888889,1.6487212707045538
mid,max_ratio,2.2805555555555554,1.6487212707045538
mid,max_ratio,2.297222222222222,1.6487212707045538
mid,max_ratio,2.313888888888889,1.6487212707045538
mid,max_ratio,2.3305555555555557,1.6487212707045538
mid,max_ratio,2.3472222222222223,1.6487212707045538
mid,max_ratio,2.363888888888889,1.6487212707045538
mid,max_ratio,2.3805555555555555,1.6487212707045538
mid,max_ratio,2.397222222222222,1.6487212707045538
mid,max_ratio,2.4138888888888888,1.6487212707045538
mid,max_ratio,2.4305555555555554,1.6487212707045538
mid,max_ratio,2.4472222222222224,1.6487212707045538
mid,max_ratio,2.463888888888889,1.6487212707045538
mid,max_ratio,2.4805555555555556,1.6487212707045538
mid,max_ratio,2.4972222222222222,1.6487212707045538
mid,max_ratio,2.513888888888889,1.6487212707045538
mid,max_ratio,2.5305555555555554,1.6487212707045538
mid,max_ratio,2.547222222222222,1.6487212707045538
mid,max_ratio,2.563888888888889,1.6487212707045538
mid,max_ratio,2.5805555555555557,1.6487212707045538
mid,max_ratio,2.5972222222222223,1.6487212707045538
mid,max_ratio,2.613888888888889,1.6487212707045538
mid,max_ratio,2.6305555555555555,1.6487212707045538
mid,max_ratio,2.647222222222222,1.6487212707045538
mid,max_ratio,2.6638888888888888,1.6487212707045538
mid,max_ratio,2.6805555555555554,1.6487212707045538
mid,max_ratio,2.6972222222222224,1.6487212707045538
mid,max_ratio,2.713888888888889,1.6487212707045538
mid,max_ratio,2.7305555555555556,1.6487212707045538
mid,max_ratio,2.7472222222222222,1.6487212707045538
mid,max_ratio,2.763888888888889,1.6487212707045538
mid,max_ratio,2.7805555555555554,1.6487212707045538
mid,max_ratio,2.797222222222222,1.6487212707045538
mid,max_ratio,2.813888888888889,1.6487212707045538
mid,max_ratio,2.8305555555555557,1.6487212707045538
mid,max_ratio,2.8472222222222223,1.6487212707045538
mid,max_ratio,2.863888888888889,1.6487212707045538
mid,max_ratio,2.8805555555555555,1.6487212707045538
mid,max_ratio,2.897222222222222,1.6487212707045538
mid,max_ratio,2.9138888888888888,1.6487212707045538
mid,max_ratio,2.9305555555555554,1.6487212707045538
mid,max_ratio,2.9472222222222224,1.6487212707045538
mid,max_ratio,2.963888888888889,1.6487212707045538
mid,max_ratio,2.9805555555555556,1.6487212707045538
mid,max_ratio,2.9972222222222222,1.6487212707045538
mid,max_ratio,3.013888888888889,1.6487212707058414
mid,max_ratio,3.0305555555555554,1.6487212707058414
mid,max_ratio,3.047222222222222,1.6487212707058414
mid,max_ratio,3.063888888888889,1.6487212707058414
mid,max_ratio,3.0805555555555557,1.6487212707058414
mid,max_ratio,3.0972222222222223,1.6487212707058414
mid,max_ratio,3.113888888888889,1.6487212707058414
mid,max_ratio,3.1305555555555555,1.6487212707058414
mid,max_ratio,3.147222222222222,1.6487212707058414
mid,max_ratio,3.1638888888888888,1.6487212707058414
mid,max_ratio,3.1805555555555554,1.6487212707058414
mid,max_ratio,3.1972222222222224,1.6487212707058414
mid,max_ratio,3.213888888888889,1.6487212707058414
mid,max_ratio,3.2305555555555556,1.6487212707058414
mid,max_ratio,3.2472222222222222,1.6487212707058414
mid,max_ratio,3.263888888888889,1.6487212707058414
mid,max_ratio,3.2805555555555554,1.6487212707058414
mid,max_ratio,3.297222222222222,1.6487212707058414
mid,max_ratio,3.313888888888889,1.6487212707058414
mid,max_ratio,3.3305555555555557,1.6487212707058414
mid,max_ratio,3.3472222222222223,1.6487212707058414
mid,max_ratio,3.363888888888889,1.6487212707058414
mid,max_ratio,3.3805555555555555,1.6487212707058414
mid,max_ratio,3.397222222222222,1.6487212707058414
mid,max_ratio,3.4138888888888888,1.6487212707058414
mid,max_ratio,3.4305555555555554,1.6487212707058414
mid,max_ratio,3.4472222222222224,1.6487212707058414
mid,max_ratio,3.463888888888889,1.6487212707058414
mid,max_ratio,3.4805555555555556,1.6487212707058414
mid,max_ratio,3.4972222222222222,1.6487212707058414
mid,max_ratio,3.513888888888889,1.6487212707058414
mid,max_ratio,3.5305555555555554,1.6487212707058414
mid,max_ratio,3.547222222222222,1.6487212707058414
mid,max_ratio,3.563888888888889,1.6487212707058414
mid,max_ratio,3.5805555555555557,1.6487212707058414
mid,max_ratio,3.5972222222222223,1.6487212707058414
mid,max_ratio,3.613888888888889,1.6487212707058414
mid,max_ratio,3.6305555555555555,1.6487212707058414
mid,max_ratio,3.647222222222222,1.6487212707058414
mid,max_ratio,3.6638888888888888,1.6487212707058414
mid,max_ratio,3.6805555555555554,1.6487212707058414
mid,max_ratio,3.6972222222222224,1.6487212707058414
mid,max_ratio,3.713888888888889,1.6487212707058414
mid,max_ratio,3.7305555555555556,1.6487212707058414
mid,max_ratio,3.7472222222222222,1.6487212707058414
mid,max_ratio,3.763888888888889,1.6487212707058414
mid,max_ratio,3.7805555555555554,1.6487212707058414
mid,max_ratio,3.797222222222222,1.6487212707058414
mid,max_ratio,3.813888888888889,1.6487212707058414
mid,max_ratio,3.8305555555555557,1.6487212707058414
mid,max_ratio,3.8472222222222223,1.6487212707058414
mid,max_ratio,3.863888888888889,1.6487212707058414
mid,max_ratio,3.8805555555555555,1.6487212707058414
mid,max_ratio,3.897222222222222,1.6487212707058414
mid,max_ratio,3.9138888888888888,1.6487212707058414
mid,max_ratio,3.9305555555555554,1.6487212707058414
mid,max_ratio,3.9472222222222224,1.6487212707058414
mid,max_ratio,3.963888888888889,1.6487212707058414
mid,max_ratio,3.9805555555555556,1.6487212707058414
mid,max_ratio,3.9972222222222222,1.6487212707058414
mid,max_ratio,4.013888888888889,1.64872127070884
mid,max_ratio,4.030555555555556,1.64872127070884
mid,max_ratio,4.0472222222222225,1.64872127070884
mid,max_ratio,4.063888888888889,1.64872127070884
mid,max_ratio,4.080555555555556,1.64872127070884
mid,max_ratio,4.097222222222222,1.64872127070884
mid,max_ratio,4.113888888888889,1.64872127070884
mid,max_ratio,4.1305555555555555,1.64872127070884
mid,max_ratio,4.147222222222222,1.64872127070884
mid,max_ratio,4.163888888888889,1.64872127070884
mid,max_ratio,4.180555555555555,1.64872127070884
mid,max_ratio,4.197222222222222,1.64872127070884
mid,max_ratio,4.213888888888889,1.64872127070884
mid,max_ratio,4.230555555555555,1.64872127070884
mid,max_ratio,4.247222222222222,1.64872127070884
mid,max_ratio,4.263888888888889,1.64872127070884
mid,max_ratio,4.280555555555556,1.64872127070884
mid,max_ratio,4.2972222222222225,1.64872127070884
mid,max_ratio,4.313888888888889,1.64872127070884
mid,max_ratio,4.330555555555556,1.64872127070884
mid,max_ratio,4.347222222222222,1.64872127070884
mid,max_ratio,4.363888888888889,1.64872127070884
mid,max_ratio,4.3805555555555555,1.64872127070884
mid,max_ratio,4.397222222222222,1.64872127070884
mid,max_ratio,4.413888888888889,1.64872127070884
mid,max_ratio,4.430555555555555,1.64872127070884
mid,max_ratio,4.447222222222222,1.64872127070884
mid,max_ratio,4.463888888888889,1.64872127070884
mid,max_ratio,4.480555555555555,1.64872127070884
mid,max_ratio,4.497222222222222,1.64872127070884
mid,max_ratio,4.513888888888889,1.64872127070884
mid,max_ratio,4.530555555555556,1.64872127070884
mid,max_ratio,4.5472222222222225,1.64872127070884
mid,max_ratio,4.563888888888889,1.64872127070884
mid,max_ratio,4.580555555555556,1.64872127070884
mid,max_ratio,4.597222222222222,1.64872127070884
mid,max_ratio,4.613888888888889,1.64872127070884
mid,max_ratio,4.6305555555555555,1.64872127070884
mid,max_ratio,4.647222222222222,1.64872127070884
mid,max_ratio,4.663888888888889,1.64872127070884
mid,max_ratio,4.680555555555555,1.64872127070884
mid,max_ratio,4.697222222222222,1.64872127070884
mid,max_ratio,4.713888888888889,1.64872127070884
mid,max_ratio,4.730555555555555,1.64872127070884
mid,max_ratio,4.747222222222222,1.64872127070884
mid,max_ratio,4.763888888888889,1.64872127070884
mid,max_ratio,4.780555555555556,1.64872127070884
mid,max_ratio,4.7972222222222225,1.64872127070884
mid,max_ratio,4.813888888888889,1.64872127070884
mid,max_ratio,4.830555555555556,1.64872127070884
mid,max_ratio,4.847222222222222,1.64872127070884
mid,max_ratio,4.863888888888889,1.64872127070884
mid,max_ratio,4.8805555555555555,1.64872127070884
mid,max_ratio,4.897222222222222,1.64872127070884
mid,max_ratio,4.913888888888889,1.64872127070884
mid,max_ratio,4.930555555555555,1.64872127070884
mid,max_ratio,4.947222222222222,1.64872127070884
mid,max_ratio,4.963888888888889,1.64872127070884
mid,max_ratio,4.980555555555555,1.64872127070884
mid,max_ratio,4.997222222222222,1.64872127070884
mid,max_ratio,5.013888888888889,1.6487212707097467
mid,max_ratio,5.030555555555556,1.6487212707097467
mid,max_ratio,5.0472222222222225,1.6487212707097467
mid,max_ratio,5.063888888888889,1.6487212707097467
mid,max_ratio,5.080555555555556,1.6487212707097467
mid,max_ratio,5.097222222222222,1.6487212707097467
mid,max_ratio,5.113888888888889,1.6487212707097467
mid,max_ratio,5.1305555555555555,1.6487212707097467
mid,max_ratio,5.147222222222222,1.6487212707097467
mid,max_ratio,5.163888888888889,1.6487212707097467
mid,max_ratio,5.180555555555555,1.6487212707097467
mid,max_ratio,5.197222222222222,1.6487212707097467
mid,max_ratio,5.213888888888889,1.6487212707097467
mid,max_ratio,5.230555555555555,1.6487212707097467
mid,max_ratio,5.247222222222222,1.6487212707097467
mid,max_ratio,5.263888888888889,1.6487212707097467
mid,max_ratio,5.280555555555556,1.6487212707097467
mid,max_ratio,5.2972222222222225,1.6487212707097467
mid,max_ratio,5.313888888888889,1.6487212707097467
mid,max_ratio,5.330555555555556,1.6487212707097467
mid,max_ratio,5.347222222222222,1.6487212707097467
mid,max_ratio,5.363888888888889,1.6487212707097467
mid,max_ratio,5.3805555555555555,1.6487212707097467
mid,max_ratio,5.397222222222222,1.6487212707097467
mid,max_ratio,5.413888888888889,1.6487212707097467
mid,max_ratio,5.430555555555555,1.6487212707097467
mid,max_ratio,5.447222222222222,1.6487212707097467
mid,max_ratio,5.463888888888889,1.6487212707097467
mid,max_ratio,5.480555555555555,1.6487212707097467
mid,max_ratio,5.497222222222222,1.6487212707097467
mid,max_ratio,5.513888888888889,1.6487212707097467
mid,max_ratio,5.530555555555556,1.6487212707097467
mid,max_ratio,5.5472222222222225,1.6487212707097467
mid,max_ratio,5.563888888888889,1.6487212707097467
mid,max_ratio,5.580555555555556,1.6487212707097467
mid,max_ratio,5.597222222222222,1.6487212707097467
mid,max_ratio,5.613888888888889,1.6487212707097467
mid,max_ratio,5.6305555555555555,1.6487212707097467
mid,max_ratio,5.647222222222222,1.6487212707097467
mid,max_ratio,5.663888888888889,1.6487212707097467
mid,max_ratio,5.680555555555555,1.6487212707097467
mid,max_ratio,5.697222222222222,1.6487212707097467
mid,max_ratio,5.713888888888889,1.6487212707097467
mid,max_ratio,5.730555555555555,1.6487212707097467
mid,max_ratio,5.747222222222222,1.6487212707097467
mid,max_ratio,5.763888888888889,1.6487212707097467
mid,max_ratio,5.780555555555556,1.6487212707097467
mid,max_ratio,5.7972222222222225,1.6487212707097467
mid,max_ratio,5.813888888888889,1.6487212707097467
mid,max_ratio,5.830555555555556,1.6487212707097467
mid,max_ratio,5.847222222222222,1.6487212707097467
mid,max_ratio,5.863888888888889,1.6487212707097467
mid,max_ratio,5.8805555555555555,1.6487212707097467
mid,max_ratio,5.897222222222222,1.6487212707097467
mid,max_ratio,5.913888888888889,1.6487212707097467
mid,max_ratio,5.930555555555555,1.6487212707097467
mid,max_ratio,5.947222222222222,1.6487212707097467
mid,max_ratio,5.963888888888889,1.6487212707097467
mid,max_ratio,5.980555555555555,1.6487212707097467
mid,max_ratio,5.997222222222222,1.6487212707097467
mid,max_ratio,6.013888888888889,1.6487212707112
mid,max_ratio,6.030555555555556,1.6487212707112
mid,max_ratio,6.0472222222222225,1.6487212707112
mid,max_ratio,6.063888888888889,1.6487212707112
mid,max_ratio,6.080555555555556,1.6487212707112
mid,max_ratio,6.097222222222222,1.6487212707112
mid,max_ratio,6.113888888888889,1.6487212707112
mid,max_ratio,6.1305555555555555,1.6487212707112
mid,max_ratio,6.147222222222222,1.6487212707112
mid,max_ratio,6.163888888888889,1.6487212707112
mid,max_ratio,6.180555555555555,1.6487212707112
mid,max_ratio,6.197222222222222,1.6487212707112
mid,max_ratio,6.213888888888889,1.6487212707112
mid,max_ratio,6.230555555555555,1.6487212707112
mid,max_ratio,6.247222222222222,1.6487212707112
mid,max_ratio,6.263888888888889,1.6487212707112
mid,max_ratio,6.280555555555556,1.6487212707112
mid,max_ratio,6.2972222222222225,1.6487212707112
mid,max_ratio,6.313888888888889,1.6487212707112
mid,max_ratio,6.330555555555556,1.6487212707112
mid,max_ratio,6.347222222222222,1.6487212707112
mid,max_ratio,6.363888888888889,1.6487212707112
mid,max_ratio,6.3805555555555555,1.6487212707112
mid,max_ratio,6.397222222222222,1.6487212707112
mid,max_ratio,6.413888888888889,1.6487212707112
mid,max_ratio,6.430555555555555,1.6487212707112
mid,max_ratio,6.447222222222222,1.6487212707112
mid,max_ratio,6.463888888888889,1.6487212707112
mid,max_ratio,6.480555555555555,1.6487212707112
mid,max_ratio,6.497222222222222,1.6487212707112
mid,max_ratio,6.513888888888889,1.6487212707112
mid,max_ratio,6.530555555555556,1.6487212707112
mid,max_ratio,6.5472222222222225,1.6487212707112
mid,max_ratio,6.563888888888889,1.6487212707112
mid,max_ratio,6.580555555555556,1.6487212707112
mid,max_ratio,6.597222222222222,1.6487212707112
mid,max_ratio,6.613888888888889,1.6487212707112
mid,max_ratio,6.6305555555555555,1.6487212707112
mid,max_ratio,6.647222222222222,1.6487212707112
mid,max_ratio,6.663888888888889,1.6487212707112
mid,max_ratio,6.680555555555555,1.6487212707112
mid,max_ratio,6.697222222222222,1.6487212707112
mid,max_ratio,6.713888888888889,1.6487212707112
mid,max_ratio,6.730555555555555,1.6487212707112
mid,max_ratio,6.747222222222222,1.6487212707112
mid,max_ratio,6.763888888888889,1.6487212707112
mid,max_ratio,6.780555555555556,1.6487212707112
mid,max_ratio,6.7972222222222225,1.6487212707112
mid,max_ratio,6.813888888888889,1.6487212707112
mid,max_ratio,6.830555555555556,1.6487212707112
mid,max_ratio,6.847222222222222,1.6487212707112
mid,max_ratio,6.863888888888889,1.6487212707112
mid,max_ratio,6.8805555555555555,1.6487212707112
mid,max_ratio,6.897222222222222,1.6487212707112
mid,max_ratio,6.913888888888889,1.6487212707112
mid,max_ratio,6.930555555555555,1.6487212707112
mid,max_ratio,6.947222222222222,1.6487212707112
mid,max_ratio,6.963888888888889,1.6487212707112
mid,max_ratio,6.980555555555555,1.6487212707112
mid,max_ratio,6.997222222222222,1.6487212707112
mid,max_ratio,7.013888888888889,1.6487212707080006
mid,max_ratio,7.030555555555556,1.6487212707080006
mid,max_ratio,7.0472222222222225,1.6487212707080006
mid,max_ratio,7.063888888888889,1.6487212707080006
mid,max_ratio,7.080555555555556,1.6487212707080006
mid,max_ratio,7.097222222222222,1.6487212707080006
mid,max_ratio,7.113888888888889,1.6487212707080006
mid,max_ratio,7.1305555555555555,1.6487212707080006
mid,max_ratio,7.147222222222222,1.6487212707080006
mid,max_ratio,7.163888888888889,1.6487212707080006
mid,max_ratio,7.180555555555555,1.6487212707080006
mid,max_ratio,7.197222222222222,1.6487212707080006
mid,max_ratio,7.213888888888889,1.6487212707080006
mid,max_ratio,7.230555555555555,1.6487212707080006
mid,max_ratio,7.247222222222222,1.6487212707080006
mid,max_ratio,7.263888888888889,1.6487212707080006
mid,max_ratio,7.280555555555556,1.6487212707080006
mid,max_ratio,7.2972222222222225,1.6487212707080006
mid,max_ratio,7.313888888888889,1.6487212707080006
mid,max_ratio,7.330555555555556,1.6487212707080006
mid,max_ratio,7.347222222222222,1.6487212707080006
mid,max_ratio,7.363888888888889,1.6487212707080006
mid,max_ratio,7.3805555555555555,1.6487212707080006
mid,max_ratio,7.397222222222222,1.6487212707080006
mid,max_ratio,7.413888888888889,1.6487212707080006
mid,max_ratio,7.430555555555555,1.6487212707080006
mid,max_ratio,7.447222222222222,1.6487212707080006
mid,max_ratio,7.463888888888889,1.6487212707080006
mid,max_ratio,7.480555555555555,1.6487212707080006
mid,max_ratio,7.497222222222222,1.6487212707080006
mid,max_ratio,7.513888888888889,1.6487212707080006
mid,max_ratio,7.530555555555556,1.6487212707080006
mid,max_ratio,7.5472222222222225,1.6487212707080006
mid,max_ratio,7.563888888888889,1.6487212707080006
mid,max_ratio,7.580555555555556,1.6487212707080006
mid,max_ratio,7.597222222222222,1.6487212707080006
mid,max_ratio,7.613888888888889,1.6487212707080006
mid,max_ratio,7.6305555555555555,1.6487212707080006
mid,max_ratio,7.647222222222222,1.6487212707080006
mid,max_ratio,7.663888888888889,1.6487212707080006
mid,max_ratio,7.680555555555555,1.6487212707080006
mid,max_ratio,7.697222222222222,1.6487212707080006
mid,max_ratio,7.713888888888889,1.6487212707080006
mid,max_ratio,7.730555555555555,1.6487212707080006
mid,max_ratio,7.747222222222222,1.6487212707080006
mid,max_ratio,7.763888888888889,1.6487212707080006
mid,max_ratio,7.780555555555556,1.6487212707080006
mid,max_ratio,7.7972222222222225,1.6487212707080006
mid,max_ratio,7.813888888888889,1.6487212707080006
mid,max_ratio,7.830555555555556,1.6487212707080006
mid,max_ratio,7.847222222222222,1.6487212707080006
mid,max_ratio,7.863888888888889,1.6487212707080006
mid,max_ratio,7.8805555555555555,1.6487212707080006
mid,max_ratio,7.897222222222222,1.6487212707080006
mid,max_ratio,7.913888888888889,1.6487212707080006
mid,max_ratio,7.930555555555555,1.6487212707080006
mid,max_ratio,7.947222222222222,1.6487212707080006
mid,max_ratio,7.963888888888889,1.6487212707080006
mid,max_ratio,7.980555555555555,1.6487212707080006
mid,max_ratio,7.997222222222222,1.6487212707080006
mid,max_ratio,8.01388888888889,1.648721270713573
mid,max_ratio,8.030555555555555,1.648721270713573
mid,max_ratio,8.047222222222222,1.648721270713573
mid,max_ratio,8.063888888888888,1.648721270713573
mid,max_ratio,8.080555555555556,1.648721270713573
mid,max_ratio,8.097222222222221,1.648721270713573
mid,max_ratio,8.113888888888889,1.648721270713573
mid,max_ratio,8.130555555555556,1.648721270713573
mid,max_ratio,8.147222222222222,1.648721270713573
mid,max_ratio,8.16388888888889,1.648721270713573
mid,max_ratio,8.180555555555555,1.648721270713573
mid,max_ratio,8.197222222222223,1.648721270713573
mid,max_ratio,8.213888888888889,1.648721270713573
mid,max_ratio,8.230555555555556,1.648721270713573
mid,max_ratio,8.247222222222222,1.648721270713573
mid,max_ratio,8.26388888888889,1.648721270713573
mid,max_ratio,8.280555555555555,1.648721270713573
mid,max_ratio,8.297222222222222,1.648721270713573
mid,max_ratio,8.313888888888888,1.648721270713573
mid,max_ratio,8.330555555555556,1.648721270713573
mid,max_ratio,8.347222222222221,1.648721270713573
mid,max_ratio,8.363888888888889,1.648721270713573
mid,max_ratio,8.380555555555556,1.648721270713573
mid,max_ratio,8.397222222222222,1.648721270713573
mid,max_ratio,8.41388888888889,1.648721270713573
mid,max_ratio,8.430555555555555,1.648721270713573
mid,max_ratio,8.447222222222223,1.648721270713573
mid,max_ratio,8.463888888888889,1.648721270713573
mid,max_ratio,8.480555555555556,1.648721270713573
mid,max_ratio,8.497222222222222,1.648721270713573
mid,max_ratio,8.51388888888889,1.648721270713573
mid,max_ratio,8.530555555555555,1.648721270713573
mid,max_ratio,8.547222222222222,1.648721270713573
mid,max_ratio,8.563888888888888,1.648721270713573
mid,max_ratio,8.580555555555556,1.648721270713573
mid,max_ratio,8.597222222222221,1.648721270713573
mid,max_ratio,8.613888888888889,1.648721270713573
mid,max_ratio,8.630555555555556,1.648721270713573
mid,max_ratio,8.647222222222222,1.648721270713573
mid,max_ratio,8.66388888888889,1.648721270713573
mid,max_ratio,8.680555555555555,1.648721270713573
mid,max_ratio,8.697222222222223,1.648721270713573
mid,max_ratio,8.713888888888889,1.648721270713573
mid,max_ratio,8.730555555555556,1.648721270713573
mid,max_ratio,8.747222222222222,1.648721270713573
mid,max_ratio,8.76388888888889,1.648721270713573
mid,max_ratio,8.780555555555555,1.648721270713573
mid,max_ratio,8.797222222222222,1.648721270713573
mid,max_ratio,8.813888888888888,1.648721270713573
mid,max_ratio,8.830555555555556,1.648721270713573
mid,max_ratio,8.847222222222221,1.648721270713573
mid,max_ratio,8.863888888888889,1.648721270713573
mid,max_ratio,8.880555555555556,1.648721270713573
mid,max_ratio,8.897222222222222,1.648721270713573
mid,max_ratio,8.91388888888889,1.648721270713573
mid,max_ratio,8.930555555555555,1.648721270713573
mid,max_ratio,8.947222222222223,1.648721270713573
mid,max_ratio,8.963888888888889,1.648721270713573
mid,max_ratio,8.980555555555556,1.648721270713573
mid,max_ratio,8.997222222222222,1.648721270713573
mid,max_ratio,9.01388888888889,1.648721270707894
mid,max_ratio,9.030555555555555,1.648721270707894
mid,max_ratio,9.047222222222222,1.648721270707894
mid,max_ratio,9.063888888888888,1.648721270707894
mid,max_ratio,9.080555555555556,1.648721270707894
mid,max_ratio,9.097222222222221,1.648721270707894
mid,max_ratio,9.113888888888889,1.648721270707894
mid,max_ratio,9.130555555555556,1.648721270707894
mid,max_ratio,9.147222222222222,1.648721270707894
mid,max_ratio,9.16388888888889,1.648721270707894
mid,max_ratio,9.180555555555555,1.648721270707894
mid,max_ratio,9.197222222222223,1.648721270707894
mid,max_ratio,9.213888888888889,1.648721270707894
mid,max_ratio,9.230555555555556,1.648721270707894
mid,max_ratio,9.247222222222222,1.648721270707894
mid,max_ratio,9.26388888888889,1.648721270707894
mid,max_ratio,9.280555555555555,1.648721270707894
mid,max_ratio,9.297222222222222,1.648721270707894
mid,max_ratio,9.313888888888888,1.648721270707894
mid,max_ratio,9.330555555555556,1.648721270707894
mid,max_ratio,9.347222222222221,1.648721270707894
mid,max_ratio,9.363888888888889,1.648721270707894
mid,max_ratio,9.380555555555556,1.648721270707894
mid,max_ratio,9.397222222222222,1.648721270707894
mid,max_ratio,9.41388888888889,1.648721270707894
mid,max_ratio,9.430555555555555,1.648721270707894
mid,max_ratio,9.447222222222223,1.648721270707894
mid,max_ratio,9.463888888888889,1.648721270707894
mid,max_ratio,9.480555555555556,1.648721270707894
mid,max_ratio,9.497222222222222,1.648721270707894
mid,max_ratio,9.51388888888889,1.648721270707894
mid,max_ratio,9.530555555555555,1.648721270707894
mid,max_ratio,9.547222222222222,1.648721270707894
mid,max_ratio,9.563888888888888,1.648721270707894
mid,max_ratio,9.580555555555556,1.648721270707894
mid,max_ratio,9.597222222222221,1.648721270707894
mid,max_ratio,9.613888888888889,1.648721270707894
mid,max_ratio,9.630555555555556,1.648721270707894
mid,max_ratio,9.647222222222222,1.648721270707894
mid,max_ratio,9.66388888888889,1.648721270707894
mid,max_ratio,9.680555555555555,1.648721270707894
mid,max_ratio,9.697222222222223,1.648721270707894
mid,max_ratio,9.713888888888889,1.648721270707894
mid,max_ratio,9.730555555555556,1.648721270707894
mid,max_ratio,9.747222222222222,1.648721270707894
mid,max_ratio,9.76388888888889,1.648721270707894
mid,max_ratio,9.780555555555555,1.648721270707894
mid,max_ratio,9.797222222222222,1.648721270707894
mid,max_ratio,9.813888888888888,1.648721270707894
mid,max_ratio,9.830555555555556,1.648721270707894
mid,max_ratio,9.847222222222221,1.648721270707894
mid,max_ratio,9.863888888888889,1.648721270707894
mid,max_ratio,9.880555555555556,1.648721270707894
mid,max_ratio,9.897222222222222,1.648721270707894
mid,max_ratio,9.91388888888889,1.648721270707894
mid,max_ratio,9.930555555555555,1.648721270707894
mid,max_ratio,9.947222222222223,1.648721270707894
mid,max_ratio,9.963888888888889,1.648721270707894
mid,max_ratio,9.980555555555556,1.648721270707894
mid,max_ratio,9.997222222222222,1.648721270707894
mid,max_ratio,10.01388888888889,1.6487212707046914
mid,max_ratio,10.030555555555555,1.6487212707046914
mid,max_ratio,10.047222222222222,1.6487212707046914
mid,max_ratio,10.063888888888888,1.6487212707046914
mid,max_ratio,10.080555555555556,1.6487212707046914
mid,max_ratio,10.097222222222221,1.6487212707046914
mid,max_ratio,10.113888888888889,1.6487212707046914
mid,max_ratio,10.130555555555556,1.6487212707046914
mid,max_ratio,10.147222222222222,1.6487212707046914
mid,max_ratio,10.16388888888889,1.6487212707046914
mid,max_ratio,10.180555555555555,1.6487212707046914
mid,max_ratio,10.197222222222223,1.6487212707046914
mid,max_ratio,10.213888888888889,1.6487212707046914
mid,max_ratio,10.230555555555556,1.6487212707046914
mid,max_ratio,10.247222222222222,1.6487212707046914
mid,max_ratio,10.26388888888889,1.6487212707046914
mid,max_ratio,10.280555555555555,1.6487212707046914
mid,max_ratio,10.297222222222222,1.6487212707046914
mid,max_ratio,10.313888888888888,1.6487212707046914
mid,max_ratio,10.330555555555556,1.6487212707046914
mid,max_ratio,10.347222222222221,1.6487212707046914
mid,max_ratio,10.363888888888889,1.6487212707046914
mid,max_ratio,10.380555555555556,1.6487212707046914
mid,max_ratio,10.397222222222222,1.6487212707046914
mid,max_ratio,10.41388888888889,1.6487212707046914
mid,max_ratio,10.430555555555555,1.6487212707046914
mid,max_ratio,10.447222222222223,1.6487212707046914
mid,max_ratio,10.463888888888889,1.6487212707046914
mid,max_ratio,10.480555555555556,1.6487212707046914
mid,max_ratio,10.497222222222222,1.6487212707046914
mid,max_ratio,10.51388888888889,1.6487212707046914
mid,max_ratio,10.530555555555555,1.6487212707046914
mid,max_ratio,10.547222222222222,1.6487212707046914
mid,max_ratio,10.563888888888888,1.6487212707046914
mid,max_ratio,10.580555555555556,1.6487212707046914
mid,max_ratio,10.597222222222221,1.6487212707046914
mid,max_ratio,10.613888888888889,1.6487212707046914
mid,max_ratio,10.630555555555556,1.6487212707046914
mid,max_ratio,10.647222222222222,1.6487212707046914
mid,max_ratio,10.66388888888889,1.6487212707046914
mid,max_ratio,10.680555555555555,1.6487212707046914
mid,max_ratio,10.697222222222223,1.6487212707046914
mid,max_ratio,10.713888888888889,1.6487212707046914
mid,max_ratio,10.730555555555556,1.6487212707046914
mid,max_ratio,10.747222222222222,1.6487212707046914
mid,max_ratio,10.76388888888889,1.6487212707046914
mid,max_ratio,10.780555555555555,1.6487212707046914
mid,max_ratio,10.797222222222222,1.6487212707046914
mid,max_ratio,10.813888888888888,1.6487212707046914
mid,max_ratio,10.830555555555556,1.6487212707046914
mid,max_ratio,10.847222222222221,1.6487212707046914
mid,max_ratio,10.863888888888889,1.6487212707046914
mid,max_ratio,10.880555555555556,1.6487212707046914
mid,max_ratio,10.897222222222222,1.6487212707046914
mid,max_ratio,10.91388888888889,1.6487212707046914
mid,max_ratio,10.930555555555555,1.6487212707046914
mid,max_ratio,10.947222222222223,1.6487212707046914
mid,max_ratio,10.963888888888889,1.6487212707046914
mid,max_ratio,10.980555555555556,1.6487212707046914
mid,max_ratio,10.997222222222222,1.6487212707046914
mid,max_ratio,11.01388888888889,1.6487212707083307
mid,max_ratio,11.030555555555555,1.6487212707083307
mid,max_ratio,11.047222222222222,1.6487212707083307
mid,max_ratio,11.063888888888888,1.6487212707083307
mid,max_ratio,11.080555555555556,1.6487212707083307
mid,max_ratio,11.097222222222221,1.6487212707083307
mid,max_ratio,11.113888888888889,1.6487212707083307
mid,max_ratio,11.130555555555556,1.6487212707083307
mid,max_ratio,11.147222222222222,1.6487212707083307
mid,max_ratio,11.16388888888889,1.6487212707083307
mid,max_ratio,11.180555555555555,1.6487212707083307
mid,max_ratio,11.197222222222223,1.6487212707083307
mid,max_ratio,11.213888888888889,1.6487212707083307
mid,max_ratio,11.230555555555556,1.6487212707083307
mid,max_ratio,11.247222222222222,1.6487212707083307
mid,max_ratio,11.26388888888889,1.6487212707083307
mid,max_ratio,11.280555555555555,1.6487212707083307
mid,max_ratio,11.297222222222222,1.6487212707083307
mid,max_ratio,11.313888888888888,1.6487212707083307
mid,max_ratio,11.330555555555556,1.6487212707083307
mid,max_ratio,11.347222222222221,1.6487212707083307
mid,max_ratio,11.363888888888889,1.6487212707083307
mid,max_ratio,11.380555555555556,1.6487212707083307
mid,max_ratio,11.397222222222222,1.6487212707083307
mid,max_ratio,11.41388888888889,1.6487212707083307
mid,max_ratio,11.430555555555555,1.6487212707083307
mid,max_ratio,11.447222222222223,1.6487212707083307
mid,max_ratio,11.463888888888889,1.6487212707083307
mid,max_ratio,11.480555555555556,1.6487212707083307
mid,max_ratio,11.497222222222222,1.6487212707083307
mid,max_ratio,11.51388888888889,1.6487212707083307
mid,max_ratio,11.530555555555555,1.6487212707083307
mid,max_ratio,11.547222222222222,1.6487212707083307
mid,max_ratio,11.563888888888888,1.6487212707083307
mid,max_ratio,11.580555555555556,1.6487212707083307
mid,max_ratio,11.597222222222221,1.6487212707083307
mid,max_ratio,11.613888888888889,1.6487212707083307
mid,max_ratio,11.630555555555556,1.6487212707083307
mid,max_ratio,11.647222222222222,1.6487212707083307
mid,max_ratio,11.66388888888889,1.6487212707083307
mid,max_ratio,11.680555555555555,1.6487212707083307
mid,max_ratio,11.697222222222223,1.6487212707083307
mid,max_ratio,11.713888888888889,1.6487212707083307
mid,max_ratio,11.730555555555556,1.6487212707083307
mid,max_ratio,11.747222222222222,1.6487212707083307
mid,max_ratio,11.76388888888889,1.6487212707083307
mid,max_ratio,11.780555555555555,1.6487212707083307
mid,max_ratio,11.797222222222222,1.6487212707083307
mid,max_ratio,11.813888888888888,1.6487212707083307
mid,max_ratio,11.830555555555556,1.6487212707083307
mid,max_ratio,11.847222222222221,1.6487212707083307
mid,max_ratio,11.863888888888889,1.6487212707083307
mid,max_ratio,11.880555555555556,1.6487212707083307
mid,max_ratio,11.897222222222222,1.6487212707083307
mid,max_ratio,11.91388888888889,1.6487212707083307
mid,max_ratio,11.930555555555555,1.6487212707083307
mid,max_ratio,11.947222222222223,1.6487212707083307
mid,max_ratio,11.963888888888889,1.6487212707083307
mid,max_ratio,11.980555555555556,1.6487212707083307
mid,max_ratio,11.997222222222222,1.6487212707083307
mid,min_ratio_hon,0.013888888888888888,0.6878457271940899
mid,min_ratio_hon,0.030555555555555555,0.6065306597126333
mid,min_ratio_hon,0.04722222222222222,0.6065306597126333
mid,min_ratio_hon,0.06388888888888888,0.6065306597126333
mid,min_ratio_hon,0.08055555555555556,0.6065306597126333
mid,min_ratio_hon,0.09722222222222222,0.6065306597126333
mid,min_ratio_hon,0.11388888888888889,0.6065306597126333
mid,min_ratio_hon,0.13055555555555556,0.6065306597126333
mid,min_ratio_hon,0.14722222222222223,0.6065306597126333
mid,min_ratio_hon,0.1638888888888889,0.6065306597126333
mid,min_ratio_hon,0.18055555555555555,0.6065306597126333
mid,min_ratio_hon,0.19722222222222222,0.6065306597126333
mid,min_ratio_hon,0.21388888888888888,0.6065306597126333
mid,min_ratio_hon,0.23055555555555557,0.6065306597126333
mid,min_ratio_hon,0.24722222222222223,0.6065306597126332
mid,min_ratio_hon,0.2638888888888889,0.6065306597126333
mid,min_ratio_hon,0.28055555555555556,0.6065306597126333
mid,min_ratio_hon,0.2972222222222222,0.6065306597126333
mid,min_ratio_hon,0.3138888888888889,0.6065306597126333
mid,min_ratio_hon,0.33055555555555555,0.6065306597126333
mid,min_ratio_hon,0.3472222222222222,0.6065306597126333
mid,min_ratio_hon,0.3638888888888889,0.6065306597126333
mid,min_ratio_hon,0.38055555555555554,0.6065306597126333
mid,min_ratio_hon,0.3972222222222222,0.6065306597126333
mid,min_ratio_hon,0.41388888888888886,0.6065306597126333
mid,min_ratio_hon,0.4305555555555556,0.6065306597126332
mid,min_ratio_hon,0.44722222222222224,0.6065306597126333
mid,min_ratio_hon,0.4638888888888889,0.6065306597126333
mid,min_ratio_hon,0.48055555555555557,0.6065306597126333
mid,min_ratio_hon,0.49722222222222223,0.6065306597126333
mid,min_ratio_hon,0.5138888888888888,0.6065306597126333
mid,min_ratio_hon,0.5305555555555556,0.6065306597126089
mid,min_ratio_hon,0.5472222222222223,0.6065306597126333
mid,min_ratio_hon,0.5638888888888889,0.6065306597126333
mid,min_ratio_hon,0.5805555555555556,0.6065306597126333
mid,min_ratio_hon,0.5972222222222222,0.6065306597126333
mid,min_ratio_hon,0.6138888888888889,0.6065306597126333
mid,min_ratio_hon,0.6305555555555555,0.6065306597126333
mid,min_ratio_hon,0.6472222222222223,0.6065306597126332
mid,min_ratio_hon,0.6638888888888889,0.6065306597126333
mid,min_ratio_hon,0.6805555555555556,0.6065306597126333
mid,min_ratio_hon,0.6972222222222222,0.6065306597126333
mid,min_ratio_hon,0.7138888888888889,0.6065306597126333
mid,min_ratio_hon,0.7305555555555555,0.6065306597126333
mid,min_ratio_hon,0.7472222222222222,0.6065306597126333
mid,min_ratio_hon,0.7638888888888888,0.6065306597126333
mid,min_ratio_hon,0.7805555555555556,0.6065306597126333
mid,min_ratio_hon,0.7972222222222223,0.6065306597126333
mid,min_ratio_hon,0.8138888888888889,0.6065306597126333
mid,min_ratio_hon,0.8305555555555556,0.6065306597126333
mid,min_ratio_hon,0.8472222222222222,0.6065306597126333
mid,min_ratio_hon,0.8638888888888889,0.6065306597126333
mid,min_ratio_hon,0.8805555555555555,0.6065306597126333
mid,min_ratio_hon,0.8972222222222223,0.6065306597126333
mid,min_ratio_hon,0.9138888888888889,0.6065306597126333
mid,min_ratio_hon,0.9305555555555556,0.6065306597126333
mid,min_ratio_hon,0.9472222222222222,0.6065306597126333
mid,min_ratio_hon,0.9638888888888889,0.6065306597126333
mid,min_ratio_hon,0.9805555555555555,0.6065306597126333
mid,min_ratio_hon,0.9972222222222222,0.6065306597126333
mid,min_ratio_hon,1.0138888888888888,0.6065306597126334
mid,min_ratio_hon,1.0305555555555554,0.6065306597126333
mid,min_ratio_hon,1.0472222222222223,0.6065306597126333
mid,min_ratio_hon,1.0638888888888889,0.6065306597126333
mid,min_ratio_hon,1.0805555555555555,0.6065306597126333
mid,min_ratio_hon,1.0972222222222223,0.6065306597126333
mid,min_ratio_hon,1.113888888888889,0.6065306597126333
mid,min_ratio_hon,1.1305555555555555,0.6065306597126333
mid,min_ratio_hon,1.1472222222222221,0.6065306597126333
mid,min_ratio_hon,1.163888888888889,0.6065306597126333
mid,min_ratio_hon,1.1805555555555556,0.6065306597126332
mid,min_ratio_hon,1.1972222222222222,0.6065306597126333
mid,min_ratio_hon,1.2138888888888888,0.6065306597126333
mid,min_ratio_hon,1.2305555555555556,0.6065306597126333
mid,min_ratio_hon,1.2472222222222222,0.6065306597126333
mid,min_ratio_hon,1.2638888888888888,0.6065306597126333
mid,min_ratio_hon,1.2805555555555554,0.6065306597126333
mid,min_ratio_hon,1.2972222222222223,0.6065306597126333
mid,min_ratio_hon,1.3138888888888889,0.6065306597126333
mid,min_ratio_hon,1.3305555555555555,0.6065306597126333
mid,min_ratio_hon,1.3472222222222223,0.6065306597126333
mid,min_ratio_hon,1.363888888888889,0.6065306597126333
mid,min_ratio_hon,1.3805555555555555,0.6065306597126333
mid,min_ratio_hon,1.3972222222222221,0.6065306597126332
mid,min_ratio_hon,1.413888888888889,0.6065306597126332
mid,min_ratio_hon,1.4305555555555556,0.6065306597126333
mid,min_ratio_hon,1.4472222222222222,0.6065306597126333
mid,min_ratio_hon,1.4638888888888888,0.6065306597126333
mid,min_ratio_hon,1.4805555555555556,0.6065306597126333
mid,min_ratio_hon,1.4972222222222222,0.6065306597126333
mid,min_ratio_hon,1.5138888888888888,0.6065306597126333
mid,min_ratio_hon,1.5305555555555554,0.6065306597126333
mid,min_ratio_hon,1.5472222222222223,0.6065306597126333
mid,min_ratio_hon,1.5638888888888889,0.6065306597126333
mid,min_ratio_hon,1.5805555555555555,0.6065306597126333
mid,min_ratio_hon,1.5972222222222223,0.6065306597126333
mid,min_ratio_hon,1.613888888888889,0.6065306597126333
mid,min_ratio_hon,1.6305555555555555,0.6065306597126333
mid,min_ratio_hon,1.6472222222222221,0.6065306597126333
mid,min_ratio_hon,1.663888888888889,0.6065306597126333
mid,min_ratio_hon,1.6805555555555556,0.6065306597126333
mid,min_ratio_hon,1.6972222222222222,0.6065306597126332
mid,min_ratio_hon,1.7138888888888888,0.6065306597126333
mid,min_ratio_hon,1.7305555555555556,0.6065306597126333
mid,min_ratio_hon,1.7472222222222222,0.6065306597126333
mid,min_ratio_hon,1.7638888888888888,0.6065306597126333
mid,min_ratio_hon,1.7805555555555554,0.6065306597126333
mid,min_ratio_hon,1.7972222222222223,0.6065306597126333
mid,min_ratio_hon,1.8138888888888889,0.6065306597126333
mid,min_ratio_hon,1.8305555555555555,0.6065306597126333
mid,min_ratio_hon,1.8472222222222223,0.6065306597126333
mid,min_ratio_hon,1.863888888888889,0.6065306597126333
mid,min_ratio_hon,1.8805555555555555,0.6065306597126333
mid,min_ratio_hon,1.8972222222222221,0.6065306597126333
mid,min_ratio_hon,1.913888888888889,0.6065306597126333
mid,min_ratio_hon,1.9305555555555556,0.6065306597126333
mid,min_ratio_hon,1.9472222222222222,0.6065306597126333
mid,min_ratio_hon,1.9638888888888888,0.6065306597126333
mid,min_ratio_hon,1.9805555555555556,0.6065306597126333
mid,min_ratio_hon,1.9972222222222222,0.6065306597126333
mid,min_ratio_hon,2.013888888888889,0.6065306597126333
mid,min_ratio_hon,2.0305555555555554,0.6065306597126332
mid,min_ratio_hon,2.047222222222222,0.6065306597126333
mid,min_ratio_hon,2.063888888888889,0.6065306597126333
mid,min_ratio_hon,2.0805555555555557,0.6065306597126333
mid,min_ratio_hon,2.0972222222222223,0.6065306597126333
mid,min_ratio_hon,2.113888888888889,0.6065306597126333
mid,min_ratio_hon,2.1305555555555555,0.6065306597126332
mid,min_ratio_hon,2.147222222222222,0.6065306597126333
mid,min_ratio_hon,2.1638888888888888,0.6065306597126333
mid,min_ratio_hon,2.1805555555555554,0.6065306597126333
mid,min_ratio_hon,2.1972222222222224,0.6065306597126333
mid,min_ratio_hon,2.213888888888889,0.6065306597126333
mid,min_ratio_hon,2.2305555555555556,0.6065306597126333
mid,min_ratio_hon,2.2472222222222222,0.6065306597126332
mid,min_ratio_hon,2.263888888888889,0.6065306597126333
mid,min_ratio_hon,2.2805555555555554,0.6065306597126333
mid,min_ratio_hon,2.297222222222222,0.6065306597126333
mid,min_ratio_hon,2.313888888888889,0.6065306597126333
mid,min_ratio_hon,2.3305555555555557,0.6065306597126332
mid,min_ratio_hon,2.3472222222222223,0.6065306597126333
mid,min_ratio_hon,2.363888888888889,0.6065306597126332
mid,min_ratio_hon,2.3805555555555555,0.6065306597126333
mid,min_ratio_hon,2.397222222222222,0.6065306597126332
mid,min_ratio_hon,2.4138888888888888,0.6065306597126333
mid,min_ratio_hon,2.4305555555555554,0.6065306597126333
mid,min_ratio_hon,2.4472222222222224,0.6065306597126333
mid,min_ratio_hon,2.463888888888889,0.6065306597126333
mid,min_ratio_hon,2.4805555555555556,0.6065306597126333
mid,min_ratio_hon,2.4972222222222222,0.6065306597126333
mid,min_ratio_hon,2.513888888888889,0.6065306597126333
mid,min_ratio_hon,2.5305555555555554,0.6065306597126333
mid,min_ratio_hon,2.547222222222222,0.6065306597126333
mid,min_ratio_hon,2.563888888888889,0.6065306597126333
mid,min_ratio_hon,2.5805555555555557,0.6065306597126253
mid,min_ratio_hon,2.5972222222222223,0.6065306597126333
mid,min_ratio_hon,2.613888888888889,0.6065306597126333
mid,min_ratio_hon,2.6305555555555555,0.6065306597126333
mid,min_ratio_hon,2.647222222222222,0.6065306597126333
mid,min_ratio_hon,2.6638888888888888,0.6065306597126333
mid,min_ratio_hon,2.6805555555555554,0.6065306597126333
mid,min_ratio_hon,2.6972222222222224,0.6065306597126333
mid,min_ratio_hon,2.713888888888889,0.6065306597126332
mid,min_ratio_hon,2.7305555555555556,0.6065306597126333
mid,min_ratio_hon,2.7472222222222222,0.6065306597126333
mid,min_ratio_hon,2.763888888888889,0.6065306597126333
mid,min_ratio_hon,2.7805555555555554,0.6065306597126333
mid,min_ratio_hon,2.797222222222222,0.6065306597126332
mid,min_ratio_hon,2.813888888888889,0.6065306597126333
mid,min_ratio_hon,2.8305555555555557,0.6065306597126333
mid,min_ratio_hon,2.8472222222222223,0.6065306597126333
mid,min_ratio_hon,2.863888888888889,0.6065306597126333
mid,min_ratio_hon,2.8805555555555555,0.6065306597126332
mid,min_ratio_hon,2.897222222222222,0.6065306597126333
mid,min_ratio_hon,2.9138888888888888,0.6065306597126333
mid,min_ratio_hon,2.9305555555555554,0.6065306597126333
mid,min_ratio_hon,2.9472222222222224,0.6065306597126333
mid,min_ratio_hon,2.963888888888889,0.6065306597126333
mid,min_ratio_hon,2.9805555555555556,0.6065306597126333
mid,min_ratio_hon,2.9972222222222222,0.6065306597126333
mid,min_ratio_hon,3.013888888888889,0.6065306597126333
mid,min_ratio_hon,3.0305555555555554,0.6065306597126332
mid,min_ratio_hon,3.047222222222222,0.6065306597126333
mid,min_ratio_hon,3.063888888888889,0.6065306597126333
mid,min_ratio_hon,3.0805555555555557,0.6065306597126332
mid,min_ratio_hon,3.0972222222222223,0.6065306597126333
mid,min_ratio_hon,3.113888888888889,0.6065306597126333
mid,min_ratio_hon,3.1305555555555555,0.6065306597126332
mid,min_ratio_hon,3.147222222222222,0.6065306597126333
mid,min_ratio_hon,3.1638888888888888,0.6065306597126332
mid,min_ratio_hon,3.1805555555555554,0.6065306597126333
mid,min_ratio_hon,3.1972222222222224,0.6065306597126333
mid,min_ratio_hon,3.213888888888889,0.6065306597126333
mid,min_ratio_hon,3.2305555555555556,0.6065306597126333
mid,min_ratio_hon,3.2472222222222222,0.6065306597126333
mid,min_ratio_hon,3.263888888888889,0.6065306597126333
mid,min_ratio_hon,3.2805555555555554,0.6065306597126333
mid,min_ratio_hon,3.297222222222222,0.6065306597126332
mid,min_ratio_hon,3.313888888888889,0.6065306597126333
mid,min_ratio_hon,3.3305555555555557,0.6065306597126333
mid,min_ratio_hon,3.3472222222222223,0.6065306597126333
mid,min_ratio_hon,3.363888888888889,0.6065306597126333
mid,min_ratio_hon,3.3805555555555555,0.6065306597126333
mid,min_ratio_hon,3.397222222222222,0.6065306597126333
mid,min_ratio_hon,3.4138888888888888,0.6065306597126333
mid,min_ratio_hon,3.4305555555555554,0.6065306597126333
mid,min_ratio_hon,3.4472222222222224,0.6065306597126333
mid,min_ratio_hon,3.463888888888889,0.6065306597126332
mid,min_ratio_hon,3.4805555555555556,0.6065306597126333
mid,min_ratio_hon,3.4972222222222222,0.6065306597126333
mid,min_ratio_hon,3.513888888888889,0.6065306597126333
mid,min_ratio_hon,3.5305555555555554,0.6065306597126333
mid,min_ratio_hon,3.547222222222222,0.6065306597126333
mid,min_ratio_hon,3.563888888888889,0.6065306597126328
mid,min_ratio_hon,3.5805555555555557,0.6065306597126333
mid,min_ratio_hon,3.5972222222222223,0.6065306597126332
mid,min_ratio_hon,3.613888888888889,0.6065306597126333
mid,min_ratio_hon,3.6305555555555555,0.6065306597126333
mid,min_ratio_hon,3.647222222222222,0.6065306597126333
mid,min_ratio_hon,3.6638888888888888,0.6065306597126333
mid,min_ratio_hon,3.6805555555555554,0.6065306597126272
mid,min_ratio_hon,3.6972222222222224,0.6065306597126333
mid,min_ratio_hon,3.713888888888889,0.6065306597126333
mid,min_ratio_hon,3.7305555555555556,0.6065306597126333
mid,min_ratio_hon,3.7472222222222222,0.6065306597126324
mid,min_ratio_hon,3.763888888888889,0.6065306597126333
mid,min_ratio_hon,3.7805555555555554,0.6065306597126333
mid,min_ratio_hon,3.797222222222222,0.6065306597126333
mid,min_ratio_hon,3.813888888888889,0.6065306597126333
mid,min_ratio_hon,3.8305555555555557,0.6065306597126333
mid,min_ratio_hon,3.8472222222222223,0.6065306597126333
mid,min_ratio_hon,3.863888888888889,0.6065306597126333
mid,min_ratio_hon,3.8805555555555555,0.6065306597126333
mid,min_ratio_hon,3.897222222222222,0.6065306597126333
mid,min_ratio_hon,3.9138888888888888,0.6065306597126299
mid,min_ratio_hon,3.9305555555555554,0.6065306597126332
mid,min_ratio_hon,3.9472222222222224,0.6065306597126162
mid,min_ratio_hon,3.963888888888889,0.6065306597126333
mid,min_ratio_hon,3.9805555555555556,0.6065306597126333
mid,min_ratio_hon,3.9972222222222222,0.6065306597126332
mid,min_ratio_hon,4.013888888888889,0.6065306597126333
mid,min_ratio_hon,4.030555555555556,0.6065306597126333
mid,min_ratio_hon,4.0472222222222225,0.6065306597126333
mid,min_ratio_hon,4.063888888888889,0.6065306597126333
mid,min_ratio_hon,4.080555555555556,0.6065306597126332
mid,min_ratio_hon,4.097222222222222,0.6065306597126333
mid,min_ratio_hon,4.113888888888889,0.6065306597126333
mid,min_ratio_hon,4.1305555555555555,0.6065306597126333
mid,min_ratio_hon,4.147222222222222,0.6065306597126332
mid,min_ratio_hon,4.163888888888889,0.6065306597126333
mid,min_ratio_hon,4.180555555555555,0.6065306597126333
mid,min_ratio_hon,4.197222222222222,0.6065306597126333
mid,min_ratio_hon,4.213888888888889,0.6065306597126333
mid,min_ratio_hon,4.230555555555555,0.6065306597126333
mid,min_ratio_hon,4.247222222222222,0.6065306597126333
mid,min_ratio_hon,4.263888888888889,0.6065306597126333
mid,min_ratio_hon,4.280555555555556,0.6065306597126332
mid,min_ratio_hon,4.2972222222222225,0.6065306597126333
mid,min_ratio_hon,4.313888888888889,0.6065306597126333
mid,min_ratio_hon,4.330555555555556,0.6065306597126333
mid,min_ratio_hon,4.347222222222222,0.6065306597126333
mid,min_ratio_hon,4.363888888888889,0.6065306597126333
mid,min_ratio_hon,4.3805555555555555,0.6065306597126333
mid,min_ratio_hon,4.397222222222222,0.6065306597126333
mid,min_ratio_hon,4.413888888888889,0.6065306597126332
mid,min_ratio_hon,4.430555555555555,0.6065306597126333
mid,min_ratio_hon,4.447222222222222,0.6065306597126333
mid,min_ratio_hon,4.463888888888889,0.6065306597126333
mid,min_ratio_hon,4.480555555555555,0.6065306597126333
mid,min_ratio_hon,4.497222222222222,0.6065306597126333
mid,min_ratio_hon,4.513888888888889,0.6065306597126332
mid,min_ratio_hon,4.530555555555556,0.6065306597126333
mid,min_ratio_hon,4.5472222222222225,0.6065306597126333
mid,min_ratio_hon,4.563888888888889,0.6065306597126333
mid,min_ratio_hon,4.580555555555556,0.6065306597126333
mid,min_ratio_hon,4.597222222222222,0.6065306597126333
mid,min_ratio_hon,4.613888888888889,0.6065306597126333
mid,min_ratio_hon,4.6305555555555555,0.6065306597126332
mid,min_ratio_hon,4.647222222222222,0.6065306597126332
mid,min_ratio_hon,4.663888888888889,0.6065306597126333
mid,min_ratio_hon,4.680555555555555,0.6065306597126332
mid,min_ratio_hon,4.697222222222222,0.6065306597126333
mid,min_ratio_hon,4.713888888888889,0.6065306597126333
mid,min_ratio_hon,4.730555555555555,0.6065306597126333
mid,min_ratio_hon,4.747222222222222,0.6065306597126333
mid,min_ratio_hon,4.763888888888889,0.6065306597126332
mid,min_ratio_hon,4.780555555555556,0.6065306597126333
mid,min_ratio_hon,4.7972222222222225,0.6065306597126333
mid,min_ratio_hon,4.813888888888889,0.6065306597126333
mid,min_ratio_hon,4.830555555555556,0.6065306597126332
mid,min_ratio_hon,4.847222222222222,0.6065306597126333
mid,min_ratio_hon,4.863888888888889,0.6065306597126333
mid,min_ratio_hon,4.8805555555555555,0.6065306597126333
mid,min_ratio_hon,4.897222222222222,0.6065306597126333
mid,min_ratio_hon,4.913888888888889,0.6065306597126333
mid,min_ratio_hon,4.930555555555555,0.6065306597126333
mid,min_ratio_hon,4.947222222222222,0.6065306597126333
mid,min_ratio_hon,4.963888888888889,0.6065306597126333
mid,min_ratio_hon,4.980555555555555,0.6065306597126333
mid,min_ratio_hon,4.997222222222222,0.6065306597126333
mid,min_ratio_hon,5.013888888888889,0.6065306597126333
mid,min_ratio_hon,5.030555555555556,0.6065306597126333
mid,min_ratio_hon,5.0472222222222225,0.6065306597126333
mid,min_ratio_hon,5.063888888888889,0.6065306597126333
mid,min_ratio_hon,5.080555555555556,0.6065306597126333
mid,min_ratio_hon,5.097222222222222,0.6065306597126332
mid,min_ratio_hon,5.113888888888889,0.6065306597126332
mid,min_ratio_hon,5.1305555555555555,0.6065306597126333
mid,min_ratio_hon,5.147222222222222,0.6065306597126333
mid,min_ratio_hon,5.163888888888889,0.6065306597126333
mid,min_ratio_hon,5.180555555555555,0.6065306597126333
mid,min_ratio_hon,5.197222222222222,0.6065306597126333
mid,min_ratio_hon,5.213888888888889,0.6065306597126333
mid,min_ratio_hon,5.230555555555555,0.6065306597126333
mid,min_ratio_hon,5.247222222222222,0.6065306597126333
mid,min_ratio_hon,5.263888888888889,0.6065306597126333
mid,min_ratio_hon,5.280555555555556,0.6065306597126332
mid,min_ratio_hon,5.2972222222222225,0.6065306597126333
mid,min_ratio_hon,5.313888888888889,0.6065306597126333
mid,min_ratio_hon,5.330555555555556,0.6065306597126332
mid,min_ratio_hon,5.347222222222222,0.6065306597126333
mid,min_ratio_hon,5.363888888888889,0.6065306597126333
mid,min_ratio_hon,5.3805555555555555,0.6065306597126333
mid,min_ratio_hon,5.397222222222222,0.6065306597126333
mid,min_ratio_hon,5.413888888888889,0.6065306597126333
mid,min_ratio_hon,5.430555555555555,0.6065306597126333
mid,min_ratio_hon,5.447222222222222,0.6065306597126333
mid,min_ratio_hon,5.463888888888889,0.6065306597126333
mid,min_ratio_hon,5.480555555555555,0.6065306597125787
mid,min_ratio_hon,5.497222222222222,0.6065306597126333
mid,min_ratio_hon,5.513888888888889,0.6065306597126333
mid,min_ratio_hon,5.530555555555556,0.6065306597126332
mid,min_ratio_hon,5.5472222222222225,0.6065306597126333
mid,min_ratio_hon,5.563888888888889,0.6065306597126333
mid,min_ratio_hon,5.580555555555556,0.6065306597126333
mid,min_ratio_hon,5.597222222222222,0.6065306597126333
mid,min_ratio_hon,5.613888888888889,0.6065306597126333
mid,min_ratio_hon,5.6305555555555555,0.6065306597126333
mid,min_ratio_hon,5.647222222222222,0.6065306597126333
mid,min_ratio_hon,5.663888888888889,0.6065306597126333
mid,min_ratio_hon,5.680555555555555,0.6065306597126333
mid,min_ratio_hon,5.697222222222222,0.6065306597126333
mid,min_ratio_hon,5.713888888888889,0.6065306597126333
mid,min_ratio_hon,5.730555555555555,0.6065306597126333
mid,min_ratio_hon,5.747222222222222,0.6065306597126333
mid,min_ratio_hon,5.763888888888889,0.6065306597126333
mid,min_ratio_hon,5.780555555555556,0.6065306597126333
mid,min_ratio_hon,5.7972222222222225,0.6065306597126333
mid,min_ratio_hon,5.813888888888889,0.6065306597126333
mid,min_ratio_hon,5.830555555555556,0.6065306597126333
mid,min_ratio_hon,5.847222222222222,0.6065306597126333
mid,min_ratio_hon,5.863888888888889,0.6065306597126333
mid,min_ratio_hon,5.8805555555555555,0.6065306597126333
mid,min_ratio_hon,5.897222222222222,0.6065306597126333
mid,min_ratio_hon,5.913888888888889,0.6065306597126333
mid,min_ratio_hon,5.930555555555555,0.6065306597126333
mid,min_ratio_hon,5.947222222222222,0.6065306597126333
mid,min_ratio_hon,5.963888888888889,0.6065306597126333
mid,min_ratio_hon,5.980555555555555,0.6065306597126333
mid,min_ratio_hon,5.997222222222222,0.6065306597126333
mid,min_ratio_hon,6.013888888888889,0.6065306597126333
mid,min_ratio_hon,6.030555555555556,0.6065306597126333
mid,min_ratio_hon,6.0472222222222225,0.6065306597126333
mid,min_ratio_hon,6.063888888888889,0.6065306597126333
mid,min_ratio_hon,6.080555555555556,0.6065306597126333
mid,min_ratio_hon,6.097222222222222,0.6065306597126333
mid,min_ratio_hon,6.113888888888889,0.6065306597126333
mid,min_ratio_hon,6.1305555555555555,0.6065306597126332
mid,min_ratio_hon,6.147222222222222,0.6065306597126333
mid,min_ratio_hon,6.163888888888889,0.6065306597126332
mid,min_ratio_hon,6.180555555555555,0.6065306597126333
mid,min_ratio_hon,6.197222222222222,0.6065306597126333
mid,min_ratio_hon,6.213888888888889,0.6065306597126333
mid,min_ratio_hon,6.230555555555555,0.6065306597126333
mid,min_ratio_hon,6.247222222222222,0.6065306597126332
mid,min_ratio_hon,6.263888888888889,0.6065306597126332
mid,min_ratio_hon,6.280555555555556,0.6065306597126333
mid,min_ratio_hon,6.2972222222222225,0.6065306597126332
mid,min_ratio_hon,6.313888888888889,0.6065306597126333
mid,min_ratio_hon,6.330555555555556,0.6065306597126333
mid,min_ratio_hon,6.347222222222222,0.6065306597126333
mid,min_ratio_hon,6.363888888888889,0.6065306597126333
mid,min_ratio_hon,6.3805555555555555,0.6065306597126333
mid,min_ratio_hon,6.397222222222222,0.6065306597126333
mid,min_ratio_hon,6.413888888888889,0.6065306597126332
mid,min_ratio_hon,6.430555555555555,0.6065306597126333
mid,min_ratio_hon,6.447222222222222,0.6065306597126333
mid,min_ratio_hon,6.463888888888889,0.6065306597126333
mid,min_ratio_hon,6.480555555555555,0.6065306597126333
mid,min_ratio_hon,6.497222222222222,0.6065306597126332
mid,min_ratio_hon,6.513888888888889,0.6065306597126333
mid,min_ratio_hon,6.530555555555556,0.6065306597126332
mid,min_ratio_hon,6.5472222222222225,0.6065306597126333
mid,min_ratio_hon,6.563888888888889,0.6065306597126333
mid,min_ratio_hon,6.580555555555556,0.6065306597126333
mid,min_ratio_hon,6.597222222222222,0.6065306597126332
mid,min_ratio_hon,6.613888888888889,0.6065306597126333
mid,min_ratio_hon,6.6305555555555555,0.6065306597126333
mid,min_ratio_hon,6.647222222222222,0.6065306597126333
mid,min_ratio_hon,6.663888888888889,0.6065306597126333
mid,min_ratio_hon,6.680555555555555,0.6065306597126333
mid,min_ratio_hon,6.697222222222222,0.6065306597126333
mid,min_ratio_hon,6.713888888888889,0.6065306597126333
mid,min_ratio_hon,6.730555555555555,0.6065306597126332
mid,min_ratio_hon,6.747222222222222,0.6065306597126333
mid,min_ratio_hon,6.763888888888889,0.6065306597126333
mid,min_ratio_hon,6.780555555555556,0.6065306597126333
mid,min_ratio_hon,6.7972222222222225,0.6065306597126333
mid,min_ratio_hon,6.813888888888889,0.6065306597126333
mid,min_ratio_hon,6.830555555555556,0.6065306597126333
mid,min_ratio_hon,6.847222222222222,0.6065306597126333
mid,min_ratio_hon,6.863888888888889,0.6065306597126332
mid,min_ratio_hon,6.8805555555555555,0.6065306597126333
mid,min_ratio_hon,6.897222222222222,0.6065306597126333
mid,min_ratio_hon,6.913888888888889,0.6065306597126333
mid,min_ratio_hon,6.930555555555555,0.6065306597126333
mid,min_ratio_hon,6.947222222222222,0.6065306597126333
mid,min_ratio_hon,6.963888888888889,0.6065306597126332
mid,min_ratio_hon,6.980555555555555,0.6065306597126333
mid,min_ratio_hon,6.997222222222222,0.6065306597126333
mid,min_ratio_hon,7.013888888888889,0.6065306597126333
mid,min_ratio_hon,7.030555555555556,0.6065306597126332
mid,min_ratio_hon,7.0472222222222225,0.6065306597126333
mid,min_ratio_hon,7.063888888888889,0.6065306597126333
mid,min_ratio_hon,7.080555555555556,0.6065306597126332
mid,min_ratio_hon,7.097222222222222,0.6065306597126333
mid,min_ratio_hon,7.113888888888889,0.6065306597126333
mid,min_ratio_hon,7.1305555555555555,0.6065306597126333
mid,min_ratio_hon,7.147222222222222,0.6065306597126333
mid,min_ratio_hon,7.163888888888889,0.6065306597126333
mid,min_ratio_hon,7.180555555555555,0.6065306597126333
mid,min_ratio_hon,7.197222222222222,0.6065306597126333
mid,min_ratio_hon,7.213888888888889,0.6065306597126333
mid,min_ratio_hon,7.230555555555555,0.6065306597126333
mid,min_ratio_hon,7.247222222222222,0.6065306597126333
mid,min_ratio_hon,7.263888888888889,0.6065306597126333
mid,min_ratio_hon,7.280555555555556,0.6065306597126332
mid,min_ratio_hon,7.2972222222222225,0.6065306597126332
mid,min_ratio_hon,7.313888888888889,0.6065306597126333
mid,min_ratio_hon,7.330555555555556,0.6065306597126332
mid,min_ratio_hon,7.347222222222222,0.6065306597126333
mid,min_ratio_hon,7.363888888888889,0.6065306597126333
mid,min_ratio_hon,7.3805555555555555,0.6065306597126332
mid,min_ratio_hon,7.397222222222222,0.6065306597126333
mid,min_ratio_hon,7.413888888888889,0.6065306597126333
mid,min_ratio_hon,7.430555555555555,0.6065306597126333
mid,min_ratio_hon,7.447222222222222,0.6065306597126333
mid,min_ratio_hon,7.463888888888889,0.6065306597126333
mid,min_ratio_hon,7.480555555555555,0.6065306597126333
mid,min_ratio_hon,7.497222222222222,0.6065306597126332
mid,min_ratio_hon,7.513888888888889,0.6065306597126333
mid,min_ratio_hon,7.530555555555556,0.6065306597126321
mid,min_ratio_hon,7.5472222222222225,0.6065306597126333
mid,min_ratio_hon,7.563888888888889,0.6065306597126332
mid,min_ratio_hon,7.580555555555556,0.6065306597126333
mid,min_ratio_hon,7.597222222222222,0.6065306597126333
mid,min_ratio_hon,7.613888888888889,0.6065306597126333
mid,min_ratio_hon,7.6305555555555555,0.6065306597125455
mid,min_ratio_hon,7.647222222222222,0.6065306597126333
mid,min_ratio_hon,7.663888888888889,0.6065306597126333
mid,min_ratio_hon,7.680555555555555,0.6065306597126333
mid,min_ratio_hon,7.697222222222222,0.6065306597126333
mid,min_ratio_hon,7.713888888888889,0.6065306597126333
mid,min_ratio_hon,7.730555555555555,0.6065306597126333
mid,min_ratio_hon,7.747222222222222,0.6065306597126333
mid,min_ratio_hon,7.763888888888889,0.6065306597126332
mid,min_ratio_hon,7.780555555555556,0.6065306597126333
mid,min_ratio_hon,7.7972222222222225,0.6065306597126332
mid,min_ratio_hon,7.813888888888889,0.6065306597126333
mid,min_ratio_hon,7.830555555555556,0.6065306597126332
mid,min_ratio_hon,7.847222222222222,0.6065306597126333
mid,min_ratio_hon,7.863888888888889,0.6065306597126333
mid,min_ratio_hon,7.8805555555555555,0.6065306597126333
mid,min_ratio_hon,7.897222222222222,0.6065306597126333
mid,min_ratio_hon,7.913888888888889,0.6065306597126333
mid,min_ratio_hon,7.930555555555555,0.6065306597126333
mid,min_ratio_hon,7.947222222222222,0.6065306597126333
mid,min_ratio_hon,7.963888888888889,0.6065306597126333
mid,min_ratio_hon,7.980555555555555,0.6065306597126333
mid,min_ratio_hon,7.997222222222222,0.6065306597126333
mid,min_ratio_hon,8.01388888888889,0.6065306597126333
mid,min_ratio_hon,8.030555555555555,0.6065306597126333
mid,min_ratio_hon,8.047222222222222,0.6065306597126333
mid,min_ratio_hon,8.063888888888888,0.6065306597126332
mid,min_ratio_hon,8.080555555555556,0.6065306597126333
mid,min_ratio_hon,8.097222222222221,0.6065306597126333
mid,min_ratio_hon,8.113888888888889,0.6065306597126333
mid,min_ratio_hon,8.130555555555556,0.6065306597126333
mid,min_ratio_hon,8.147222222222222,0.6065306597126333
mid,min_ratio_hon,8.16388888888889,0.6065306597126333
mid,min_ratio_hon,8.180555555555555,0.6065306597126332
mid,min_ratio_hon,8.197222222222223,0.6065306597126333
mid,min_ratio_hon,8.213888888888889,0.6065306597126333
mid,min_ratio_hon,8.230555555555556,0.6065306597126333
mid,min_ratio_hon,8.247222222222222,0.6065306597126333
mid,min_ratio_hon,8.26388888888889,0.6065306597126333
mid,min_ratio_hon,8.280555555555555,0.6065306597126333
mid,min_ratio_hon,8.297222222222222,0.6065306597126333
mid,min_ratio_hon,8.313888888888888,0.6065306597126332
mid,min_ratio_hon,8.330555555555556,0.6065306597126333
mid,min_ratio_hon,8.347222222222221,0.6065306597126333
mid,min_ratio_hon,8.363888888888889,0.6065306597126333
mid,min_ratio_hon,8.380555555555556,0.6065306597126333
mid,min_ratio_hon,8.397222222222222,0.6065306597126333
mid,min_ratio_hon,8.41388888888889,0.6065306597126332
mid,min_ratio_hon,8.430555555555555,0.6065306597126333
mid,min_ratio_hon,8.447222222222223,0.6065306597126333
mid,min_ratio_hon,8.463888888888889,0.6065306597126332
mid,min_ratio_hon,8.480555555555556,0.6065306597126332
mid,min_ratio_hon,8.497222222222222,0.6065306597126333
mid,min_ratio_hon,8.51388888888889,0.6065306597126333
mid,min_ratio_hon,8.530555555555555,0.6065306597126333
mid,min_ratio_hon,8.547222222222222,0.6065306597126333
mid,min_ratio_hon,8.563888888888888,0.6065306597126333
mid,min_ratio_hon,8.580555555555556,0.6065306597126333
mid,min_ratio_hon,8.597222222222221,0.6065306597126333
mid,min_ratio_hon,8.613888888888889,0.6065306597126332
mid,min_ratio_hon,8.630555555555556,0.6065306597126333
mid,min_ratio_hon,8.647222222222222,0.6065306597126333
mid,min_ratio_hon,8.66388888888889,0.6065306597126333
mid,min_ratio_hon,8.680555555555555,0.6065306597126333
mid,min_ratio_hon,8.697222222222223,0.6065306597126333
mid,min_ratio_hon,8.713888888888889,0.6065306597126333
mid,min_ratio_hon,8.730555555555556,0.6065306597126333
mid,min_ratio_hon,8.747222222222222,0.6065306597126333
mid,min_ratio_hon,8.76388888888889,0.6065306597126333
mid,min_ratio_hon,8.780555555555555,0.6065306597126333
mid,min_ratio_hon,8.797222222222222,0.6065306597126333
mid,min_ratio_hon,8.813888888888888,0.6065306597126333
mid,min_ratio_hon,8.830555555555556,0.6065306597126333
mid,min_ratio_hon,8.847222222222221,0.6065306597126333
mid,min_ratio_hon,8.863888888888889,0.6065306597126333
mid,min_ratio_hon,8.880555555555556,0.6065306597126333
mid,min_ratio_hon,8.897222222222222,0.6065306597126333
mid,min_ratio_hon,8.91388888888889,0.6065306597126333
mid,min_ratio_hon,8.930555555555555,0.6065306597126333
mid,min_ratio_hon,8.947222222222223,0.6065306597126333
mid,min_ratio_hon,8.963888888888889,0.6065306597126333
mid,min_ratio_hon,8.980555555555556,0.6065306597126333
mid,min_ratio_hon,8.997222222222222,0.6065306597126333
mid,min_ratio_hon,9.01388888888889,0.6065306597126332
mid,min_ratio_hon,9.030555555555555,0.6065306597126333
mid,min_ratio_hon,9.047222222222222,0.6065306597126332
mid,min_ratio_hon,9.063888888888888,0.6065306597126333
mid,min_ratio_hon,9.080555555555556,0.6065306597126333
mid,min_ratio_hon,9.097222222222221,0.6065306597126332
mid,min_ratio_hon,9.113888888888889,0.6065306597126333
mid,min_ratio_hon,9.130555555555556,0.6065306597126333
mid,min_ratio_hon,9.147222222222222,0.6065306597126333
mid,min_ratio_hon,9.16388888888889,0.6065306597126332
mid,min_ratio_hon,9.180555555555555,0.6065306597126333
mid,min_ratio_hon,9.197222222222223,0.6065306597126333
mid,min_ratio_hon,9.213888888888889,0.6065306597126333
mid,min_ratio_hon,9.230555555555556,0.6065306597126333
mid,min_ratio_hon,9.247222222222222,0.6065306597126333
mid,min_ratio_hon,9.26388888888889,0.6065306597126333
mid,min_ratio_hon,9.280555555555555,0.6065306597126333
mid,min_ratio_hon,9.297222222222222,0.6065306597126333
mid,min_ratio_hon,9.313888888888888,0.6065306597126332
mid,min_ratio_hon,9.330555555555556,0.6065306597126333
mid,min_ratio_hon,9.347222222222221,0.6065306597126333
mid,min_ratio_hon,9.363888888888889,0.6065306597126332
mid,min_ratio_hon,9.380555555555556,0.6065306597126332
mid,min_ratio_hon,9.397222222222222,0.6065306597126333
mid,min_ratio_hon,9.41388888888889,0.6065306597126333
mid,min_ratio_hon,9.430555555555555,0.6065306597126332
mid,min_ratio_hon,9.447222222222223,0.6065306597126333
mid,min_ratio_hon,9.463888888888889,0.6065306597126333
mid,min_ratio_hon,9.480555555555556,0.6065306597126333
mid,min_ratio_hon,9.497222222222222,0.6065306597126333
mid,min_ratio_hon,9.51388888888889,0.6065306597126333
mid,min_ratio_hon,9.530555555555555,0.6065306597126333
mid,min_ratio_hon,9.547222222222222,0.6065306597126333
mid,min_ratio_hon,9.563888888888888,0.6065306597126333
mid,min_ratio_hon,9.580555555555556,0.6065306597126333
mid,min_ratio_hon,9.597222222222221,0.6065306597126333
mid,min_ratio_hon,9.613888888888889,0.6065306597126333
mid,min_ratio_hon,9.630555555555556,0.6065306597126333
mid,min_ratio_hon,9.647222222222222,0.6065306597126333
mid,min_ratio_hon,9.66388888888889,0.6065306597126333
mid,min_ratio_hon,9.680555555555555,0.6065306597126333
mid,min_ratio_hon,9.697222222222223,0.6065306597126333
mid,min_ratio_hon,9.713888888888889,0.6065306597126333
mid,min_ratio_hon,9.730555555555556,0.6065306597126333
mid,min_ratio_hon,9.747222222222222,0.6065306597126332
mid,min_ratio_hon,9.76388888888889,0.6065306597126333
mid,min_ratio_hon,9.780555555555555,0.6065306597126333
mid,min_ratio_hon,9.797222222222222,0.6065306597126333
mid,min_ratio_hon,9.813888888888888,0.6065306597126333
mid,min_ratio_hon,9.830555555555556,0.6065306597126333
mid,min_ratio_hon,9.847222222222221,0.6065306597126333
mid,min_ratio_hon,9.863888888888889,0.6065306597126333
mid,min_ratio_hon,9.880555555555556,0.6065306597126333
mid,min_ratio_hon,9.897222222222222,0.6065306597126333
mid,min_ratio_hon,9.91388888888889,0.6065306597126333
mid,min_ratio_hon,9.930555555555555,0.6065306597126333
mid,min_ratio_hon,9.947222222222223,0.6065306597126333
mid,min_ratio_hon,9.963888888888889,0.6065306597126333
mid,min_ratio_hon,9.980555555555556,0.6065306597126333
mid,min_ratio_hon,9.997222222222222,0.6065306597126333
mid,min_ratio_hon,10.01388888888889,0.6065306597126333
mid,min_ratio_hon,10.030555555555555,0.6065306597126333
mid,min_ratio_hon,10.047222222222222,0.6065306597126332
mid,min_ratio_hon,10.063888888888888,0.6065306597126333
mid,min_ratio_hon,10.080555555555556,0.6065306597126333
mid,min_ratio_hon,10.097222222222221,0.6065306597126333
mid,min_ratio_hon,10.113888888888889,0.6065306597126333
mid,min_ratio_hon,10.130555555555556,0.6065306597126332
mid,min_ratio_hon,10.147222222222222,0.6065306597126333
mid,min_ratio_hon,10.16388888888889,0.6065306597126333
mid,min_ratio_hon,10.180555555555555,0.6065306597126332
mid,min_ratio_hon,10.197222222222223,0.6065306597126333
mid,min_ratio_hon,10.213888888888889,0.6065306597126333
mid,min_ratio_hon,10.230555555555556,0.6065306597126333
mid,min_ratio_hon,10.247222222222222,0.6065306597126332
mid,min_ratio_hon,10.26388888888889,0.6065306597126333
mid,min_ratio_hon,10.280555555555555,0.6065306597126333
mid,min_ratio_hon,10.297222222222222,0.6065306597126333
mid,min_ratio_hon,10.313888888888888,0.6065306597126333
mid,min_ratio_hon,10.330555555555556,0.6065306597126333
mid,min_ratio_hon,10.347222222222221,0.6065306597126333
mid,min_ratio_hon,10.363888888888889,0.6065306597126333
mid,min_ratio_hon,10.380555555555556,0.6065306597126333
mid,min_ratio_hon,10.397222222222222,0.6065306597126333
mid,min_ratio_hon,10.41388888888889,0.6065306597126332
mid,min_ratio_hon,10.430555555555555,0.6065306597126333
mid,min_ratio_hon,10.447222222222223,0.6065306597126333
mid,min_ratio_hon,10.463888888888889,0.6065306597126333
mid,min_ratio_hon,10.480555555555556,0.6065306597126333
mid,min_ratio_hon,10.497222222222222,0.6065306597126333
mid,min_ratio_hon,10.51388888888889,0.6065306597125759
mid,min_ratio_hon,10.530555555555555,0.6065306597126333
mid,min_ratio_hon,10.547222222222222,0.6065306597126332
mid,min_ratio_hon,10.563888888888888,0.6065306597126333
mid,min_ratio_hon,10.580555555555556,0.6065306597126333
mid,min_ratio_hon,10.597222222222221,0.6065306597126333
mid,min_ratio_hon,10.613888888888889,0.6065306597126333
mid,min_ratio_hon,10.630555555555556,0.6065306597126333
mid,min_ratio_hon,10.647222222222222,0.6065306597126333
mid,min_ratio_hon,10.66388888888889,0.6065306597126332
mid,min_ratio_hon,10.680555555555555,0.6065306597126333
mid,min_ratio_hon,10.697222222222223,0.6065306597126332
mid,min_ratio_hon,10.713888888888889,0.6065306597126332
mid,min_ratio_hon,10.730555555555556,0.6065306597126333
mid,min_ratio_hon,10.747222222222222,0.6065306597126333
mid,min_ratio_hon,10.76388888888889,0.6065306597126333
mid,min_ratio_hon,10.780555555555555,0.6065306597126333
mid,min_ratio_hon,10.797222222222222,0.6065306597126333
mid,min_ratio_hon,10.813888888888888,0.6065306597126332
mid,min_ratio_hon,10.830555555555556,0.6065306597126333
mid,min_ratio_hon,10.847222222222221,0.6065306597126332
mid,min_ratio_hon,10.863888888888889,0.6065306597126333
mid,min_ratio_hon,10.880555555555556,0.6065306597126333
mid,min_ratio_hon,10.897222222222222,0.6065306597126333
mid,min_ratio_hon,10.91388888888889,0.6065306597126333
mid,min_ratio_hon,10.930555555555555,0.6065306597126333
mid,min_ratio_hon,10.947222222222223,0.6065306597126333
mid,min_ratio_hon,10.963888888888889,0.6065306597126333
mid,min_ratio_hon,10.980555555555556,0.6065306597126333
mid,min_ratio_hon,10.997222222222222,0.6065306597126018
mid,min_ratio_hon,11.01388888888889,0.6065306597126333
mid,min_ratio_hon,11.030555555555555,0.6065306597126333
mid,min_ratio_hon,11.047222222222222,0.6065306597126333
mid,min_ratio_hon,11.063888888888888,0.6065306597126333
mid,min_ratio_hon,11.080555555555556,0.6065306597126333
mid,min_ratio_hon,11.097222222222221,0.6065306597126333
mid,min_ratio_hon,11.113888888888889,0.6065306597126333
mid,min_ratio_hon,11.130555555555556,0.6065306597126333
mid,min_ratio_hon,11.147222222222222,0.6065306597126333
mid,min_ratio_hon,11.16388888888889,0.6065306597126333
mid,min_ratio_hon,11.180555555555555,0.6065306597126333
mid,min_ratio_hon,11.197222222222223,0.6065306597126333
mid,min_ratio_hon,11.213888888888889,0.6065306597126333
mid,min_ratio_hon,11.230555555555556,0.6065306597126333
mid,min_ratio_hon,11.247222222222222,0.6065306597126333
mid,min_ratio_hon,11.26388888888889,0.6065306597126332
mid,min_ratio_hon,11.280555555555555,0.6065306597126333
mid,min_ratio_hon,11.297222222222222,0.6065306597126332
mid,min_ratio_hon,11.313888888888888,0.6065306597126332
mid,min_ratio_hon,11.330555555555556,0.6065306597126332
mid,min_ratio_hon,11.347222222222221,0.6065306597126332
mid,min_ratio_hon,11.363888888888889,0.6065306597126333
mid,min_ratio_hon,11.380555555555556,0.6065306597126332
mid,min_ratio_hon,11.397222222222222,0.6065306597126333
mid,min_ratio_hon,11.41388888888889,0.6065306597126332
mid,min_ratio_hon,11.430555555555555,0.6065306597125993
mid,min_ratio_hon,11.447222222222223,0.6065306597126333
mid,min_ratio_hon,11.463888888888889,0.6065306597126333
mid,min_ratio_hon,11.480555555555556,0.6065306597126333
mid,min_ratio_hon,11.497222222222222,0.6065306597126332
mid,min_ratio_hon,11.51388888888889,0.6065306597126332
mid,min_ratio_hon,11.530555555555555,0.6065306597126333
mid,min_ratio_hon,11.547222222222222,0.6065306597126333
mid,min_ratio_hon,11.563888888888888,0.6065306597126333
mid,min_ratio_hon,11.580555555555556,0.6065306597125673
mid,min_ratio_hon,11.597222222222221,0.6065306597126333
mid,min_ratio_hon,11.613888888888889,0.6065306597126333
mid,min_ratio_hon,11.630555555555556,0.6065306597126332
mid,min_ratio_hon,11.647222222222222,0.6065306597126333
mid,min_ratio_hon,11.66388888888889,0.6065306597125828
mid,min_ratio_hon,11.680555555555555,0.6065306597126333
mid,min_ratio_hon,11.697222222222223,0.6065306597126093
mid,min_ratio_hon,11.713888888888889,0.6065306597126333
mid,min_ratio_hon,11.730555555555556,0.6065306597126333
mid,min_ratio_hon,11.747222222222222,0.6065306597126332
mid,min_ratio_hon,11.76388888888889,0.6065306597126333
mid,min_ratio_hon,11.780555555555555,0.6065306597126333
mid,min_ratio_hon,11.797222222222222,0.6065306597126333
mid,min_ratio_hon,11.813888888888888,0.6065306597126333
mid,min_ratio_hon,11.830555555555556,0.6065306597126333
mid,min_ratio_hon,11.847222222222221,0.6065306597126333
mid,min_ratio_hon,11.863888888888889,0.6065306597126333
mid,min_ratio_hon,11.880555555555556,0.6065306597126332
mid,min_ratio_hon,11.897222222222222,0.6065306597126332
mid,min_ratio_hon,11.91388888888889,0.6065306597126333
mid,min_ratio_hon,11.930555555555555,0.6065306597126333
mid,min_ratio_hon,11.947222222222223,0.6065306597126333
mid,min_ratio_hon,11.963888888888889,0.6065306597126333
mid,min_ratio_hon,11.980555555555556,0.6065306597126333
mid,min_ratio_hon,11.997222222222222,0.6065306597126333
mid,max_ratio_hon,0.013888888888888888,1.6264826600072257
mid,max_ratio_hon,0.030555555555555555,1.6487212707001284
mid,max_ratio_hon,0.04722222222222222,1.6487212707001286
mid,max_ratio_hon,0.06388888888888888,1.6487212707001286
mid,max_ratio_hon,0.08055555555555556,1.6487212707001286
mid,max_ratio_hon,0.09722222222222222,1.6487212707001286
mid,max_ratio_hon,0.11388888888888889,1.6487212707001286
mid,max_ratio_hon,0.13055555555555556,1.6487212707001284
mid,max_ratio_hon,0.14722222222222223,1.6487212707001289
mid,max_ratio_hon,0.1638888888888889,1.6487212707001286
mid,max_ratio_hon,0.18055555555555555,1.6487212707001286
mid,max_ratio_hon,0.19722222222222222,1.6487212707001286
mid,max_ratio_hon,0.21388888888888888,1.6487212707001284
mid,max_ratio_hon,0.23055555555555557,1.6487212707001286
mid,max_ratio_hon,0.24722222222222223,1.6487212707001284
mid,max_ratio_hon,0.2638888888888889,1.6487212707001657
mid,max_ratio_hon,0.28055555555555556,1.6487212707001286
mid,max_ratio_hon,0.2972222222222222,1.6487212707001284
mid,max_ratio_hon,0.3138888888888889,1.6487212707001286
mid,max_ratio_hon,0.33055555555555555,1.6487212707001286
mid,max_ratio_hon,0.3472222222222222,1.6487212707001286
mid,max_ratio_hon,0.3638888888888889,1.6487212707001286
mid,max_ratio_hon,0.38055555555555554,1.6487212707002001
mid,max_ratio_hon,0.3972222222222222,1.6487212707002024
mid,max_ratio_hon,0.41388888888888886,1.6487212707001284
mid,max_ratio_hon,0.4305555555555556,1.6487212707001286
mid,max_ratio_hon,0.44722222222222224,1.6487212707001286
mid,max_ratio_hon,0.4638888888888889,1.6487212707001286
mid,max_ratio_hon,0.48055555555555557,1.6487212707001286
mid,max_ratio_hon,0.49722222222222223,1.6487212707001284
mid,max_ratio_hon,0.5138888888888888,1.6487212707001286
mid,max_ratio_hon,0.5305555555555556,1.6487212707001284
mid,max_ratio_hon,0.5472222222222223,1.6487212707001284
mid,max_ratio_hon,0.5638888888888889,1.6487212707001286
mid,max_ratio_hon,0.5805555555555556,1.6487212707001286
mid,max_ratio_hon,0.5972222222222222,1.6487212707001284
mid,max_ratio_hon,0.6138888888888889,1.6487212707001284
mid,max_ratio_hon,0.6305555555555555,1.6487212707001286
mid,max_ratio_hon,0.6472222222222223,1.6487212707001286
mid,max_ratio_hon,0.6638888888888889,1.6487212707001284
mid,max_ratio_hon,0.6805555555555556,1.6487212707001286
mid,max_ratio_hon,0.6972222222222222,1.6487212707001286
mid,max_ratio_hon,0.7138888888888889,1.6487212707001286
mid,max_ratio_hon,0.7305555555555555,1.6487212707001286
mid,max_ratio_hon,0.7472222222222222,1.6487212707001286
mid,max_ratio_hon,0.7638888888888888,1.6487212707001286
mid,max_ratio_hon,0.7805555555555556,1.6487212707001286
mid,max_ratio_hon,0.7972222222222223,1.6487212707001286
mid,max_ratio_hon,0.8138888888888889,1.6487212707001284
mid,max_ratio_hon,0.8305555555555556,1.6487212707001286
mid,max_ratio_hon,0.8472222222222222,1.6487212707001286
mid,max_ratio_hon,0.8638888888888889,1.6487212707001286
mid,max_ratio_hon,0.8805555555555555,1.6487212707001286
mid,max_ratio_hon,0.8972222222222223,1.6487212707001286
mid,max_ratio_hon,0.9138888888888889,1.6487212707001286
mid,max_ratio_hon,0.9305555555555556,1.6487212707001286
mid,max_ratio_hon,0.9472222222222222,1.6487212707001284
mid,max_ratio_hon,0.9638888888888889,1.6487212707001286
mid,max_ratio_hon,0.9805555555555555,1.6487212707001284
mid,max_ratio_hon,0.9972222222222222,1.6487212707001286
mid,max_ratio_hon,1.0138888888888888,1.6487212707001284
mid,max_ratio_hon,1.0305555555555554,1.6487212707001284
mid,max_ratio_hon,1.0472222222222223,1.6487212707001284
mid,max_ratio_hon,1.0638888888888889,1.6487212707001286
mid,max_ratio_hon,1.0805555555555555,1.6487212707001286
mid,max_ratio_hon,1.0972222222222223,1.6487212707001286
mid,max_ratio_hon,1.113888888888889,1.6487212707001286
mid,max_ratio_hon,1.1305555555555555,1.6487212707001284
mid,max_ratio_hon,1.1472222222222221,1.6487212707001286
mid,max_ratio_hon,1.163888888888889,1.6487212707001286
mid,max_ratio_hon,1.1805555555555556,1.6487212707001286
mid,max_ratio_hon,1.1972222222222222,1.6487212707001286
mid,max_ratio_hon,1.2138888888888888,1.6487212707001286
mid,max_ratio_hon,1.2305555555555556,1.6487212707001286
mid,max_ratio_hon,1.2472222222222222,1.6487212707001286
mid,max_ratio_hon,1.2638888888888888,1.6487212707001286
mid,max_ratio_hon,1.2805555555555554,1.6487212707001286
mid,max_ratio_hon,1.2972222222222223,1.6487212707001286
mid,max_ratio_hon,1.3138888888888889,1.6487212707001286
mid,max_ratio_hon,1.3305555555555555,1.6487212707001286
mid,max_ratio_hon,1.3472222222222223,1.6487212707001286
mid,max_ratio_hon,1.363888888888889,1.6487212707001286
mid,max_ratio_hon,1.3805555555555555,1.6487212707001286
mid,max_ratio_hon,1.3972222222222221,1.6487212707001286
mid,max_ratio_hon,1.413888888888889,1.6487212707001286
mid,max_ratio_hon,1.4305555555555556,1.6487212707001286
mid,max_ratio_hon,1.4472222222222222,1.6487212707001286
mid,max_ratio_hon,1.4638888888888888,1.6487212707001286
mid,max_ratio_hon,1.4805555555555556,1.6487212707001286
mid,max_ratio_hon,1.4972222222222222,1.6487212707001289
mid,max_ratio_hon,1.5138888888888888,1.6487212707001286
mid,max_ratio_hon,1.5305555555555554,1.6487212707001289
mid,max_ratio_hon,1.5472222222222223,1.6487212707001286
mid,max_ratio_hon,1.5638888888888889,1.6487212707001286
mid,max_ratio_hon,1.5805555555555555,1.6487212707001286
mid,max_ratio_hon,1.5972222222222223,1.6487212707001286
mid,max_ratio_hon,1.613888888888889,1.6487212707001286
mid,max_ratio_hon,1.6305555555555555,1.6487212707001286
mid,max_ratio_hon,1.6472222222222221,1.6487212707001286
mid,max_ratio_hon,1.663888888888889,1.6487212707001284
mid,max_ratio_hon,1.6805555555555556,1.6487212707001284
mid,max_ratio_hon,1.6972222222222222,1.6487212707001286
mid,max_ratio_hon,1.7138888888888888,1.6487212707001286
mid,max_ratio_hon,1.7305555555555556,1.6487212707001284
mid,max_ratio_hon,1.7472222222222222,1.6487212707001284
mid,max_ratio_hon,1.7638888888888888,1.6487212707001284
mid,max_ratio_hon,1.7805555555555554,1.6487212707001284
mid,max_ratio_hon,1.7972222222222223,1.6487212707001286
mid,max_ratio_hon,1.8138888888888889,1.6487212707001286
mid,max_ratio_hon,1.8305555555555555,1.6487212707001284
mid,max_ratio_hon,1.8472222222222223,1.6487212707001286
mid,max_ratio_hon,1.863888888888889,1.6487212707001286
mid,max_ratio_hon,1.8805555555555555,1.6487212707001286
mid,max_ratio_hon,1.8972222222222221,1.6487212707001286
mid,max_ratio_hon,1.913888888888889,1.6487212707001286
mid,max_ratio_hon,1.9305555555555556,1.6487212707001286
mid,max_ratio_hon,1.9472222222222222,1.6487212707001286
mid,max_ratio_hon,1.9638888888888888,1.6487212707001286
mid,max_ratio_hon,1.9805555555555556,1.6487212707001286
mid,max_ratio_hon,1.9972222222222222,1.6487212707001286
mid,max_ratio_hon,2.013888888888889,1.6487212707001284
mid,max_ratio_hon,2.0305555555555554,1.6487212707001286
mid,max_ratio_hon,2.047222222222222,1.6487212707001302
mid,max_ratio_hon,2.063888888888889,1.6487212707001286
mid,max_ratio_hon,2.0805555555555557,1.6487212707001286
mid,max_ratio_hon,2.0972222222222223,1.6487212707001284
mid,max_ratio_hon,2.113888888888889,1.6487212707001286
mid,max_ratio_hon,2.1305555555555555,1.6487212707001286
mid,max_ratio_hon,2.147222222222222,1.6487212707001286
mid,max_ratio_hon,2.1638888888888888,1.6487212707001284
mid,max_ratio_hon,2.1805555555555554,1.6487212707001286
mid,max_ratio_hon,2.1972222222222224,1.6487212707001286
mid,max_ratio_hon,2.213888888888889,1.6487212707001286
mid,max_ratio_hon,2.2305555555555556,1.6487212707001286
mid,max_ratio_hon,2.2472222222222222,1.6487212707001286
mid,max_ratio_hon,2.263888888888889,1.6487212707001286
mid,max_ratio_hon,2.2805555555555554,1.6487212707001286
mid,max_ratio_hon,2.297222222222222,1.6487212707001286
mid,max_ratio_hon,2.313888888888889,1.6487212707001286
mid,max_ratio_hon,2.3305555555555557,1.6487212707001284
mid,max_ratio_hon,2.3472222222222223,1.6487212707001286
mid,max_ratio_hon,2.363888888888889,1.6487212707001286
mid,max_ratio_hon,2.3805555555555555,1.6487212707001286
mid,max_ratio_hon,2.397222222222222,1.6487212707001284
mid,max_ratio_hon,2.4138888888888888,1.6487212707001286
mid,max_ratio_hon,2.4305555555555554,1.6487212707001284
mid,max_ratio_hon,2.4472222222222224,1.6487212707001286
mid,max_ratio_hon,2.463888888888889,1.6487212707001286
mid,max_ratio_hon,2.4805555555555556,1.6487212707001284
mid,max_ratio_hon,2.4972222222222222,1.6487212707001286
mid,max_ratio_hon,2.513888888888889,1.6487212707001286
mid,max_ratio_hon,2.5305555555555554,1.6487212707001286
mid,max_ratio_hon,2.547222222222222,1.6487212707001286
mid,max_ratio_hon,2.563888888888889,1.6487212707001286
mid,max_ratio_hon,2.5805555555555557,1.6487212707001286
mid,max_ratio_hon,2.5972222222222223,1.6487212707001286
mid,max_ratio_hon,2.613888888888889,1.6487212707001286
mid,max_ratio_hon,2.6305555555555555,1.6487212707001286
mid,max_ratio_hon,2.647222222222222,1.6487212707001286
mid,max_ratio_hon,2.6638888888888888,1.6487212707001286
mid,max_ratio_hon,2.6805555555555554,1.6487212707001286
mid,max_ratio_hon,2.6972222222222224,1.6487212707001286
mid,max_ratio_hon,2.713888888888889,1.6487212707001286
mid,max_ratio_hon,2.7305555555555556,1.6487212707001286
mid,max_ratio_hon,2.7472222222222222,1.6487212707001286
mid,max_ratio_hon,2.763888888888889,1.6487212707001286
mid,max_ratio_hon,2.7805555555555554,1.6487212707001286
mid,max_ratio_hon,2.797222222222222,1.6487212707001286
mid,max_ratio_hon,2.813888888888889,1.6487212707001286
mid,max_ratio_hon,2.8305555555555557,1.6487212707001286
mid,max_ratio_hon,2.8472222222222223,1.6487212707001286
mid,max_ratio_hon,2.863888888888889,1.6487212707001284
mid,max_ratio_hon,2.8805555555555555,1.6487212707001286
mid,max_ratio_hon,2.897222222222222,1.6487212707001286
mid,max_ratio_hon,2.9138888888888888,1.6487212707001286
mid,max_ratio_hon,2.9305555555555554,1.6487212707001284
mid,max_ratio_hon,2.9472222222222224,1.6487212707001286
mid,max_ratio_hon,2.963888888888889,1.6487212707001286
mid,max_ratio_hon,2.9805555555555556,1.6487212707001286
mid,max_ratio_hon,2.9972222222222222,1.6487212707001286
mid,max_ratio_hon,3.013888888888889,1.6487212707001284
mid,max_ratio_hon,3.0305555555555554,1.6487212707001286
mid,max_ratio_hon,3.047222222222222,1.6487212707001286
mid,max_ratio_hon,3.063888888888889,1.6487212707001284
mid,max_ratio_hon,3.0805555555555557,1.6487212707001286
mid,max_ratio_hon,3.0972222222222223,1.6487212707001286
mid,max_ratio_hon,3.113888888888889,1.6487212707001286
mid,max_ratio_hon,3.1305555555555555,1.6487212707001286
mid,max_ratio_hon,3.147222222222222,1.6487212707001286
mid,max_ratio_hon,3.1638888888888888,1.6487212707001286
mid,max_ratio_hon,3.1805555555555554,1.6487212707001286
mid,max_ratio_hon,3.1972222222222224,1.6487212707001286
mid,max_ratio_hon,3.213888888888889,1.6487212707001286
mid,max_ratio_hon,3.2305555555555556,1.6487212707001286
mid,max_ratio_hon,3.2472222222222222,1.6487212707001286
mid,max_ratio_hon,3.263888888888889,1.6487212707001286
mid,max_ratio_hon,3.2805555555555554,1.6487212707001286
mid,max_ratio_hon,3.297222222222222,1.6487212707001286
mid,max_ratio_hon,3.313888888888889,1.6487212707001286
mid,max_ratio_hon,3.3305555555555557,1.6487212707001289
mid,max_ratio_hon,3.3472222222222223,1.6487212707001286
mid,max_ratio_hon,3.363888888888889,1.6487212707001286
mid,max_ratio_hon,3.3805555555555555,1.6487212707001286
mid,max_ratio_hon,3.397222222222222,1.6487212707001286
mid,max_ratio_hon,3.4138888888888888,1.6487212707001286
mid,max_ratio_hon,3.4305555555555554,1.6487212707001284
mid,max_ratio_hon,3.4472222222222224,1.6487212707001286
mid,max_ratio_hon,3.463888888888889,1.6487212707001286
mid,max_ratio_hon,3.4805555555555556,1.6487212707001286
mid,max_ratio_hon,3.4972222222222222,1.6487212707001286
mid,max_ratio_hon,3.513888888888889,1.6487212707001286
mid,max_ratio_hon,3.5305555555555554,1.6487212707001286
mid,max_ratio_hon,3.547222222222222,1.6487212707001286
mid,max_ratio_hon,3.563888888888889,1.6487212707001286
mid,max_ratio_hon,3.5805555555555557,1.6487212707001286
mid,max_ratio_hon,3.5972222222222223,1.6487212707001286
mid,max_ratio_hon,3.613888888888889,1.6487212707001286
mid,max_ratio_hon,3.6305555555555555,1.6487212707001286
mid,max_ratio_hon,3.647222222222222,1.6487212707001286
mid,max_ratio_hon,3.6638888888888888,1.6487212707001286
mid,max_ratio_hon,3.6805555555555554,1.6487212707001286
mid,max_ratio_hon,3.6972222222222224,1.6487212707001286
mid,max_ratio_hon,3.713888888888889,1.6487212707001284
mid,max_ratio_hon,3.7305555555555556,1.6487212707001286
mid,max_ratio_hon,3.7472222222222222,1.6487212707001286
mid,max_ratio_hon,3.763888888888889,1.6487212707001286
mid,max_ratio_hon,3.7805555555555554,1.6487212707001286
mid,max_ratio_hon,3.797222222222222,1.6487212707001286
mid,max_ratio_hon,3.813888888888889,1.6487212707001286
mid,max_ratio_hon,3.8305555555555557,1.6487212707001286
mid,max_ratio_hon,3.8472222222222223,1.6487212707001286
mid,max_ratio_hon,3.863888888888889,1.6487212707001286
mid,max_ratio_hon,3.8805555555555555,1.6487212707001286
mid,max_ratio_hon,3.897222222222222,1.6487212707001286
mid,max_ratio_hon,3.9138888888888888,1.6487212707001286
mid,max_ratio_hon,3.9305555555555554,1.6487212707001286
mid,max_ratio_hon,3.9472222222222224,1.6487212707001286
mid,max_ratio_hon,3.963888888888889,1.6487212707001284
mid,max_ratio_hon,3.9805555555555556,1.6487212707001286
mid,max_ratio_hon,3.9972222222222222,1.6487212707001286
mid,max_ratio_hon,4.013888888888889,1.6487212707001286
mid,max_ratio_hon,4.030555555555556,1.6487212707001284
mid,max_ratio_hon,4.0472222222222225,1.6487212707001286
mid,max_ratio_hon,4.063888888888889,1.6487212707001286
mid,max_ratio_hon,4.080555555555556,1.6487212707001286
mid,max_ratio_hon,4.097222222222222,1.6487212707001286
mid,max_ratio_hon,4.113888888888889,1.6487212707001286
mid,max_ratio_hon,4.1305555555555555,1.6487212707001286
mid,max_ratio_hon,4.147222222222222,1.6487212707001286
mid,max_ratio_hon,4.163888888888889,1.6487212707001286
mid,max_ratio_hon,4.180555555555555,1.6487212707001286
mid,max_ratio_hon,4.197222222222222,1.6487212707001286
mid,max_ratio_hon,4.213888888888889,1.6487212707001286
mid,max_ratio_hon,4.230555555555555,1.6487212707001286
mid,max_ratio_hon,4.247222222222222,1.6487212707001286
mid,max_ratio_hon,4.263888888888889,1.6487212707001286
mid,max_ratio_hon,4.280555555555556,1.6487212707001284
mid,max_ratio_hon,4.2972222222222225,1.6487212707001284
mid,max_ratio_hon,4.313888888888889,1.6487212707001289
mid,max_ratio_hon,4.330555555555556,1.6487212707001284
mid,max_ratio_hon,4.347222222222222,1.6487212707001286
mid,max_ratio_hon,4.363888888888889,1.6487212707001286
mid,max_ratio_hon,4.3805555555555555,1.6487212707001286
mid,max_ratio_hon,4.397222222222222,1.6487212707001286
mid,max_ratio_hon,4.413888888888889,1.6487212707001286
mid,max_ratio_hon,4.430555555555555,1.6487212707001286
mid,max_ratio_hon,4.447222222222222,1.6487212707001284
mid,max_ratio_hon,4.463888888888889,1.6487212707001286
mid,max_ratio_hon,4.480555555555555,1.6487212707001286
mid,max_ratio_hon,4.497222222222222,1.6487212707001286
mid,max_ratio_hon,4.513888888888889,1.6487212707001286
mid,max_ratio_hon,4.530555555555556,1.6487212707001286
mid,max_ratio_hon,4.5472222222222225,1.6487212707001286
mid,max_ratio_hon,4.563888888888889,1.6487212707001286
mid,max_ratio_hon,4.580555555555556,1.6487212707001286
mid,max_ratio_hon,4.597222222222222,1.6487212707001286
mid,max_ratio_hon,4.613888888888889,1.6487212707001286
mid,max_ratio_hon,4.6305555555555555,1.6487212707001286
mid,max_ratio_hon,4.647222222222222,1.6487212707001286
mid,max_ratio_hon,4.663888888888889,1.6487212707001286
mid,max_ratio_hon,4.680555555555555,1.6487212707001286
mid,max_ratio_hon,4.697222222222222,1.6487212707001286
mid,max_ratio_hon,4.713888888888889,1.6487212707001284
mid,max_ratio_hon,4.730555555555555,1.6487212707001286
mid,max_ratio_hon,4.747222222222222,1.6487212707001286
mid,max_ratio_hon,4.763888888888889,1.6487212707001286
mid,max_ratio_hon,4.780555555555556,1.6487212707001286
mid,max_ratio_hon,4.7972222222222225,1.6487212707001286
mid,max_ratio_hon,4.813888888888889,1.6487212707001286
mid,max_ratio_hon,4.830555555555556,1.6487212707001286
mid,max_ratio_hon,4.847222222222222,1.6487212707001286
mid,max_ratio_hon,4.863888888888889,1.6487212707001284
mid,max_ratio_hon,4.8805555555555555,1.6487212707001286
mid,max_ratio_hon,4.897222222222222,1.6487212707001289
mid,max_ratio_hon,4.913888888888889,1.6487212707001286
mid,max_ratio_hon,4.930555555555555,1.6487212707001286
mid,max_ratio_hon,4.947222222222222,1.6487212707001286
mid,max_ratio_hon,4.963888888888889,1.6487212707001286
mid,max_ratio_hon,4.980555555555555,1.6487212707001286
mid,max_ratio_hon,4.997222222222222,1.6487212707001286
mid,max_ratio_hon,5.013888888888889,1.6487212707001286
mid,max_ratio_hon,5.030555555555556,1.6487212707001286
mid,max_ratio_hon,5.0472222222222225,1.6487212707001286
mid,max_ratio_hon,5.063888888888889,1.6487212707001286
mid,max_ratio_hon,5.080555555555556,1.6487212707001286
mid,max_ratio_hon,5.097222222222222,1.6487212707001286
mid,max_ratio_hon,5.113888888888889,1.6487212707001289
mid,max_ratio_hon,5.1305555555555555,1.6487212707001286
mid,max_ratio_hon,5.147222222222222,1.6487212707001286
mid,max_ratio_hon,5.163888888888889,1.6487212707001286
mid,max_ratio_hon,5.180555555555555,1.6487212707001284
mid,max_ratio_hon,5.197222222222222,1.6487212707001286
mid,max_ratio_hon,5.213888888888889,1.6487212707001286
mid,max_ratio_hon,5.230555555555555,1.6487212707001286
mid,max_ratio_hon,5.247222222222222,1.6487212707001286
mid,max_ratio_hon,5.263888888888889,1.6487212707001286
mid,max_ratio_hon,5.280555555555556,1.6487212707001286
mid,max_ratio_hon,5.2972222222222225,1.6487212707001286
mid,max_ratio_hon,5.313888888888889,1.6487212707001286
mid,max_ratio_hon,5.330555555555556,1.6487212707001286
mid,max_ratio_hon,5.347222222222222,1.6487212707001286
mid,max_ratio_hon,5.363888888888889,1.6487212707001286
mid,max_ratio_hon,5.3805555555555555,1.6487212707001286
mid,max_ratio_hon,5.397222222222222,1.6487212707001286
mid,max_ratio_hon,5.413888888888889,1.6487212707001286
mid,max_ratio_hon,5.430555555555555,1.6487212707001286
mid,max_ratio_hon,5.447222222222222,1.6487212707001286
mid,max_ratio_hon,5.463888888888889,1.6487212707001286
mid,max_ratio_hon,5.480555555555555,1.6487212707001286
mid,max_ratio_hon,5.497222222222222,1.6487212707001286
mid,max_ratio_hon,5.513888888888889,1.6487212707001286
mid,max_ratio_hon,5.530555555555556,1.6487212707001286
mid,max_ratio_hon,5.5472222222222225,1.6487212707001286
mid,max_ratio_hon,5.563888888888889,1.6487212707001286
mid,max_ratio_hon,5.580555555555556,1.6487212707001286
mid,max_ratio_hon,5.597222222222222,1.6487212707001286
mid,max_ratio_hon,5.613888888888889,1.6487212707001286
mid,max_ratio_hon,5.6305555555555555,1.6487212707001286
mid,max_ratio_hon,5.647222222222222,1.6487212707001286
mid,max_ratio_hon,5.663888888888889,1.6487212707001286
mid,max_ratio_hon,5.680555555555555,1.6487212707001286
mid,max_ratio_hon,5.697222222222222,1.6487212707001286
mid,max_ratio_hon,5.713888888888889,1.6487212707001286
mid,max_ratio_hon,5.730555555555555,1.6487212707001286
mid,max_ratio_hon,5.747222222222222,1.6487212707001286
mid,max_ratio_hon,5.763888888888889,1.6487212707001286
mid,max_ratio_hon,5.780555555555556,1.6487212707001286
mid,max_ratio_hon,5.7972222222222225,1.6487212707001286
mid,max_ratio_hon,5.813888888888889,1.6487212707001286
mid,max_ratio_hon,5.830555555555556,1.6487212707001286
mid,max_ratio_hon,5.847222222222222,1.6487212707001286
mid,max_ratio_hon,5.863888888888889,1.6487212707001286
mid,max_ratio_hon,5.8805555555555555,1.6487212707001286
mid,max_ratio_hon,5.897222222222222,1.6487212707001286
mid,max_ratio_hon,5.913888888888889,1.6487212707001286
mid,max_ratio_hon,5.930555555555555,1.6487212707001284
mid,max_ratio_hon,5.947222222222222,1.6487212707001286
mid,max_ratio_hon,5.963888888888889,1.6487212707001286
mid,max_ratio_hon,5.980555555555555,1.6487212707001286
mid,max_ratio_hon,5.997222222222222,1.6487212707001286
mid,max_ratio_hon,6.013888888888889,1.6487212707001284
mid,max_ratio_hon,6.030555555555556,1.6487212707001286
mid,max_ratio_hon,6.0472222222222225,1.6487212707001286
mid,max_ratio_hon,6.063888888888889,1.6487212707001286
mid,max_ratio_hon,6.080555555555556,1.6487212707001289
mid,max_ratio_hon,6.097222222222222,1.6487212707001286
mid,max_ratio_hon,6.113888888888889,1.6487212707001286
mid,max_ratio_hon,6.1305555555555555,1.6487212707001286
mid,max_ratio_hon,6.147222222222222,1.6487212707001286
mid,max_ratio_hon,6.163888888888889,1.6487212707001286
mid,max_ratio_hon,6.180555555555555,1.6487212707001286
mid,max_ratio_hon,6.197222222222222,1.6487212707001286
mid,max_ratio_hon,6.213888888888889,1.6487212707001286
mid,max_ratio_hon,6.230555555555555,1.6487212707001286
mid,max_ratio_hon,6.247222222222222,1.6487212707001286
mid,max_ratio_hon,6.263888888888889,1.6487212707001286
mid,max_ratio_hon,6.280555555555556,1.6487212707001286
mid,max_ratio_hon,6.2972222222222225,1.6487212707001286
mid,max_ratio_hon,6.313888888888889,1.6487212707001286
mid,max_ratio_hon,6.330555555555556,1.6487212707001286
mid,max_ratio_hon,6.347222222222222,1.6487212707001286
mid,max_ratio_hon,6.363888888888889,1.6487212707001286
mid,max_ratio_hon,6.3805555555555555,1.6487212707001286
mid,max_ratio_hon,6.397222222222222,1.6487212707001286
mid,max_ratio_hon,6.413888888888889,1.6487212707001286
mid,max_ratio_hon,6.430555555555555,1.6487212707001286
mid,max_ratio_hon,6.447222222222222,1.6487212707001286
mid,max_ratio_hon,6.463888888888889,1.6487212707001286
mid,max_ratio_hon,6.480555555555555,1.6487212707001286
mid,max_ratio_hon,6.497222222222222,1.6487212707001289
mid,max_ratio_hon,6.513888888888889,1.6487212707001286
mid,max_ratio_hon,6.530555555555556,1.6487212707001286
mid,max_ratio_hon,6.5472222222222225,1.6487212707001286
mid,max_ratio_hon,6.563888888888889,1.6487212707001289
mid,max_ratio_hon,6.580555555555556,1.6487212707001286
mid,max_ratio_hon,6.597222222222222,1.6487212707001286
mid,max_ratio_hon,6.613888888888889,1.6487212707001286
mid,max_ratio_hon,6.6305555555555555,1.6487212707001286
mid,max_ratio_hon,6.647222222222222,1.6487212707001286
mid,max_ratio_hon,6.663888888888889,1.6487212707001286
mid,max_ratio_hon,6.680555555555555,1.6487212707001286
mid,max_ratio_hon,6.697222222222222,1.6487212707001286
mid,max_ratio_hon,6.713888888888889,1.6487212707001286
mid,max_ratio_hon,6.730555555555555,1.6487212707001286
mid,max_ratio_hon,6.747222222222222,1.6487212707001286
mid,max_ratio_hon,6.763888888888889,1.6487212707001286
mid,max_ratio_hon,6.780555555555556,1.6487212707001286
mid,max_ratio_hon,6.7972222222222225,1.6487212707001286
mid,max_ratio_hon,6.813888888888889,1.6487212707001286
mid,max_ratio_hon,6.830555555555556,1.6487212707001286
mid,max_ratio_hon,6.847222222222222,1.6487212707001286
mid,max_ratio_hon,6.863888888888889,1.6487212707001286
mid,max_ratio_hon,6.8805555555555555,1.6487212707001286
mid,max_ratio_hon,6.897222222222222,1.6487212707001286
mid,max_ratio_hon,6.913888888888889,1.6487212707001286
mid,max_ratio_hon,6.930555555555555,1.6487212707001286
mid,max_ratio_hon,6.947222222222222,1.6487212707001286
mid,max_ratio_hon,6.963888888888889,1.6487212707001286
mid,max_ratio_hon,6.980555555555555,1.6487212707001286
mid,max_ratio_hon,6.997222222222222,1.6487212707001286
mid,max_ratio_hon,7.013888888888889,1.6487212707001284
mid,max_ratio_hon,7.030555555555556,1.6487212707001286
mid,max_ratio_hon,7.0472222222222225,1.6487212707001286
mid,max_ratio_hon,7.063888888888889,1.6487212707001286
mid,max_ratio_hon,7.080555555555556,1.6487212707001286
mid,max_ratio_hon,7.097222222222222,1.6487212707001286
mid,max_ratio_hon,7.113888888888889,1.6487212707001286
mid,max_ratio_hon,7.1305555555555555,1.6487212707001286
mid,max_ratio_hon,7.147222222222222,1.6487212707001286
mid,max_ratio_hon,7.163888888888889,1.6487212707001286
mid,max_ratio_hon,7.180555555555555,1.6487212707001286
mid,max_ratio_hon,7.197222222222222,1.6487212707001286
mid,max_ratio_hon,7.213888888888889,1.6487212707001286
mid,max_ratio_hon,7.230555555555555,1.6487212707001286
mid,max_ratio_hon,7.247222222222222,1.6487212707001286
mid,max_ratio_hon,7.263888888888889,1.6487212707001286
mid,max_ratio_hon,7.280555555555556,1.6487212707001286
mid,max_ratio_hon,7.2972222222222225,1.6487212707001286
mid,max_ratio_hon,7.313888888888889,1.6487212707001289
mid,max_ratio_hon,7.330555555555556,1.6487212707001286
mid,max_ratio_hon,7.347222222222222,1.6487212707001286
mid,max_ratio_hon,7.363888888888889,1.6487212707001286
mid,max_ratio_hon,7.3805555555555555,1.6487212707001286
mid,max_ratio_hon,7.397222222222222,1.6487212707001286
mid,max_ratio_hon,7.413888888888889,1.6487212707001286
mid,max_ratio_hon,7.430555555555555,1.6487212707001286
mid,max_ratio_hon,7.447222222222222,1.6487212707001286
mid,max_ratio_hon,7.463888888888889,1.6487212707001286
mid,max_ratio_hon,7.480555555555555,1.6487212707001286
mid,max_ratio_hon,7.497222222222222,1.6487212707001286
mid,max_ratio_hon,7.513888888888889,1.6487212707001286
mid,max_ratio_hon,7.530555555555556,1.6487212707001286
mid,max_ratio_hon,7.5472222222222225,1.6487212707001286
mid,max_ratio_hon,7.563888888888889,1.6487212707001286
mid,max_ratio_hon,7.580555555555556,1.6487212707001286
mid,max_ratio_hon,7.597222222222222,1.6487212707007644
mid,max_ratio_hon,7.613888888888889,1.6487212707001286
mid,max_ratio_hon,7.6305555555555555,1.6487212707001286
mid,max_ratio_hon,7.647222222222222,1.6487212707001286
mid,max_ratio_hon,7.663888888888889,1.6487212707001286
mid,max_ratio_hon,7.680555555555555,1.6487212707001286
mid,max_ratio_hon,7.697222222222222,1.6487212707001286
mid,max_ratio_hon,7.713888888888889,1.6487212707001286
mid,max_ratio_hon,7.730555555555555,1.6487212707001286
mid,max_ratio_hon,7.747222222222222,1.6487212707001286
mid,max_ratio_hon,7.763888888888889,1.6487212707001286
mid,max_ratio_hon,7.780555555555556,1.6487212707001286
mid,max_ratio_hon,7.7972222222222225,1.6487212707001286
mid,max_ratio_hon,7.813888888888889,1.6487212707001286
mid,max_ratio_hon,7.830555555555556,1.6487212707001286
mid,max_ratio_hon,7.847222222222222,1.6487212707001286
mid,max_ratio_hon,7.863888888888889,1.6487212707001286
mid,max_ratio_hon,7.8805555555555555,1.6487212707001286
mid,max_ratio_hon,7.897222222222222,1.6487212707001286
mid,max_ratio_hon,7.913888888888889,1.6487212707001286
mid,max_ratio_hon,7.930555555555555,1.6487212707001286
mid,max_ratio_hon,7.947222222222222,1.6487212707001286
mid,max_ratio_hon,7.963888888888889,1.6487212707001286
mid,max_ratio_hon,7.980555555555555,1.6487212707001286
mid,max_ratio_hon,7.997222222222222,1.6487212707001286
mid,max_ratio_hon,8.01388888888889,1.6487212707001286
mid,max_ratio_hon,8.030555555555555,1.6487212707001286
mid,max_ratio_hon,8.047222222222222,1.6487212707001286
mid,max_ratio_hon,8.063888888888888,1.6487212707001286
mid,max_ratio_hon,8.080555555555556,1.6487212707001286
mid,max_ratio_hon,8.097222222222221,1.6487212707001286
mid,max_ratio_hon,8.113888888888889,1.6487212707001286
mid,max_ratio_hon,8.130555555555556,1.6487212707001286
mid,max_ratio_hon,8.147222222222222,1.6487212707001286
mid,max_ratio_hon,8.16388888888889,1.6487212707001286
mid,max_ratio_hon,8.180555555555555,1.6487212707001286
mid,max_ratio_hon,8.197222222222223,1.6487212707001286
mid,max_ratio_hon,8.213888888888889,1.6487212707001286
mid,max_ratio_hon,8.230555555555556,1.6487212707001286
mid,max_ratio_hon,8.247222222222222,1.6487212707001286
mid,max_ratio_hon,8.26388888888889,1.6487212707001286
mid,max_ratio_hon,8.280555555555555,1.6487212707001284
mid,max_ratio_hon,8.297222222222222,1.6487212707001286
mid,max_ratio_hon,8.313888888888888,1.6487212707001286
mid,max_ratio_hon,8.330555555555556,1.6487212707001286
mid,max_ratio_hon,8.347222222222221,1.6487212707001286
mid,max_ratio_hon,8.363888888888889,1.6487212707001286
mid,max_ratio_hon,8.380555555555556,1.6487212707001286
mid,max_ratio_hon,8.397222222222222,1.6487212707001286
mid,max_ratio_hon,8.41388888888889,1.6487212707001286
mid,max_ratio_hon,8.430555555555555,1.6487212707001286
mid,max_ratio_hon,8.447222222222223,1.6487212707001286
mid,max_ratio_hon,8.463888888888889,1.6487212707001286
mid,max_ratio_hon,8.480555555555556,1.6487212707001286
mid,max_ratio_hon,8.497222222222222,1.6487212707001286
mid,max_ratio_hon,8.51388888888889,1.6487212707001286
mid,max_ratio_hon,8.530555555555555,1.6487212707001286
mid,max_ratio_hon,8.547222222222222,1.6487212707001284
mid,max_ratio_hon,8.563888888888888,1.6487212707001284
mid,max_ratio_hon,8.580555555555556,1.6487212707001286
mid,max_ratio_hon,8.597222222222221,1.6487212707001284
mid,max_ratio_hon,8.613888888888889,1.6487212707001286
mid,max_ratio_hon,8.630555555555556,1.6487212707001284
mid,max_ratio_hon,8.647222222222222,1.6487212707001286
mid,max_ratio_hon,8.66388888888889,1.6487212707001284
mid,max_ratio_hon,8.680555555555555,1.6487212707001284
mid,max_ratio_hon,8.697222222222223,1.6487212707001284
mid,max_ratio_hon,8.713888888888889,1.6487212707001286
mid,max_ratio_hon,8.730555555555556,1.6487212707001284
mid,max_ratio_hon,8.747222222222222,1.6487212707001284
mid,max_ratio_hon,8.76388888888889,1.6487212707001286
mid,max_ratio_hon,8.780555555555555,1.6487212707001284
mid,max_ratio_hon,8.797222222222222,1.6487212707001286
mid,max_ratio_hon,8.813888888888888,1.6487212707001284
mid,max_ratio_hon,8.830555555555556,1.6487212707001286
mid,max_ratio_hon,8.847222222222221,1.6487212707001286
mid,max_ratio_hon,8.863888888888889,1.6487212707001286
mid,max_ratio_hon,8.880555555555556,1.6487212707001286
mid,max_ratio_hon,8.897222222222222,1.6487212707001286
mid,max_ratio_hon,8.91388888888889,1.6487212707001286
mid,max_ratio_hon,8.930555555555555,1.6487212707001286
mid,max_ratio_hon,8.947222222222223,1.6487212707001286
mid,max_ratio_hon,8.963888888888889,1.6487212707001286
mid,max_ratio_hon,8.980555555555556,1.6487212707001284
mid,max_ratio_hon,8.997222222222222,1.6487212707001286
mid,max_ratio_hon,9.01388888888889,1.6487212707001286
mid,max_ratio_hon,9.030555555555555,1.6487212707001286
mid,max_ratio_hon,9.047222222222222,1.6487212707001286
mid,max_ratio_hon,9.063888888888888,1.6487212707001286
mid,max_ratio_hon,9.080555555555556,1.6487212707001286
mid,max_ratio_hon,9.097222222222221,1.6487212707001286
mid,max_ratio_hon,9.113888888888889,1.6487212707001286
mid,max_ratio_hon,9.130555555555556,1.6487212707001286
mid,max_ratio_hon,9.147222222222222,1.6487212707001286
mid,max_ratio_hon,9.16388888888889,1.6487212707001286
mid,max_ratio_hon,9.180555555555555,1.6487212707001289
mid,max_ratio_hon,9.197222222222223,1.6487212707001286
mid,max_ratio_hon,9.213888888888889,1.6487212707001286
mid,max_ratio_hon,9.230555555555556,1.6487212707001286
mid,max_ratio_hon,9.247222222222222,1.6487212707001286
mid,max_ratio_hon,9.26388888888889,1.6487212707001286
mid,max_ratio_hon,9.280555555555555,1.6487212707001286
mid,max_ratio_hon,9.297222222222222,1.6487212707001286
mid,max_ratio_hon,9.313888888888888,1.6487212707001286
mid,max_ratio_hon,9.330555555555556,1.6487212707001286
mid,max_ratio_hon,9.347222222222221,1.6487212707001289
mid,max_ratio_hon,9.363888888888889,1.6487212707001286
mid,max_ratio_hon,9.380555555555556,1.6487212707001286
mid,max_ratio_hon,9.397222222222222,1.6487212707001286
mid,max_ratio_hon,9.41388888888889,1.6487212707001286
mid,max_ratio_hon,9.430555555555555,1.6487212707001286
mid,max_ratio_hon,9.447222222222223,1.6487212707001286
mid,max_ratio_hon,9.463888888888889,1.6487212707001286
mid,max_ratio_hon,9.480555555555556,1.6487212707001286
mid,max_ratio_hon,9.497222222222222,1.6487212707001286
mid,max_ratio_hon,9.51388888888889,1.6487212707001286
mid,max_ratio_hon,9.530555555555555,1.6487212707001286
mid,max_ratio_hon,9.547222222222222,1.6487212707001286
mid,max_ratio_hon,9.563888888888888,1.6487212707001286
mid,max_ratio_hon,9.580555555555556,1.6487212707001286
mid,max_ratio_hon,9.597222222222221,1.6487212707001286
mid,max_ratio_hon,9.613888888888889,1.6487212707001286
mid,max_ratio_hon,9.630555555555556,1.6487212707001286
mid,max_ratio_hon,9.647222222222222,1.6487212707001286
mid,max_ratio_hon,9.66388888888889,1.6487212707001286
mid,max_ratio_hon,9.680555555555555,1.6487212707001286
mid,max_ratio_hon,9.697222222222223,1.6487212707001286
mid,max_ratio_hon,9.713888888888889,1.6487212707001286
mid,max_ratio_hon,9.730555555555556,1.6487212707001286
mid,max_ratio_hon,9.747222222222222,1.6487212707001286
mid,max_ratio_hon,9.76388888888889,1.6487212707001286
mid,max_ratio_hon,9.780555555555555,1.6487212707001286
mid,max_ratio_hon,9.797222222222222,1.6487212707001286
mid,max_ratio_hon,9.813888888888888,1.6487212707001286
mid,max_ratio_hon,9.830555555555556,1.6487212707001286
mid,max_ratio_hon,9.847222222222221,1.6487212707001286
mid,max_ratio_hon,9.863888888888889,1.6487212707001286
mid,max_ratio_hon,9.880555555555556,1.6487212707001286
mid,max_ratio_hon,9.897222222222222,1.6487212707001286
mid,max_ratio_hon,9.91388888888889,1.6487212707001286
mid,max_ratio_hon,9.930555555555555,1.6487212707001286
mid,max_ratio_hon,9.947222222222223,1.6487212707001286
mid,max_ratio_hon,9.963888888888889,1.6487212707001286
mid,max_ratio_hon,9.980555555555556,1.6487212707001286
mid,max_ratio_hon,9.997222222222222,1.6487212707001286
mid,max_ratio_hon,10.01388888888889,1.6487212707001284
mid,max_ratio_hon,10.030555555555555,1.6487212707001284
mid,max_ratio_hon,10.047222222222222,1.6487212707001286
mid,max_ratio_hon,10.063888888888888,1.6487212707001286
mid,max_ratio_hon,10.080555555555556,1.6487212707001286
mid,max_ratio_hon,10.097222222222221,1.6487212707001286
mid,max_ratio_hon,10.113888888888889,1.6487212707001286
mid,max_ratio_hon,10.130555555555556,1.6487212707001286
mid,max_ratio_hon,10.147222222222222,1.6487212707001286
mid,max_ratio_hon,10.16388888888889,1.6487212707001286
mid,max_ratio_hon,10.180555555555555,1.6487212707001286
mid,max_ratio_hon,10.197222222222223,1.6487212707001284
mid,max_ratio_hon,10.213888888888889,1.6487212707001286
mid,max_ratio_hon,10.230555555555556,1.6487212707001286
mid,max_ratio_hon,10.247222222222222,1.6487212707001286
mid,max_ratio_hon,10.26388888888889,1.6487212707001284
mid,max_ratio_hon,10.280555555555555,1.6487212707001286
mid,max_ratio_hon,10.297222222222222,1.6487212707001286
mid,max_ratio_hon,10.313888888888888,1.6487212707001286
mid,max_ratio_hon,10.330555555555556,1.6487212707001286
mid,max_ratio_hon,10.347222222222221,1.6487212707001286
mid,max_ratio_hon,10.363888888888889,1.6487212707001286
mid,max_ratio_hon,10.380555555555556,1.6487212707001286
mid,max_ratio_hon,10.397222222222222,1.6487212707001286
mid,max_ratio_hon,10.41388888888889,1.6487212707001286
mid,max_ratio_hon,10.430555555555555,1.6487212707001284
mid,max_ratio_hon,10.447222222222223,1.6487212707001286
mid,max_ratio_hon,10.463888888888889,1.6487212707001286
mid,max_ratio_hon,10.480555555555556,1.6487212707001286
mid,max_ratio_hon,10.497222222222222,1.6487212707001286
mid,max_ratio_hon,10.51388888888889,1.6487212707001286
mid,max_ratio_hon,10.530555555555555,1.6487212707001286
mid,max_ratio_hon,10.547222222222222,1.6487212707001286
mid,max_ratio_hon,10.563888888888888,1.6487212707001286
mid,max_ratio_hon,10.580555555555556,1.6487212707001284
mid,max_ratio_hon,10.597222222222221,1.6487212707001286
mid,max_ratio_hon,10.613888888888889,1.6487212707001286
mid,max_ratio_hon,10.630555555555556,1.6487212707001286
mid,max_ratio_hon,10.647222222222222,1.6487212707001286
mid,max_ratio_hon,10.66388888888889,1.6487212707001286
mid,max_ratio_hon,10.680555555555555,1.6487212707001286
mid,max_ratio_hon,10.697222222222223,1.6487212707001286
mid,max_ratio_hon,10.713888888888889,1.6487212707001286
mid,max_ratio_hon,10.730555555555556,1.6487212707001286
mid,max_ratio_hon,10.747222222222222,1.6487212707001286
mid,max_ratio_hon,10.76388888888889,1.6487212707001286
mid,max_ratio_hon,10.780555555555555,1.6487212707001286
mid,max_ratio_hon,10.797222222222222,1.6487212707001286
mid,max_ratio_hon,10.813888888888888,1.6487212707001286
mid,max_ratio_hon,10.830555555555556,1.6487212707001286
mid,max_ratio_hon,10.847222222222221,1.6487212707001286
mid,max_ratio_hon,10.863888888888889,1.6487212707001286
mid,max_ratio_hon,10.880555555555556,1.6487212707001286
mid,max_ratio_hon,10.897222222222222,1.6487212707001286
mid,max_ratio_hon,10.91388888888889,1.6487212707001286
mid,max_ratio_hon,10.930555555555555,1.6487212707001286
mid,max_ratio_hon,10.947222222222223,1.6487212707001286
mid,max_ratio_hon,10.963888888888889,1.6487212707001286
mid,max_ratio_hon,10.980555555555556,1.6487212707001286
mid,max_ratio_hon,10.997222222222222,1.6487212707001286
mid,max_ratio_hon,11.01388888888889,1.6487212707001286
mid,max_ratio_hon,11.030555555555555,1.6487212707001284
mid,max_ratio_hon,11.047222222222222,1.6487212707001286
mid,max_ratio_hon,11.063888888888888,1.6487212707001286
mid,max_ratio_hon,11.080555555555556,1.6487212707001286
mid,max_ratio_hon,11.097222222222221,1.6487212707001286
mid,max_ratio_hon,11.113888888888889,1.6487212707001286
mid,max_ratio_hon,11.130555555555556,1.6487212707001286
mid,max_ratio_hon,11.147222222222222,1.6487212707001286
mid,max_ratio_hon,11.16388888888889,1.6487212707001286
mid,max_ratio_hon,11.180555555555555,1.6487212707001286
mid,max_ratio_hon,11.197222222222223,1.6487212707001286
mid,max_ratio_hon,11.213888888888889,1.6487212707001286
mid,max_ratio_hon,11.230555555555556,1.6487212707001286
mid,max_ratio_hon,11.247222222222222,1.6487212707001286
mid,max_ratio_hon,11.26388888888889,1.6487212707001286
mid,max_ratio_hon,11.280555555555555,1.6487212707001286
mid,max_ratio_hon,11.297222222222222,1.6487212707001286
mid,max_ratio_hon,11.313888888888888,1.6487212707001286
mid,max_ratio_hon,11.330555555555556,1.6487212707001286
mid,max_ratio_hon,11.347222222222221,1.6487212707001286
mid,max_ratio_hon,11.363888888888889,1.6487212707001286
mid,max_ratio_hon,11.380555555555556,1.6487212707001286
mid,max_ratio_hon,11.397222222222222,1.6487212707001286
mid,max_ratio_hon,11.41388888888889,1.6487212707001286
mid,max_ratio_hon,11.430555555555555,1.6487212707001286
mid,max_ratio_hon,11.447222222222223,1.6487212707001286
mid,max_ratio_hon,11.463888888888889,1.6487212707001286
mid,max_ratio_hon,11.480555555555556,1.6487212707001286
mid,max_ratio_hon,11.497222222222222,1.6487212707001286
mid,max_ratio_hon,11.51388888888889,1.6487212707001286
mid,max_ratio_hon,11.530555555555555,1.6487212707001286
mid,max_ratio_hon,11.547222222222222,1.6487212707001286
mid,max_ratio_hon,11.563888888888888,1.6487212707001286
mid,max_ratio_hon,11.580555555555556,1.6487212707001286
mid,max_ratio_hon,11.597222222222221,1.6487212707001286
mid,max_ratio_hon,11.613888888888889,1.6487212707001286
mid,max_ratio_hon,11.630555555555556,1.6487212707001286
mid,max_ratio_hon,11.647222222222222,1.6487212707001286
mid,max_ratio_hon,11.66388888888889,1.6487212707001286
mid,max_ratio_hon,11.680555555555555,1.6487212707001286
mid,max_ratio_hon,11.697222222222223,1.6487212707001286
mid,max_ratio_hon,11.713888888888889,1.6487212707001286
mid,max_ratio_hon,11.730555555555556,1.6487212707001286
mid,max_ratio_hon,11.747222222222222,1.6487212707001286
mid,max_ratio_hon,11.76388888888889,1.6487212707001286
mid,max_ratio_hon,11.780555555555555,1.6487212707001289
mid,max_ratio_hon,11.797222222222222,1.6487212707001286
mid,max_ratio_hon,11.813888888888888,1.6487212707001286
mid,max_ratio_hon,11.830555555555556,1.6487212707001286
mid,max_ratio_hon,11.847222222222221,1.6487212707001286
mid,max_ratio_hon,11.863888888888889,1.6487212707001286
mid,max_ratio_hon,11.880555555555556,1.6487212707001286
mid,max_ratio_hon,11.897222222222222,1.6487212707001286
mid,max_ratio_hon,11.91388888888889,1.6487212707001289
mid,max_ratio_hon,11.930555555555555,1.6487212707001286
mid,max_ratio_hon,11.947222222222223,1.6487212707001286
mid,max_ratio_hon,11.963888888888889,1.6487212707001286
mid,max_ratio_hon,11.980555555555556,1.6487212707001286
mid,max_ratio_hon,11.997222222222222,1.6487212707001286
exit,min_ratio,0.013888888888888888,0.7081418641573788
exit,min_ratio,0.030555555555555555,0.6065306597126332
exit,min_ratio,0.04722222222222222,0.6065306597126333
exit,min_ratio,0.06388888888888888,0.6065306597126332
exit,min_ratio,0.08055555555555556,0.6065306597126332
exit,min_ratio,0.09722222222222222,0.6065306597126332
exit,min_ratio,0.11388888888888889,0.6065306597126332
exit,min_ratio,0.13055555555555556,0.6065306597126332
exit,min_ratio,0.14722222222222223,0.6065306597126332
exit,min_ratio,0.1638888888888889,0.6065306597126332
exit,min_ratio,0.18055555555555555,0.6065306597126332
exit,min_ratio,0.19722222222222222,0.6065306597126332
exit,min_ratio,0.21388888888888888,0.6065306597126332
exit,min_ratio,0.23055555555555557,0.6065306597126332
exit,min_ratio,0.24722222222222223,0.6065306597126332
exit,min_ratio,0.2638888888888889,0.6065306597126333
exit,min_ratio,0.28055555555555556,0.6065306597126332
exit,min_ratio,0.2972222222222222,0.6065306597126332
exit,min_ratio,0.3138888888888889,0.6065306597126332
exit,min_ratio,0.33055555555555555,0.6065306597126332
exit,min_ratio,0.3472222222222222,0.6065306597126332
exit,min_ratio,0.3638888888888889,0.6065306597126332
exit,min_ratio,0.38055555555555554,0.6065306597126332
exit,min_ratio,0.3972222222222222,0.6065306597126332
exit,min_ratio,0.41388888888888886,0.6065306597126332
exit,min_ratio,0.4305555555555556,0.6065306597126332
exit,min_ratio,0.44722222222222224,0.6065306597126332
exit,min_ratio,0.4638888888888889,0.6065306597126332
exit,min_ratio,0.48055555555555557,0.6065306597126332
exit,min_ratio,0.49722222222222223,0.6065306597126333
exit,min_ratio,0.5138888888888888,0.6065306597126333
exit,min_ratio,0.5305555555555556,0.6065306597126332
exit,min_ratio,0.5472222222222223,0.6065306597126332
exit,min_ratio,0.5638888888888889,0.6065306597126332
exit,min_ratio,0.5805555555555556,0.6065306597126332
exit,min_ratio,0.5972222222222222,0.6065306597126332
exit,min_ratio,0.6138888888888889,0.6065306597126332
exit,min_ratio,0.6305555555555555,0.6065306597126332
exit,min_ratio,0.6472222222222223,0.6065306597126332
exit,min_ratio,0.6638888888888889,0.6065306597126332
exit,min_ratio,0.6805555555555556,0.6065306597126332
exit,min_ratio,0.6972222222222222,0.6065306597126332
exit,min_ratio,0.7138888888888889,0.6065306597126332
exit,min_ratio,0.7305555555555555,0.6065306597126333
exit,min_ratio,0.7472222222222222,0.6065306597126332
exit,min_ratio,0.7638888888888888,0.6065306597126332
exit,min_ratio,0.7805555555555556,0.6065306597126332
exit,min_ratio,0.7972222222222223,0.6065306597126332
exit,min_ratio,0.8138888888888889,0.6065306597126332
exit,min_ratio,0.8305555555555556,0.6065306597126332
exit,min_ratio,0.8472222222222222,0.6065306597126332
exit,min_ratio,0.8638888888888889,0.6065306597126332
exit,min_ratio,0.8805555555555555,0.6065306597126332
exit,min_ratio,0.8972222222222223,0.6065306597126333
exit,min_ratio,0.9138888888888889,0.6065306597126332
exit,min_ratio,0.9305555555555556,0.6065306597126332
exit,min_ratio,0.9472222222222222,0.6065306597126332
exit,min_ratio,0.9638888888888889,0.6065306597126332
exit,min_ratio,0.9805555555555555,0.6065306597126332
exit,min_ratio,0.9972222222222222,0.6065306597126332
exit,min_ratio,1.0138888888888888,0.6065306597126333
exit,min_ratio,1.0305555555555554,0.6065306597126332
exit,min_ratio,1.0472222222222223,0.6065306597126332
exit,min_ratio,1.0638888888888889,0.6065306597126332
exit,min_ratio,1.0805555555555555,0.6065306597126332
exit,min_ratio,1.0972222222222223,0.6065306597126332
exit,min_ratio,1.113888888888889,0.6065306597126332
exit,min_ratio,1.1305555555555555,0.6065306597126332
exit,min_ratio,1.1472222222222221,0.6065306597126332
exit,min_ratio,1.163888888888889,0.6065306597126332
exit,min_ratio,1.1805555555555556,0.6065306597126332
exit,min_ratio,1.1972222222222222,0.6065306597126332
exit,min_ratio,1.2138888888888888,0.6065306597126332
exit,min_ratio,1.2305555555555556,0.6065306597126332
exit,min_ratio,1.2472222222222222,0.6065306597126332
exit,min_ratio,1.2638888888888888,0.6065306597126332
exit,min_ratio,1.2805555555555554,0.6065306597126332
exit,min_ratio,1.2972222222222223,0.6065306597126332
exit,min_ratio,1.3138888888888889,0.6065306597126332
exit,min_ratio,1.3305555555555555,0.6065306597126332
exit,min_ratio,1.3472222222222223,0.6065306597126332
exit,min_ratio,1.363888888888889,0.6065306597126332
exit,min_ratio,1.3805555555555555,0.6065306597126332
exit,min_ratio,1.3972222222222221,0.6065306597126332
exit,min_ratio,1.413888888888889,0.6065306597126332
exit,min_ratio,1.4305555555555556,0.6065306597126332
exit,min_ratio,1.4472222222222222,0.6065306597126332
exit,min_ratio,1.4638888888888888,0.6065306597126332
exit,min_ratio,1.4805555555555556,0.6065306597126332
exit,min_ratio,1.4972222222222222,0.6065306597126332
exit,min_ratio,1.5138888888888888,0.6065306597126332
exit,min_ratio,1.5305555555555554,0.6065306597126332
exit,min_ratio,1.5472222222222223,0.6065306597126332
exit,min_ratio,1.5638888888888889,0.6065306597126332
exit,min_ratio,1.5805555555555555,0.6065306597126332
exit,min_ratio,1.5972222222222223,0.6065306597126332
exit,min_ratio,1.613888888888889,0.6065306597126332
exit,min_ratio,1.6305555555555555,0.6065306597126332
exit,min_ratio,1.6472222222222221,0.6065306597126332
exit,min_ratio,1.663888888888889,0.6065306597126332
exit,min_ratio,1.6805555555555556,0.6065306597126332
exit,min_ratio,1.6972222222222222,0.6065306597126332
exit,min_ratio,1.7138888888888888,0.6065306597126332
exit,min_ratio,1.7305555555555556,0.6065306597126332
exit,min_ratio,1.7472222222222222,0.6065306597126332
exit,min_ratio,1.7638888888888888,0.6065306597126332
exit,min_ratio,1.7805555555555554,0.6065306597126332
exit,min_ratio,1.7972222222222223,0.6065306597126332
exit,min_ratio,1.8138888888888889,0.6065306597126332
exit,min_ratio,1.8305555555555555,0.6065306597126332
exit,min_ratio,1.8472222222222223,0.6065306597126332
exit,min_ratio,1.863888888888889,0.6065306597126332
exit,min_ratio,1.8805555555555555,0.6065306597126332
exit,min_ratio,1.8972222222222221,0.6065306597126332
exit,min_ratio,1.913888888888889,0.6065306597126332
exit,min_ratio,1.9305555555555556,0.6065306597126332
exit,min_ratio,1.9472222222222222,0.6065306597126332
exit,min_ratio,1.9638888888888888,0.6065306597126332
exit,min_ratio,1.9805555555555556,0.6065306597126332
exit,min_ratio,1.9972222222222222,0.6065306597126332
exit,min_ratio,2.013888888888889,0.6065306597126332
exit,min_ratio,2.0305555555555554,0.6065306597126332
exit,min_ratio,2.047222222222222,0.6065306597126332
exit,min_ratio,2.063888888888889,0.6065306597126332
exit,min_ratio,2.0805555555555557,0.6065306597126332
exit,min_ratio,2.0972222222222223,0.6065306597126332
exit,min_ratio,2.113888888888889,0.6065306597126332
exit,min_ratio,2.1305555555555555,0.6065306597126332
exit,min_ratio,2.147222222222222,0.6065306597126332
exit,min_ratio,2.1638888888888888,0.6065306597126332
exit,min_ratio,2.1805555555555554,0.6065306597126332
exit,min_ratio,2.1972222222222224,0.6065306597126332
exit,min_ratio,2.213888888888889,0.6065306597126332
exit,min_ratio,2.2305555555555556,0.6065306597126332
exit,min_ratio,2.2472222222222222,0.6065306597126332
exit,min_ratio,2.263888888888889,0.6065306597126332
exit,min_ratio,2.2805555555555554,0.6065306597126332
exit,min_ratio,2.297222222222222,0.6065306597126332
exit,min_ratio,2.313888888888889,0.6065306597126332
exit,min_ratio,2.3305555555555557,0.6065306597126332
exit,min_ratio,2.3472222222222223,0.6065306597126332
exit,min_ratio,2.363888888888889,0.6065306597126332
exit,min_ratio,2.3805555555555555,0.6065306597126332
exit,min_ratio,2.397222222222222,0.6065306597126332
exit,min_ratio,2.4138888888888888,0.6065306597126332
exit,min_ratio,2.4305555555555554,0.6065306597126332
exit,min_ratio,2.4472222222222224,0.6065306597126332
exit,min_ratio,2.463888888888889,0.6065306597126332
exit,min_ratio,2.4805555555555556,0.6065306597126332
exit,min_ratio,2.4972222222222222,0.6065306597126332
exit,min_ratio,2.513888888888889,0.6065306597126332
exit,min_ratio,2.5305555555555554,0.6065306597126332
exit,min_ratio,2.547222222222222,0.6065306597126332
exit,min_ratio,2.563888888888889,0.6065306597126332
exit,min_ratio,2.5805555555555557,0.6065306597126332
exit,min_ratio,2.5972222222222223,0.6065306597126332
exit,min_ratio,2.613888888888889,0.6065306597126332
exit,min_ratio,2.6305555555555555,0.6065306597126332
exit,min_ratio,2.647222222222222,0.6065306597126332
exit,min_ratio,2.6638888888888888,0.6065306597126332
exit,min_ratio,2.6805555555555554,0.6065306597126332
exit,min_ratio,2.6972222222222224,0.6065306597126332
exit,min_ratio,2.713888888888889,0.6065306597126332
exit,min_ratio,2.7305555555555556,0.6065306597126332
exit,min_ratio,2.7472222222222222,0.6065306597126332
exit,min_ratio,2.763888888888889,0.6065306597126332
exit,min_ratio,2.7805555555555554,0.6065306597126332
exit,min_ratio,2.797222222222222,0.6065306597126332
exit,min_ratio,2.813888888888889,0.6065306597126332
exit,min_ratio,2.8305555555555557,0.6065306597126332
exit,min_ratio,2.8472222222222223,0.6065306597126332
exit,min_ratio,2.863888888888889,0.6065306597126332
exit,min_ratio,2.8805555555555555,0.6065306597126332
exit,min_ratio,2.897222222222222,0.6065306597126332
exit,min_ratio,2.9138888888888888,0.6065306597126332
exit,min_ratio,2.9305555555555554,0.6065306597126332
exit,min_ratio,2.9472222222222224,0.6065306597126332
exit,min_ratio,2.963888888888889,0.6065306597126332
exit,min_ratio,2.9805555555555556,0.6065306597126332
exit,min_ratio,2.9972222222222222,0.6065306597126332
exit,min_ratio,3.013888888888889,0.6065306597126332
exit,min_ratio,3.0305555555555554,0.6065306597126332
exit,min_ratio,3.047222222222222,0.6065306597126332
exit,min_ratio,3.063888888888889,0.6065306597126332
exit,min_ratio,3.0805555555555557,0.6065306597126332
exit,min_ratio,3.0972222222222223,0.6065306597126332
exit,min_ratio,3.113888888888889,0.6065306597126332
exit,min_ratio,3.1305555555555555,0.6065306597126332
exit,min_ratio,3.147222222222222,0.6065306597126332
exit,min_ratio,3.1638888888888888,0.6065306597126332
exit,min_ratio,3.1805555555555554,0.6065306597126332
exit,min_ratio,3.1972222222222224,0.6065306597126332
exit,min_ratio,3.213888888888889,0.6065306597126332
exit,min_ratio,3.2305555555555556,0.6065306597126332
exit,min_ratio,3.2472222222222222,0.6065306597126332
exit,min_ratio,3.263888888888889,0.6065306597126332
exit,min_ratio,3.2805555555555554,0.6065306597126332
exit,min_ratio,3.297222222222222,0.6065306597126332
exit,min_ratio,3.313888888888889,0.6065306597126332
exit,min_ratio,3.3305555555555557,0.6065306597126332
exit,min_ratio,3.3472222222222223,0.6065306597126332
exit,min_ratio,3.363888888888889,0.6065306597126332
exit,min_ratio,3.3805555555555555,0.6065306597126332
exit,min_ratio,3.397222222222222,0.6065306597126332
exit,min_ratio,3.4138888888888888,0.6065306597126332
exit,min_ratio,3.4305555555555554,0.6065306597126332
exit,min_ratio,3.4472222222222224,0.6065306597126332
exit,min_ratio,3.463888888888889,0.6065306597126332
exit,min_ratio,3.4805555555555556,0.6065306597126332
exit,min_ratio,3.4972222222222222,0.6065306597126332
exit,min_ratio,3.513888888888889,0.6065306597126332
exit,min_ratio,3.5305555555555554,0.6065306597126332
exit,min_ratio,3.547222222222222,0.6065306597126332
exit,min_ratio,3.563888888888889,0.6065306597126332
exit,min_ratio,3.5805555555555557,0.6065306597126332
exit,min_ratio,3.5972222222222223,0.6065306597126332
exit,min_ratio,3.613888888888889,0.6065306597126332
exit,min_ratio,3.6305555555555555,0.6065306597126332
exit,min_ratio,3.647222222222222,0.6065306597126332
exit,min_ratio,3.6638888888888888,0.6065306597126332
exit,min_ratio,3.6805555555555554,0.6065306597126332
exit,min_ratio,3.6972222222222224,0.6065306597126332
exit,min_ratio,3.713888888888889,0.6065306597126332
exit,min_ratio,3.7305555555555556,0.6065306597126332
exit,min_ratio,3.7472222222222222,0.6065306597126332
exit,min_ratio,3.763888888888889,0.6065306597126332
exit,min_ratio,3.7805555555555554,0.6065306597126332
exit,min_ratio,3.797222222222222,0.6065306597126332
exit,min_ratio,3.813888888888889,0.6065306597126332
exit,min_ratio,3.8305555555555557,0.6065306597126332
exit,min_ratio,3.8472222222222223,0.6065306597126332
exit,min_ratio,3.863888888888889,0.6065306597126332
exit,min_ratio,3.8805555555555555,0.6065306597126332
exit,min_ratio,3.897222222222222,0.6065306597126332
exit,min_ratio,3.9138888888888888,0.6065306597126332
exit,min_ratio,3.9305555555555554,0.6065306597126332
exit,min_ratio,3.9472222222222224,0.6065306597126332
exit,min_ratio,3.963888888888889,0.6065306597126148
exit,min_ratio,3.9805555555555556,0.6065306597126332
exit,min_ratio,3.9972222222222222,0.6065306597126332
exit,min_ratio,4.013888888888889,0.6065306597126332
exit,min_ratio,4.030555555555556,0.6065306597126332
exit,min_ratio,4.0472222222222225,0.6065306597126332
exit,min_ratio,4.063888888888889,0.6065306597126332
exit,min_ratio,4.080555555555556,0.6065306597126332
exit,min_ratio,4.097222222222222,0.6065306597126332
exit,min_ratio,4.113888888888889,0.6065306597126332
exit,min_ratio,4.1305555555555555,0.6065306597126332
exit,min_ratio,4.147222222222222,0.6065306597126332
exit,min_ratio,4.163888888888889,0.6065306597126332
exit,min_ratio,4.180555555555555,0.6065306597126332
exit,min_ratio,4.197222222222222,0.6065306597126332
exit,min_ratio,4.213888888888889,0.6065306597126332
exit,min_ratio,4.230555555555555,0.6065306597126332
exit,min_ratio,4.247222222222222,0.6065306597126332
exit,min_ratio,4.263888888888889,0.6065306597126332
exit,min_ratio,4.280555555555556,0.6065306597126332
exit,min_ratio,4.2972222222222225,0.6065306597126332
exit,min_ratio,4.313888888888889,0.6065306597126332
exit,min_ratio,4.330555555555556,0.6065306597126332
exit,min_ratio,4.347222222222222,0.6065306597126332
exit,min_ratio,4.363888888888889,0.6065306597126332
exit,min_ratio,4.3805555555555555,0.6065306597126332
exit,min_ratio,4.397222222222222,0.6065306597126332
exit,min_ratio,4.413888888888889,0.6065306597126332
exit,min_ratio,4.430555555555555,0.6065306597126332
exit,min_ratio,4.447222222222222,0.6065306597126332
exit,min_ratio,4.463888888888889,0.6065306597126332
exit,min_ratio,4.480555555555555,0.6065306597126332
exit,min_ratio,4.497222222222222,0.6065306597126332
exit,min_ratio,4.513888888888889,0.6065306597126332
exit,min_ratio,4.530555555555556,0.6065306597126332
exit,min_ratio,4.5472222222222225,0.6065306597126332
exit,min_ratio,4.563888888888889,0.6065306597126332
exit,min_ratio,4.580555555555556,0.6065306597126332
exit,min_ratio,4.597222222222222,0.6065306597126332
exit,min_ratio,4.613888888888889,0.6065306597126332
exit,min_ratio,4.6305555555555555,0.6065306597126332
exit,min_ratio,4.647222222222222,0.6065306597126332
exit,min_ratio,4.663888888888889,0.6065306597126332
exit,min_ratio,4.680555555555555,0.6065306597126332
exit,min_ratio,4.697222222222222,0.6065306597126332
exit,min_ratio,4.713888888888889,0.6065306597126332
exit,min_ratio,4.730555555555555,0.6065306597126332
exit,min_ratio,4.747222222222222,0.6065306597126332
exit,min_ratio,4.763888888888889,0.6065306597126332
exit,min_ratio,4.780555555555556,0.6065306597126332
exit,min_ratio,4.7972222222222225,0.6065306597126332
exit,min_ratio,4.813888888888889,0.6065306597126332
exit,min_ratio,4.830555555555556,0.6065306597126332
exit,min_ratio,4.847222222222222,0.6065306597126332
exit,min_ratio,4.863888888888889,0.6065306597126332
exit,min_ratio,4.8805555555555555,0.6065306597126332
exit,min_ratio,4.897222222222222,0.6065306597126332
exit,min_ratio,4.913888888888889,0.6065306597126332
exit,min_ratio,4.930555555555555,0.6065306597126332
exit,min_ratio,4.947222222222222,0.6065306597126332
exit,min_ratio,4.963888888888889,0.6065306597126332
exit,min_ratio,4.980555555555555,0.6065306597126332
exit,min_ratio,4.997222222222222,0.6065306597126332
exit,min_ratio,5.013888888888889,0.6065306597126333
exit,min_ratio,5.030555555555556,0.6065306597126332
exit,min_ratio,5.0472222222222225,0.6065306597126332
exit,min_ratio,5.063888888888889,0.6065306597126332
exit,min_ratio,5.080555555555556,0.6065306597126332
exit,min_ratio,5.097222222222222,0.6065306597126332
exit,min_ratio,5.113888888888889,0.6065306597126332
exit,min_ratio,5.1305555555555555,0.6065306597126332
exit,min_ratio,5.147222222222222,0.6065306597126332
exit,min_ratio,5.163888888888889,0.6065306597126332
exit,min_ratio,5.180555555555555,0.6065306597126332
exit,min_ratio,5.197222222222222,0.6065306597126332
exit,min_ratio,5.213888888888889,0.6065306597126332
exit,min_ratio,5.230555555555555,0.6065306597126332
exit,min_ratio,5.247222222222222,0.6065306597126332
exit,min_ratio,5.263888888888889,0.6065306597126332
exit,min_ratio,5.280555555555556,0.6065306597126332
exit,min_ratio,5.2972222222222225,0.6065306597126332
exit,min_ratio,5.313888888888889,0.6065306597126332
exit,min_ratio,5.330555555555556,0.6065306597126332
exit,min_ratio,5.347222222222222,0.6065306597126332
exit,min_ratio,5.363888888888889,0.6065306597126332
exit,min_ratio,5.3805555555555555,0.6065306597126332
exit,min_ratio,5.397222222222222,0.6065306597126332
exit,min_ratio,5.413888888888889,0.6065306597126332
exit,min_ratio,5.430555555555555,0.6065306597126332
exit,min_ratio,5.447222222222222,0.6065306597126332
exit,min_ratio,5.463888888888889,0.6065306597126332
exit,min_ratio,5.480555555555555,0.6065306597126332
exit,min_ratio,5.497222222222222,0.6065306597126332
exit,min_ratio,5.513888888888889,0.6065306597126332
exit,min_ratio,5.530555555555556,0.6065306597126332
exit,min_ratio,5.5472222222222225,0.6065306597126332
exit,min_ratio,5.563888888888889,0.6065306597126332
exit,min_ratio,5.580555555555556,0.6065306597126332
exit,min_ratio,5.597222222222222,0.6065306597126332
exit,min_ratio,5.613888888888889,0.6065306597126332
exit,min_ratio,5.6305555555555555,0.6065306597126332
exit,min_ratio,5.647222222222222,0.6065306597126332
exit,min_ratio,5.663888888888889,0.6065306597126332
exit,min_ratio,5.680555555555555,0.6065306597126332
exit,min_ratio,5.697222222222222,0.6065306597126332
exit,min_ratio,5.713888888888889,0.6065306597126332
exit,min_ratio,5.730555555555555,0.6065306597126332
exit,min_ratio,5.747222222222222,0.6065306597126332
exit,min_ratio,5.763888888888889,0.6065306597126332
exit,min_ratio,5.780555555555556,0.6065306597126332
exit,min_ratio,5.7972222222222225,0.6065306597126332
exit,min_ratio,5.813888888888889,0.6065306597126332
exit,min_ratio,5.830555555555556,0.6065306597126332
exit,min_ratio,5.847222222222222,0.6065306597126332
exit,min_ratio,5.863888888888889,0.6065306597126332
exit,min_ratio,5.8805555555555555,0.6065306597126332
exit,min_ratio,5.897222222222222,0.6065306597126332
exit,min_ratio,5.913888888888889,0.6065306597126332
exit,min_ratio,5.930555555555555,0.6065306597126332
exit,min_ratio,5.947222222222222,0.6065306597126332
exit,min_ratio,5.963888888888889,0.6065306597126332
exit,min_ratio,5.980555555555555,0.6065306597126332
exit,min_ratio,5.997222222222222,0.6065306597126332
exit,min_ratio,6.013888888888889,0.6065306597126333
exit,min_ratio,6.030555555555556,0.6065306597126332
exit,min_ratio,6.0472222222222225,0.6065306597126333
exit,min_ratio,6.063888888888889,0.6065306597126332
exit,min_ratio,6.080555555555556,0.6065306597126332
exit,min_ratio,6.097222222222222,0.6065306597126332
exit,min_ratio,6.113888888888889,0.6065306597126332
exit,min_ratio,6.1305555555555555,0.6065306597126332
exit,min_ratio,6.147222222222222,0.6065306597126332
exit,min_ratio,6.163888888888889,0.6065306597126332
exit,min_ratio,6.180555555555555,0.6065306597126332
exit,min_ratio,6.197222222222222,0.6065306597126332
exit,min_ratio,6.213888888888889,0.6065306597126332
exit,min_ratio,6.230555555555555,0.6065306597126332
exit,min_ratio,6.247222222222222,0.6065306597126332
exit,min_ratio,6.263888888888889,0.6065306597126332
exit,min_ratio,6.280555555555556,0.6065306597126332
exit,min_ratio,6.2972222222222225,0.6065306597126332
exit,min_ratio,6.313888888888889,0.6065306597126332
exit,min_ratio,6.330555555555556,0.6065306597126332
exit,min_ratio,6.347222222222222,0.6065306597126332
exit,min_ratio,6.363888888888889,0.6065306597126332
exit,min_ratio,6.3805555555555555,0.6065306597126332
exit,min_ratio,6.397222222222222,0.6065306597126332
exit,min_ratio,6.413888888888889,0.6065306597126332
exit,min_ratio,6.430555555555555,0.6065306597126332
exit,min_ratio,6.447222222222222,0.6065306597126332
exit,min_ratio,6.463888888888889,0.6065306597126332
exit,min_ratio,6.480555555555555,0.6065306597126332
exit,min_ratio,6.497222222222222,0.6065306597126332
exit,min_ratio,6.513888888888889,0.6065306597126332
exit,min_ratio,6.530555555555556,0.6065306597126332
exit,min_ratio,6.5472222222222225,0.6065306597126332
exit,min_ratio,6.563888888888889,0.6065306597126332
exit,min_ratio,6.580555555555556,0.6065306597126332
exit,min_ratio,6.597222222222222,0.6065306597126332
exit,min_ratio,6.613888888888889,0.6065306597126332
exit,min_ratio,6.6305555555555555,0.6065306597126332
exit,min_ratio,6.647222222222222,0.6065306597126332
exit,min_ratio,6.663888888888889,0.6065306597126332
exit,min_ratio,6.680555555555555,0.6065306597126332
exit,min_ratio,6.697222222222222,0.6065306597126332
exit,min_ratio,6.713888888888889,0.6065306597126332
exit,min_ratio,6.730555555555555,0.6065306597126332
exit,min_ratio,6.747222222222222,0.6065306597126332
exit,min_ratio,6.763888888888889,0.6065306597126332
exit,min_ratio,6.780555555555556,0.6065306597126332
exit,min_ratio,6.7972222222222225,0.6065306597126332
exit,min_ratio,6.813888888888889,0.6065306597126332
exit,min_ratio,6.830555555555556,0.6065306597126332
exit,min_ratio,6.847222222222222,0.6065306597126333
exit,min_ratio,6.863888888888889,0.6065306597126332
exit,min_ratio,6.8805555555555555,0.6065306597126332
exit,min_ratio,6.897222222222222,0.6065306597126332
exit,min_ratio,6.913888888888889,0.6065306597126332
exit,min_ratio,6.930555555555555,0.6065306597126332
exit,min_ratio,6.947222222222222,0.6065306597126332
exit,min_ratio,6.963888888888889,0.6065306597126332
exit,min_ratio,6.980555555555555,0.6065306597126332
exit,min_ratio,6.997222222222222,0.6065306597126332
exit,min_ratio,7.013888888888889,0.6065306597126332
exit,min_ratio,7.030555555555556,0.6065306597126333
exit,min_ratio,7.0472222222222225,0.6065306597126332
exit,min_ratio,7.063888888888889,0.6065306597126332
exit,min_ratio,7.080555555555556,0.6065306597126332
exit,min_ratio,7.097222222222222,0.6065306597126332
exit,min_ratio,7.113888888888889,0.6065306597126332
exit,min_ratio,7.1305555555555555,0.6065306597126332
exit,min_ratio,7.147222222222222,0.6065306597126332
exit,min_ratio,7.163888888888889,0.6065306597126332
exit,min_ratio,7.180555555555555,0.6065306597126332
exit,min_ratio,7.197222222222222,0.6065306597126332
exit,min_ratio,7.213888888888889,0.6065306597126332
exit,min_ratio,7.230555555555555,0.6065306597126332
exit,min_ratio,7.247222222222222,0.6065306597126332
exit,min_ratio,7.263888888888889,0.6065306597126332
exit,min_ratio,7.280555555555556,0.6065306597126332
exit,min_ratio,7.2972222222222225,0.6065306597126332
exit,min_ratio,7.313888888888889,0.6065306597126332
exit,min_ratio,7.330555555555556,0.6065306597126332
exit,min_ratio,7.347222222222222,0.6065306597126332
exit,min_ratio,7.363888888888889,0.6065306597126332
exit,min_ratio,7.3805555555555555,0.6065306597126332
exit,min_ratio,7.397222222222222,0.6065306597126332
exit,min_ratio,7.413888888888889,0.6065306597126332
exit,min_ratio,7.430555555555555,0.6065306597126332
exit,min_ratio,7.447222222222222,0.6065306597126332
exit,min_ratio,7.463888888888889,0.6065306597126332
exit,min_ratio,7.480555555555555,0.6065306597126332
exit,min_ratio,7.497222222222222,0.6065306597126332
exit,min_ratio,7.513888888888889,0.6065306597126332
exit,min_ratio,7.530555555555556,0.6065306597126332
exit,min_ratio,7.5472222222222225,0.6065306597126332
exit,min_ratio,7.563888888888889,0.6065306597126332
exit,min_ratio,7.580555555555556,0.6065306597126332
exit,min_ratio,7.597222222222222,0.6065306597126332
exit,min_ratio,7.613888888888889,0.6065306597126332
exit,min_ratio,7.6305555555555555,0.6065306597126332
exit,min_ratio,7.647222222222222,0.6065306597126332
exit,min_ratio,7.663888888888889,0.6065306597126332
exit,min_ratio,7.680555555555555,0.6065306597126332
exit,min_ratio,7.697222222222222,0.6065306597126332
exit,min_ratio,7.713888888888889,0.6065306597126332
exit,min_ratio,7.730555555555555,0.6065306597126332
exit,min_ratio,7.747222222222222,0.6065306597126332
exit,min_ratio,7.763888888888889,0.6065306597126332
exit,min_ratio,7.780555555555556,0.6065306597126332
exit,min_ratio,7.7972222222222225,0.6065306597126332
exit,min_ratio,7.813888888888889,0.6065306597126332
exit,min_ratio,7.830555555555556,0.6065306597126332
exit,min_ratio,7.847222222222222,0.6065306597126332
exit,min_ratio,7.863888888888889,0.6065306597126332
exit,min_ratio,7.8805555555555555,0.6065306597126332
exit,min_ratio,7.897222222222222,0.6065306597126332
exit,min_ratio,7.913888888888889,0.6065306597126332
exit,min_ratio,7.930555555555555,0.6065306597126332
exit,min_ratio,7.947222222222222,0.6065306597126332
exit,min_ratio,7.963888888888889,0.6065306597126332
exit,min_ratio,7.980555555555555,0.6065306597126332
exit,min_ratio,7.997222222222222,0.6065306597126332
exit,min_ratio,8.01388888888889,0.6065306597126333
exit,min_ratio,8.030555555555555,0.6065306597126333
exit,min_ratio,8.047222222222222,0.6065306597126332
exit,min_ratio,8.063888888888888,0.6065306597126332
exit,min_ratio,8.080555555555556,0.6065306597126332
exit,min_ratio,8.097222222222221,0.6065306597126332
exit,min_ratio,8.113888888888889,0.6065306597126332
exit,min_ratio,8.130555555555556,0.6065306597126332
exit,min_ratio,8.147222222222222,0.6065306597126332
exit,min_ratio,8.16388888888889,0.6065306597126332
exit,min_ratio,8.180555555555555,0.6065306597126332
exit,min_ratio,8.197222222222223,0.6065306597126332
exit,min_ratio,8.213888888888889,0.6065306597126332
exit,min_ratio,8.230555555555556,0.6065306597126332
exit,min_ratio,8.247222222222222,0.6065306597126332
exit,min_ratio,8.26388888888889,0.6065306597126332
exit,min_ratio,8.280555555555555,0.6065306597126332
exit,min_ratio,8.297222222222222,0.6065306597126332
exit,min_ratio,8.313888888888888,0.6065306597126332
exit,min_ratio,8.330555555555556,0.6065306597126332
exit,min_ratio,8.347222222222221,0.6065306597126332
exit,min_ratio,8.363888888888889,0.6065306597126332
exit,min_ratio,8.380555555555556,0.6065306597126332
exit,min_ratio,8.397222222222222,0.6065306597126332
exit,min_ratio,8.41388888888889,0.6065306597126332
exit,min_ratio,8.430555555555555,0.6065306597126332
exit,min_ratio,8.447222222222223,0.6065306597126332
exit,min_ratio,8.463888888888889,0.6065306597126332
exit,min_ratio,8.480555555555556,0.6065306597126332
exit,min_ratio,8.497222222222222,0.6065306597126332
exit,min_ratio,8.51388888888889,0.6065306597126332
exit,min_ratio,8.530555555555555,0.6065306597126333
exit,min_ratio,8.547222222222222,0.6065306597126333
exit,min_ratio,8.563888888888888,0.6065306597126332
exit,min_ratio,8.580555555555556,0.6065306597126333
exit,min_ratio,8.597222222222221,0.6065306597126332
exit,min_ratio,8.613888888888889,0.6065306597126332
exit,min_ratio,8.630555555555556,0.6065306597126332
exit,min_ratio,8.647222222222222,0.6065306597126332
exit,min_ratio,8.66388888888889,0.6065306597126332
exit,min_ratio,8.680555555555555,0.6065306597126332
exit,min_ratio,8.697222222222223,0.6065306597126332
exit,min_ratio,8.713888888888889,0.6065306597126332
exit,min_ratio,8.730555555555556,0.6065306597126332
exit,min_ratio,8.747222222222222,0.6065306597126332
exit,min_ratio,8.76388888888889,0.6065306597126332
exit,min_ratio,8.780555555555555,0.6065306597126332
exit,min_ratio,8.797222222222222,0.6065306597126332
exit,min_ratio,8.813888888888888,0.6065306597126332
exit,min_ratio,8.830555555555556,0.6065306597126332
exit,min_ratio,8.847222222222221,0.6065306597126332
exit,min_ratio,8.863888888888889,0.6065306597126332
exit,min_ratio,8.880555555555556,0.6065306597126332
exit,min_ratio,8.897222222222222,0.6065306597126332
exit,min_ratio,8.91388888888889,0.6065306597126332
exit,min_ratio,8.930555555555555,0.6065306597126332
exit,min_ratio,8.947222222222223,0.6065306597126332
exit,min_ratio,8.963888888888889,0.6065306597126332
exit,min_ratio,8.980555555555556,0.6065306597126332
exit,min_ratio,8.997222222222222,0.6065306597126332
exit,min_ratio,9.01388888888889,0.6065306597126332
exit,min_ratio,9.030555555555555,0.6065306597126333
exit,min_ratio,9.047222222222222,0.6065306597126332
exit,min_ratio,9.063888888888888,0.6065306597126332
exit,min_ratio,9.080555555555556,0.6065306597126332
exit,min_ratio,9.097222222222221,0.6065306597126332
exit,min_ratio,9.113888888888889,0.6065306597126333
exit,min_ratio,9.130555555555556,0.6065306597126332
exit,min_ratio,9.147222222222222,0.6065306597126332
exit,min_ratio,9.16388888888889,0.6065306597126332
exit,min_ratio,9.180555555555555,0.6065306597126332
exit,min_ratio,9.197222222222223,0.6065306597126332
exit,min_ratio,9.213888888888889,0.6065306597126332
exit,min_ratio,9.230555555555556,0.6065306597126332
exit,min_ratio,9.247222222222222,0.6065306597126332
exit,min_ratio,9.26388888888889,0.6065306597126332
exit,min_ratio,9.280555555555555,0.6065306597126332
exit,min_ratio,9.297222222222222,0.6065306597126332
exit,min_ratio,9.313888888888888,0.6065306597126332
exit,min_ratio,9.330555555555556,0.6065306597126332
exit,min_ratio,9.347222222222221,0.6065306597126332
exit,min_ratio,9.363888888888889,0.6065306597126332
exit,min_ratio,9.380555555555556,0.6065306597126332
exit,min_ratio,9.397222222222222,0.6065306597126332
exit,min_ratio,9.41388888888889,0.6065306597126332
exit,min_ratio,9.430555555555555,0.6065306597126332
exit,min_ratio,9.447222222222223,0.6065306597126332
exit,min_ratio,9.463888888888889,0.6065306597126332
exit,min_ratio,9.480555555555556,0.6065306597126332
exit,min_ratio,9.497222222222222,0.6065306597126332
exit,min_ratio,9.51388888888889,0.6065306597126332
exit,min_ratio,9.530555555555555,0.6065306597126332
exit,min_ratio,9.547222222222222,0.6065306597126332
exit,min_ratio,9.563888888888888,0.6065306597126332
exit,min_ratio,9.580555555555556,0.6065306597126332
exit,min_ratio,9.597222222222221,0.6065306597126332
exit,min_ratio,9.613888888888889,0.6065306597126332
exit,min_ratio,9.630555555555556,0.6065306597126332
exit,min_ratio,9.647222222222222,0.6065306597126332
exit,min_ratio,9.66388888888889,0.6065306597126332
exit,min_ratio,9.680555555555555,0.6065306597126332
exit,min_ratio,9.697222222222223,0.6065306597126332
exit,min_ratio,9.713888888888889,0.6065306597126332
exit,min_ratio,9.730555555555556,0.6065306597126332
exit,min_ratio,9.747222222222222,0.6065306597126332
exit,min_ratio,9.76388888888889,0.6065306597126332
exit,min_ratio,9.780555555555555,0.6065306597126332
exit,min_ratio,9.797222222222222,0.6065306597126332
exit,min_ratio,9.813888888888888,0.6065306597126333
exit,min_ratio,9.830555555555556,0.6065306597126332
exit,min_ratio,9.847222222222221,0.6065306597126332
exit,min_ratio,9.863888888888889,0.6065306597126332
exit,min_ratio,9.880555555555556,0.6065306597126332
exit,min_ratio,9.897222222222222,0.6065306597126332
exit,min_ratio,9.91388888888889,0.6065306597126332
exit,min_ratio,9.930555555555555,0.6065306597126332
exit,min_ratio,9.947222222222223,0.6065306597126332
exit,min_ratio,9.963888888888889,0.6065306597126332
exit,min_ratio,9.980555555555556,0.6065306597126332
exit,min_ratio,9.997222222222222,0.6065306597126332
exit,min_ratio,10.01388888888889,0.6065306597126332
exit,min_ratio,10.030555555555555,0.6065306597126333
exit,min_ratio,10.047222222222222,0.6065306597126333
exit,min_ratio,10.063888888888888,0.6065306597126332
exit,min_ratio,10.080555555555556,0.6065306597126332
exit,min_ratio,10.097222222222221,0.6065306597126332
exit,min_ratio,10.113888888888889,0.6065306597126332
exit,min_ratio,10.130555555555556,0.6065306597126332
exit,min_ratio,10.147222222222222,0.6065306597126332
exit,min_ratio,10.16388888888889,0.6065306597126332
exit,min_ratio,10.180555555555555,0.6065306597126332
exit,min_ratio,10.197222222222223,0.6065306597126332
exit,min_ratio,10.213888888888889,0.6065306597126332
exit,min_ratio,10.230555555555556,0.6065306597126332
exit,min_ratio,10.247222222222222,0.6065306597126332
exit,min_ratio,10.26388888888889,0.6065306597126332
exit,min_ratio,10.280555555555555,0.6065306597126332
exit,min_ratio,10.297222222222222,0.6065306597126332
exit,min_ratio,10.313888888888888,0.6065306597126332
exit,min_ratio,10.330555555555556,0.6065306597126332
exit,min_ratio,10.347222222222221,0.6065306597126332
exit,min_ratio,10.363888888888889,0.6065306597126332
exit,min_ratio,10.380555555555556,0.6065306597126332
exit,min_ratio,10.397222222222222,0.6065306597126332
exit,min_ratio,10.41388888888889,0.6065306597126332
exit,min_ratio,10.430555555555555,0.6065306597126332
exit,min_ratio,10.447222222222223,0.6065306597126332
exit,min_ratio,10.463888888888889,0.6065306597126332
exit,min_ratio,10.480555555555556,0.6065306597126332
exit,min_ratio,10.497222222222222,0.6065306597126332
exit,min_ratio,10.51388888888889,0.6065306597126332
exit,min_ratio,10.530555555555555,0.6065306597126332
exit,min_ratio,10.547222222222222,0.6065306597126332
exit,min_ratio,10.563888888888888,0.6065306597126332
exit,min_ratio,10.580555555555556,0.6065306597126332
exit,min_ratio,10.597222222222221,0.6065306597126332
exit,min_ratio,10.613888888888889,0.6065306597126332
exit,min_ratio,10.630555555555556,0.6065306597126332
exit,min_ratio,10.647222222222222,0.6065306597126332
exit,min_ratio,10.66388888888889,0.6065306597126332
exit,min_ratio,10.680555555555555,0.6065306597126332
exit,min_ratio,10.697222222222223,0.6065306597126332
exit,min_ratio,10.713888888888889,0.6065306597126332
exit,min_ratio,10.730555555555556,0.6065306597126332
exit,min_ratio,10.747222222222222,0.6065306597126332
exit,min_ratio,10.76388888888889,0.6065306597126332
exit,min_ratio,10.780555555555555,0.6065306597126332
exit,min_ratio,10.797222222222222,0.6065306597126332
exit,min_ratio,10.813888888888888,0.6065306597126332
exit,min_ratio,10.830555555555556,0.6065306597126332
exit,min_ratio,10.847222222222221,0.6065306597126332
exit,min_ratio,10.863888888888889,0.6065306597126332
exit,min_ratio,10.880555555555556,0.6065306597126332
exit,min_ratio,10.897222222222222,0.6065306597126332
exit,min_ratio,10.91388888888889,0.6065306597126332
exit,min_ratio,10.930555555555555,0.6065306597126332
exit,min_ratio,10.947222222222223,0.6065306597126332
exit,min_ratio,10.963888888888889,0.6065306597126332
exit,min_ratio,10.980555555555556,0.6065306597126332
exit,min_ratio,10.997222222222222,0.6065306597126332
exit,min_ratio,11.01388888888889,0.6065306597126332
exit,min_ratio,11.030555555555555,0.6065306597126332
exit,min_ratio,11.047222222222222,0.6065306597126332
exit,min_ratio,11.063888888888888,0.6065306597126332
exit,min_ratio,11.080555555555556,0.6065306597126332
exit,min_ratio,11.097222222222221,0.6065306597126332
exit,min_ratio,11.113888888888889,0.6065306597126332
exit,min_ratio,11.130555555555556,0.6065306597126332
exit,min_ratio,11.147222222222222,0.6065306597126332
exit,min_ratio,11.16388888888889,0.6065306597126332
exit,min_ratio,11.180555555555555,0.6065306597126332
exit,min_ratio,11.197222222222223,0.6065306597126332
exit,min_ratio,11.213888888888889,0.6065306597126332
exit,min_ratio,11.230555555555556,0.6065306597126332
exit,min_ratio,11.247222222222222,0.6065306597126332
exit,min_ratio,11.26388888888889,0.6065306597126332
exit,min_ratio,11.280555555555555,0.6065306597126332
exit,min_ratio,11.297222222222222,0.6065306597126332
exit,min_ratio,11.313888888888888,0.6065306597126332
exit,min_ratio,11.330555555555556,0.6065306597126332
exit,min_ratio,11.347222222222221,0.6065306597126332
exit,min_ratio,11.363888888888889,0.6065306597126332
exit,min_ratio,11.380555555555556,0.6065306597126332
exit,min_ratio,11.397222222222222,0.6065306597126332
exit,min_ratio,11.41388888888889,0.6065306597126332
exit,min_ratio,11.430555555555555,0.6065306597126332
exit,min_ratio,11.447222222222223,0.6065306597126332
exit,min_ratio,11.463888888888889,0.6065306597126332
exit,min_ratio,11.480555555555556,0.6065306597126332
exit,min_ratio,11.497222222222222,0.6065306597126332
exit,min_ratio,11.51388888888889,0.6065306597126332
exit,min_ratio,11.530555555555555,0.6065306597126332
exit,min_ratio,11.547222222222222,0.6065306597126332
exit,min_ratio,11.563888888888888,0.6065306597126332
exit,min_ratio,11.580555555555556,0.6065306597126332
exit,min_ratio,11.597222222222221,0.6065306597126332
exit,min_ratio,11.613888888888889,0.6065306597126332
exit,min_ratio,11.630555555555556,0.6065306597126332
exit,min_ratio,11.647222222222222,0.6065306597126332
exit,min_ratio,11.66388888888889,0.6065306597126332
exit,min_ratio,11.680555555555555,0.6065306597126332
exit,min_ratio,11.697222222222223,0.6065306597126332
exit,min_ratio,11.713888888888889,0.6065306597126332
exit,min_ratio,11.730555555555556,0.6065306597126332
exit,min_ratio,11.747222222222222,0.6065306597126332
exit,min_ratio,11.76388888888889,0.6065306597126332
exit,min_ratio,11.780555555555555,0.6065306597126332
exit,min_ratio,11.797222222222222,0.6065306597126332
exit,min_ratio,11.813888888888888,0.6065306597126332
exit,min_ratio,11.830555555555556,0.6065306597126332
exit,min_ratio,11.847222222222221,0.6065306597126332
exit,min_ratio,11.863888888888889,0.6065306597126332
exit,min_ratio,11.880555555555556,0.6065306597126332
exit,min_ratio,11.897222222222222,0.6065306597126332
exit,min_ratio,11.91388888888889,0.6065306597126332
exit,min_ratio,11.930555555555555,0.6065306597126332
exit,min_ratio,11.947222222222223,0.6065306597126332
exit,min_ratio,11.963888888888889,0.6065306597126332
exit,min_ratio,11.980555555555556,0.6065306597126332
exit,min_ratio,11.997222222222222,0.6065306597126332
exit,max_ratio,0.013888888888888888,1.6487212707076992
exit,max_ratio,0.030555555555555555,1.6487212707076992
exit,max_ratio,0.04722222222222222,1.6487212707076992
exit,max_ratio,0.06388888888888888,1.6487212707076992
exit,max_ratio,0.08055555555555556,1.6487212707076992
exit,max_ratio,0.09722222222222222,1.6487212707076992
exit,max_ratio,0.11388888888888889,1.6487212707076992
exit,max_ratio,0.13055555555555556,1.6487212707076992
exit,max_ratio,0.14722222222222223,1.6487212707076992
exit,max_ratio,0.1638888888888889,1.6487212707076992
exit,max_ratio,0.18055555555555555,1.6487212707076992
exit,max_ratio,0.19722222222222222,1.6487212707076992
exit,max_ratio,0.21388888888888888,1.6487212707076992
exit,max_ratio,0.23055555555555557,1.6487212707076992
exit,max_ratio,0.24722222222222223,1.6487212707076992
exit,max_ratio,0.2638888888888889,1.6487212707076992
exit,max_ratio,0.28055555555555556,1.6487212707076992
exit,max_ratio,0.2972222222222222,1.6487212707076992
exit,max_ratio,0.3138888888888889,1.6487212707076992
exit,max_ratio,0.33055555555555555,1.6487212707076992
exit,max_ratio,0.3472222222222222,1.6487212707076992
exit,max_ratio,0.3638888888888889,1.6487212707076992
exit,max_ratio,0.38055555555555554,1.6487212707076992
exit,max_ratio,0.3972222222222222,1.6487212707076992
exit,max_ratio,0.41388888888888886,1.6487212707076992
exit,max_ratio,0.4305555555555556,1.6487212707076992
exit,max_ratio,0.44722222222222224,1.6487212707076992
exit,max_ratio,0.4638888888888889,1.6487212707076992
exit,max_ratio,0.48055555555555557,1.6487212707076992
exit,max_ratio,0.49722222222222223,1.6487212707076992
exit,max_ratio,0.5138888888888888,1.6487212707076992
exit,max_ratio,0.5305555555555556,1.6487212707076992
exit,max_ratio,0.5472222222222223,1.6487212707076992
exit,max_ratio,0.5638888888888889,1.6487212707076992
exit,max_ratio,0.5805555555555556,1.6487212707076992
exit,max_ratio,0.5972222222222222,1.6487212707076992
exit,max_ratio,0.6138888888888889,1.6487212707076992
exit,max_ratio,0.6305555555555555,1.6487212707076992
exit,max_ratio,0.6472222222222223,1.6487212707076992
exit,max_ratio,0.6638888888888889,1.6487212707076992
exit,max_ratio,0.6805555555555556,1.6487212707076992
exit,max_ratio,0.6972222222222222,1.6487212707076992
exit,max_ratio,0.7138888888888889,1.6487212707076992
exit,max_ratio,0.7305555555555555,1.6487212707076992
exit,max_ratio,0.7472222222222222,1.6487212707076992
exit,max_ratio,0.7638888888888888,1.6487212707076992
exit,max_ratio,0.7805555555555556,1.6487212707076992
exit,max_ratio,0.7972222222222223,1.6487212707076992
exit,max_ratio,0.8138888888888889,1.6487212707076992
exit,max_ratio,0.8305555555555556,1.6487212707076992
exit,max_ratio,0.8472222222222222,1.6487212707076992
exit,max_ratio,0.8638888888888889,1.6487212707076992
exit,max_ratio,0.8805555555555555,1.6487212707076992
exit,max_ratio,0.8972222222222223,1.6487212707076992
exit,max_ratio,0.9138888888888889,1.6487212707076992
exit,max_ratio,0.9305555555555556,1.6487212707076992
exit,max_ratio,0.9472222222222222,1.6487212707076992
exit,max_ratio,0.9638888888888889,1.6487212707076992
exit,max_ratio,0.9805555555555555,1.6487212707076992
exit,max_ratio,0.9972222222222222,1.6487212707076992
exit,max_ratio,1.0138888888888888,1.6487212707080576
exit,max_ratio,1.0305555555555554,1.6487212707080576
exit,max_ratio,1.0472222222222223,1.6487212707080576
exit,max_ratio,1.0638888888888889,1.6487212707080576
exit,max_ratio,1.0805555555555555,1.6487212707080576
exit,max_ratio,1.0972222222222223,1.6487212707080576
exit,max_ratio,1.113888888888889,1.6487212707080576
exit,max_ratio,1.1305555555555555,1.6487212707080576
exit,max_ratio,1.1472222222222221,1.6487212707080576
exit,max_ratio,1.163888888888889,1.6487212707080576
exit,max_ratio,1.1805555555555556,1.6487212707080576
exit,max_ratio,1.1972222222222222,1.6487212707080576
exit,max_ratio,1.2138888888888888,1.6487212707080576
exit,max_ratio,1.2305555555555556,1.6487212707080576
exit,max_ratio,1.2472222222222222,1.6487212707080576
exit,max_ratio,1.2638888888888888,1.6487212707080576
exit,max_ratio,1.2805555555555554,1.6487212707080576
exit,max_ratio,1.2972222222222223,1.6487212707080576
exit,max_ratio,1.3138888888888889,1.6487212707080576
exit,max_ratio,1.3305555555555555,1.6487212707080576
exit,max_ratio,1.3472222222222223,1.6487212707080576
exit,max_ratio,1.363888888888889,1.6487212707080576
exit,max_ratio,1.3805555555555555,1.6487212707080576
exit,max_ratio,1.3972222222222221,1.6487212707080576
exit,max_ratio,1.413888888888889,1.6487212707080576
exit,max_ratio,1.4305555555555556,1.6487212707080576
exit,max_ratio,1.4472222222222222,1.6487212707080576
exit,max_ratio,1.4638888888888888,1.6487212707080576
exit,max_ratio,1.4805555555555556,1.6487212707080576
exit,max_ratio,1.4972222222222222,1.6487212707080576
exit,max_ratio,1.5138888888888888,1.6487212707080576
exit,max_ratio,1.5305555555555554,1.6487212707080576
exit,max_ratio,1.5472222222222223,1.6487212707080576
exit,max_ratio,1.5638888888888889,1.6487212707080576
exit,max_ratio,1.5805555555555555,1.6487212707080576
exit,max_ratio,1.5972222222222223,1.6487212707080576
exit,max_ratio,1.613888888888889,1.6487212707080576
exit,max_ratio,1.6305555555555555,1.6487212707080576
exit,max_ratio,1.6472222222222221,1.6487212707080576
exit,max_ratio,1.663888888888889,1.6487212707080576
exit,max_ratio,1.6805555555555556,1.6487212707080576
exit,max_ratio,1.6972222222222222,1.6487212707080576
exit,max_ratio,1.7138888888888888,1.6487212707080576
exit,max_ratio,1.7305555555555556,1.6487212707080576
exit,max_ratio,1.7472222222222222,1.6487212707080576
exit,max_ratio,1.7638888888888888,1.6487212707080576
exit,max_ratio,1.7805555555555554,1.6487212707080576
exit,max_ratio,1.7972222222222223,1.6487212707080576
exit,max_ratio,1.8138888888888889,1.6487212707080576
exit,max_ratio,1.8305555555555555,1.6487212707080576
exit,max_ratio,1.8472222222222223,1.6487212707080576
exit,max_ratio,1.863888888888889,1.6487212707080576
exit,max_ratio,1.8805555555555555,1.6487212707080576
exit,max_ratio,1.8972222222222221,1.6487212707080576
exit,max_ratio,1.913888888888889,1.6487212707080576
exit,max_ratio,1.9305555555555556,1.6487212707080576
exit,max_ratio,1.9472222222222222,1.6487212707080576
exit,max_ratio,1.9638888888888888,1.6487212707080576
exit,max_ratio,1.9805555555555556,1.6487212707080576
exit,max_ratio,1.9972222222222222,1.6487212707080576
exit,max_ratio,2.013888888888889,1.6487212707089083
exit,max_ratio,2.0305555555555554,1.6487212707089083
exit,max_ratio,2.047222222222222,1.6487212707089083
exit,max_ratio,2.063888888888889,1.6487212707089083
exit,max_ratio,2.0805555555555557,1.6487212707089083
exit,max_ratio,2.0972222222222223,1.6487212707089083
exit,max_ratio,2.113888888888889,1.6487212707089083
exit,max_ratio,2.1305555555555555,1.6487212707089083
exit,max_ratio,2.147222222222222,1.6487212707089083
exit,max_ratio,2.1638888888888888,1.6487212707089083
exit,max_ratio,2.1805555555555554,1.6487212707089083
exit,max_ratio,2.1972222222222224,1.6487212707089083
exit,max_ratio,2.213888888888889,1.6487212707089083
exit,max_ratio,2.2305555555555556,1.6487212707089083
exit,max_ratio,2.2472222222222222,1.6487212707089083
exit,max_ratio,2.263888888888889,1.6487212707089083
exit,max_ratio,2.2805555555555554,1.6487212707089083
exit,max_ratio,2.297222222222222,1.6487212707089083
exit,max_ratio,2.313888888888889,1.6487212707089083
exit,max_ratio,2.3305555555555557,1.6487212707089083
exit,max_ratio,2.3472222222222223,1.6487212707089083
exit,max_ratio,2.363888888888889,1.6487212707089083
exit,max_ratio,2.3805555555555555,1.6487212707089083
exit,max_ratio,2.397222222222222,1.6487212707089083
exit,max_ratio,2.4138888888888888,1.6487212707089083
exit,max_ratio,2.4305555555555554,1.6487212707089083
exit,max_ratio,2.4472222222222224,1.6487212707089083
exit,max_ratio,2.463888888888889,1.6487212707089083
exit,max_ratio,2.4805555555555556,1.6487212707089083
exit,max_ratio,2.4972222222222222,1.6487212707089083
exit,max_ratio,2.513888888888889,1.6487212707089083
exit,max_ratio,2.5305555555555554,1.6487212707089083
exit,max_ratio,2.547222222222222,1.6487212707089083
exit,max_ratio,2.563888888888889,1.6487212707089083
exit,max_ratio,2.5805555555555557,1.6487212707089083
exit,max_ratio,2.5972222222222223,1.6487212707089083
exit,max_ratio,2.613888888888889,1.6487212707089083
exit,max_ratio,2.6305555555555555,1.6487212707089083
exit,max_ratio,2.647222222222222,1.6487212707089083
exit,max_ratio,2.6638888888888888,1.6487212707089083
exit,max_ratio,2.6805555555555554,1.6487212707089083
exit,max_ratio,2.6972222222222224,1.6487212707089083
exit,max_ratio,2.713888888888889,1.6487212707089083
exit,max_ratio,2.7305555555555556,1.6487212707089083
exit,max_ratio,2.7472222222222222,1.6487212707089083
exit,max_ratio,2.763888888888889,1.6487212707089083
exit,max_ratio,2.7805555555555554,1.6487212707089083
exit,max_ratio,2.797222222222222,1.6487212707089083
exit,max_ratio,2.813888888888889,1.6487212707089083
exit,max_ratio,2.8305555555555557,1.6487212707089083
exit,max_ratio,2.8472222222222223,1.6487212707089083
exit,max_ratio,2.863888888888889,1.6487212707089083
exit,max_ratio,2.8805555555555555,1.6487212707089083
exit,max_ratio,2.897222222222222,1.6487212707089083
exit,max_ratio,2.9138888888888888,1.6487212707089083
exit,max_ratio,2.9305555555555554,1.6487212707089083
exit,max_ratio,2.9472222222222224,1.6487212707089083
exit,max_ratio,2.963888888888889,1.6487212707089083
exit,max_ratio,2.9805555555555556,1.6487212707089083
exit,max_ratio,2.9972222222222222,1.6487212707089083
exit,max_ratio,3.013888888888889,1.6487212707045074
exit,max_ratio,3.0305555555555554,1.6487212707045074
exit,max_ratio,3.047222222222222,1.6487212707045074
exit,max_ratio,3.063888888888889,1.6487212707045074
exit,max_ratio,3.0805555555555557,1.6487212707045074
exit,max_ratio,3.0972222222222223,1.6487212707045074
exit,max_ratio,3.113888888888889,1.6487212707045074
exit,max_ratio,3.1305555555555555,1.6487212707045074
exit,max_ratio,3.147222222222222,1.6487212707045074
exit,max_ratio,3.1638888888888888,1.6487212707045074
exit,max_ratio,3.1805555555555554,1.6487212707045074
exit,max_ratio,3.1972222222222224,1.6487212707045074
exit,max_ratio,3.213888888888889,1.6487212707045074
exit,max_ratio,3.2305555555555556,1.6487212707045074
exit,max_ratio,3.2472222222222222,1.6487212707045074
exit,max_ratio,3.263888888888889,1.6487212707045074
exit,max_ratio,3.2805555555555554,1.6487212707045074
exit,max_ratio,3.297222222222222,1.6487212707045074
exit,max_ratio,3.313888888888889,1.6487212707045074
exit,max_ratio,3.3305555555555557,1.6487212707045074
exit,max_ratio,3.3472222222222223,1.6487212707045074
exit,max_ratio,3.363888888888889,1.6487212707045074
exit,max_ratio,3.3805555555555555,1.6487212707045074
exit,max_ratio,3.397222222222222,1.6487212707045074
exit,max_ratio,3.4138888888888888,1.6487212707045074
exit,max_ratio,3.4305555555555554,1.6487212707045074
exit,max_ratio,3.4472222222222224,1.6487212707045074
exit,max_ratio,3.463888888888889,1.6487212707045074
exit,max_ratio,3.4805555555555556,1.6487212707045074
exit,max_ratio,3.4972222222222222,1.6487212707045074
exit,max_ratio,3.513888888888889,1.6487212707045074
exit,max_ratio,3.5305555555555554,1.6487212707045074
exit,max_ratio,3.547222222222222,1.6487212707045074
exit,max_ratio,3.563888888888889,1.6487212707045074
exit,max_ratio,3.5805555555555557,1.6487212707045074
exit,max_ratio,3.5972222222222223,1.6487212707045074
exit,max_ratio,3.613888888888889,1.6487212707045074
exit,max_ratio,3.6305555555555555,1.6487212707045074
exit,max_ratio,3.647222222222222,1.6487212707045074
exit,max_ratio,3.6638888888888888,1.6487212707045074
exit,max_ratio,3.6805555555555554,1.6487212707045074
exit,max_ratio,3.6972222222222224,1.6487212707045074
exit,max_ratio,3.713888888888889,1.6487212707045074
exit,max_ratio,3.7305555555555556,1.6487212707045074
exit,max_ratio,3.7472222222222222,1.6487212707045074
exit,max_ratio,3.763888888888889,1.6487212707045074
exit,max_ratio,3.7805555555555554,1.6487212707045074
exit,max_ratio,3.797222222222222,1.6487212707045074
exit,max_ratio,3.813888888888889,1.6487212707045074
exit,max_ratio,3.8305555555555557,1.6487212707045074
exit,max_ratio,3.8472222222222223,1.6487212707045074
exit,max_ratio,3.863888888888889,1.6487212707045074
exit,max_ratio,3.8805555555555555,1.6487212707045074
exit,max_ratio,3.897222222222222,1.6487212707045074
exit,max_ratio,3.9138888888888888,1.6487212707045074
exit,max_ratio,3.9305555555555554,1.6487212707045074
exit,max_ratio,3.9472222222222224,1.6487212707045074
exit,max_ratio,3.963888888888889,1.6487212707045074
exit,max_ratio,3.9805555555555556,1.6487212707045074
exit,max_ratio,3.9972222222222222,1.6487212707045074
exit,max_ratio,4.013888888888889,1.648721270704985
exit,max_ratio,4.030555555555556,1.648721270704985
exit,max_ratio,4.0472222222222225,1.648721270704985
exit,max_ratio,4.063888888888889,1.648721270704985
exit,max_ratio,4.080555555555556,1.648721270704985
exit,max_ratio,4.097222222222222,1.648721270704985
exit,max_ratio,4.113888888888889,1.648721270704985
exit,max_ratio,4.1305555555555555,1.648721270704985
exit,max_ratio,4.147222222222222,1.648721270704985
exit,max_ratio,4.163888888888889,1.648721270704985
exit,max_ratio,4.180555555555555,1.648721270704985
exit,max_ratio,4.197222222222222,1.648721270704985
exit,max_ratio,4.213888888888889,1.648721270704985
exit,max_ratio,4.230555555555555,1.648721270704985
exit,max_ratio,4.247222222222222,1.648721270704985
exit,max_ratio,4.263888888888889,1.648721270704985
exit,max_ratio,4.280555555555556,1.648721270704985
exit,max_ratio,4.2972222222222225,1.648721270704985
exit,max_ratio,4.313888888888889,1.648721270704985
exit,max_ratio,4.330555555555556,1.648721270704985
exit,max_ratio,4.347222222222222,1.648721270704985
exit,max_ratio,4.363888888888889,1.648721270704985
exit,max_ratio,4.3805555555555555,1.648721270704985
exit,max_ratio,4.397222222222222,1.648721270704985
exit,max_ratio,4.413888888888889,1.648721270704985
exit,max_ratio,4.430555555555555,1.648721270704985
exit,max_ratio,4.447222222222222,1.648721270704985
exit,max_ratio,4.463888888888889,1.648721270704985
exit,max_ratio,4.480555555555555,1.648721270704985
exit,max_ratio,4.497222222222222,1.648721270704985
exit,max_ratio,4.513888888888889,1.648721270704985
exit,max_ratio,4.530555555555556,1.648721270704985
exit,max_ratio,4.5472222222222225,1.648721270704985
exit,max_ratio,4.563888888888889,1.648721270704985
exit,max_ratio,4.580555555555556,1.648721270704985
exit,max_ratio,4.597222222222222,1.648721270704985
exit,max_ratio,4.613888888888889,1.648721270704985
exit,max_ratio,4.6305555555555555,1.648721270704985
exit,max_ratio,4.647222222222222,1.648721270704985
exit,max_ratio,4.663888888888889,1.648721270704985
exit,max_ratio,4.680555555555555,1.648721270704985
exit,max_ratio,4.697222222222222,1.648721270704985
exit,max_ratio,4.713888888888889,1.648721270704985
exit,max_ratio,4.730555555555555,1.648721270704985
exit,max_ratio,4.747222222222222,1.648721270704985
exit,max_ratio,4.763888888888889,1.648721270704985
exit,max_ratio,4.780555555555556,1.648721270704985
exit,max_ratio,4.7972222222222225,1.648721270704985
exit,max_ratio,4.813888888888889,1.648721270704985
exit,max_ratio,4.830555555555556,1.648721270704985
exit,max_ratio,4.847222222222222,1.648721270704985
exit,max_ratio,4.863888888888889,1.648721270704985
exit,max_ratio,4.8805555555555555,1.648721270704985
exit,max_ratio,4.897222222222222,1.648721270704985
exit,max_ratio,4.913888888888889,1.648721270704985
exit,max_ratio,4.930555555555555,1.648721270704985
exit,max_ratio,4.947222222222222,1.648721270704985
exit,max_ratio,4.963888888888889,1.648721270704985
exit,max_ratio,4.980555555555555,1.648721270704985
exit,max_ratio,4.997222222222222,1.648721270704985
exit,max_ratio,5.013888888888889,1.6487212707042476
exit,max_ratio,5.030555555555556,1.6487212707042476
exit,max_ratio,5.0472222222222225,1.6487212707042476
exit,max_ratio,5.063888888888889,1.6487212707042476
exit,max_ratio,5.080555555555556,1.6487212707042476
exit,max_ratio,5.097222222222222,1.6487212707042476
exit,max_ratio,5.113888888888889,1.6487212707042476
exit,max_ratio,5.1305555555555555,1.6487212707042476
exit,max_ratio,5.147222222222222,1.6487212707042476
exit,max_ratio,5.163888888888889,1.6487212707042476
exit,max_ratio,5.180555555555555,1.6487212707042476
exit,max_ratio,5.197222222222222,1.6487212707042476
exit,max_ratio,5.213888888888889,1.6487212707042476
exit,max_ratio,5.230555555555555,1.6487212707042476
exit,max_ratio,5.247222222222222,1.6487212707042476
exit,max_ratio,5.263888888888889,1.6487212707042476
exit,max_ratio,5.280555555555556,1.6487212707042476
exit,max_ratio,5.2972222222222225,1.6487212707042476
exit,max_ratio,5.313888888888889,1.6487212707042476
exit,max_ratio,5.330555555555556,1.6487212707042476
exit,max_ratio,5.347222222222222,1.6487212707042476
exit,max_ratio,5.363888888888889,1.6487212707042476
exit,max_ratio,5.3805555555555555,1.6487212707042476
exit,max_ratio,5.397222222222222,1.6487212707042476
exit,max_ratio,5.413888888888889,1.6487212707042476
exit,max_ratio,5.430555555555555,1.6487212707042476
exit,max_ratio,5.447222222222222,1.6487212707042476
exit,max_ratio,5.463888888888889,1.6487212707042476
exit,max_ratio,5.480555555555555,1.6487212707042476
exit,max_ratio,5.497222222222222,1.6487212707042476
exit,max_ratio,5.513888888888889,1.6487212707042476
exit,max_ratio,5.530555555555556,1.6487212707042476
exit,max_ratio,5.5472222222222225,1.6487212707042476
exit,max_ratio,5.563888888888889,1.6487212707042476
exit,max_ratio,5.580555555555556,1.6487212707042476
exit,max_ratio,5.597222222222222,1.6487212707042476
exit,max_ratio,5.613888888888889,1.6487212707042476
exit,max_ratio,5.6305555555555555,1.6487212707042476
exit,max_ratio,5.647222222222222,1.6487212707042476
exit,max_ratio,5.663888888888889,1.6487212707042476
exit,max_ratio,5.680555555555555,1.6487212707042476
exit,max_ratio,5.697222222222222,1.6487212707042476
exit,max_ratio,5.713888888888889,1.6487212707042476
exit,max_ratio,5.730555555555555,1.6487212707042476
exit,max_ratio,5.747222222222222,1.6487212707042476
exit,max_ratio,5.763888888888889,1.6487212707042476
exit,max_ratio,5.780555555555556,1.6487212707042476
exit,max_ratio,5.7972222222222225,1.6487212707042476
exit,max_ratio,5.813888888888889,1.6487212707042476
exit,max_ratio,5.830555555555556,1.6487212707042476
exit,max_ratio,5.847222222222222,1.6487212707042476
exit,max_ratio,5.863888888888889,1.6487212707042476
exit,max_ratio,5.8805555555555555,1.6487212707042476
exit,max_ratio,5.897222222222222,1.6487212707042476
exit,max_ratio,5.913888888888889,1.6487212707042476
exit,max_ratio,5.930555555555555,1.6487212707042476
exit,max_ratio,5.947222222222222,1.6487212707042476
exit,max_ratio,5.963888888888889,1.6487212707042476
exit,max_ratio,5.980555555555555,1.6487212707042476
exit,max_ratio,5.997222222222222,1.6487212707042476
exit,max_ratio,6.013888888888889,1.6487212707027756
exit,max_ratio,6.030555555555556,1.6487212707027756
exit,max_ratio,6.0472222222222225,1.6487212707027756
exit,max_ratio,6.063888888888889,1.6487212707027756
exit,max_ratio,6.080555555555556,1.6487212707027756
exit,max_ratio,6.097222222222222,1.6487212707027756
exit,max_ratio,6.113888888888889,1.6487212707027756
exit,max_ratio,6.1305555555555555,1.6487212707027756
exit,max_ratio,6.147222222222222,1.6487212707027756
exit,max_ratio,6.163888888888889,1.6487212707027756
exit,max_ratio,6.180555555555555,1.6487212707027756
exit,max_ratio,6.197222222222222,1.6487212707027756
exit,max_ratio,6.213888888888889,1.6487212707027756
exit,max_ratio,6.230555555555555,1.6487212707027756
exit,max_ratio,6.247222222222222,1.6487212707027756
exit,max_ratio,6.263888888888889,1.6487212707027756
exit,max_ratio,6.280555555555556,1.6487212707027756
exit,max_ratio,6.2972222222222225,1.6487212707027756
exit,max_ratio,6.313888888888889,1.6487212707027756
exit,max_ratio,6.330555555555556,1.6487212707027756
exit,max_ratio,6.347222222222222,1.6487212707027756
exit,max_ratio,6.363888888888889,1.6487212707027756
exit,max_ratio,6.3805555555555555,1.6487212707027756
exit,max_ratio,6.397222222222222,1.6487212707027756
exit,max_ratio,6.413888888888889,1.6487212707027756
exit,max_ratio,6.430555555555555,1.6487212707027756
exit,max_ratio,6.447222222222222,1.6487212707027756
exit,max_ratio,6.463888888888889,1.6487212707027756
exit,max_ratio,6.480555555555555,1.6487212707027756
exit,max_ratio,6.497222222222222,1.6487212707027756
exit,max_ratio,6.513888888888889,1.6487212707027756
exit,max_ratio,6.530555555555556,1.6487212707027756
exit,max_ratio,6.5472222222222225,1.6487212707027756
exit,max_ratio,6.563888888888889,1.6487212707027756
exit,max_ratio,6.580555555555556,1.6487212707027756
exit,max_ratio,6.597222222222222,1.6487212707027756
exit,max_ratio,6.613888888888889,1.6487212707027756
exit,max_ratio,6.6305555555555555,1.6487212707027756
exit,max_ratio,6.647222222222222,1.6487212707027756
exit,max_ratio,6.663888888888889,1.6487212707027756
exit,max_ratio,6.680555555555555,1.6487212707027756
exit,max_ratio,6.697222222222222,1.6487212707027756
exit,max_ratio,6.713888888888889,1.6487212707027756
exit,max_ratio,6.730555555555555,1.6487212707027756
exit,max_ratio,6.747222222222222,1.6487212707027756
exit,max_ratio,6.763888888888889,1.6487212707027756
exit,max_ratio,6.780555555555556,1.6487212707027756
exit,max_ratio,6.7972222222222225,1.6487212707027756
exit,max_ratio,6.813888888888889,1.6487212707027756
exit,max_ratio,6.830555555555556,1.6487212707027756
exit,max_ratio,6.847222222222222,1.6487212707027756
exit,max_ratio,6.863888888888889,1.6487212707027756
exit,max_ratio,6.8805555555555555,1.6487212707027756
exit,max_ratio,6.897222222222222,1.6487212707027756
exit,max_ratio,6.913888888888889,1.6487212707027756
exit,max_ratio,6.930555555555555,1.6487212707027756
exit,max_ratio,6.947222222222222,1.6487212707027756
exit,max_ratio,6.963888888888889,1.6487212707027756
exit,max_ratio,6.980555555555555,1.6487212707027756
exit,max_ratio,6.997222222222222,1.6487212707027756
exit,max_ratio,7.013888888888889,1.648721270703698
exit,max_ratio,7.030555555555556,1.648721270703698
exit,max_ratio,7.0472222222222225,1.648721270703698
exit,max_ratio,7.063888888888889,1.648721270703698
exit,max_ratio,7.080555555555556,1.648721270703698
exit,max_ratio,7.097222222222222,1.648721270703698
exit,max_ratio,7.113888888888889,1.648721270703698
exit,max_ratio,7.1305555555555555,1.648721270703698
exit,max_ratio,7.147222222222222,1.648721270703698
exit,max_ratio,7.163888888888889,1.648721270703698
exit,max_ratio,7.180555555555555,1.648721270703698
exit,max_ratio,7.197222222222222,1.648721270703698
exit,max_ratio,7.213888888888889,1.648721270703698
exit,max_ratio,7.230555555555555,1.648721270703698
exit,max_ratio,7.247222222222222,1.648721270703698
exit,max_ratio,7.263888888888889,1.648721270703698
exit,max_ratio,7.280555555555556,1.648721270703698
exit,max_ratio,7.2972222222222225,1.648721270703698
exit,max_ratio,7.313888888888889,1.648721270703698
exit,max_ratio,7.330555555555556,1.648721270703698
exit,max_ratio,7.347222222222222,1.648721270703698
exit,max_ratio,7.363888888888889,1.648721270703698
exit,max_ratio,7.3805555555555555,1.648721270703698
exit,max_ratio,7.397222222222222,1.648721270703698
exit,max_ratio,7.413888888888889,1.648721270703698
exit,max_ratio,7.430555555555555,1.648721270703698
exit,max_ratio,7.447222222222222,1.648721270703698
exit,max_ratio,7.463888888888889,1.648721270703698
exit,max_ratio,7.480555555555555,1.648721270703698
exit,max_ratio,7.497222222222222,1.648721270703698
exit,max_ratio,7.513888888888889,1.648721270703698
exit,max_ratio,7.530555555555556,1.648721270703698
exit,max_ratio,7.5472222222222225,1.648721270703698
exit,max_ratio,7.563888888888889,1.648721270703698
exit,max_ratio,7.580555555555556,1.648721270703698
exit,max_ratio,7.597222222222222,1.648721270703698
exit,max_ratio,7.613888888888889,1.648721270703698
exit,max_ratio,7.6305555555555555,1.648721270703698
exit,max_ratio,7.647222222222222,1.648721270703698
exit,max_ratio,7.663888888888889,1.648721270703698
exit,max_ratio,7.680555555555555,1.648721270703698
exit,max_ratio,7.697222222222222,1.648721270703698
exit,max_ratio,7.713888888888889,1.648721270703698
exit,max_ratio,7.730555555555555,1.648721270703698
exit,max_ratio,7.747222222222222,1.648721270703698
exit,max_ratio,7.763888888888889,1.648721270703698
exit,max_ratio,7.780555555555556,1.648721270703698
exit,max_ratio,7.7972222222222225,1.648721270703698
exit,max_ratio,7.813888888888889,1.648721270703698
exit,max_ratio,7.830555555555556,1.648721270703698
exit,max_ratio,7.847222222222222,1.648721270703698
exit,max_ratio,7.863888888888889,1.648721270703698
exit,max_ratio,7.8805555555555555,1.648721270703698
exit,max_ratio,7.897222222222222,1.648721270703698
exit,max_ratio,7.913888888888889,1.648721270703698
exit,max_ratio,7.930555555555555,1.648721270703698
exit,max_ratio,7.947222222222222,1.648721270703698
exit,max_ratio,7.963888888888889,1.648721270703698
exit,max_ratio,7.980555555555555,1.648721270703698
exit,max_ratio,7.997222222222222,1.648721270703698
exit,max_ratio,8.01388888888889,1.6487212707045669
exit,max_ratio,8.030555555555555,1.6487212707045669
exit,max_ratio,8.047222222222222,1.6487212707045669
exit,max_ratio,8.063888888888888,1.6487212707045669
exit,max_ratio,8.080555555555556,1.6487212707045669
exit,max_ratio,8.097222222222221,1.6487212707045669
exit,max_ratio,8.113888888888889,1.6487212707045669
exit,max_ratio,8.130555555555556,1.6487212707045669
exit,max_ratio,8.147222222222222,1.6487212707045669
exit,max_ratio,8.16388888888889,1.6487212707045669
exit,max_ratio,8.180555555555555,1.6487212707045669
exit,max_ratio,8.197222222222223,1.6487212707045669
exit,max_ratio,8.213888888888889,1.6487212707045669
exit,max_ratio,8.230555555555556,1.6487212707045669
exit,max_ratio,8.247222222222222,1.6487212707045669
exit,max_ratio,8.26388888888889,1.6487212707045669
exit,max_ratio,8.280555555555555,1.6487212707045669
exit,max_ratio,8.297222222222222,1.6487212707045669
exit,max_ratio,8.313888888888888,1.6487212707045669
exit,max_ratio,8.330555555555556,1.6487212707045669
exit,max_ratio,8.347222222222221,1.6487212707045669
exit,max_ratio,8.363888888888889,1.6487212707045669
exit,max_ratio,8.380555555555556,1.6487212707045669
exit,max_ratio,8.397222222222222,1.6487212707045669
exit,max_ratio,8.41388888888889,1.6487212707045669
exit,max_ratio,8.430555555555555,1.6487212707045669
exit,max_ratio,8.447222222222223,1.6487212707045669
exit,max_ratio,8.463888888888889,1.6487212707045669
exit,max_ratio,8.480555555555556,1.6487212707045669
exit,max_ratio,8.497222222222222,1.6487212707045669
exit,max_ratio,8.51388888888889,1.6487212707045669
exit,max_ratio,8.530555555555555,1.6487212707045669
exit,max_ratio,8.547222222222222,1.6487212707045669
exit,max_ratio,8.563888888888888,1.6487212707045669
exit,max_ratio,8.580555555555556,1.6487212707045669
exit,max_ratio,8.597222222222221,1.6487212707045669
exit,max_ratio,8.613888888888889,1.6487212707045669
exit,max_ratio,8.630555555555556,1.6487212707045669
exit,max_ratio,8.647222222222222,1.6487212707045669
exit,max_ratio,8.66388888888889,1.6487212707045669
exit,max_ratio,8.680555555555555,1.6487212707045669
exit,max_ratio,8.697222222222223,1.6487212707045669
exit,max_ratio,8.713888888888889,1.6487212707045669
exit,max_ratio,8.730555555555556,1.6487212707045669
exit,max_ratio,8.747222222222222,1.6487212707045669
exit,max_ratio,8.76388888888889,1.6487212707045669
exit,max_ratio,8.780555555555555,1.6487212707045669
exit,max_ratio,8.797222222222222,1.6487212707045669
exit,max_ratio,8.813888888888888,1.6487212707045669
exit,max_ratio,8.830555555555556,1.6487212707045669
exit,max_ratio,8.847222222222221,1.6487212707045669
exit,max_ratio,8.863888888888889,1.6487212707045669
exit,max_ratio,8.880555555555556,1.6487212707045669
exit,max_ratio,8.897222222222222,1.6487212707045669
exit,max_ratio,8.91388888888889,1.6487212707045669
exit,max_ratio,8.930555555555555,1.6487212707045669
exit,max_ratio,8.947222222222223,1.6487212707045669
exit,max_ratio,8.963888888888889,1.6487212707045669
exit,max_ratio,8.980555555555556,1.6487212707045669
exit,max_ratio,8.997222222222222,1.6487212707045669
exit,max_ratio,9.01388888888889,1.6487212707058472
exit,max_ratio,9.030555555555555,1.6487212707058472
exit,max_ratio,9.047222222222222,1.6487212707058472
exit,max_ratio,9.063888888888888,1.6487212707058472
exit,max_ratio,9.080555555555556,1.6487212707058472
exit,max_ratio,9.097222222222221,1.6487212707058472
exit,max_ratio,9.113888888888889,1.6487212707058472
exit,max_ratio,9.130555555555556,1.6487212707058472
exit,max_ratio,9.147222222222222,1.6487212707058472
exit,max_ratio,9.16388888888889,1.6487212707058472
exit,max_ratio,9.180555555555555,1.6487212707058472
exit,max_ratio,9.197222222222223,1.6487212707058472
exit,max_ratio,9.213888888888889,1.6487212707058472
exit,max_ratio,9.230555555555556,1.6487212707058472
exit,max_ratio,9.247222222222222,1.6487212707058472
exit,max_ratio,9.26388888888889,1.6487212707058472
exit,max_ratio,9.280555555555555,1.6487212707058472
exit,max_ratio,9.297222222222222,1.6487212707058472
exit,max_ratio,9.313888888888888,1.6487212707058472
exit,max_ratio,9.330555555555556,1.6487212707058472
exit,max_ratio,9.347222222222221,1.6487212707058472
exit,max_ratio,9.363888888888889,1.6487212707058472
exit,max_ratio,9.380555555555556,1.6487212707058472
exit,max_ratio,9.397222222222222,1.6487212707058472
exit,max_ratio,9.41388888888889,1.6487212707058472
exit,max_ratio,9.430555555555555,1.6487212707058472
exit,max_ratio,9.447222222222223,1.6487212707058472
exit,max_ratio,9.463888888888889,1.6487212707058472
exit,max_ratio,9.480555555555556,1.6487212707058472
exit,max_ratio,9.497222222222222,1.6487212707058472
exit,max_ratio,9.51388888888889,1.6487212707058472
exit,max_ratio,9.530555555555555,1.6487212707058472
exit,max_ratio,9.547222222222222,1.6487212707058472
exit,max_ratio,9.563888888888888,1.6487212707058472
exit,max_ratio,9.580555555555556,1.6487212707058472
exit,max_ratio,9.597222222222221,1.6487212707058472
exit,max_ratio,9.613888888888889,1.6487212707058472
exit,max_ratio,9.630555555555556,1.6487212707058472
exit,max_ratio,9.647222222222222,1.6487212707058472
exit,max_ratio,9.66388888888889,1.6487212707058472
exit,max_ratio,9.680555555555555,1.6487212707058472
exit,max_ratio,9.697222222222223,1.6487212707058472
exit,max_ratio,9.713888888888889,1.6487212707058472
exit,max_ratio,9.730555555555556,1.6487212707058472
exit,max_ratio,9.747222222222222,1.6487212707058472
exit,max_ratio,9.76388888888889,1.6487212707058472
exit,max_ratio,9.780555555555555,1.6487212707058472
exit,max_ratio,9.797222222222222,1.6487212707058472
exit,max_ratio,9.813888888888888,1.6487212707058472
exit,max_ratio,9.830555555555556,1.6487212707058472
exit,max_ratio,9.847222222222221,1.6487212707058472
exit,max_ratio,9.863888888888889,1.6487212707058472
exit,max_ratio,9.880555555555556,1.6487212707058472
exit,max_ratio,9.897222222222222,1.6487212707058472
exit,max_ratio,9.91388888888889,1.6487212707058472
exit,max_ratio,9.930555555555555,1.6487212707058472
exit,max_ratio,9.947222222222223,1.6487212707058472
exit,max_ratio,9.963888888888889,1.6487212707058472
exit,max_ratio,9.980555555555556,1.6487212707058472
exit,max_ratio,9.997222222222222,1.6487212707058472
exit,max_ratio,10.01388888888889,1.6487212707025987
exit,max_ratio,10.030555555555555,1.6487212707025987
exit,max_ratio,10.047222222222222,1.6487212707025987
exit,max_ratio,10.063888888888888,1.6487212707025987
exit,max_ratio,10.080555555555556,1.6487212707025987
exit,max_ratio,10.097222222222221,1.6487212707025987
exit,max_ratio,10.113888888888889,1.6487212707025987
exit,max_ratio,10.130555555555556,1.6487212707025987
exit,max_ratio,10.147222222222222,1.6487212707025987
exit,max_ratio,10.16388888888889,1.6487212707025987
exit,max_ratio,10.180555555555555,1.6487212707025987
exit,max_ratio,10.197222222222223,1.6487212707025987
exit,max_ratio,10.213888888888889,1.6487212707025987
exit,max_ratio,10.230555555555556,1.6487212707025987
exit,max_ratio,10.247222222222222,1.6487212707025987
exit,max_ratio,10.26388888888889,1.6487212707025987
exit,max_ratio,10.280555555555555,1.6487212707025987
exit,max_ratio,10.297222222222222,1.6487212707025987
exit,max_ratio,10.313888888888888,1.6487212707025987
exit,max_ratio,10.330555555555556,1.6487212707025987
exit,max_ratio,10.347222222222221,1.6487212707025987
exit,max_ratio,10.363888888888889,1.6487212707025987
exit,max_ratio,10.380555555555556,1.6487212707025987
exit,max_ratio,10.397222222222222,1.6487212707025987
exit,max_ratio,10.41388888888889,1.6487212707025987
exit,max_ratio,10.430555555555555,1.6487212707025987
exit,max_ratio,10.447222222222223,1.6487212707025987
exit,max_ratio,10.463888888888889,1.6487212707025987
exit,max_ratio,10.480555555555556,1.6487212707025987
exit,max_ratio,10.497222222222222,1.6487212707025987
exit,max_ratio,10.51388888888889,1.6487212707025987
exit,max_ratio,10.530555555555555,1.6487212707025987
exit,max_ratio,10.547222222222222,1.6487212707025987
exit,max_ratio,10.563888888888888,1.6487212707025987
exit,max_ratio,10.580555555555556,1.6487212707025987
exit,max_ratio,10.597222222222221,1.6487212707025987
exit,max_ratio,10.613888888888889,1.6487212707025987
exit,max_ratio,10.630555555555556,1.6487212707025987
exit,max_ratio,10.647222222222222,1.6487212707025987
exit,max_ratio,10.66388888888889,1.6487212707025987
exit,max_ratio,10.680555555555555,1.6487212707025987
exit,max_ratio,10.697222222222223,1.6487212707025987
exit,max_ratio,10.713888888888889,1.6487212707025987
exit,max_ratio,10.730555555555556,1.6487212707025987
exit,max_ratio,10.747222222222222,1.6487212707025987
exit,max_ratio,10.76388888888889,1.6487212707025987
exit,max_ratio,10.780555555555555,1.6487212707025987
exit,max_ratio,10.797222222222222,1.6487212707025987
exit,max_ratio,10.813888888888888,1.6487212707025987
exit,max_ratio,10.830555555555556,1.6487212707025987
exit,max_ratio,10.847222222222221,1.6487212707025987
exit,max_ratio,10.863888888888889,1.6487212707025987
exit,max_ratio,10.880555555555556,1.6487212707025987
exit,max_ratio,10.897222222222222,1.6487212707025987
exit,max_ratio,10.91388888888889,1.6487212707025987
exit,max_ratio,10.930555555555555,1.6487212707025987
exit,max_ratio,10.947222222222223,1.6487212707025987
exit,max_ratio,10.963888888888889,1.6487212707025987
exit,max_ratio,10.980555555555556,1.6487212707025987
exit,max_ratio,10.997222222222222,1.6487212707025987
exit,max_ratio,11.01388888888889,1.6487212707036498
exit,max_ratio,11.030555555555555,1.6487212707036498
exit,max_ratio,11.047222222222222,1.6487212707036498
exit,max_ratio,11.063888888888888,1.6487212707036498
exit,max_ratio,11.080555555555556,1.6487212707036498
exit,max_ratio,11.097222222222221,1.6487212707036498
exit,max_ratio,11.113888888888889,1.6487212707036498
exit,max_ratio,11.130555555555556,1.6487212707036498
exit,max_ratio,11.147222222222222,1.6487212707036498
exit,max_ratio,11.16388888888889,1.6487212707036498
exit,max_ratio,11.180555555555555,1.6487212707036498
exit,max_ratio,11.197222222222223,1.6487212707036498
exit,max_ratio,11.213888888888889,1.6487212707036498
exit,max_ratio,11.230555555555556,1.6487212707036498
exit,max_ratio,11.247222222222222,1.6487212707036498
exit,max_ratio,11.26388888888889,1.6487212707036498
exit,max_ratio,11.280555555555555,1.6487212707036498
exit,max_ratio,11.297222222222222,1.6487212707036498
exit,max_ratio,11.313888888888888,1.6487212707036498
exit,max_ratio,11.330555555555556,1.6487212707036498
exit,max_ratio,11.347222222222221,1.6487212707036498
exit,max_ratio,11.363888888888889,1.6487212707036498
exit,max_ratio,11.380555555555556,1.6487212707036498
exit,max_ratio,11.397222222222222,1.6487212707036498
exit,max_ratio,11.41388888888889,1.6487212707036498
exit,max_ratio,11.430555555555555,1.6487212707036498
exit,max_ratio,11.447222222222223,1.6487212707036498
exit,max_ratio,11.463888888888889,1.6487212707036498
exit,max_ratio,11.480555555555556,1.6487212707036498
exit,max_ratio,11.497222222222222,1.6487212707036498
exit,max_ratio,11.51388888888889,1.6487212707036498
exit,max_ratio,11.530555555555555,1.6487212707036498
exit,max_ratio,11.547222222222222,1.6487212707036498
exit,max_ratio,11.563888888888888,1.6487212707036498
exit,max_ratio,11.580555555555556,1.6487212707036498
exit,max_ratio,11.597222222222221,1.6487212707036498
exit,max_ratio,11.613888888888889,1.6487212707036498
exit,max_ratio,11.630555555555556,1.6487212707036498
exit,max_ratio,11.647222222222222,1.6487212707036498
exit,max_ratio,11.66388888888889,1.6487212707036498
exit,max_ratio,11.680555555555555,1.6487212707036498
exit,max_ratio,11.697222222222223,1.6487212707036498
exit,max_ratio,11.713888888888889,1.6487212707036498
exit,max_ratio,11.730555555555556,1.6487212707036498
exit,max_ratio,11.747222222222222,1.6487212707036498
exit,max_ratio,11.76388888888889,1.6487212707036498
exit,max_ratio,11.780555555555555,1.6487212707036498
exit,max_ratio,11.797222222222222,1.6487212707036498
exit,max_ratio,11.813888888888888,1.6487212707036498
exit,max_ratio,11.830555555555556,1.6487212707036498
exit,max_ratio,11.847222222222221,1.6487212707036498
exit,max_ratio,11.863888888888889,1.6487212707036498
exit,max_ratio,11.880555555555556,1.6487212707036498
exit,max_ratio,11.897222222222222,1.6487212707036498
exit,max_ratio,11.91388888888889,1.6487212707036498
exit,max_ratio,11.930555555555555,1.6487212707036498
exit,max_ratio,11.947222222222223,1.6487212707036498
exit,max_ratio,11.963888888888889,1.6487212707036498
exit,max_ratio,11.980555555555556,1.6487212707036498
exit,max_ratio,11.997222222222222,1.6487212707036498
exit,min_ratio_hon,0.013888888888888888,0.7081418641573788
exit,min_ratio_hon,0.030555555555555555,0.6065306597126332
exit,min_ratio_hon,0.04722222222222222,0.6065306597126333
exit,min_ratio_hon,0.06388888888888888,0.6065306597126332
exit,min_ratio_hon,0.08055555555555556,0.6065306597126332
exit,min_ratio_hon,0.09722222222222222,0.6065306597126332
exit,min_ratio_hon,0.11388888888888889,0.6065306597126332
exit,min_ratio_hon,0.13055555555555556,0.6065306597126332
exit,min_ratio_hon,0.14722222222222223,0.6065306597126332
exit,min_ratio_hon,0.1638888888888889,0.6065306597126332
exit,min_ratio_hon,0.18055555555555555,0.6065306597126332
exit,min_ratio_hon,0.19722222222222222,0.6065306597126332
exit,min_ratio_hon,0.21388888888888888,0.6065306597126332
exit,min_ratio_hon,0.23055555555555557,0.6065306597126332
exit,min_ratio_hon,0.24722222222222223,0.6065306597126332
exit,min_ratio_hon,0.2638888888888889,0.6065306597126333
exit,min_ratio_hon,0.28055555555555556,0.6065306597126332
exit,min_ratio_hon,0.2972222222222222,0.6065306597126332
exit,min_ratio_hon,0.3138888888888889,0.6065306597126332
exit,min_ratio_hon,0.33055555555555555,0.6065306597126332
exit,min_ratio_hon,0.3472222222222222,0.6065306597126332
exit,min_ratio_hon,0.3638888888888889,0.6065306597126332
exit,min_ratio_hon,0.38055555555555554,0.6065306597126332
exit,min_ratio_hon,0.3972222222222222,0.6065306597126332
exit,min_ratio_hon,0.41388888888888886,0.6065306597126332
exit,min_ratio_hon,0.4305555555555556,0.6065306597126332
exit,min_ratio_hon,0.44722222222222224,0.6065306597126332
exit,min_ratio_hon,0.4638888888888889,0.6065306597126332
exit,min_ratio_hon,0.48055555555555557,0.6065306597126332
exit,min_ratio_hon,0.49722222222222223,0.6065306597126333
exit,min_ratio_hon,0.5138888888888888,0.6065306597126333
exit,min_ratio_hon,0.5305555555555556,0.6065306597126332
exit,min_ratio_hon,0.5472222222222223,0.6065306597126332
exit,min_ratio_hon,0.5638888888888889,0.6065306597126332
exit,min_ratio_hon,0.5805555555555556,0.6065306597126332
exit,min_ratio_hon,0.5972222222222222,0.6065306597126332
exit,min_ratio_hon,0.6138888888888889,0.6065306597126332
exit,min_ratio_hon,0.6305555555555555,0.6065306597126332
exit,min_ratio_hon,0.6472222222222223,0.6065306597126332
exit,min_ratio_hon,0.6638888888888889,0.6065306597126332
exit,min_ratio_hon,0.6805555555555556,0.6065306597126332
exit,min_ratio_hon,0.6972222222222222,0.6065306597126332
exit,min_ratio_hon,0.7138888888888889,0.6065306597126332
exit,min_ratio_hon,0.7305555555555555,0.6065306597126333
exit,min_ratio_hon,0.7472222222222222,0.6065306597126332
exit,min_ratio_hon,0.7638888888888888,0.6065306597126332
exit,min_ratio_hon,0.7805555555555556,0.6065306597126332
exit,min_ratio_hon,0.7972222222222223,0.6065306597126332
exit,min_ratio_hon,0.8138888888888889,0.6065306597126332
exit,min_ratio_hon,0.8305555555555556,0.6065306597126332
exit,min_ratio_hon,0.8472222222222222,0.6065306597126332
exit,min_ratio_hon,0.8638888888888889,0.6065306597126332
exit,min_ratio_hon,0.8805555555555555,0.6065306597126332
exit,min_ratio_hon,0.8972222222222223,0.6065306597126333
exit,min_ratio_hon,0.9138888888888889,0.6065306597126332
exit,min_ratio_hon,0.9305555555555556,0.6065306597126332
exit,min_ratio_hon,0.9472222222222222,0.6065306597126332
exit,min_ratio_hon,0.9638888888888889,0.6065306597126332
exit,min_ratio_hon,0.9805555555555555,0.6065306597126332
exit,min_ratio_hon,0.9972222222222222,0.6065306597126332
exit,min_ratio_hon,1.0138888888888888,0.6065306597126333
exit,min_ratio_hon,1.0305555555555554,0.6065306597126332
exit,min_ratio_hon,1.0472222222222223,0.6065306597126332
exit,min_ratio_hon,1.0638888888888889,0.6065306597126332
exit,min_ratio_hon,1.0805555555555555,0.6065306597126332
exit,min_ratio_hon,1.0972222222222223,0.6065306597126332
exit,min_ratio_hon,1.113888888888889,0.6065306597126332
exit,min_ratio_hon,1.1305555555555555,0.6065306597126332
exit,min_ratio_hon,1.1472222222222221,0.6065306597126332
exit,min_ratio_hon,1.163888888888889,0.6065306597126332
exit,min_ratio_hon,1.1805555555555556,0.6065306597126332
exit,min_ratio_hon,1.1972222222222222,0.6065306597126332
exit,min_ratio_hon,1.2138888888888888,0.6065306597126332
exit,min_ratio_hon,1.2305555555555556,0.6065306597126332
exit,min_ratio_hon,1.2472222222222222,0.6065306597126332
exit,min_ratio_hon,1.2638888888888888,0.6065306597126332
exit,min_ratio_hon,1.2805555555555554,0.6065306597126332
exit,min_ratio_hon,1.2972222222222223,0.6065306597126332
exit,min_ratio_hon,1.3138888888888889,0.6065306597126332
exit,min_ratio_hon,1.3305555555555555,0.6065306597126332
exit,min_ratio_hon,1.3472222222222223,0.6065306597126332
exit,min_ratio_hon,1.363888888888889,0.6065306597126332
exit,min_ratio_hon,1.3805555555555555,0.6065306597126332
exit,min_ratio_hon,1.3972222222222221,0.6065306597126332
exit,min_ratio_hon,1.413888888888889,0.6065306597126332
exit,min_ratio_hon,1.4305555555555556,0.6065306597126332
exit,min_ratio_hon,1.4472222222222222,0.6065306597126332
exit,min_ratio_hon,1.4638888888888888,0.6065306597126332
exit,min_ratio_hon,1.4805555555555556,0.6065306597126332
exit,min_ratio_hon,1.4972222222222222,0.6065306597126332
exit,min_ratio_hon,1.5138888888888888,0.6065306597126332
exit,min_ratio_hon,1.5305555555555554,0.6065306597126332
exit,min_ratio_hon,1.5472222222222223,0.6065306597126332
exit,min_ratio_hon,1.5638888888888889,0.6065306597126332
exit,min_ratio_hon,1.5805555555555555,0.6065306597126332
exit,min_ratio_hon,1.5972222222222223,0.6065306597126332
exit,min_ratio_hon,1.613888888888889,0.6065306597126332
exit,min_ratio_hon,1.6305555555555555,0.6065306597126332
exit,min_ratio_hon,1.6472222222222221,0.6065306597126332
exit,min_ratio_hon,1.663888888888889,0.6065306597126332
exit,min_ratio_hon,1.6805555555555556,0.6065306597126332
exit,min_ratio_hon,1.6972222222222222,0.6065306597126332
exit,min_ratio_hon,1.7138888888888888,0.6065306597126332
exit,min_ratio_hon,1.7305555555555556,0.6065306597126332
exit,min_ratio_hon,1.7472222222222222,0.6065306597126332
exit,min_ratio_hon,1.7638888888888888,0.6065306597126332
exit,min_ratio_hon,1.7805555555555554,0.6065306597126332
exit,min_ratio_hon,1.7972222222222223,0.6065306597126332
exit,min_ratio_hon,1.8138888888888889,0.6065306597126332
exit,min_ratio_hon,1.8305555555555555,0.6065306597126332
exit,min_ratio_hon,1.8472222222222223,0.6065306597126332
exit,min_ratio_hon,1.863888888888889,0.6065306597126332
exit,min_ratio_hon,1.8805555555555555,0.6065306597126332
exit,min_ratio_hon,1.8972222222222221,0.6065306597126332
exit,min_ratio_hon,1.913888888888889,0.6065306597126332
exit,min_ratio_hon,1.9305555555555556,0.6065306597126332
exit,min_ratio_hon,1.9472222222222222,0.6065306597126332
exit,min_ratio_hon,1.9638888888888888,0.6065306597126332
exit,min_ratio_hon,1.9805555555555556,0.6065306597126332
exit,min_ratio_hon,1.9972222222222222,0.6065306597126332
exit,min_ratio_hon,2.013888888888889,0.6065306597126332
exit,min_ratio_hon,2.0305555555555554,0.6065306597126332
exit,min_ratio_hon,2.047222222222222,0.6065306597126332
exit,min_ratio_hon,2.063888888888889,0.6065306597126332
exit,min_ratio_hon,2.0805555555555557,0.6065306597126332
exit,min_ratio_hon,2.0972222222222223,0.6065306597126332
exit,min_ratio_hon,2.113888888888889,0.6065306597126332
exit,min_ratio_hon,2.1305555555555555,0.6065306597126332
exit,min_ratio_hon,2.147222222222222,0.6065306597126332
exit,min_ratio_hon,2.1638888888888888,0.6065306597126332
exit,min_ratio_hon,2.1805555555555554,0.6065306597126332
exit,min_ratio_hon,2.1972222222222224,0.6065306597126332
exit,min_ratio_hon,2.213888888888889,0.6065306597126332
exit,min_ratio_hon,2.2305555555555556,0.6065306597126332
exit,min_ratio_hon,2.2472222222222222,0.6065306597126332
exit,min_ratio_hon,2.263888888888889,0.6065306597126332
exit,min_ratio_hon,2.2805555555555554,0.6065306597126332
exit,min_ratio_hon,2.297222222222222,0.6065306597126332
exit,min_ratio_hon,2.313888888888889,0.6065306597126332
exit,min_ratio_hon,2.3305555555555557,0.6065306597126332
exit,min_ratio_hon,2.3472222222222223,0.6065306597126332
exit,min_ratio_hon,2.363888888888889,0.6065306597126332
exit,min_ratio_hon,2.3805555555555555,0.6065306597126332
exit,min_ratio_hon,2.397222222222222,0.6065306597126332
exit,min_ratio_hon,2.4138888888888888,0.6065306597126332
exit,min_ratio_hon,2.4305555555555554,0.6065306597126332
exit,min_ratio_hon,2.4472222222222224,0.6065306597126332
exit,min_ratio_hon,2.463888888888889,0.6065306597126332
exit,min_ratio_hon,2.4805555555555556,0.6065306597126332
exit,min_ratio_hon,2.4972222222222222,0.6065306597126332
exit,min_ratio_hon,2.513888888888889,0.6065306597126332
exit,min_ratio_hon,2.5305555555555554,0.6065306597126332
exit,min_ratio_hon,2.547222222222222,0.6065306597126332
exit,min_ratio_hon,2.563888888888889,0.6065306597126332
exit,min_ratio_hon,2.5805555555555557,0.6065306597126332
exit,min_ratio_hon,2.5972222222222223,0.6065306597126332
exit,min_ratio_hon,2.613888888888889,0.6065306597126332
exit,min_ratio_hon,2.6305555555555555,0.6065306597126332
exit,min_ratio_hon,2.647222222222222,0.6065306597126332
exit,min_ratio_hon,2.6638888888888888,0.6065306597126332
exit,min_ratio_hon,2.6805555555555554,0.6065306597126332
exit,min_ratio_hon,2.6972222222222224,0.6065306597126332
exit,min_ratio_hon,2.713888888888889,0.6065306597126332
exit,min_ratio_hon,2.7305555555555556,0.6065306597126332
exit,min_ratio_hon,2.7472222222222222,0.6065306597126332
exit,min_ratio_hon,2.763888888888889,0.6065306597126332
exit,min_ratio_hon,2.7805555555555554,0.6065306597126332
exit,min_ratio_hon,2.797222222222222,0.6065306597126332
exit,min_ratio_hon,2.813888888888889,0.6065306597126332
exit,min_ratio_hon,2.8305555555555557,0.6065306597126332
exit,min_ratio_hon,2.8472222222222223,0.6065306597126332
exit,min_ratio_hon,2.863888888888889,0.6065306597126332
exit,min_ratio_hon,2.8805555555555555,0.6065306597126332
exit,min_ratio_hon,2.897222222222222,0.6065306597126332
exit,min_ratio_hon,2.9138888888888888,0.6065306597126332
exit,min_ratio_hon,2.9305555555555554,0.6065306597126332
exit,min_ratio_hon,2.9472222222222224,0.6065306597126332
exit,min_ratio_hon,2.963888888888889,0.6065306597126332
exit,min_ratio_hon,2.9805555555555556,0.6065306597126332
exit,min_ratio_hon,2.9972222222222222,0.6065306597126332
exit,min_ratio_hon,3.013888888888889,0.6065306597126332
exit,min_ratio_hon,3.0305555555555554,0.6065306597126332
exit,min_ratio_hon,3.047222222222222,0.6065306597126332
exit,min_ratio_hon,3.063888888888889,0.6065306597126332
exit,min_ratio_hon,3.0805555555555557,0.6065306597126332
exit,min_ratio_hon,3.0972222222222223,0.6065306597126332
exit,min_ratio_hon,3.113888888888889,0.6065306597126332
exit,min_ratio_hon,3.1305555555555555,0.6065306597126332
exit,min_ratio_hon,3.147222222222222,0.6065306597126332
exit,min_ratio_hon,3.1638888888888888,0.6065306597126332
exit,min_ratio_hon,3.1805555555555554,0.6065306597126332
exit,min_ratio_hon,3.1972222222222224,0.6065306597126332
exit,min_ratio_hon,3.213888888888889,0.6065306597126332
exit,min_ratio_hon,3.2305555555555556,0.6065306597126332
exit,min_ratio_hon,3.2472222222222222,0.6065306597126332
exit,min_ratio_hon,3.263888888888889,0.6065306597126332
exit,min_ratio_hon,3.2805555555555554,0.6065306597126332
exit,min_ratio_hon,3.297222222222222,0.6065306597126332
exit,min_ratio_hon,3.313888888888889,0.6065306597126332
exit,min_ratio_hon,3.3305555555555557,0.6065306597126332
exit,min_ratio_hon,3.3472222222222223,0.6065306597126332
exit,min_ratio_hon,3.363888888888889,0.6065306597126332
exit,min_ratio_hon,3.3805555555555555,0.6065306597126332
exit,min_ratio_hon,3.397222222222222,0.6065306597126332
exit,min_ratio_hon,3.4138888888888888,0.6065306597126332
exit,min_ratio_hon,3.4305555555555554,0.6065306597126332
exit,min_ratio_hon,3.4472222222222224,0.6065306597126332
exit,min_ratio_hon,3.463888888888889,0.6065306597126332
exit,min_ratio_hon,3.4805555555555556,0.6065306597126332
exit,min_ratio_hon,3.4972222222222222,0.6065306597126332
exit,min_ratio_hon,3.513888888888889,0.6065306597126332
exit,min_ratio_hon,3.5305555555555554,0.6065306597126332
exit,min_ratio_hon,3.547222222222222,0.6065306597126332
exit,min_ratio_hon,3.563888888888889,0.6065306597126332
exit,min_ratio_hon,3.5805555555555557,0.6065306597126332
exit,min_ratio_hon,3.5972222222222223,0.6065306597126332
exit,min_ratio_hon,3.613888888888889,0.6065306597126332
exit,min_ratio_hon,3.6305555555555555,0.6065306597126332
exit,min_ratio_hon,3.647222222222222,0.6065306597126332
exit,min_ratio_hon,3.6638888888888888,0.6065306597126332
exit,min_ratio_hon,3.6805555555555554,0.6065306597126332
exit,min_ratio_hon,3.6972222222222224,0.6065306597126332
exit,min_ratio_hon,3.713888888888889,0.6065306597126332
exit,min_ratio_hon,3.7305555555555556,0.6065306597126332
exit,min_ratio_hon,3.7472222222222222,0.6065306597126332
exit,min_ratio_hon,3.763888888888889,0.6065306597126332
exit,min_ratio_hon,3.7805555555555554,0.6065306597126332
exit,min_ratio_hon,3.797222222222222,0.6065306597126332
exit,min_ratio_hon,3.813888888888889,0.6065306597126332
exit,min_ratio_hon,3.8305555555555557,0.6065306597126332
exit,min_ratio_hon,3.8472222222222223,0.6065306597126332
exit,min_ratio_hon,3.863888888888889,0.6065306597126332
exit,min_ratio_hon,3.8805555555555555,0.6065306597126332
exit,min_ratio_hon,3.897222222222222,0.6065306597126332
exit,min_ratio_hon,3.9138888888888888,0.6065306597126332
exit,min_ratio_hon,3.9305555555555554,0.6065306597126332
exit,min_ratio_hon,3.9472222222222224,0.6065306597126332
exit,min_ratio_hon,3.963888888888889,0.6065306597126148
exit,min_ratio_hon,3.9805555555555556,0.6065306597126332
exit,min_ratio_hon,3.9972222222222222,0.6065306597126332
exit,min_ratio_hon,4.013888888888889,0.6065306597126332
exit,min_ratio_hon,4.030555555555556,0.6065306597126332
exit,min_ratio_hon,4.0472222222222225,0.6065306597126332
exit,min_ratio_hon,4.063888888888889,0.6065306597126332
exit,min_ratio_hon,4.080555555555556,0.6065306597126332
exit,min_ratio_hon,4.097222222222222,0.6065306597126332
exit,min_ratio_hon,4.113888888888889,0.6065306597126332
exit,min_ratio_hon,4.1305555555555555,0.6065306597126332
exit,min_ratio_hon,4.147222222222222,0.6065306597126332
exit,min_ratio_hon,4.163888888888889,0.6065306597126332
exit,min_ratio_hon,4.180555555555555,0.6065306597126332
exit,min_ratio_hon,4.197222222222222,0.6065306597126332
exit,min_ratio_hon,4.213888888888889,0.6065306597126332
exit,min_ratio_hon,4.230555555555555,0.6065306597126332
exit,min_ratio_hon,4.247222222222222,0.6065306597126332
exit,min_ratio_hon,4.263888888888889,0.6065306597126332
exit,min_ratio_hon,4.280555555555556,0.6065306597126332
exit,min_ratio_hon,4.2972222222222225,0.6065306597126332
exit,min_ratio_hon,4.313888888888889,0.6065306597126332
exit,min_ratio_hon,4.330555555555556,0.6065306597126332
exit,min_ratio_hon,4.347222222222222,0.6065306597126332
exit,min_ratio_hon,4.363888888888889,0.6065306597126332
exit,min_ratio_hon,4.3805555555555555,0.6065306597126332
exit,min_ratio_hon,4.397222222222222,0.6065306597126332
exit,min_ratio_hon,4.413888888888889,0.6065306597126332
exit,min_ratio_hon,4.430555555555555,0.6065306597126332
exit,min_ratio_hon,4.447222222222222,0.6065306597126332
exit,min_ratio_hon,4.463888888888889,0.6065306597126332
exit,min_ratio_hon,4.480555555555555,0.6065306597126332
exit,min_ratio_hon,4.497222222222222,0.6065306597126332
exit,min_ratio_hon,4.513888888888889,0.6065306597126332
exit,min_ratio_hon,4.530555555555556,0.6065306597126332
exit,min_ratio_hon,4.5472222222222225,0.6065306597126332
exit,min_ratio_hon,4.563888888888889,0.6065306597126332
exit,min_ratio_hon,4.580555555555556,0.6065306597126332
exit,min_ratio_hon,4.597222222222222,0.6065306597126332
exit,min_ratio_hon,4.613888888888889,0.6065306597126332
exit,min_ratio_hon,4.6305555555555555,0.6065306597126332
exit,min_ratio_hon,4.647222222222222,0.6065306597126332
exit,min_ratio_hon,4.663888888888889,0.6065306597126332
exit,min_ratio_hon,4.680555555555555,0.6065306597126332
exit,min_ratio_hon,4.697222222222222,0.6065306597126332
exit,min_ratio_hon,4.713888888888889,0.6065306597126332
exit,min_ratio_hon,4.730555555555555,0.6065306597126332
exit,min_ratio_hon,4.747222222222222,0.6065306597126332
exit,min_ratio_hon,4.763888888888889,0.6065306597126332
exit,min_ratio_hon,4.780555555555556,0.6065306597126332
exit,min_ratio_hon,4.7972222222222225,0.6065306597126332
exit,min_ratio_hon,4.813888888888889,0.6065306597126332
exit,min_ratio_hon,4.830555555555556,0.6065306597126332
exit,min_ratio_hon,4.847222222222222,0.6065306597126332
exit,min_ratio_hon,4.863888888888889,0.6065306597126332
exit,min_ratio_hon,4.8805555555555555,0.6065306597126332
exit,min_ratio_hon,4.897222222222222,0.6065306597126332
exit,min_ratio_hon,4.913888888888889,0.6065306597126332
exit,min_ratio_hon,4.930555555555555,0.6065306597126332
exit,min_ratio_hon,4.947222222222222,0.6065306597126332
exit,min_ratio_hon,4.963888888888889,0.6065306597126332
exit,min_ratio_hon,4.980555555555555,0.6065306597126332
exit,min_ratio_hon,4.997222222222222,0.6065306597126332
exit,min_ratio_hon,5.013888888888889,0.6065306597126333
exit,min_ratio_hon,5.030555555555556,0.6065306597126332
exit,min_ratio_hon,5.0472222222222225,0.6065306597126332
exit,min_ratio_hon,5.063888888888889,0.6065306597126332
exit,min_ratio_hon,5.080555555555556,0.6065306597126332
exit,min_ratio_hon,5.097222222222222,0.6065306597126332
exit,min_ratio_hon,5.113888888888889,0.6065306597126332
exit,min_ratio_hon,5.1305555555555555,0.6065306597126332
exit,min_ratio_hon,5.147222222222222,0.6065306597126332
exit,min_ratio_hon,5.163888888888889,0.6065306597126332
exit,min_ratio_hon,5.180555555555555,0.6065306597126332
exit,min_ratio_hon,5.197222222222222,0.6065306597126332
exit,min_ratio_hon,5.213888888888889,0.6065306597126332
exit,min_ratio_hon,5.230555555555555,0.6065306597126332
exit,min_ratio_hon,5.247222222222222,0.6065306597126332
exit,min_ratio_hon,5.263888888888889,0.6065306597126332
exit,min_ratio_hon,5.280555555555556,0.6065306597126332
exit,min_ratio_hon,5.2972222222222225,0.6065306597126332
exit,min_ratio_hon,5.313888888888889,0.6065306597126332
exit,min_ratio_hon,5.330555555555556,0.6065306597126332
exit,min_ratio_hon,5.347222222222222,0.6065306597126332
exit,min_ratio_hon,5.363888888888889,0.6065306597126332
exit,min_ratio_hon,5.3805555555555555,0.6065306597126332
exit,min_ratio_hon,5.397222222222222,0.6065306597126332
exit,min_ratio_hon,5.413888888888889,0.6065306597126332
exit,min_ratio_hon,5.430555555555555,0.6065306597126332
exit,min_ratio_hon,5.447222222222222,0.6065306597126332
exit,min_ratio_hon,5.463888888888889,0.6065306597126332
exit,min_ratio_hon,5.480555555555555,0.6065306597126332
exit,min_ratio_hon,5.497222222222222,0.6065306597126332
exit,min_ratio_hon,5.513888888888889,0.6065306597126332
exit,min_ratio_hon,5.530555555555556,0.6065306597126332
exit,min_ratio_hon,5.5472222222222225,0.6065306597126332
exit,min_ratio_hon,5.563888888888889,0.6065306597126332
exit,min_ratio_hon,5.580555555555556,0.6065306597126332
exit,min_ratio_hon,5.597222222222222,0.6065306597126332
exit,min_ratio_hon,5.613888888888889,0.6065306597126332
exit,min_ratio_hon,5.6305555555555555,0.6065306597126332
exit,min_ratio_hon,5.647222222222222,0.6065306597126332
exit,min_ratio_hon,5.663888888888889,0.6065306597126332
exit,min_ratio_hon,5.680555555555555,0.6065306597126332
exit,min_ratio_hon,5.697222222222222,0.6065306597126332
exit,min_ratio_hon,5.713888888888889,0.6065306597126332
exit,min_ratio_hon,5.730555555555555,0.6065306597126332
exit,min_ratio_hon,5.747222222222222,0.6065306597126332
exit,min_ratio_hon,5.763888888888889,0.6065306597126332
exit,min_ratio_hon,5.780555555555556,0.6065306597126332
exit,min_ratio_hon,5.7972222222222225,0.6065306597126332
exit,min_ratio_hon,5.813888888888889,0.6065306597126332
exit,min_ratio_hon,5.830555555555556,0.6065306597126332
exit,min_ratio_hon,5.847222222222222,0.6065306597126332
exit,min_ratio_hon,5.863888888888889,0.6065306597126332
exit,min_ratio_hon,5.8805555555555555,0.6065306597126332
exit,min_ratio_hon,5.897222222222222,0.6065306597126332
exit,min_ratio_hon,5.913888888888889,0.6065306597126332
exit,min_ratio_hon,5.930555555555555,0.6065306597126332
exit,min_ratio_hon,5.947222222222222,0.6065306597126332
exit,min_ratio_hon,5.963888888888889,0.6065306597126332
exit,min_ratio_hon,5.980555555555555,0.6065306597126332
exit,min_ratio_hon,5.997222222222222,0.6065306597126332
exit,min_ratio_hon,6.013888888888889,0.6065306597126333
exit,min_ratio_hon,6.030555555555556,0.6065306597126332
exit,min_ratio_hon,6.0472222222222225,0.6065306597126333
exit,min_ratio_hon,6.063888888888889,0.6065306597126332
exit,min_ratio_hon,6.080555555555556,0.6065306597126332
exit,min_ratio_hon,6.097222222222222,0.6065306597126332
exit,min_ratio_hon,6.113888888888889,0.6065306597126332
exit,min_ratio_hon,6.1305555555555555,0.6065306597126332
exit,min_ratio_hon,6.147222222222222,0.6065306597126332
exit,min_ratio_hon,6.163888888888889,0.6065306597126332
exit,min_ratio_hon,6.180555555555555,0.6065306597126332
exit,min_ratio_hon,6.197222222222222,0.6065306597126332
exit,min_ratio_hon,6.213888888888889,0.6065306597126332
exit,min_ratio_hon,6.230555555555555,0.6065306597126332
exit,min_ratio_hon,6.247222222222222,0.6065306597126332
exit,min_ratio_hon,6.263888888888889,0.6065306597126332
exit,min_ratio_hon,6.280555555555556,0.6065306597126332
exit,min_ratio_hon,6.2972222222222225,0.6065306597126332
exit,min_ratio_hon,6.313888888888889,0.6065306597126332
exit,min_ratio_hon,6.330555555555556,0.6065306597126332
exit,min_ratio_hon,6.347222222222222,0.6065306597126332
exit,min_ratio_hon,6.363888888888889,0.6065306597126332
exit,min_ratio_hon,6.3805555555555555,0.6065306597126332
exit,min_ratio_hon,6.397222222222222,0.6065306597126332
exit,min_ratio_hon,6.413888888888889,0.6065306597126332
exit,min_ratio_hon,6.430555555555555,0.6065306597126332
exit,min_ratio_hon,6.447222222222222,0.6065306597126332
exit,min_ratio_hon,6.463888888888889,0.6065306597126332
exit,min_ratio_hon,6.480555555555555,0.6065306597126332
exit,min_ratio_hon,6.497222222222222,0.6065306597126332
exit,min_ratio_hon,6.513888888888889,0.6065306597126332
exit,min_ratio_hon,6.530555555555556,0.6065306597126332
exit,min_ratio_hon,6.5472222222222225,0.6065306597126332
exit,min_ratio_hon,6.563888888888889,0.6065306597126332
exit,min_ratio_hon,6.580555555555556,0.6065306597126332
exit,min_ratio_hon,6.597222222222222,0.6065306597126332
exit,min_ratio_hon,6.613888888888889,0.6065306597126332
exit,min_ratio_hon,6.6305555555555555,0.6065306597126332
exit,min_ratio_hon,6.647222222222222,0.6065306597126332
exit,min_ratio_hon,6.663888888888889,0.6065306597126332
exit,min_ratio_hon,6.680555555555555,0.6065306597126332
exit,min_ratio_hon,6.697222222222222,0.6065306597126332
exit,min_ratio_hon,6.713888888888889,0.6065306597126332
exit,min_ratio_hon,6.730555555555555,0.6065306597126332
exit,min_ratio_hon,6.747222222222222,0.6065306597126332
exit,min_ratio_hon,6.763888888888889,0.6065306597126332
exit,min_ratio_hon,6.780555555555556,0.6065306597126332
exit,min_ratio_hon,6.7972222222222225,0.6065306597126332
exit,min_ratio_hon,6.813888888888889,0.6065306597126332
exit,min_ratio_hon,6.830555555555556,0.6065306597126332
exit,min_ratio_hon,6.847222222222222,0.6065306597126333
exit,min_ratio_hon,6.863888888888889,0.6065306597126332
exit,min_ratio_hon,6.8805555555555555,0.6065306597126332
exit,min_ratio_hon,6.897222222222222,0.6065306597126332
exit,min_ratio_hon,6.913888888888889,0.6065306597126332
exit,min_ratio_hon,6.930555555555555,0.6065306597126332
exit,min_ratio_hon,6.947222222222222,0.6065306597126332
exit,min_ratio_hon,6.963888888888889,0.6065306597126332
exit,min_ratio_hon,6.980555555555555,0.6065306597126332
exit,min_ratio_hon,6.997222222222222,0.6065306597126332
exit,min_ratio_hon,7.013888888888889,0.6065306597126332
exit,min_ratio_hon,7.030555555555556,0.6065306597126333
exit,min_ratio_hon,7.0472222222222225,0.6065306597126332
exit,min_ratio_hon,7.063888888888889,0.6065306597126332
exit,min_ratio_hon,7.080555555555556,0.6065306597126332
exit,min_ratio_hon,7.097222222222222,0.6065306597126332
exit,min_ratio_hon,7.113888888888889,0.6065306597126332
exit,min_ratio_hon,7.1305555555555555,0.6065306597126332
exit,min_ratio_hon,7.147222222222222,0.6065306597126332
exit,min_ratio_hon,7.163888888888889,0.6065306597126332
exit,min_ratio_hon,7.180555555555555,0.6065306597126332
exit,min_ratio_hon,7.197222222222222,0.6065306597126332
exit,min_ratio_hon,7.213888888888889,0.6065306597126332
exit,min_ratio_hon,7.230555555555555,0.6065306597126332
exit,min_ratio_hon,7.247222222222222,0.6065306597126332
exit,min_ratio_hon,7.263888888888889,0.6065306597126332
exit,min_ratio_hon,7.280555555555556,0.6065306597126332
exit,min_ratio_hon,7.2972222222222225,0.6065306597126332
exit,min_ratio_hon,7.313888888888889,0.6065306597126332
exit,min_ratio_hon,7.330555555555556,0.6065306597126332
exit,min_ratio_hon,7.347222222222222,0.6065306597126332
exit,min_ratio_hon,7.363888888888889,0.6065306597126332
exit,min_ratio_hon,7.3805555555555555,0.6065306597126332
exit,min_ratio_hon,7.397222222222222,0.6065306597126332
exit,min_ratio_hon,7.413888888888889,0.6065306597126332
exit,min_ratio_hon,7.430555555555555,0.6065306597126332
exit,min_ratio_hon,7.447222222222222,0.6065306597126332
exit,min_ratio_hon,7.463888888888889,0.6065306597126332
exit,min_ratio_hon,7.480555555555555,0.6065306597126332
exit,min_ratio_hon,7.497222222222222,0.6065306597126332
exit,min_ratio_hon,7.513888888888889,0.6065306597126332
exit,min_ratio_hon,7.530555555555556,0.6065306597126332
exit,min_ratio_hon,7.5472222222222225,0.6065306597126332
exit,min_ratio_hon,7.563888888888889,0.6065306597126332
exit,min_ratio_hon,7.580555555555556,0.6065306597126332
exit,min_ratio_hon,7.597222222222222,0.6065306597126332
exit,min_ratio_hon,7.613888888888889,0.6065306597126332
exit,min_ratio_hon,7.6305555555555555,0.6065306597126332
exit,min_ratio_hon,7.647222222222222,0.6065306597126332
exit,min_ratio_hon,7.663888888888889,0.6065306597126332
exit,min_ratio_hon,7.680555555555555,0.6065306597126332
exit,min_ratio_hon,7.697222222222222,0.6065306597126332
exit,min_ratio_hon,7.713888888888889,0.6065306597126332
exit,min_ratio_hon,7.730555555555555,0.6065306597126332
exit,min_ratio_hon,7.747222222222222,0.6065306597126332
exit,min_ratio_hon,7.763888888888889,0.6065306597126332
exit,min_ratio_hon,7.780555555555556,0.6065306597126332
exit,min_ratio_hon,7.7972222222222225,0.6065306597126332
exit,min_ratio_hon,7.813888888888889,0.6065306597126332
exit,min_ratio_hon,7.830555555555556,0.6065306597126332
exit,min_ratio_hon,7.847222222222222,0.6065306597126332
exit,min_ratio_hon,7.863888888888889,0.6065306597126332
exit,min_ratio_hon,7.8805555555555555,0.6065306597126332
exit,min_ratio_hon,7.897222222222222,0.6065306597126332
exit,min_ratio_hon,7.913888888888889,0.6065306597126332
exit,min_ratio_hon,7.930555555555555,0.6065306597126332
exit,min_ratio_hon,7.947222222222222,0.6065306597126332
exit,min_ratio_hon,7.963888888888889,0.6065306597126332
exit,min_ratio_hon,7.980555555555555,0.6065306597126332
exit,min_ratio_hon,7.997222222222222,0.6065306597126332
exit,min_ratio_hon,8.01388888888889,0.6065306597126333
exit,min_ratio_hon,8.030555555555555,0.6065306597126333
exit,min_ratio_hon,8.047222222222222,0.6065306597126332
exit,min_ratio_hon,8.063888888888888,0.6065306597126332
exit,min_ratio_hon,8.080555555555556,0.6065306597126332
exit,min_ratio_hon,8.097222222222221,0.6065306597126332
exit,min_ratio_hon,8.113888888888889,0.6065306597126332
exit,min_ratio_hon,8.130555555555556,0.6065306597126332
exit,min_ratio_hon,8.147222222222222,0.6065306597126332
exit,min_ratio_hon,8.16388888888889,0.6065306597126332
exit,min_ratio_hon,8.180555555555555,0.6065306597126332
exit,min_ratio_hon,8.197222222222223,0.6065306597126332
exit,min_ratio_hon,8.213888888888889,0.6065306597126332
exit,min_ratio_hon,8.230555555555556,0.6065306597126332
exit,min_ratio_hon,8.247222222222222,0.6065306597126332
exit,min_ratio_hon,8.26388888888889,0.6065306597126332
exit,min_ratio_hon,8.280555555555555,0.6065306597126332
exit,min_ratio_hon,8.297222222222222,0.6065306597126332
exit,min_ratio_hon,8.313888888888888,0.6065306597126332
exit,min_ratio_hon,8.330555555555556,0.6065306597126332
exit,min_ratio_hon,8.347222222222221,0.6065306597126332
exit,min_ratio_hon,8.363888888888889,0.6065306597126332
exit,min_ratio_hon,8.380555555555556,0.6065306597126332
exit,min_ratio_hon,8.397222222222222,0.6065306597126332
exit,min_ratio_hon,8.41388888888889,0.6065306597126332
exit,min_ratio_hon,8.430555555555555,0.6065306597126332
exit,min_ratio_hon,8.447222222222223,0.6065306597126332
exit,min_ratio_hon,8.463888888888889,0.6065306597126332
exit,min_ratio_hon,8.480555555555556,0.6065306597126332
exit,min_ratio_hon,8.497222222222222,0.6065306597126332
exit,min_ratio_hon,8.51388888888889,0.6065306597126332
exit,min_ratio_hon,8.530555555555555,0.6065306597126333
exit,min_ratio_hon,8.547222222222222,0.6065306597126333
exit,min_ratio_hon,8.563888888888888,0.6065306597126332
exit,min_ratio_hon,8.580555555555556,0.6065306597126333
exit,min_ratio_hon,8.597222222222221,0.6065306597126332
exit,min_ratio_hon,8.613888888888889,0.6065306597126332
exit,min_ratio_hon,8.630555555555556,0.6065306597126332
exit,min_ratio_hon,8.647222222222222,0.6065306597126332
exit,min_ratio_hon,8.66388888888889,0.6065306597126332
exit,min_ratio_hon,8.680555555555555,0.6065306597126332
exit,min_ratio_hon,8.697222222222223,0.6065306597126332
exit,min_ratio_hon,8.713888888888889,0.6065306597126332
exit,min_ratio_hon,8.730555555555556,0.6065306597126332
exit,min_ratio_hon,8.747222222222222,0.6065306597126332
exit,min_ratio_hon,8.76388888888889,0.6065306597126332
exit,min_ratio_hon,8.780555555555555,0.6065306597126332
exit,min_ratio_hon,8.797222222222222,0.6065306597126332
exit,min_ratio_hon,8.813888888888888,0.6065306597126332
exit,min_ratio_hon,8.830555555555556,0.6065306597126332
exit,min_ratio_hon,8.847222222222221,0.6065306597126332
exit,min_ratio_hon,8.863888888888889,0.6065306597126332
exit,min_ratio_hon,8.880555555555556,0.6065306597126332
exit,min_ratio_hon,8.897222222222222,0.6065306597126332
exit,min_ratio_hon,8.91388888888889,0.6065306597126332
exit,min_ratio_hon,8.930555555555555,0.6065306597126332
exit,min_ratio_hon,8.947222222222223,0.6065306597126332
exit,min_ratio_hon,8.963888888888889,0.6065306597126332
exit,min_ratio_hon,8.980555555555556,0.6065306597126332
exit,min_ratio_hon,8.997222222222222,0.6065306597126332
exit,min_ratio_hon,9.01388888888889,0.6065306597126332
exit,min_ratio_hon,9.030555555555555,0.6065306597126333
exit,min_ratio_hon,9.047222222222222,0.6065306597126332
exit,min_ratio_hon,9.063888888888888,0.6065306597126332
exit,min_ratio_hon,9.080555555555556,0.6065306597126332
exit,min_ratio_hon,9.097222222222221,0.6065306597126332
exit,min_ratio_hon,9.113888888888889,0.6065306597126333
exit,min_ratio_hon,9.130555555555556,0.6065306597126332
exit,min_ratio_hon,9.147222222222222,0.6065306597126332
exit,min_ratio_hon,9.16388888888889,0.6065306597126332
exit,min_ratio_hon,9.180555555555555,0.6065306597126332
exit,min_ratio_hon,9.197222222222223,0.6065306597126332
exit,min_ratio_hon,9.213888888888889,0.6065306597126332
exit,min_ratio_hon,9.230555555555556,0.6065306597126332
exit,min_ratio_hon,9.247222222222222,0.6065306597126332
exit,min_ratio_hon,9.26388888888889,0.6065306597126332
exit,min_ratio_hon,9.280555555555555,0.6065306597126332
exit,min_ratio_hon,9.297222222222222,0.6065306597126332
exit,min_ratio_hon,9.313888888888888,0.6065306597126332
exit,min_ratio_hon,9.330555555555556,0.6065306597126332
exit,min_ratio_hon,9.347222222222221,0.6065306597126332
exit,min_ratio_hon,9.363888888888889,0.6065306597126332
exit,min_ratio_hon,9.380555555555556,0.6065306597126332
exit,min_ratio_hon,9.397222222222222,0.6065306597126332
exit,min_ratio_hon,9.41388888888889,0.6065306597126332
exit,min_ratio_hon,9.430555555555555,0.6065306597126332
exit,min_ratio_hon,9.447222222222223,0.6065306597126332
exit,min_ratio_hon,9.463888888888889,0.6065306597126332
exit,min_ratio_hon,9.480555555555556,0.6065306597126332
exit,min_ratio_hon,9.497222222222222,0.6065306597126332
exit,min_ratio_hon,9.51388888888889,0.6065306597126332
exit,min_ratio_hon,9.530555555555555,0.6065306597126332
exit,min_ratio_hon,9.547222222222222,0.6065306597126332
exit,min_ratio_hon,9.563888888888888,0.6065306597126332
exit,min_ratio_hon,9.580555555555556,0.6065306597126332
exit,min_ratio_hon,9.597222222222221,0.6065306597126332
exit,min_ratio_hon,9.613888888888889,0.6065306597126332
exit,min_ratio_hon,9.630555555555556,0.6065306597126332
exit,min_ratio_hon,9.647222222222222,0.6065306597126332
exit,min_ratio_hon,9.66388888888889,0.6065306597126332
exit,min_ratio_hon,9.680555555555555,0.6065306597126332
exit,min_ratio_hon,9.697222222222223,0.6065306597126332
exit,min_ratio_hon,9.713888888888889,0.6065306597126332
exit,min_ratio_hon,9.730555555555556,0.6065306597126332
exit,min_ratio_hon,9.747222222222222,0.6065306597126332
exit,min_ratio_hon,9.76388888888889,0.6065306597126332
exit,min_ratio_hon,9.780555555555555,0.6065306597126332
exit,min_ratio_hon,9.797222222222222,0.6065306597126332
exit,min_ratio_hon,9.813888888888888,0.6065306597126333
exit,min_ratio_hon,9.830555555555556,0.6065306597126332
exit,min_ratio_hon,9.847222222222221,0.6065306597126332
exit,min_ratio_hon,9.863888888888889,0.6065306597126332
exit,min_ratio_hon,9.880555555555556,0.6065306597126332
exit,min_ratio_hon,9.897222222222222,0.6065306597126332
exit,min_ratio_hon,9.91388888888889,0.6065306597126332
exit,min_ratio_hon,9.930555555555555,0.6065306597126332
exit,min_ratio_hon,9.947222222222223,0.6065306597126332
exit,min_ratio_hon,9.963888888888889,0.6065306597126332
exit,min_ratio_hon,9.980555555555556,0.6065306597126332
exit,min_ratio_hon,9.997222222222222,0.6065306597126332
exit,min_ratio_hon,10.01388888888889,0.6065306597126332
exit,min_ratio_hon,10.030555555555555,0.6065306597126333
exit,min_ratio_hon,10.047222222222222,0.6065306597126333
exit,min_ratio_hon,10.063888888888888,0.6065306597126332
exit,min_ratio_hon,10.080555555555556,0.6065306597126332
exit,min_ratio_hon,10.097222222222221,0.6065306597126332
exit,min_ratio_hon,10.113888888888889,0.6065306597126332
exit,min_ratio_hon,10.130555555555556,0.6065306597126332
exit,min_ratio_hon,10.147222222222222,0.6065306597126332
exit,min_ratio_hon,10.16388888888889,0.6065306597126332
exit,min_ratio_hon,10.180555555555555,0.6065306597126332
exit,min_ratio_hon,10.197222222222223,0.6065306597126332
exit,min_ratio_hon,10.213888888888889,0.6065306597126332
exit,min_ratio_hon,10.230555555555556,0.6065306597126332
exit,min_ratio_hon,10.247222222222222,0.6065306597126332
exit,min_ratio_hon,10.26388888888889,0.6065306597126332
exit,min_ratio_hon,10.280555555555555,0.6065306597126332
exit,min_ratio_hon,10.297222222222222,0.6065306597126332
exit,min_ratio_hon,10.313888888888888,0.6065306597126332
exit,min_ratio_hon,10.330555555555556,0.6065306597126332
exit,min_ratio_hon,10.347222222222221,0.6065306597126332
exit,min_ratio_hon,10.363888888888889,0.6065306597126332
exit,min_ratio_hon,10.380555555555556,0.6065306597126332
exit,min_ratio_hon,10.397222222222222,0.6065306597126332
exit,min_ratio_hon,10.41388888888889,0.6065306597126332
exit,min_ratio_hon,10.430555555555555,0.6065306597126332
exit,min_ratio_hon,10.447222222222223,0.6065306597126332
exit,min_ratio_hon,10.463888888888889,0.6065306597126332
exit,min_ratio_hon,10.480555555555556,0.6065306597126332
exit,min_ratio_hon,10.497222222222222,0.6065306597126332
exit,min_ratio_hon,10.51388888888889,0.6065306597126332
exit,min_ratio_hon,10.530555555555555,0.6065306597126332
exit,min_ratio_hon,10.547222222222222,0.6065306597126332
exit,min_ratio_hon,10.563888888888888,0.6065306597126332
exit,min_ratio_hon,10.580555555555556,0.6065306597126332
exit,min_ratio_hon,10.597222222222221,0.6065306597126332
exit,min_ratio_hon,10.613888888888889,0.6065306597126332
exit,min_ratio_hon,10.630555555555556,0.6065306597126332
exit,min_ratio_hon,10.647222222222222,0.6065306597126332
exit,min_ratio_hon,10.66388888888889,0.6065306597126332
exit,min_ratio_hon,10.680555555555555,0.6065306597126332
exit,min_ratio_hon,10.697222222222223,0.6065306597126332
exit,min_ratio_hon,10.713888888888889,0.6065306597126332
exit,min_ratio_hon,10.730555555555556,0.6065306597126332
exit,min_ratio_hon,10.747222222222222,0.6065306597126332
exit,min_ratio_hon,10.76388888888889,0.6065306597126332
exit,min_ratio_hon,10.780555555555555,0.6065306597126332
exit,min_ratio_hon,10.797222222222222,0.6065306597126332
exit,min_ratio_hon,10.813888888888888,0.6065306597126332
exit,min_ratio_hon,10.830555555555556,0.6065306597126332
exit,min_ratio_hon,10.847222222222221,0.6065306597126332
exit,min_ratio_hon,10.863888888888889,0.6065306597126332
exit,min_ratio_hon,10.880555555555556,0.6065306597126332
exit,min_ratio_hon,10.897222222222222,0.6065306597126332
exit,min_ratio_hon,10.91388888888889,0.6065306597126332
exit,min_ratio_hon,10.930555555555555,0.6065306597126332
exit,min_ratio_hon,10.947222222222223,0.6065306597126332
exit,min_ratio_hon,10.963888888888889,0.6065306597126332
exit,min_ratio_hon,10.980555555555556,0.6065306597126332
exit,min_ratio_hon,10.997222222222222,0.6065306597126332
exit,min_ratio_hon,11.01388888888889,0.6065306597126332
exit,min_ratio_hon,11.030555555555555,0.6065306597126332
exit,min_ratio_hon,11.047222222222222,0.6065306597126332
exit,min_ratio_hon,11.063888888888888,0.6065306597126332
exit,min_ratio_hon,11.080555555555556,0.6065306597126332
exit,min_ratio_hon,11.097222222222221,0.6065306597126332
exit,min_ratio_hon,11.113888888888889,0.6065306597126332
exit,min_ratio_hon,11.130555555555556,0.6065306597126332
exit,min_ratio_hon,11.147222222222222,0.6065306597126332
exit,min_ratio_hon,11.16388888888889,0.6065306597126332
exit,min_ratio_hon,11.180555555555555,0.6065306597126332
exit,min_ratio_hon,11.197222222222223,0.6065306597126332
exit,min_ratio_hon,11.213888888888889,0.6065306597126332
exit,min_ratio_hon,11.230555555555556,0.6065306597126332
exit,min_ratio_hon,11.247222222222222,0.6065306597126332
exit,min_ratio_hon,11.26388888888889,0.6065306597126332
exit,min_ratio_hon,11.280555555555555,0.6065306597126332
exit,min_ratio_hon,11.297222222222222,0.6065306597126332
exit,min_ratio_hon,11.313888888888888,0.6065306597126332
exit,min_ratio_hon,11.330555555555556,0.6065306597126332
exit,min_ratio_hon,11.347222222222221,0.6065306597126332
exit,min_ratio_hon,11.363888888888889,0.6065306597126332
exit,min_ratio_hon,11.380555555555556,0.6065306597126332
exit,min_ratio_hon,11.397222222222222,0.6065306597126332
exit,min_ratio_hon,11.41388888888889,0.6065306597126332
exit,min_ratio_hon,11.430555555555555,0.6065306597126332
exit,min_ratio_hon,11.447222222222223,0.6065306597126332
exit,min_ratio_hon,11.463888888888889,0.6065306597126332
exit,min_ratio_hon,11.480555555555556,0.6065306597126332
exit,min_ratio_hon,11.497222222222222,0.6065306597126332
exit,min_ratio_hon,11.51388888888889,0.6065306597126332
exit,min_ratio_hon,11.530555555555555,0.6065306597126332
exit,min_ratio_hon,11.547222222222222,0.6065306597126332
exit,min_ratio_hon,11.563888888888888,0.6065306597126332
exit,min_ratio_hon,11.580555555555556,0.6065306597126332
exit,min_ratio_hon,11.597222222222221,0.6065306597126332
exit,min_ratio_hon,11.613888888888889,0.6065306597126332
exit,min_ratio_hon,11.630555555555556,0.6065306597126332
exit,min_ratio_hon,11.647222222222222,0.6065306597126332
exit,min_ratio_hon,11.66388888888889,0.6065306597126332
exit,min_ratio_hon,11.680555555555555,0.6065306597126332
exit,min_ratio_hon,11.697222222222223,0.6065306597126332
exit,min_ratio_hon,11.713888888888889,0.6065306597126332
exit,min_ratio_hon,11.730555555555556,0.6065306597126332
exit,min_ratio_hon,11.747222222222222,0.6065306597126332
exit,min_ratio_hon,11.76388888888889,0.6065306597126332
exit,min_ratio_hon,11.780555555555555,0.6065306597126332
exit,min_ratio_hon,11.797222222222222,0.6065306597126332
exit,min_ratio_hon,11.813888888888888,0.6065306597126332
exit,min_ratio_hon,11.830555555555556,0.6065306597126332
exit,min_ratio_hon,11.847222222222221,0.6065306597126332
exit,min_ratio_hon,11.863888888888889,0.6065306597126332
exit,min_ratio_hon,11.880555555555556,0.6065306597126332
exit,min_ratio_hon,11.897222222222222,0.6065306597126332
exit,min_ratio_hon,11.91388888888889,0.6065306597126332
exit,min_ratio_hon,11.930555555555555,0.6065306597126332
exit,min_ratio_hon,11.947222222222223,0.6065306597126332
exit,min_ratio_hon,11.963888888888889,0.6065306597126332
exit,min_ratio_hon,11.980555555555556,0.6065306597126332
exit,min_ratio_hon,11.997222222222222,0.6065306597126332
exit,max_ratio_hon,0.013888888888888888,1.6101975687722905
exit,max_ratio_hon,0.030555555555555555,1.6487212707001286
exit,max_ratio_hon,0.04722222222222222,1.6487212707001286
exit,max_ratio_hon,0.06388888888888888,1.6487212707001286
exit,max_ratio_hon,0.08055555555555556,1.6487212707001286
exit,max_ratio_hon,0.09722222222222222,1.6487212707001286
exit,max_ratio_hon,0.11388888888888889,1.6487212707001286
exit,max_ratio_hon,0.13055555555555556,1.6487212707001286
exit,max_ratio_hon,0.14722222222222223,1.6487212707001286
exit,max_ratio_hon,0.1638888888888889,1.6487212707001286
exit,max_ratio_hon,0.18055555555555555,1.6487212707001286
exit,max_ratio_hon,0.19722222222222222,1.6487212707001286
exit,max_ratio_hon,0.21388888888888888,1.6487212707001286
exit,max_ratio_hon,0.23055555555555557,1.6487212707001286
exit,max_ratio_hon,0.24722222222222223,1.6487212707001286
exit,max_ratio_hon,0.2638888888888889,1.6487212707001286
exit,max_ratio_hon,0.28055555555555556,1.6487212707001286
exit,max_ratio_hon,0.2972222222222222,1.6487212707001286
exit,max_ratio_hon,0.3138888888888889,1.6487212707001286
exit,max_ratio_hon,0.33055555555555555,1.6487212707001286
exit,max_ratio_hon,0.3472222222222222,1.6487212707001289
exit,max_ratio_hon,0.3638888888888889,1.6487212707001286
exit,max_ratio_hon,0.38055555555555554,1.6487212707001286
exit,max_ratio_hon,0.3972222222222222,1.6487212707001286
exit,max_ratio_hon,0.41388888888888886,1.6487212707001286
exit,max_ratio_hon,0.4305555555555556,1.6487212707001286
exit,max_ratio_hon,0.44722222222222224,1.6487212707001286
exit,max_ratio_hon,0.4638888888888889,1.6487212707001286
exit,max_ratio_hon,0.48055555555555557,1.6487212707001286
exit,max_ratio_hon,0.49722222222222223,1.6487212707001289
exit,max_ratio_hon,0.5138888888888888,1.6487212707001286
exit,max_ratio_hon,0.5305555555555556,1.6487212707001286
exit,max_ratio_hon,0.5472222222222223,1.6487212707001286
exit,max_ratio_hon,0.5638888888888889,1.6487212707001289
exit,max_ratio_hon,0.5805555555555556,1.6487212707001286
exit,max_ratio_hon,0.5972222222222222,1.6487212707001286
exit,max_ratio_hon,0.6138888888888889,1.6487212707001289
exit,max_ratio_hon,0.6305555555555555,1.6487212707001286
exit,max_ratio_hon,0.6472222222222223,1.6487212707001286
exit,max_ratio_hon,0.6638888888888889,1.6487212707001286
exit,max_ratio_hon,0.6805555555555556,1.6487212707001286
exit,max_ratio_hon,0.6972222222222222,1.6487212707001286
exit,max_ratio_hon,0.7138888888888889,1.6487212707001286
exit,max_ratio_hon,0.7305555555555555,1.6487212707001289
exit,max_ratio_hon,0.7472222222222222,1.6487212707001286
exit,max_ratio_hon,0.7638888888888888,1.6487212707001286
exit,max_ratio_hon,0.7805555555555556,1.6487212707001286
exit,max_ratio_hon,0.7972222222222223,1.6487212707001286
exit,max_ratio_hon,0.8138888888888889,1.6487212707001286
exit,max_ratio_hon,0.8305555555555556,1.6487212707001286
exit,max_ratio_hon,0.8472222222222222,1.6487212707001286
exit,max_ratio_hon,0.8638888888888889,1.6487212707001286
exit,max_ratio_hon,0.8805555555555555,1.6487212707001286
exit,max_ratio_hon,0.8972222222222223,1.6487212707001286
exit,max_ratio_hon,0.9138888888888889,1.6487212707001286
exit,max_ratio_hon,0.9305555555555556,1.6487212707001286
exit,max_ratio_hon,0.9472222222222222,1.6487212707001286
exit,max_ratio_hon,0.9638888888888889,1.6487212707001286
exit,max_ratio_hon,0.9805555555555555,1.6487212707001286
exit,max_ratio_hon,0.9972222222222222,1.6487212707001286
exit,max_ratio_hon,1.0138888888888888,1.6487212707001286
exit,max_ratio_hon,1.0305555555555554,1.6487212707001286
exit,max_ratio_hon,1.0472222222222223,1.6487212707001286
exit,max_ratio_hon,1.0638888888888889,1.6487212707001286
exit,max_ratio_hon,1.0805555555555555,1.6487212707001286
exit,max_ratio_hon,1.0972222222222223,1.6487212707001286
exit,max_ratio_hon,1.113888888888889,1.6487212707001286
exit,max_ratio_hon,1.1305555555555555,1.6487212707001286
exit,max_ratio_hon,1.1472222222222221,1.6487212707001286
exit,max_ratio_hon,1.163888888888889,1.6487212707001286
exit,max_ratio_hon,1.1805555555555556,1.6487212707001286
exit,max_ratio_hon,1.1972222222222222,1.6487212707001286
exit,max_ratio_hon,1.2138888888888888,1.6487212707001289
exit,max_ratio_hon,1.2305555555555556,1.6487212707001286
exit,max_ratio_hon,1.2472222222222222,1.6487212707001286
exit,max_ratio_hon,1.2638888888888888,1.6487212707001286
exit,max_ratio_hon,1.2805555555555554,1.6487212707001286
exit,max_ratio_hon,1.2972222222222223,1.6487212707001286
exit,max_ratio_hon,1.3138888888888889,1.6487212707001286
exit,max_ratio_hon,1.3305555555555555,1.6487212707001286
exit,max_ratio_hon,1.3472222222222223,1.6487212707001286
exit,max_ratio_hon,1.363888888888889,1.6487212707001286
exit,max_ratio_hon,1.3805555555555555,1.6487212707001286
exit,max_ratio_hon,1.3972222222222221,1.6487212707001286
exit,max_ratio_hon,1.413888888888889,1.6487212707001286
exit,max_ratio_hon,1.4305555555555556,1.6487212707001286
exit,max_ratio_hon,1.4472222222222222,1.6487212707001286
exit,max_ratio_hon,1.4638888888888888,1.6487212707001286
exit,max_ratio_hon,1.4805555555555556,1.6487212707001286
exit,max_ratio_hon,1.4972222222222222,1.6487212707001286
exit,max_ratio_hon,1.5138888888888888,1.6487212707001286
exit,max_ratio_hon,1.5305555555555554,1.6487212707001286
exit,max_ratio_hon,1.5472222222222223,1.6487212707001286
exit,max_ratio_hon,1.5638888888888889,1.6487212707001286
exit,max_ratio_hon,1.5805555555555555,1.6487212707001286
exit,max_ratio_hon,1.5972222222222223,1.6487212707001286
exit,max_ratio_hon,1.613888888888889,1.6487212707001286
exit,max_ratio_hon,1.6305555555555555,1.6487212707001286
exit,max_ratio_hon,1.6472222222222221,1.6487212707001286
exit,max_ratio_hon,1.663888888888889,1.6487212707001286
exit,max_ratio_hon,1.6805555555555556,1.6487212707001286
exit,max_ratio_hon,1.6972222222222222,1.6487212707001286
exit,max_ratio_hon,1.7138888888888888,1.6487212707001286
exit,max_ratio_hon,1.7305555555555556,1.6487212707001286
exit,max_ratio_hon,1.7472222222222222,1.6487212707001286
exit,max_ratio_hon,1.7638888888888888,1.6487212707001286
exit,max_ratio_hon,1.7805555555555554,1.6487212707001286
exit,max_ratio_hon,1.7972222222222223,1.6487212707001286
exit,max_ratio_hon,1.8138888888888889,1.6487212707001289
exit,max_ratio_hon,1.8305555555555555,1.6487212707001286
exit,max_ratio_hon,1.8472222222222223,1.6487212707001286
exit,max_ratio_hon,1.863888888888889,1.6487212707001286
exit,max_ratio_hon,1.8805555555555555,1.6487212707001286
exit,max_ratio_hon,1.8972222222222221,1.6487212707001286
exit,max_ratio_hon,1.913888888888889,1.6487212707001286
exit,max_ratio_hon,1.9305555555555556,1.6487212707001286
exit,max_ratio_hon,1.9472222222222222,1.6487212707001286
exit,max_ratio_hon,1.9638888888888888,1.6487212707001286
exit,max_ratio_hon,1.9805555555555556,1.6487212707001286
exit,max_ratio_hon,1.9972222222222222,1.6487212707001286
exit,max_ratio_hon,2.013888888888889,1.6487212707001286
exit,max_ratio_hon,2.0305555555555554,1.6487212707001289
exit,max_ratio_hon,2.047222222222222,1.6487212707001286
exit,max_ratio_hon,2.063888888888889,1.6487212707001286
exit,max_ratio_hon,2.0805555555555557,1.6487212707001286
exit,max_ratio_hon,2.0972222222222223,1.6487212707001286
exit,max_ratio_hon,2.113888888888889,1.6487212707001286
exit,max_ratio_hon,2.1305555555555555,1.6487212707001286
exit,max_ratio_hon,2.147222222222222,1.6487212707001286
exit,max_ratio_hon,2.1638888888888888,1.6487212707001286
exit,max_ratio_hon,2.1805555555555554,1.6487212707001286
exit,max_ratio_hon,2.1972222222222224,1.6487212707001286
exit,max_ratio_hon,2.213888888888889,1.6487212707001286
exit,max_ratio_hon,2.2305555555555556,1.6487212707001286
exit,max_ratio_hon,2.2472222222222222,1.6487212707001286
exit,max_ratio_hon,2.263888888888889,1.6487212707001286
exit,max_ratio_hon,2.2805555555555554,1.6487212707001286
exit,max_ratio_hon,2.297222222222222,1.6487212707001286
exit,max_ratio_hon,2.313888888888889,1.6487212707001289
exit,max_ratio_hon,2.3305555555555557,1.6487212707001286
exit,max_ratio_hon,2.3472222222222223,1.6487212707001286
exit,max_ratio_hon,2.363888888888889,1.6487212707001286
exit,max_ratio_hon,2.3805555555555555,1.6487212707001286
exit,max_ratio_hon,2.397222222222222,1.6487212707001286
exit,max_ratio_hon,2.4138888888888888,1.6487212707001286
exit,max_ratio_hon,2.4305555555555554,1.6487212707001286
exit,max_ratio_hon,2.4472222222222224,1.6487212707001286
exit,max_ratio_hon,2.463888888888889,1.6487212707001286
exit,max_ratio_hon,2.4805555555555556,1.6487212707001286
exit,max_ratio_hon,2.4972222222222222,1.6487212707001286
exit,max_ratio_hon,2.513888888888889,1.6487212707001286
exit,max_ratio_hon,2.5305555555555554,1.6487212707001286
exit,max_ratio_hon,2.547222222222222,1.6487212707001286
exit,max_ratio_hon,2.563888888888889,1.6487212707001286
exit,max_ratio_hon,2.5805555555555557,1.6487212707001286
exit,max_ratio_hon,2.5972222222222223,1.6487212707001286
exit,max_ratio_hon,2.613888888888889,1.6487212707001286
exit,max_ratio_hon,2.6305555555555555,1.6487212707001289
exit,max_ratio_hon,2.647222222222222,1.6487212707001286
exit,max_ratio_hon,2.6638888888888888,1.6487212707001286
exit,max_ratio_hon,2.6805555555555554,1.6487212707001286
exit,max_ratio_hon,2.6972222222222224,1.6487212707001286
exit,max_ratio_hon,2.713888888888889,1.6487212707001286
exit,max_ratio_hon,2.7305555555555556,1.6487212707001286
exit,max_ratio_hon,2.7472222222222222,1.6487212707001289
exit,max_ratio_hon,2.763888888888889,1.6487212707001286
exit,max_ratio_hon,2.7805555555555554,1.6487212707001286
exit,max_ratio_hon,2.797222222222222,1.6487212707001286
exit,max_ratio_hon,2.813888888888889,1.6487212707001286
exit,max_ratio_hon,2.8305555555555557,1.6487212707001286
exit,max_ratio_hon,2.8472222222222223,1.6487212707001286
exit,max_ratio_hon,2.863888888888889,1.6487212707001286
exit,max_ratio_hon,2.8805555555555555,1.6487212707001286
exit,max_ratio_hon,2.897222222222222,1.6487212707001286
exit,max_ratio_hon,2.9138888888888888,1.6487212707001286
exit,max_ratio_hon,2.9305555555555554,1.6487212707001286
exit,max_ratio_hon,2.9472222222222224,1.6487212707001286
exit,max_ratio_hon,2.963888888888889,1.6487212707001286
exit,max_ratio_hon,2.9805555555555556,1.6487212707001286
exit,max_ratio_hon,2.9972222222222222,1.6487212707001286
exit,max_ratio_hon,3.013888888888889,1.6487212707001286
exit,max_ratio_hon,3.0305555555555554,1.6487212707001286
exit,max_ratio_hon,3.047222222222222,1.6487212707001286
exit,max_ratio_hon,3.063888888888889,1.6487212707001286
exit,max_ratio_hon,3.0805555555555557,1.6487212707001286
exit,max_ratio_hon,3.0972222222222223,1.6487212707001286
exit,max_ratio_hon,3.113888888888889,1.6487212707001286
exit,max_ratio_hon,3.1305555555555555,1.6487212707001286
exit,max_ratio_hon,3.147222222222222,1.6487212707001286
exit,max_ratio_hon,3.1638888888888888,1.6487212707001286
exit,max_ratio_hon,3.1805555555555554,1.6487212707001286
exit,max_ratio_hon,3.1972222222222224,1.6487212707001286
exit,max_ratio_hon,3.213888888888889,1.6487212707001286
exit,max_ratio_hon,3.2305555555555556,1.6487212707001286
exit,max_ratio_hon,3.2472222222222222,1.6487212707001286
exit,max_ratio_hon,3.263888888888889,1.6487212707001286
exit,max_ratio_hon,3.2805555555555554,1.6487212707001286
exit,max_ratio_hon,3.297222222222222,1.6487212707001286
exit,max_ratio_hon,3.313888888888889,1.6487212707001286
exit,max_ratio_hon,3.3305555555555557,1.6487212707001286
exit,max_ratio_hon,3.3472222222222223,1.6487212707001286
exit,max_ratio_hon,3.363888888888889,1.6487212707001286
exit,max_ratio_hon,3.3805555555555555,1.6487212707001286
exit,max_ratio_hon,3.397222222222222,1.6487212707001286
exit,max_ratio_hon,3.4138888888888888,1.6487212707001289
exit,max_ratio_hon,3.4305555555555554,1.6487212707001286
exit,max_ratio_hon,3.4472222222222224,1.6487212707001286
exit,max_ratio_hon,3.463888888888889,1.6487212707001286
exit,max_ratio_hon,3.4805555555555556,1.6487212707001286
exit,max_ratio_hon,3.4972222222222222,1.6487212707001286
exit,max_ratio_hon,3.513888888888889,1.6487212707001286
exit,max_ratio_hon,3.5305555555555554,1.6487212707001286
exit,max_ratio_hon,3.547222222222222,1.6487212707001286
exit,max_ratio_hon,3.563888888888889,1.6487212707001286
exit,max_ratio_hon,3.5805555555555557,1.6487212707001286
exit,max_ratio_hon,3.5972222222222223,1.6487212707001286
exit,max_ratio_hon,3.613888888888889,1.6487212707001289
exit,max_ratio_hon,3.6305555555555555,1.6487212707001286
exit,max_ratio_hon,3.647222222222222,1.6487212707001286
exit,max_ratio_hon,3.6638888888888888,1.6487212707001289
exit,max_ratio_hon,3.6805555555555554,1.6487212707001286
exit,max_ratio_hon,3.6972222222222224,1.6487212707001286
exit,max_ratio_hon,3.713888888888889,1.6487212707001286
exit,max_ratio_hon,3.7305555555555556,1.6487212707001286
exit,max_ratio_hon,3.7472222222222222,1.6487212707001286
exit,max_ratio_hon,3.763888888888889,1.6487212707001286
exit,max_ratio_hon,3.7805555555555554,1.6487212707001286
exit,max_ratio_hon,3.797222222222222,1.6487212707001286
exit,max_ratio_hon,3.813888888888889,1.6487212707001286
exit,max_ratio_hon,3.8305555555555557,1.6487212707001286
exit,max_ratio_hon,3.8472222222222223,1.6487212707001286
exit,max_ratio_hon,3.863888888888889,1.6487212707001289
exit,max_ratio_hon,3.8805555555555555,1.6487212707001286
exit,max_ratio_hon,3.897222222222222,1.6487212707001286
exit,max_ratio_hon,3.9138888888888888,1.6487212707001286
exit,max_ratio_hon,3.9305555555555554,1.6487212707001286
exit,max_ratio_hon,3.9472222222222224,1.6487212707001286
exit,max_ratio_hon,3.963888888888889,1.6487212707001286
exit,max_ratio_hon,3.9805555555555556,1.6487212707001286
exit,max_ratio_hon,3.9972222222222222,1.6487212707001286
exit,max_ratio_hon,4.013888888888889,1.6487212707001286
exit,max_ratio_hon,4.030555555555556,1.6487212707001289
exit,max_ratio_hon,4.0472222222222225,1.6487212707001286
exit,max_ratio_hon,4.063888888888889,1.6487212707001286
exit,max_ratio_hon,4.080555555555556,1.6487212707001286
exit,max_ratio_hon,4.097222222222222,1.6487212707001286
exit,max_ratio_hon,4.113888888888889,1.6487212707001286
exit,max_ratio_hon,4.1305555555555555,1.6487212707001286
exit,max_ratio_hon,4.147222222222222,1.6487212707001286
exit,max_ratio_hon,4.163888888888889,1.6487212707001286
exit,max_ratio_hon,4.180555555555555,1.6487212707001289
exit,max_ratio_hon,4.197222222222222,1.6487212707001286
exit,max_ratio_hon,4.213888888888889,1.6487212707001286
exit,max_ratio_hon,4.230555555555555,1.6487212707001286
exit,max_ratio_hon,4.247222222222222,1.6487212707001286
exit,max_ratio_hon,4.263888888888889,1.6487212707001286
exit,max_ratio_hon,4.280555555555556,1.6487212707001286
exit,max_ratio_hon,4.2972222222222225,1.6487212707001286
exit,max_ratio_hon,4.313888888888889,1.6487212707001286
exit,max_ratio_hon,4.330555555555556,1.6487212707001286
exit,max_ratio_hon,4.347222222222222,1.6487212707001286
exit,max_ratio_hon,4.363888888888889,1.6487212707001286
exit,max_ratio_hon,4.3805555555555555,1.6487212707001286
exit,max_ratio_hon,4.397222222222222,1.6487212707001286
exit,max_ratio_hon,4.413888888888889,1.6487212707001286
exit,max_ratio_hon,4.430555555555555,1.6487212707001286
exit,max_ratio_hon,4.447222222222222,1.6487212707001286
exit,max_ratio_hon,4.463888888888889,1.6487212707001289
exit,max_ratio_hon,4.480555555555555,1.6487212707001286
exit,max_ratio_hon,4.497222222222222,1.6487212707001286
exit,max_ratio_hon,4.513888888888889,1.6487212707001286
exit,max_ratio_hon,4.530555555555556,1.6487212707001286
exit,max_ratio_hon,4.5472222222222225,1.6487212707001289
exit,max_ratio_hon,4.563888888888889,1.6487212707001286
exit,max_ratio_hon,4.580555555555556,1.6487212707001286
exit,max_ratio_hon,4.597222222222222,1.6487212707001286
exit,max_ratio_hon,4.613888888888889,1.6487212707001289
exit,max_ratio_hon,4.6305555555555555,1.6487212707001286
exit,max_ratio_hon,4.647222222222222,1.6487212707001286
exit,max_ratio_hon,4.663888888888889,1.6487212707001286
exit,max_ratio_hon,4.680555555555555,1.6487212707001286
exit,max_ratio_hon,4.697222222222222,1.6487212707001286
exit,max_ratio_hon,4.713888888888889,1.6487212707001286
exit,max_ratio_hon,4.730555555555555,1.6487212707001286
exit,max_ratio_hon,4.747222222222222,1.6487212707001286
exit,max_ratio_hon,4.763888888888889,1.6487212707001286
exit,max_ratio_hon,4.780555555555556,1.6487212707001286
exit,max_ratio_hon,4.7972222222222225,1.6487212707001286
exit,max_ratio_hon,4.813888888888889,1.6487212707001286
exit,max_ratio_hon,4.830555555555556,1.6487212707001286
exit,max_ratio_hon,4.847222222222222,1.6487212707001286
exit,max_ratio_hon,4.863888888888889,1.6487212707001286
exit,max_ratio_hon,4.8805555555555555,1.6487212707001286
exit,max_ratio_hon,4.897222222222222,1.6487212707001286
exit,max_ratio_hon,4.913888888888889,1.6487212707001286
exit,max_ratio_hon,4.930555555555555,1.6487212707001286
exit,max_ratio_hon,4.947222222222222,1.6487212707001286
exit,max_ratio_hon,4.963888888888889,1.6487212707001286
exit,max_ratio_hon,4.980555555555555,1.6487212707001286
exit,max_ratio_hon,4.997222222222222,1.6487212707001286
exit,max_ratio_hon,5.013888888888889,1.6487212707001286
exit,max_ratio_hon,5.030555555555556,1.6487212707001286
exit,max_ratio_hon,5.0472222222222225,1.6487212707001286
exit,max_ratio_hon,5.063888888888889,1.6487212707001286
exit,max_ratio_hon,5.080555555555556,1.6487212707001286
exit,max_ratio_hon,5.097222222222222,1.6487212707001286
exit,max_ratio_hon,5.113888888888889,1.6487212707001286
exit,max_ratio_hon,5.1305555555555555,1.6487212707001289
exit,max_ratio_hon,5.147222222222222,1.6487212707001286
exit,max_ratio_hon,5.163888888888889,1.6487212707001286
exit,max_ratio_hon,5.180555555555555,1.6487212707001286
exit,max_ratio_hon,5.197222222222222,1.6487212707001286
exit,max_ratio_hon,5.213888888888889,1.6487212707001289
exit,max_ratio_hon,5.230555555555555,1.6487212707001286
exit,max_ratio_hon,5.247222222222222,1.6487212707001286
exit,max_ratio_hon,5.263888888888889,1.6487212707001286
exit,max_ratio_hon,5.280555555555556,1.6487212707001286
exit,max_ratio_hon,5.2972222222222225,1.6487212707001286
exit,max_ratio_hon,5.313888888888889,1.6487212707001289
exit,max_ratio_hon,5.330555555555556,1.6487212707001286
exit,max_ratio_hon,5.347222222222222,1.6487212707001289
exit,max_ratio_hon,5.363888888888889,1.6487212707001286
exit,max_ratio_hon,5.3805555555555555,1.6487212707001286
exit,max_ratio_hon,5.397222222222222,1.6487212707001289
exit,max_ratio_hon,5.413888888888889,1.6487212707001289
exit,max_ratio_hon,5.430555555555555,1.6487212707001289
exit,max_ratio_hon,5.447222222222222,1.6487212707001286
exit,max_ratio_hon,5.463888888888889,1.6487212707001286
exit,max_ratio_hon,5.480555555555555,1.6487212707001286
exit,max_ratio_hon,5.497222222222222,1.6487212707001289
exit,max_ratio_hon,5.513888888888889,1.6487212707001286
exit,max_ratio_hon,5.530555555555556,1.6487212707001286
exit,max_ratio_hon,5.5472222222222225,1.6487212707001286
exit,max_ratio_hon,5.563888888888889,1.6487212707001289
exit,max_ratio_hon,5.580555555555556,1.6487212707001286
exit,max_ratio_hon,5.597222222222222,1.6487212707001286
exit,max_ratio_hon,5.613888888888889,1.6487212707001286
exit,max_ratio_hon,5.6305555555555555,1.6487212707001289
exit,max_ratio_hon,5.647222222222222,1.6487212707001289
exit,max_ratio_hon,5.663888888888889,1.6487212707001289
exit,max_ratio_hon,5.680555555555555,1.6487212707001286
exit,max_ratio_hon,5.697222222222222,1.6487212707001289
exit,max_ratio_hon,5.713888888888889,1.6487212707001286
exit,max_ratio_hon,5.730555555555555,1.6487212707001289
exit,max_ratio_hon,5.747222222222222,1.6487212707001289
exit,max_ratio_hon,5.763888888888889,1.6487212707001286
exit,max_ratio_hon,5.780555555555556,1.6487212707001289
exit,max_ratio_hon,5.7972222222222225,1.6487212707001289
exit,max_ratio_hon,5.813888888888889,1.6487212707001289
exit,max_ratio_hon,5.830555555555556,1.6487212707001286
exit,max_ratio_hon,5.847222222222222,1.6487212707001286
exit,max_ratio_hon,5.863888888888889,1.6487212707001289
exit,max_ratio_hon,5.8805555555555555,1.6487212707001286
exit,max_ratio_hon,5.897222222222222,1.6487212707001286
exit,max_ratio_hon,5.913888888888889,1.6487212707001286
exit,max_ratio_hon,5.930555555555555,1.6487212707001286
exit,max_ratio_hon,5.947222222222222,1.6487212707001286
exit,max_ratio_hon,5.963888888888889,1.6487212707001289
exit,max_ratio_hon,5.980555555555555,1.6487212707001286
exit,max_ratio_hon,5.997222222222222,1.6487212707001289
exit,max_ratio_hon,6.013888888888889,1.6487212707001286
exit,max_ratio_hon,6.030555555555556,1.6487212707001286
exit,max_ratio_hon,6.0472222222222225,1.6487212707001289
exit,max_ratio_hon,6.063888888888889,1.6487212707001286
exit,max_ratio_hon,6.080555555555556,1.6487212707001286
exit,max_ratio_hon,6.097222222222222,1.6487212707001286
exit,max_ratio_hon,6.113888888888889,1.6487212707001286
exit,max_ratio_hon,6.1305555555555555,1.6487212707001286
exit,max_ratio_hon,6.147222222222222,1.6487212707001286
exit,max_ratio_hon,6.163888888888889,1.6487212707001286
exit,max_ratio_hon,6.180555555555555,1.6487212707001286
exit,max_ratio_hon,6.197222222222222,1.6487212707001286
exit,max_ratio_hon,6.213888888888889,1.6487212707001286
exit,max_ratio_hon,6.230555555555555,1.6487212707001286
exit,max_ratio_hon,6.247222222222222,1.6487212707001286
exit,max_ratio_hon,6.263888888888889,1.6487212707001286
exit,max_ratio_hon,6.280555555555556,1.6487212707001286
exit,max_ratio_hon,6.2972222222222225,1.6487212707001286
exit,max_ratio_hon,6.313888888888889,1.6487212707001289
exit,max_ratio_hon,6.330555555555556,1.6487212707001289
exit,max_ratio_hon,6.347222222222222,1.6487212707001286
exit,max_ratio_hon,6.363888888888889,1.6487212707001286
exit,max_ratio_hon,6.3805555555555555,1.6487212707001286
exit,max_ratio_hon,6.397222222222222,1.6487212707001286
exit,max_ratio_hon,6.413888888888889,1.6487212707001286
exit,max_ratio_hon,6.430555555555555,1.6487212707001286
exit,max_ratio_hon,6.447222222222222,1.6487212707001289
exit,max_ratio_hon,6.463888888888889,1.6487212707001289
exit,max_ratio_hon,6.480555555555555,1.6487212707001286
exit,max_ratio_hon,6.497222222222222,1.6487212707001286
exit,max_ratio_hon,6.513888888888889,1.6487212707001289
exit,max_ratio_hon,6.530555555555556,1.6487212707001286
exit,max_ratio_hon,6.5472222222222225,1.6487212707001286
exit,max_ratio_hon,6.563888888888889,1.6487212707001286
exit,max_ratio_hon,6.580555555555556,1.6487212707001286
exit,max_ratio_hon,6.597222222222222,1.6487212707001289
exit,max_ratio_hon,6.613888888888889,1.6487212707001289
exit,max_ratio_hon,6.6305555555555555,1.6487212707001286
exit,max_ratio_hon,6.647222222222222,1.6487212707001286
exit,max_ratio_hon,6.663888888888889,1.6487212707001286
exit,max_ratio_hon,6.680555555555555,1.6487212707001286
exit,max_ratio_hon,6.697222222222222,1.6487212707001286
exit,max_ratio_hon,6.713888888888889,1.6487212707001286
exit,max_ratio_hon,6.730555555555555,1.6487212707001289
exit,max_ratio_hon,6.747222222222222,1.6487212707001286
exit,max_ratio_hon,6.763888888888889,1.6487212707001286
exit,max_ratio_hon,6.780555555555556,1.6487212707001286
exit,max_ratio_hon,6.7972222222222225,1.6487212707001286
exit,max_ratio_hon,6.813888888888889,1.6487212707001286
exit,max_ratio_hon,6.830555555555556,1.6487212707001286
exit,max_ratio_hon,6.847222222222222,1.6487212707001289
exit,max_ratio_hon,6.863888888888889,1.6487212707001286
exit,max_ratio_hon,6.8805555555555555,1.6487212707001289
exit,max_ratio_hon,6.897222222222222,1.6487212707001286
exit,max_ratio_hon,6.913888888888889,1.6487212707001286
exit,max_ratio_hon,6.930555555555555,1.6487212707001286
exit,max_ratio_hon,6.947222222222222,1.6487212707001286
exit,max_ratio_hon,6.963888888888889,1.6487212707001286
exit,max_ratio_hon,6.980555555555555,1.6487212707001286
exit,max_ratio_hon,6.997222222222222,1.6487212707001286
exit,max_ratio_hon,7.013888888888889,1.6487212707001286
exit,max_ratio_hon,7.030555555555556,1.6487212707001286
exit,max_ratio_hon,7.0472222222222225,1.6487212707001286
exit,max_ratio_hon,7.063888888888889,1.6487212707001286
exit,max_ratio_hon,7.080555555555556,1.6487212707001286
exit,max_ratio_hon,7.097222222222222,1.6487212707001286
exit,max_ratio_hon,7.113888888888889,1.6487212707001286
exit,max_ratio_hon,7.1305555555555555,1.6487212707001286
exit,max_ratio_hon,7.147222222222222,1.6487212707001286
exit,max_ratio_hon,7.163888888888889,1.6487212707001286
exit,max_ratio_hon,7.180555555555555,1.6487212707001286
exit,max_ratio_hon,7.197222222222222,1.6487212707001286
exit,max_ratio_hon,7.213888888888889,1.6487212707001286
exit,max_ratio_hon,7.230555555555555,1.6487212707001286
exit,max_ratio_hon,7.247222222222222,1.6487212707001286
exit,max_ratio_hon,7.263888888888889,1.6487212707001286
exit,max_ratio_hon,7.280555555555556,1.6487212707001286
exit,max_ratio_hon,7.2972222222222225,1.6487212707001289
exit,max_ratio_hon,7.313888888888889,1.6487212707001286
exit,max_ratio_hon,7.330555555555556,1.6487212707001286
exit,max_ratio_hon,7.347222222222222,1.6487212707001286
exit,max_ratio_hon,7.363888888888889,1.6487212707001286
exit,max_ratio_hon,7.3805555555555555,1.6487212707001286
exit,max_ratio_hon,7.397222222222222,1.6487212707001286
exit,max_ratio_hon,7.413888888888889,1.6487212707001286
exit,max_ratio_hon,7.430555555555555,1.6487212707001286
exit,max_ratio_hon,7.447222222222222,1.6487212707001286
exit,max_ratio_hon,7.463888888888889,1.6487212707001286
exit,max_ratio_hon,7.480555555555555,1.6487212707001286
exit,max_ratio_hon,7.497222222222222,1.6487212707001286
exit,max_ratio_hon,7.513888888888889,1.6487212707001286
exit,max_ratio_hon,7.530555555555556,1.6487212707001286
exit,max_ratio_hon,7.5472222222222225,1.6487212707001286
exit,max_ratio_hon,7.563888888888889,1.6487212707001286
exit,max_ratio_hon,7.580555555555556,1.6487212707001289
exit,max_ratio_hon,7.597222222222222,1.6487212707001286
exit,max_ratio_hon,7.613888888888889,1.6487212707001286
exit,max_ratio_hon,7.6305555555555555,1.6487212707001286
exit,max_ratio_hon,7.647222222222222,1.6487212707001286
exit,max_ratio_hon,7.663888888888889,1.6487212707001289
exit,max_ratio_hon,7.680555555555555,1.6487212707001286
exit,max_ratio_hon,7.697222222222222,1.6487212707001286
exit,max_ratio_hon,7.713888888888889,1.6487212707001286
exit,max_ratio_hon,7.730555555555555,1.6487212707001286
exit,max_ratio_hon,7.747222222222222,1.6487212707001286
exit,max_ratio_hon,7.763888888888889,1.6487212707001286
exit,max_ratio_hon,7.780555555555556,1.6487212707001286
exit,max_ratio_hon,7.7972222222222225,1.6487212707001286
exit,max_ratio_hon,7.813888888888889,1.6487212707001286
exit,max_ratio_hon,7.830555555555556,1.6487212707001286
exit,max_ratio_hon,7.847222222222222,1.6487212707001286
exit,max_ratio_hon,7.863888888888889,1.6487212707001286
exit,max_ratio_hon,7.8805555555555555,1.6487212707001286
exit,max_ratio_hon,7.897222222222222,1.6487212707001286
exit,max_ratio_hon,7.913888888888889,1.6487212707001286
exit,max_ratio_hon,7.930555555555555,1.6487212707001286
exit,max_ratio_hon,7.947222222222222,1.6487212707001289
exit,max_ratio_hon,7.963888888888889,1.6487212707001286
exit,max_ratio_hon,7.980555555555555,1.6487212707001286
exit,max_ratio_hon,7.997222222222222,1.6487212707001286
exit,max_ratio_hon,8.01388888888889,1.6487212707001286
exit,max_ratio_hon,8.030555555555555,1.6487212707001286
exit,max_ratio_hon,8.047222222222222,1.6487212707001286
exit,max_ratio_hon,8.063888888888888,1.6487212707001289
exit,max_ratio_hon,8.080555555555556,1.6487212707001286
exit,max_ratio_hon,8.097222222222221,1.6487212707001286
exit,max_ratio_hon,8.113888888888889,1.6487212707001286
exit,max_ratio_hon,8.130555555555556,1.6487212707001286
exit,max_ratio_hon,8.147222222222222,1.6487212707001286
exit,max_ratio_hon,8.16388888888889,1.6487212707001286
exit,max_ratio_hon,8.180555555555555,1.6487212707001286
exit,max_ratio_hon,8.197222222222223,1.6487212707001286
exit,max_ratio_hon,8.213888888888889,1.6487212707001289
exit,max_ratio_hon,8.230555555555556,1.6487212707001286
exit,max_ratio_hon,8.247222222222222,1.6487212707001289
exit,max_ratio_hon,8.26388888888889,1.6487212707001286
exit,max_ratio_hon,8.280555555555555,1.6487212707001289
exit,max_ratio_hon,8.297222222222222,1.6487212707001286
exit,max_ratio_hon,8.313888888888888,1.6487212707001286
exit,max_ratio_hon,8.330555555555556,1.6487212707001286
exit,max_ratio_hon,8.347222222222221,1.6487212707001286
exit,max_ratio_hon,8.363888888888889,1.6487212707001286
exit,max_ratio_hon,8.380555555555556,1.6487212707001289
exit,max_ratio_hon,8.397222222222222,1.6487212707001286
exit,max_ratio_hon,8.41388888888889,1.6487212707001286
exit,max_ratio_hon,8.430555555555555,1.6487212707001289
exit,max_ratio_hon,8.447222222222223,1.6487212707001286
exit,max_ratio_hon,8.463888888888889,1.6487212707001286
exit,max_ratio_hon,8.480555555555556,1.6487212707001286
exit,max_ratio_hon,8.497222222222222,1.6487212707001286
exit,max_ratio_hon,8.51388888888889,1.6487212707001286
exit,max_ratio_hon,8.530555555555555,1.6487212707001286
exit,max_ratio_hon,8.547222222222222,1.6487212707001286
exit,max_ratio_hon,8.563888888888888,1.6487212707001286
exit,max_ratio_hon,8.580555555555556,1.6487212707001286
exit,max_ratio_hon,8.597222222222221,1.6487212707001286
exit,max_ratio_hon,8.613888888888889,1.6487212707001286
exit,max_ratio_hon,8.630555555555556,1.6487212707001286
exit,max_ratio_hon,8.647222222222222,1.6487212707001286
exit,max_ratio_hon,8.66388888888889,1.6487212707001286
exit,max_ratio_hon,8.680555555555555,1.6487212707001286
exit,max_ratio_hon,8.697222222222223,1.6487212707001286
exit,max_ratio_hon,8.713888888888889,1.6487212707001286
exit,max_ratio_hon,8.730555555555556,1.6487212707001286
exit,max_ratio_hon,8.747222222222222,1.6487212707001286
exit,max_ratio_hon,8.76388888888889,1.6487212707001286
exit,max_ratio_hon,8.780555555555555,1.6487212707001286
exit,max_ratio_hon,8.797222222222222,1.6487212707001286
exit,max_ratio_hon,8.813888888888888,1.6487212707001286
exit,max_ratio_hon,8.830555555555556,1.6487212707001286
exit,max_ratio_hon,8.847222222222221,1.6487212707001286
exit,max_ratio_hon,8.863888888888889,1.6487212707001286
exit,max_ratio_hon,8.880555555555556,1.6487212707001286
exit,max_ratio_hon,8.897222222222222,1.6487212707001286
exit,max_ratio_hon,8.91388888888889,1.6487212707001286
exit,max_ratio_hon,8.930555555555555,1.6487212707001286
exit,max_ratio_hon,8.947222222222223,1.6487212707001286
exit,max_ratio_hon,8.963888888888889,1.6487212707001289
exit,max_ratio_hon,8.980555555555556,1.6487212707001286
exit,max_ratio_hon,8.997222222222222,1.6487212707001286
exit,max_ratio_hon,9.01388888888889,1.6487212707001286
exit,max_ratio_hon,9.030555555555555,1.6487212707001286
exit,max_ratio_hon,9.047222222222222,1.6487212707001286
exit,max_ratio_hon,9.063888888888888,1.6487212707001286
exit,max_ratio_hon,9.080555555555556,1.6487212707001286
exit,max_ratio_hon,9.097222222222221,1.6487212707001286
exit,max_ratio_hon,9.113888888888889,1.6487212707001286
exit,max_ratio_hon,9.130555555555556,1.6487212707001286
exit,max_ratio_hon,9.147222222222222,1.6487212707001289
exit,max_ratio_hon,9.16388888888889,1.6487212707001289
exit,max_ratio_hon,9.180555555555555,1.6487212707001286
exit,max_ratio_hon,9.197222222222223,1.6487212707001286
exit,max_ratio_hon,9.213888888888889,1.6487212707001289
exit,max_ratio_hon,9.230555555555556,1.6487212707001286
exit,max_ratio_hon,9.247222222222222,1.6487212707001286
exit,max_ratio_hon,9.26388888888889,1.6487212707001286
exit,max_ratio_hon,9.280555555555555,1.6487212707001286
exit,max_ratio_hon,9.297222222222222,1.6487212707001286
exit,max_ratio_hon,9.313888888888888,1.6487212707001286
exit,max_ratio_hon,9.330555555555556,1.6487212707001286
exit,max_ratio_hon,9.347222222222221,1.6487212707001286
exit,max_ratio_hon,9.363888888888889,1.6487212707001286
exit,max_ratio_hon,9.380555555555556,1.6487212707001286
exit,max_ratio_hon,9.397222222222222,1.6487212707001286
exit,max_ratio_hon,9.41388888888889,1.6487212707001286
exit,max_ratio_hon,9.430555555555555,1.6487212707001286
exit,max_ratio_hon,9.447222222222223,1.6487212707001286
exit,max_ratio_hon,9.463888888888889,1.6487212707001286
exit,max_ratio_hon,9.480555555555556,1.6487212707001286
exit,max_ratio_hon,9.497222222222222,1.6487212707001286
exit,max_ratio_hon,9.51388888888889,1.6487212707001286
exit,max_ratio_hon,9.530555555555555,1.6487212707001286
exit,max_ratio_hon,9.547222222222222,1.6487212707001286
exit,max_ratio_hon,9.563888888888888,1.6487212707001286
exit,max_ratio_hon,9.580555555555556,1.6487212707001286
exit,max_ratio_hon,9.597222222222221,1.6487212707001286
exit,max_ratio_hon,9.613888888888889,1.6487212707001286
exit,max_ratio_hon,9.630555555555556,1.6487212707001286
exit,max_ratio_hon,9.647222222222222,1.6487212707001289
exit,max_ratio_hon,9.66388888888889,1.6487212707001289
exit,max_ratio_hon,9.680555555555555,1.6487212707001286
exit,max_ratio_hon,9.697222222222223,1.6487212707001286
exit,max_ratio_hon,9.713888888888889,1.6487212707001286
exit,max_ratio_hon,9.730555555555556,1.6487212707001286
exit,max_ratio_hon,9.747222222222222,1.6487212707001286
exit,max_ratio_hon,9.76388888888889,1.6487212707001286
exit,max_ratio_hon,9.780555555555555,1.6487212707001286
exit,max_ratio_hon,9.797222222222222,1.6487212707001286
exit,max_ratio_hon,9.813888888888888,1.6487212707001289
exit,max_ratio_hon,9.830555555555556,1.6487212707001286
exit,max_ratio_hon,9.847222222222221,1.6487212707001286
exit,max_ratio_hon,9.863888888888889,1.6487212707001289
exit,max_ratio_hon,9.880555555555556,1.6487212707001286
exit,max_ratio_hon,9.897222222222222,1.6487212707001286
exit,max_ratio_hon,9.91388888888889,1.6487212707001286
exit,max_ratio_hon,9.930555555555555,1.6487212707001286
exit,max_ratio_hon,9.947222222222223,1.6487212707001286
exit,max_ratio_hon,9.963888888888889,1.6487212707001289
exit,max_ratio_hon,9.980555555555556,1.6487212707001286
exit,max_ratio_hon,9.997222222222222,1.6487212707001286
exit,max_ratio_hon,10.01388888888889,1.6487212707001286
exit,max_ratio_hon,10.030555555555555,1.6487212707001286
exit,max_ratio_hon,10.047222222222222,1.6487212707001286
exit,max_ratio_hon,10.063888888888888,1.6487212707001286
exit,max_ratio_hon,10.080555555555556,1.6487212707001286
exit,max_ratio_hon,10.097222222222221,1.6487212707001286
exit,max_ratio_hon,10.113888888888889,1.6487212707001286
exit,max_ratio_hon,10.130555555555556,1.6487212707001286
exit,max_ratio_hon,10.147222222222222,1.6487212707001286
exit,max_ratio_hon,10.16388888888889,1.6487212707001286
exit,max_ratio_hon,10.180555555555555,1.6487212707001289
exit,max_ratio_hon,10.197222222222223,1.6487212707001289
exit,max_ratio_hon,10.213888888888889,1.6487212707001286
exit,max_ratio_hon,10.230555555555556,1.6487212707001286
exit,max_ratio_hon,10.247222222222222,1.6487212707001286
exit,max_ratio_hon,10.26388888888889,1.6487212707001286
exit,max_ratio_hon,10.280555555555555,1.6487212707001286
exit,max_ratio_hon,10.297222222222222,1.6487212707001286
exit,max_ratio_hon,10.313888888888888,1.6487212707001289
exit,max_ratio_hon,10.330555555555556,1.6487212707001289
exit,max_ratio_hon,10.347222222222221,1.6487212707001286
exit,max_ratio_hon,10.363888888888889,1.6487212707001286
exit,max_ratio_hon,10.380555555555556,1.6487212707001286
exit,max_ratio_hon,10.397222222222222,1.6487212707001286
exit,max_ratio_hon,10.41388888888889,1.6487212707001286
exit,max_ratio_hon,10.430555555555555,1.6487212707001286
exit,max_ratio_hon,10.447222222222223,1.6487212707001289
exit,max_ratio_hon,10.463888888888889,1.6487212707001286
exit,max_ratio_hon,10.480555555555556,1.6487212707001286
exit,max_ratio_hon,10.497222222222222,1.6487212707001289
exit,max_ratio_hon,10.51388888888889,1.6487212707001289
exit,max_ratio_hon,10.530555555555555,1.6487212707001289
exit,max_ratio_hon,10.547222222222222,1.6487212707001289
exit,max_ratio_hon,10.563888888888888,1.6487212707001289
exit,max_ratio_hon,10.580555555555556,1.6487212707001286
exit,max_ratio_hon,10.597222222222221,1.6487212707001289
exit,max_ratio_hon,10.613888888888889,1.6487212707001286
exit,max_ratio_hon,10.630555555555556,1.6487212707001289
exit,max_ratio_hon,10.647222222222222,1.6487212707001289
exit,max_ratio_hon,10.66388888888889,1.6487212707001286
exit,max_ratio_hon,10.680555555555555,1.6487212707001286
exit,max_ratio_hon,10.697222222222223,1.6487212707001286
exit,max_ratio_hon,10.713888888888889,1.6487212707001286
exit,max_ratio_hon,10.730555555555556,1.6487212707001286
exit,max_ratio_hon,10.747222222222222,1.6487212707001289
exit,max_ratio_hon,10.76388888888889,1.6487212707001289
exit,max_ratio_hon,10.780555555555555,1.6487212707001289
exit,max_ratio_hon,10.797222222222222,1.6487212707001286
exit,max_ratio_hon,10.813888888888888,1.6487212707001286
exit,max_ratio_hon,10.830555555555556,1.6487212707001286
exit,max_ratio_hon,10.847222222222221,1.6487212707001286
exit,max_ratio_hon,10.863888888888889,1.6487212707001286
exit,max_ratio_hon,10.880555555555556,1.6487212707001286
exit,max_ratio_hon,10.897222222222222,1.6487212707001289
exit,max_ratio_hon,10.91388888888889,1.6487212707001289
exit,max_ratio_hon,10.930555555555555,1.6487212707001289
exit,max_ratio_hon,10.947222222222223,1.6487212707001286
exit,max_ratio_hon,10.963888888888889,1.6487212707001286
exit,max_ratio_hon,10.980555555555556,1.6487212707001286
exit,max_ratio_hon,10.997222222222222,1.6487212707001286
exit,max_ratio_hon,11.01388888888889,1.6487212707001286
exit,max_ratio_hon,11.030555555555555,1.6487212707001286
exit,max_ratio_hon,11.047222222222222,1.6487212707001286
exit,max_ratio_hon,11.063888888888888,1.6487212707001286
exit,max_ratio_hon,11.080555555555556,1.6487212707001286
exit,max_ratio_hon,11.097222222222221,1.6487212707001286
exit,max_ratio_hon,11.113888888888889,1.6487212707001289
exit,max_ratio_hon,11.130555555555556,1.6487212707001286
exit,max_ratio_hon,11.147222222222222,1.6487212707001286
exit,max_ratio_hon,11.16388888888889,1.6487212707001289
exit,max_ratio_hon,11.180555555555555,1.6487212707001286
exit,max_ratio_hon,11.197222222222223,1.6487212707001286
exit,max_ratio_hon,11.213888888888889,1.6487212707001286
exit,max_ratio_hon,11.230555555555556,1.6487212707001289
exit,max_ratio_hon,11.247222222222222,1.6487212707001286
exit,max_ratio_hon,11.26388888888889,1.6487212707001286
exit,max_ratio_hon,11.280555555555555,1.6487212707001286
exit,max_ratio_hon,11.297222222222222,1.6487212707001289
exit,max_ratio_hon,11.313888888888888,1.6487212707001289
exit,max_ratio_hon,11.330555555555556,1.6487212707001286
exit,max_ratio_hon,11.347222222222221,1.6487212707001286
exit,max_ratio_hon,11.363888888888889,1.6487212707001286
exit,max_ratio_hon,11.380555555555556,1.6487212707001286
exit,max_ratio_hon,11.397222222222222,1.6487212707001286
exit,max_ratio_hon,11.41388888888889,1.6487212707001289
exit,max_ratio_hon,11.430555555555555,1.6487212707001286
exit,max_ratio_hon,11.447222222222223,1.6487212707001286
exit,max_ratio_hon,11.463888888888889,1.6487212707001286
exit,max_ratio_hon,11.480555555555556,1.6487212707001286
exit,max_ratio_hon,11.497222222222222,1.6487212707001289
exit,max_ratio_hon,11.51388888888889,1.6487212707001286
exit,max_ratio_hon,11.530555555555555,1.6487212707001289
exit,max_ratio_hon,11.547222222222222,1.6487212707001286
exit,max_ratio_hon,11.563888888888888,1.6487212707001286
exit,max_ratio_hon,11.580555555555556,1.6487212707001286
exit,max_ratio_hon,11.597222222222221,1.6487212707001286
exit,max_ratio_hon,11.613888888888889,1.6487212707001286
exit,max_ratio_hon,11.630555555555556,1.6487212707001286
exit,max_ratio_hon,11.647222222222222,1.6487212707001286
exit,max_ratio_hon,11.66388888888889,1.6487212707001286
exit,max_ratio_hon,11.680555555555555,1.6487212707001289
exit,max_ratio_hon,11.697222222222223,1.6487212707001286
exit,max_ratio_hon,11.713888888888889,1.6487212707001289
exit,max_ratio_hon,11.730555555555556,1.6487212707001286
exit,max_ratio_hon,11.747222222222222,1.6487212707001286
exit,max_ratio_hon,11.76388888888889,1.6487212707001286
exit,max_ratio_hon,11.780555555555555,1.6487212707001286
exit,max_ratio_hon,11.797222222222222,1.6487212707001289
exit,max_ratio_hon,11.813888888888888,1.6487212707001286
exit,max_ratio_hon,11.830555555555556,1.6487212707001289
exit,max_ratio_hon,11.847222222222221,1.6487212707001286
exit,max_ratio_hon,11.863888888888889,1.6487212707001286
exit,max_ratio_hon,11.880555555555556,1.6487212707001286
exit,max_ratio_hon,11.897222222222222,1.6487212707001286
exit,max_ratio_hon,11.91388888888889,1.6487212707001286
exit,max_ratio_hon,11.930555555555555,1.6487212707001289
exit,max_ratio_hon,11.947222222222223,1.6487212707001289
exit,max_ratio_hon,11.963888888888889,1.6487212707001286
exit,max_ratio_hon,11.980555555555556,1.6487212707001286
exit,max_ratio_hon,11.997222222222222,1.6487212707001286
