seed,t,lemma1_residual,lemmaB_lhs,lemmaB_rhs,identity_rel_residual
0,0,2.220446049250313e-16,8045.967189156334,15200.648835400976,0.0
0,1,2.220446049250313e-16,7694.873325999579,14553.522215040424,0.0
0,2,1.1102230246251565e-16,7853.256223185912,14859.819005183635,1.4515020798725795e-16
0,3,0.0,8033.903250669042,15229.126228407944,0.0
0,4,1.1102230246251565e-16,7919.9411735717,14929.0068398675,2.8991473729909473e-16
0,5,1.1102230246251565e-16,7921.975086674705,14960.889514129782,0.0
0,6,1.1102230246251565e-16,3694.3065039812427,6805.70626869685,1.582826167879659e-16
0,7,1.1102230246251565e-16,3617.276919010692,6680.22843879137,1.585482988330785e-16
0,8,1.1102230246251565e-16,3599.966927112029,6671.177495033221,1.5860812535051042e-16
0,9,1.1102230246251565e-16,3623.7731333267147,6679.456596456676,1.5852585836643067e-16
0,10,1.1102230246251565e-16,3683.047615124633,6774.95028258755,1.5832139414440018e-16
0,11,0.0,3721.0159495500193,6853.64139655831,1.5819070126013374e-16
0,12,0.0,3555.6301513491635,6558.7189455193,0.0
0,13,2.220446049250313e-16,3650.653421820447,6738.426174944894,0.0
0,14,2.220446049250313e-16,3616.4233986452746,6705.915715227151,1.5855124769867144e-16
0,15,0.0,3643.139162022366,6730.67369431174,1.5845899820359456e-16
0,16,2.220446049250313e-16,3566.287362008181,6581.126479473465,1.5872465760415438e-16
0,17,1.1102230246251565e-16,3650.717673277599,6734.901663889301,0.0
0,18,1.1102230246251565e-16,3436.064273513286,6301.544352881246,0.0
0,19,0.0,3396.571798755278,6225.482964783565,1.593144934951128e-16
0,20,1.1102230246251565e-16,3458.3488326441293,6359.746396368964,1.590992845068026e-16
0,21,3.3306690738754696e-16,3332.448508431,6138.667764761272,3.190769853313221e-16
0,22,2.220446049250313e-16,3271.665340166961,6033.742084652817,1.5975140623829604e-16
0,23,1.1102230246251565e-16,3427.027423834981,6282.450690696589,1.59208324326712e-16
0,24,2.220446049250313e-16,3277.700128451019,6046.463815467911,1.59730241947631e-16
0,25,0.0,3330.2931048807586,6127.87327338375,1.5954603298828348e-16
0,26,1.1102230246251565e-16,3334.051826970288,6155.789546444705,0.0
0,27,2.220446049250313e-16,3374.2377695561154,6182.3758539164655,1.5939244058879759e-16
0,28,0.0,3319.5109167949486,6107.869838097878,1.5958376339231763e-16
0,29,2.220446049250313e-16,3355.062008721012,6197.278207492964,1.5945942602056127e-16
0,30,2.220446049250313e-16,3250.4382713252853,5965.847635038279,0.0
0,31,1.1102230246251565e-16,3282.742601034268,6022.952224350311,0.0
0,32,2.220446049250313e-16,3393.9483783588075,6220.84328871155,1.593236454369686e-16
0,33,1.1102230246251565e-16,3356.544995357617,6150.780547113722,1.5945424359162777e-16
0,34,1.1102230246251565e-16,3219.1917496109672,5919.513353849806,0.0
0,35,3.3306690738754696e-16,3352.3922346803447,6180.933465894531,1.5946875663298599e-16
0,36,1.1102230246251565e-16,3329.42251771508,6095.233837346613,1.5954907879549922e-16
0,37,3.3306690738754696e-16,3317.8557586175884,6103.9720530868435,1.595895569123792e-16
0,38,1.1102230246251565e-16,3250.8015593091623,5936.759616311669,1.5982461974718192e-16
0,39,1.1102230246251565e-16,3330.366069537966,6103.000908434382,1.595457777218494e-16
0,40,2.220446049250313e-16,3248.2204090206214,5980.059014351638,1.5983368197791995e-16
0,41,1.1102230246251565e-16,3272.688863425021,6002.037187763088,0.0
0,42,1.1102230246251565e-16,3313.288078493002,6085.213770800626,1.5960554726248868e-16
0,43,0.0,3302.92686704253,6068.835079557951,1.5964183125419352e-16
0,44,1.1102230246251565e-16,3298.4681493426833,6065.613010629745,1.5965745034343206e-16
0,45,0.0,3276.2085614816315,6010.071565006791,0.0
0,46,1.1102230246251565e-16,3177.695848482035,5824.361536694897,1.6008168683376818e-16
0,47,1.1102230246251565e-16,3295.484879658179,6047.021204672985,1.596679025784043e-16
0,48,1.1102230246251565e-16,3361.7439014256815,6180.37484764153,1.5943607821129537e-16
0,49,1.1102230246251565e-16,3187.767308750008,5878.367466616153,1.6004622269938267e-16
0,50,1.1102230246251565e-16,3344.13716844398,6144.076095030934,1.5949761423244669e-16
0,51,1.1102230246251565e-16,3369.1941403752207,6201.194765430976,1.5941005371378438e-16
0,52,0.0,3398.588863987592,6241.197044311729,0.0
0,53,0.0,3305.108892656812,6050.313491329139,1.5963418863370776e-16
0,54,1.1102230246251565e-16,3398.175002397831,6234.729619307743,1.5930890115135074e-16
0,55,0.0,3168.5189948075204,5823.297907479892,1.6011401452170167e-16
0,56,3.3306690738754696e-16,3292.766219128491,6042.175643305458,1.5967742891611045e-16
0,57,2.220446049250313e-16,3237.6867569922324,5955.44511738855,0.0
0,58,2.220446049250313e-16,3325.0178147291153,6122.486170284248,1.595644907252145e-16
0,59,1.1102230246251565e-16,3259.402232091379,6000.443373926432,1.597944308266944e-16
0,60,1.1102230246251565e-16,9051.063134198055,16751.066242503915,1.4949273141795545e-16
0,61,1.1102230246251565e-16,9439.566652584152,17494.802284880676,1.4830889398290723e-16
0,62,0.0,9264.18150339921,17111.198626649148,0.0
0,63,1.1102230246251565e-16,9344.780298351296,17285.780745836142,1.485959918394986e-16
0,64,1.1102230246251565e-16,9233.857938135588,17139.725413843807,0.0
0,65,2.220446049250313e-16,9125.604840122287,16859.5279192808,0.0
0,66,1.1102230246251565e-16,6905.191107189115,12557.935321265144,0.0
0,67,1.1102230246251565e-16,6996.814661530938,12688.226777914708,0.0
0,68,1.1102230246251565e-16,6885.239629059819,12498.870237107476,3.1290971992312806e-16
0,69,1.1102230246251565e-16,6665.681332986693,12106.46155803117,1.571970122601583e-16
0,70,0.0,6632.521360215695,12024.16638631245,0.0
0,71,1.1102230246251565e-16,6866.5835140458585,12476.832832481712,0.0
0,72,1.1102230246251565e-16,6142.781353253093,11117.24600802339,1.5899319822050412e-16
0,73,1.1102230246251565e-16,6076.94924866256,10993.399409801483,0.0
0,74,1.1102230246251565e-16,6230.218788172999,11235.580799567595,1.5868999393373347e-16
0,75,0.0,6366.2644720390235,11518.183018055668,0.0
0,76,2.220446049250313e-16,6232.165002758986,11257.958086589404,0.0
0,77,0.0,6127.572657951227,11029.175693569337,1.5904605531008025e-16
0,78,1.1102230246251565e-16,5854.098556593053,10588.221337119296,3.2000507025030517e-16
0,79,0.0,6108.355549471213,11034.506142565577,0.0
0,80,0.0,6056.073490661001,10927.867182148279,1.592950189480419e-16
0,81,0.0,6152.054426621471,11186.286848346483,1.5896098733733996e-16
0,82,1.1102230246251565e-16,5866.621122809898,10608.43606553186,1.5995848599618099e-16
0,83,0.0,5940.489270522266,10725.954801640239,1.5969914157207635e-16
0,84,1.1102230246251565e-16,6115.286797085726,11068.245297383159,0.0
0,85,1.1102230246251565e-16,6011.743670173739,10892.756537111216,0.0
0,86,1.1102230246251565e-16,6046.287533583403,10972.206386931692,3.186583095760957e-16
0,87,0.0,5973.333831439704,10793.637363549014,0.0
0,88,0.0,5871.590139238477,10602.116590883832,1.5994101380385423e-16
0,89,0.0,6049.112311162069,10999.49377531655,1.59319299762869e-16
0,90,1.1102230246251565e-16,6299.970940431995,11363.153611163343,1.5844894437215745e-16
0,91,0.0,6069.034732276501,10928.041253624328,1.5924982943953174e-16
0,92,1.1102230246251565e-16,6076.015605482156,11016.38102335791,1.592255011716126e-16
0,93,2.220446049250313e-16,6042.384996744047,10917.65464237884,0.0
0,94,1.1102230246251565e-16,6154.678867392533,11106.301039568085,0.0
0,95,1.1102230246251565e-16,6062.333424994322,10926.589312382783,0.0
0,96,2.220446049250313e-16,6207.648102019884,11215.370492658956,1.5876815087088533e-16
0,97,0.0,6174.249350825317,11157.719673727199,1.5888394418048932e-16
0,98,2.220446049250313e-16,6073.521053881719,10974.794201407887,1.5923419380351414e-16
0,99,1.1102230246251565e-16,6107.957623392744,11067.562228931556,1.591142783351829e-16
0,100,1.1102230246251565e-16,5913.35550172958,10705.252198992568,1.597943080171663e-16
0,101,1.1102230246251565e-16,6139.938351012141,11105.209844755804,1.5900307626808699e-16
0,102,1.1102230246251565e-16,5901.424484299147,10701.2851438489,1.5983618966329575e-16
0,103,0.0,6034.045085339523,10880.007293114684,1.593718800825045e-16
0,104,1.1102230246251565e-16,6239.4737036051665,11278.201622790246,1.58657968595352e-16
0,105,1.1102230246251565e-16,5932.070222127921,10698.071665669828,1.597286576242273e-16
0,106,2.220446049250313e-16,6076.1011307273,11007.524215621874,0.0
0,107,0.0,6066.824304049354,10944.023801937814,1.59257534307852e-16
0,108,1.1102230246251565e-16,5968.963064364936,10730.574805019936,0.0
0,109,1.1102230246251565e-16,6110.042622113462,11107.006305411489,1.5910702372405607e-16
0,110,0.0,6038.683399369089,10915.734689651248,1.593556899926475e-16
0,111,1.1102230246251565e-16,5885.193047127941,10633.355322645304,1.5989320240589827e-16
0,112,1.1102230246251565e-16,6117.581503608286,11079.66935317619,1.5908079821846749e-16
0,113,1.1102230246251565e-16,5746.968629060473,10379.188474241671,0.0
0,114,1.1102230246251565e-16,6148.3962210122045,11147.964175206826,0.0
0,115,0.0,5980.835044908956,10798.437996091727,0.0
0,116,2.220446049250313e-16,5984.936603889371,10842.303722577784,0.0
0,117,1.1102230246251565e-16,5929.356730387546,10769.982317077642,1.597381730866489e-16
0,118,0.0,5999.738421617258,10861.846115345099,1.594917301244215e-16
0,119,1.1102230246251565e-16,6040.5348300859405,10922.080683684395,1.5934922847039178e-16
0,120,2.220446049250313e-16,10195.250707692438,18084.561224563928,0.0
0,121,1.1102230246251565e-16,10340.69383461144,18393.911473941094,1.4888932870769478e-16
0,122,1.1102230246251565e-16,10158.638856066245,18054.959943350215,0.0
0,123,2.220446049250313e-16,10342.727545092712,18383.136819628948,0.0
0,124,2.220446049250313e-16,10664.399197198873,18962.562213405825,0.0
0,125,2.220446049250313e-16,10331.826291766112,18390.200765747904,1.4891635080740838e-16
0,126,2.220446049250313e-16,7750.521863689159,13364.162874351963,0.0
0,127,2.220446049250313e-16,7919.780617824392,13713.355471798577,1.5664969435820618e-16
0,128,1.1102230246251565e-16,7810.021506556601,13492.606471499594,0.0
0,129,2.220446049250313e-16,7915.048690620963,13707.405513691929,1.5666565503286487e-16
0,130,1.1102230246251565e-16,7858.047423232223,13668.336378636932,1.568581747911436e-16
0,131,1.1102230246251565e-16,7914.123523772563,13711.403557502343,1.5666877597812253e-16
0,132,2.220446049250313e-16,7246.619963327503,12361.017178204416,1.5895340512094525e-16
0,133,1.1102230246251565e-16,6771.872518988326,11642.314141942901,0.0
0,134,2.220446049250313e-16,6851.630034716174,11712.876829177441,0.0
0,135,2.220446049250313e-16,7114.328883061025,12150.869221004043,0.0
0,136,2.220446049250313e-16,7120.20321245036,12253.946167606467,0.0
0,137,2.220446049250313e-16,7008.8632481454915,11983.348668222394,0.0
0,138,2.220446049250313e-16,6904.877400284095,11799.434676648112,1.6014905251413754e-16
0,139,1.1102230246251565e-16,7265.466652841831,12382.425695970875,1.5888798583325794e-16
0,140,2.220446049250313e-16,6822.116557266287,11726.04066403335,0.0
0,141,2.220446049250313e-16,6982.760898522392,11981.950350158148,0.0
0,142,1.1102230246251565e-16,7246.433123058625,12410.405669621057,1.5895405393726859e-16
0,143,1.1102230246251565e-16,6818.619111793298,11635.890239530821,1.6045369099552757e-16
0,144,1.1102230246251565e-16,6966.6546009655285,11932.894692453581,1.5993158385507783e-16
0,145,2.220446049250313e-16,7075.165231970801,11994.100824096628,1.5955103012835813e-16
0,146,2.220446049250313e-16,7073.52158139144,12108.533125224085,1.5955678100716264e-16
0,147,1.1102230246251565e-16,6806.541225199457,11694.122731393329,3.209928780105705e-16
0,148,2.220446049250313e-16,7101.319099658198,12165.920142935047,1.594595775438163e-16
0,149,1.1102230246251565e-16,7061.3974666655995,12140.362390099095,0.0
0,150,2.220446049250313e-16,7118.073559603377,12119.520317689072,0.0
0,151,1.1102230246251565e-16,7020.08211072626,12135.343196789934,1.5974398355858845e-16
0,152,2.220446049250313e-16,6909.924438771064,11819.567029618955,1.6013126370150936e-16
0,153,2.220446049250313e-16,6952.848349449312,11928.321966219883,0.0
0,154,0.0,6655.406784754545,11421.530533949686,0.0
0,155,2.220446049250313e-16,6977.770899463212,11953.198600795202,0.0
0,156,1.1102230246251565e-16,7030.925753654687,12052.500049490984,0.0
0,157,2.220446049250313e-16,6806.588787902765,11692.337294600795,1.6049627061899988e-16
0,158,0.0,6724.851061324531,11557.02692723387,1.6078616915831812e-16
0,159,2.220446049250313e-16,6863.986054129622,11779.17604499852,0.0
0,160,0.0,6829.0691406295955,11681.915814620012,1.6041672293382405e-16
0,161,2.220446049250313e-16,6964.3658768917085,11949.217556179881,1.5993963010657273e-16
0,162,1.1102230246251565e-16,6923.742486201343,11840.257459231081,0.0
0,163,2.220446049250313e-16,7026.847756037096,11960.995201984717,0.0
0,164,2.220446049250313e-16,7027.175351296792,12095.239315807281,1.597191101146549e-16
0,165,2.220446049250313e-16,6969.330788596453,11954.055532577826,0.0
0,166,2.220446049250313e-16,6971.519388264191,11853.977468769848,0.0
0,167,2.220446049250313e-16,7110.663297165091,12103.274709835472,1.5942692897572473e-16
0,168,2.220446049250313e-16,7024.785567768937,11971.108522205774,0.0
0,169,2.220446049250313e-16,6877.63617055308,11749.424900193611,1.6024513534191589e-16
0,170,1.1102230246251565e-16,6748.664802304251,11629.05763204505,0.0
0,171,1.1102230246251565e-16,7069.289934426473,12049.025298490902,0.0
0,172,1.1102230246251565e-16,6957.902164452476,11883.108027004144,1.5996235834372663e-16
0,173,1.1102230246251565e-16,7025.345187868574,12009.59321092112,1.5972552709817671e-16
0,174,1.1102230246251565e-16,6893.183727087366,11786.320873530723,0.0
0,175,1.1102230246251565e-16,6663.482252270856,11455.56902087681,0.0
0,176,2.220446049250313e-16,6762.331688451821,11633.774531379395,1.6065310701775717e-16
0,177,2.220446049250313e-16,6954.5408857851435,11917.004447114465,0.0
0,178,0.0,7138.716472941393,12237.88513343577,1.5932899162306265e-16
0,179,2.220446049250313e-16,6887.115341877805,11802.48717696504,0.0
0,180,1.1102230246251565e-16,11488.659337224883,20802.45610813345,1.5229530406431535e-16
0,181,1.1102230246251565e-16,11375.620587827289,20544.979337625944,0.0
0,182,2.220446049250313e-16,11434.774571174006,20765.547173899147,1.5246726863260388e-16
0,183,2.220446049250313e-16,11396.829605338768,20555.93045817047,0.0
0,184,0.0,11800.995948587544,21293.784111363544,0.0
0,185,1.1102230246251565e-16,11492.591458870258,20775.482766426718,0.0
0,186,0.0,8150.324891686272,14294.978896195771,1.6373650779170307e-16
0,187,1.1102230246251565e-16,8153.205789345942,14237.39816446697,0.0
0,188,0.0,7838.038937069563,13698.745608456338,0.0
0,189,1.1102230246251565e-16,7976.07451915634,13893.82739173074,0.0
0,190,1.1102230246251565e-16,8058.942137512815,14105.153784363298,0.0
0,191,1.1102230246251565e-16,8198.627835832318,14359.111231232522,1.6355871970023317e-16
0,192,2.220446049250313e-16,7081.277083284382,12187.091731270906,0.0
0,193,0.0,7209.483573543403,12462.579152260792,0.0
0,194,1.1102230246251565e-16,6981.771198676877,12123.05367285924,0.0
0,195,0.0,6928.375142966703,11957.917381240253,0.0
0,196,1.1102230246251565e-16,7136.632645417252,12283.326720915717,0.0
0,197,2.220446049250313e-16,7042.954023520841,12171.12901976272,0.0
0,198,0.0,6944.802744231762,11981.16299337073,0.0
0,199,1.1102230246251565e-16,6966.462481804003,12105.549966408327,0.0
0,200,2.220446049250313e-16,7221.28831350222,12524.589917677362,1.6723281574895102e-16
0,201,2.220446049250313e-16,6947.337503770919,11916.029483869732,0.0
0,202,1.1102230246251565e-16,6820.207731725473,11805.477826466378,0.0
0,203,1.1102230246251565e-16,6873.744276014273,11856.41183013649,0.0
0,204,1.1102230246251565e-16,6852.7232115590305,11792.635132928674,1.6866158378918085e-16
0,205,2.220446049250313e-16,6713.986029157677,11599.851520724202,0.0
0,206,2.220446049250313e-16,6948.715585199578,11992.43603832037,0.0
0,207,1.1102230246251565e-16,6936.185735643827,11993.031053368382,0.0
0,208,0.0,7111.475411558815,12259.670133563355,1.6765597490821276e-16
0,209,0.0,6967.877946448549,12028.745732857511,1.6821256321364507e-16
0,210,1.1102230246251565e-16,6809.626263892242,11789.407295708877,1.688302479401335e-16
0,211,1.1102230246251565e-16,7024.404492266891,12120.68481558159,0.0
0,212,1.1102230246251565e-16,6910.2203247620055,11939.961672592948,0.0
0,213,1.1102230246251565e-16,6801.984479656952,11682.98328545177,3.377203800645923e-16
0,214,1.1102230246251565e-16,6994.894068636546,12084.199532702742,0.0
0,215,1.1102230246251565e-16,6770.069196995326,11698.777750685756,1.6898535560140469e-16
0,216,0.0,7092.738388845028,12245.0534005637,0.0
0,217,0.0,7017.404617443302,12121.826643441787,0.0
0,218,2.220446049250313e-16,6858.542445974657,11870.150424766232,1.686388354622866e-16
0,219,1.1102230246251565e-16,6980.619441876552,12138.971876843354,0.0
0,220,2.220446049250313e-16,7114.9059171681,12246.313048417234,1.6764272320454565e-16
0,221,1.1102230246251565e-16,6627.339345606189,11443.407648713202,1.6954739251244834e-16
0,222,0.0,6892.02004679128,11840.652121914301,0.0
0,223,1.1102230246251565e-16,6961.341777325157,12052.049485662646,1.6823798555868497e-16
0,224,2.220446049250313e-16,6997.632099246926,12001.64108443381,1.680969318509419e-16
0,225,1.1102230246251565e-16,7087.402664681678,12276.153944900043,1.677490245118695e-16
0,226,0.0,6874.278591222239,11864.594292376538,0.0
0,227,1.1102230246251565e-16,6904.275953805583,11899.409151316348,0.0
0,228,1.1102230246251565e-16,6748.843705004569,11573.516489483804,0.0
0,229,1.1102230246251565e-16,6911.8282749029895,11930.52585449837,0.0
0,230,0.0,6945.497828754975,12018.783677781385,0.0
0,231,0.0,6924.5008496610535,11947.317838691864,0.0
0,232,2.220446049250313e-16,6941.609984068797,12026.970068251501,0.0
0,233,2.220446049250313e-16,6933.829995144202,11941.652514506455,1.6834507657572043e-16
0,234,1.1102230246251565e-16,7021.254643304448,12158.449770415202,1.6800524245162036e-16
0,235,1.1102230246251565e-16,7197.348688326514,12377.69534689614,1.6732488385733706e-16
0,236,1.1102230246251565e-16,6792.491217516159,11685.717697244378,1.6889740139327407e-16
0,237,1.1102230246251565e-16,6992.928581673012,12058.534177981699,0.0
0,238,0.0,7186.459349350313,12427.855732587566,0.0
0,239,2.220446049250313e-16,7089.3079755652,12222.60729550851,1.6774165605378287e-16
0,240,1.1102230246251565e-16,14420.633094016419,24825.12607061765,0.0
0,241,0.0,14258.001863844067,24485.977158773254,0.0
0,242,1.1102230246251565e-16,14493.955223575089,24852.24699627083,0.0
0,243,1.1102230246251565e-16,14332.301333048556,24562.926449140938,0.0
0,244,1.1102230246251565e-16,14389.27145085625,24611.535903789314,0.0
0,245,0.0,14251.860327597038,24451.07429551078,0.0
0,246,2.220446049250313e-16,9705.386182924129,15820.069989176092,1.5164443422752208e-16
0,247,2.220446049250313e-16,10079.930915207093,16369.747209558664,1.5046983569256772e-16
0,248,1.1102230246251565e-16,9726.876567258107,16002.477129450086,1.5157654318219682e-16
0,249,0.0,10086.838523415514,16513.737690662954,1.5044834381318932e-16
0,250,1.1102230246251565e-16,10334.35814775314,16868.90088212589,1.49682258361306e-16
0,251,1.1102230246251565e-16,10022.635872841522,16506.511880499736,3.0129667340054797e-16
0,252,0.0,8702.8048950847,14123.288090954478,0.0
0,253,0.0,8884.218709143002,14345.976469338144,1.5428496763947907e-16
0,254,0.0,8675.909489033453,14065.839857404275,0.0
0,255,2.220446049250313e-16,8758.241415438926,14127.589962988322,0.0
0,256,0.0,8837.340473389202,14241.039031993634,1.5443848597304718e-16
0,257,1.1102230246251565e-16,8285.726659288172,13369.272932581305,1.5626814842235975e-16
0,258,1.1102230246251565e-16,8764.25875815496,14015.398700048088,0.0
0,259,1.1102230246251565e-16,8708.393302374476,14043.769566154007,1.5486234655409448e-16
0,260,0.0,8864.404515966919,14241.416513252887,1.5434981853376461e-16
0,261,1.1102230246251565e-16,8483.905810811892,13685.417676233215,3.112116682004252e-16
0,262,2.220446049250313e-16,8654.031065641684,13934.926758055324,1.5504173795470276e-16
0,263,1.1102230246251565e-16,8888.600587825458,14318.077131139458,1.542706333204786e-16
0,264,1.1102230246251565e-16,8641.006259459216,13866.817550513479,0.0
0,265,1.1102230246251565e-16,8345.238649772451,13454.526756248775,0.0
0,266,0.0,8517.926354131981,13780.577927154081,1.554927017080828e-16
0,267,0.0,8596.664526144938,13849.554183800039,1.5523149458492524e-16
0,268,0.0,8534.109147357958,13828.46736351774,1.5543894493711086e-16
0,269,2.220446049250313e-16,9028.394192707929,14564.337263458217,0.0
0,270,0.0,8616.030658241354,13892.247540838534,1.5516738351786133e-16
0,271,1.1102230246251565e-16,8553.08985654077,13749.599791473494,1.5537594126146335e-16
0,272,2.220446049250313e-16,8734.266712116645,14115.776772876208,1.547771119241255e-16
0,273,1.1102230246251565e-16,8697.066386871207,14146.067682889689,0.0
0,274,0.0,8593.490896107825,13892.111292704525,0.0
0,275,2.220446049250313e-16,8608.97795704566,13962.577154245037,0.0
0,276,0.0,8487.834545685088,13766.617409493718,1.5559276102304248e-16
0,277,1.1102230246251565e-16,8702.845670219074,14024.252486366997,1.5488063431144034e-16
0,278,1.1102230246251565e-16,8626.35418977202,14043.569353846418,0.0
0,279,1.1102230246251565e-16,8909.072044142653,14330.329759854632,1.542037008834805e-16
0,280,1.1102230246251565e-16,8631.967879704775,13895.663416817159,1.5511466347688277e-16
0,281,1.1102230246251565e-16,8426.818496328036,13581.558665643117,0.0
0,282,1.1102230246251565e-16,8592.934978931677,13799.062596996337,0.0
0,283,2.220446049250313e-16,8828.44873607716,14225.603505727144,0.0
0,284,1.1102230246251565e-16,8591.771923073204,13929.895239209249,0.0
0,285,1.1102230246251565e-16,8731.982094126448,14014.681489051854,0.0
0,286,1.1102230246251565e-16,8620.219218065613,13847.489960762276,0.0
0,287,3.3306690738754696e-16,8463.285558453827,13648.69088337214,1.5567448514159733e-16
0,288,1.1102230246251565e-16,8683.999382803391,14007.350437208623,0.0
0,289,0.0,8660.734139290566,13959.185121089236,3.1003919168379353e-16
0,290,0.0,8800.526778458632,14157.545692098516,1.545592589609675e-16
0,291,2.220446049250313e-16,8486.690891560065,13709.534916397528,1.5559656636716547e-16
0,292,1.1102230246251565e-16,8655.364248244194,13941.678160810614,0.0
0,293,1.1102230246251565e-16,8641.570566106035,13900.524653279397,1.5508291525571936e-16
0,294,0.0,8714.727201184309,14045.434531172497,1.5484147214993876e-16
0,295,1.1102230246251565e-16,8623.086419131992,13826.574548287668,1.5514403876802903e-16
0,296,2.220446049250313e-16,8521.406306664212,13774.371780723322,0.0
0,297,1.1102230246251565e-16,8582.037262633887,13919.608882747134,0.0
0,298,2.220446049250313e-16,8467.378094800413,13628.330482442567,0.0
0,299,1.1102230246251565e-16,8382.389456446152,13480.612289137429,0.0
0,300,1.1102230246251565e-16,12883.0386206584,23325.207999206992,1.4744693065070421e-16
0,301,2.220446049250313e-16,12923.650322756112,23387.723518131555,0.0
0,302,1.1102230246251565e-16,13159.811600323119,23783.74585718431,0.0
0,303,1.1102230246251565e-16,13422.859243928564,24396.255518129114,0.0
0,304,3.3306690738754696e-16,13485.514469302128,24488.86132839996,1.456684436375837e-16
0,305,1.1102230246251565e-16,13322.698281581303,24188.262560201147,0.0
0,306,2.220446049250313e-16,10092.270479778432,17919.37240049487,1.562856304040532e-16
0,307,0.0,9438.554439544423,16632.35635162094,3.1702278259651453e-16
0,308,2.220446049250313e-16,9364.490024792307,16543.285179603663,1.58767569226194e-16
0,309,0.0,10086.640709814608,17919.130614975613,0.0
0,310,1.1102230246251565e-16,9916.252481817173,17591.46869441907,0.0
0,311,0.0,9971.431979211418,17761.432500712788,3.1338467542379484e-16
0,312,1.1102230246251565e-16,9160.098222889334,16160.923632366654,1.5947884528381605e-16
0,313,1.1102230246251565e-16,8983.302712041994,15847.568547842107,1.6009924765125409e-16
0,314,2.220446049250313e-16,9051.577471846293,15852.702655055338,1.5985908987827106e-16
0,315,1.1102230246251565e-16,8868.586004716584,15544.037504544902,0.0
0,316,1.1102230246251565e-16,9138.54751571775,16152.743900230691,0.0
0,317,1.1102230246251565e-16,9158.914013586174,16211.065447241985,1.594829848587246e-16
0,318,2.220446049250313e-16,8644.314180545312,15223.469146529524,0.0
0,319,3.3306690738754696e-16,9029.899694082196,15878.009675638254,1.5993526377385457e-16
0,320,3.3306690738754696e-16,8965.284862195324,15811.314510524007,1.60162746170907e-16
0,321,0.0,9022.273347531496,15845.614364044479,0.0
0,322,3.3306690738754696e-16,8818.986161441899,15447.948835207768,3.2136040615385746e-16
0,323,1.1102230246251565e-16,9039.612879658285,15966.976675858084,0.0
0,324,3.3306690738754696e-16,9134.73532030118,16075.418646347194,1.5956755199093183e-16
0,325,1.1102230246251565e-16,8862.9304145286,15568.86338812806,0.0
0,326,1.1102230246251565e-16,8999.32925282859,15926.16657077546,1.6004280919974153e-16
0,327,2.220446049250313e-16,8944.162394317354,15828.42231055987,0.0
0,328,4.440892098500626e-16,9151.690437691337,16160.253648537004,1.5950824056741256e-16
0,329,0.0,9011.605203167674,15985.29753393265,0.0
0,330,3.3306690738754696e-16,8974.01057691245,15842.221399570379,0.0
0,331,4.440892098500626e-16,9247.312369455096,16309.046248071894,1.5917456519832034e-16
0,332,0.0,9075.967792666786,16005.775482899404,1.597734710344807e-16
0,333,1.1102230246251565e-16,9239.145161012893,16320.609535123836,0.0
0,334,1.1102230246251565e-16,8680.144161030774,15268.82642238208,0.0
0,335,1.1102230246251565e-16,8994.59279373302,15868.65209081257,1.6005948478983552e-16
0,336,1.1102230246251565e-16,9023.892369760993,15871.817880354976,0.0
0,337,0.0,8683.445186247678,15264.211804193397,3.22325205689971e-16
0,338,2.220446049250313e-16,9354.11316820416,16573.760892725215,1.5880352739731138e-16
0,339,0.0,9143.156335149491,16089.251278398246,1.595380885653129e-16
0,340,0.0,9067.646389604743,15997.824098422408,1.5980267185833e-16
0,341,1.1102230246251565e-16,8922.18709966544,15512.825441744944,3.2062967172889813e-16
0,342,2.220446049250313e-16,8512.935641729004,15029.576744551887,0.0
0,343,1.1102230246251565e-16,8789.959715787794,15430.900812666863,0.0
0,344,1.1102230246251565e-16,9205.031864157347,16226.840007662637,0.0
0,345,0.0,8862.499553813519,15556.350584736332,0.0
0,346,0.0,9053.234287306412,15895.10089931838,0.0
0,347,0.0,8984.779194307346,15856.681320392252,0.0
0,348,3.3306690738754696e-16,8904.72478142321,15687.040878380418,0.0
0,349,0.0,8919.49834962879,15765.02991987323,1.6032433389206127e-16
0,350,1.1102230246251565e-16,9183.346869335692,16247.255607229215,1.593976197775336e-16
0,351,1.1102230246251565e-16,8991.666423823954,15835.88297010773,0.0
0,352,1.1102230246251565e-16,8783.586345958764,15524.011924617307,0.0
0,353,3.3306690738754696e-16,8769.198809037749,15426.256678977272,0.0
0,354,0.0,8688.775772017332,15359.192485654117,1.6114357620741708e-16
0,355,1.1102230246251565e-16,9108.839882102264,16164.115395757854,1.596582231104404e-16
0,356,1.1102230246251565e-16,8805.089977213305,15447.366990130251,0.0
0,357,0.0,8980.16964691328,15747.09565448451,1.6011028558506998e-16
0,358,2.220446049250313e-16,8701.479802031805,15247.714718181702,0.0
0,359,1.1102230246251565e-16,8868.58365914753,15645.988519034287,0.0
0,360,0.0,13978.399197734208,25219.73066444801,1.4340427069700448e-16
0,361,2.220446049250313e-16,15061.24260944275,27315.252520335453,1.4040767311066583e-16
0,362,4.440892098500626e-16,14718.852583795895,26824.70753384434,2.826831086922458e-16
0,363,3.3306690738754696e-16,14767.88478012148,26775.72232055406,2.824141116878769e-16
0,364,1.1102230246251565e-16,14281.514196118573,25873.554007970368,1.4255263355101125e-16
0,365,3.3306690738754696e-16,14676.875840086715,26608.877448923402,1.4145690301680122e-16
0,366,2.220446049250313e-16,6409.636720801638,11109.328057274637,3.3709473601705855e-16
0,367,3.3306690738754696e-16,6334.161486818681,11102.60726376872,3.3768513857524533e-16
0,368,2.220446049250313e-16,6436.752598789106,11217.329091657139,3.368831267197828e-16
0,369,3.3306690738754696e-16,6691.800008371727,11597.424614688236,1.674528451090498e-16
0,370,1.1102230246251565e-16,6632.364590358535,11613.835591637686,1.676822140934801e-16
0,371,1.1102230246251565e-16,6527.880327242012,11374.744396713118,1.6808695932838194e-16
0,372,2.220446049250313e-16,6327.678767515252,10988.245666063025,1.6886797294808356e-16
0,373,1.1102230246251565e-16,6159.580135624434,10657.367187339107,1.695293761186213e-16
0,374,2.220446049250313e-16,6619.377116552067,11594.125139257032,0.0
0,375,1.1102230246251565e-16,6265.116401254592,10863.3281649486,3.382270557423763e-16
0,376,3.3306690738754696e-16,6043.586195187665,10477.642760772393,3.3997759331106654e-16
0,377,3.3306690738754696e-16,6463.225629462351,11287.13598346949,3.366767902745863e-16
0,378,2.220446049250313e-16,6036.177692902362,10508.68491319587,1.700182243361826e-16
0,379,2.220446049250313e-16,6046.1718476239985,10418.260753351817,1.6997852845478372e-16
0,380,2.220446049250313e-16,6339.589757679321,10929.967494826511,1.6882130354510845e-16
0,381,1.1102230246251565e-16,6203.81798780847,10709.657504149993,1.6935481545414116e-16
0,382,2.220446049250313e-16,6282.938068991214,10831.60113074935,1.6904350578874158e-16
0,383,2.220446049250313e-16,6367.589238337074,11072.846920183623,3.3742339613367713e-16
0,384,1.1102230246251565e-16,6439.3434684845415,11175.045265722229,1.6843146088243728e-16
0,385,3.3306690738754696e-16,6593.469226723544,11534.374239024924,3.35665313604896e-16
0,386,1.1102230246251565e-16,6321.238442534341,10936.556821369933,3.3778643609939113e-16
0,387,1.1102230246251565e-16,6183.870908829325,10785.059137439188,3.388669624964123e-16
0,388,1.1102230246251565e-16,6215.653793679754,10777.722134002144,1.6930817281179295e-16
0,389,2.220446049250313e-16,6295.580900600507,10881.411055861508,3.3798773343956283e-16
0,390,3.3306690738754696e-16,6178.418217319144,10668.535770855842,1.694549978847533e-16
0,391,3.3306690738754696e-16,6196.36996509834,10782.309754623277,1.69384179860632e-16
0,392,1.1102230246251565e-16,5906.345971980023,10210.317224414122,1.705355942480087e-16
0,393,5.551115123125783e-16,5906.659265355323,10258.933930245836,3.4106868401389673e-16
0,394,1.1102230246251565e-16,6215.489944094952,10843.025567625717,1.693088183362279e-16
0,395,2.220446049250313e-16,6311.279060198613,10953.737527835483,1.689322721896992e-16
0,396,2.220446049250313e-16,5864.833819115709,10182.357744124341,1.707016821258994e-16
0,397,2.220446049250313e-16,6265.79921285365,10849.67719732671,3.3822168801399267e-16
0,398,1.1102230246251565e-16,6337.802871422027,11031.691137717437,1.6882830324231036e-16
0,399,2.220446049250313e-16,6104.784257776322,10617.317663229336,1.6974609786501833e-16
0,400,3.3306690738754696e-16,6176.998694144539,10700.489968596785,1.694606003019903e-16
0,401,2.220446049250313e-16,6190.280417288937,10727.448321501999,0.0
0,402,2.220446049250313e-16,6058.743145822475,10496.847759217479,3.398572454133266e-16
0,403,1.1102230246251565e-16,6062.979766622368,10532.329413442565,1.6991181070055542e-16
0,404,1.1102230246251565e-16,6142.962154813256,10629.656917056132,1.6959504297268069e-16
0,405,0.0,6167.891235057505,10744.80811252276,1.6949655342996958e-16
0,406,1.1102230246251565e-16,6151.104863019194,10724.507268629304,1.6956286026357015e-16
0,407,3.3306690738754696e-16,6249.964133579146,10765.579288409544,1.691731074116887e-16
0,408,1.1102230246251565e-16,6410.416768921081,11164.28802525773,1.6854432244729158e-16
0,409,1.1102230246251565e-16,6047.983265039795,10459.277205288823,1.6997133565236355e-16
0,410,2.220446049250313e-16,6173.797117928036,10675.632565099319,3.389464745786733e-16
0,411,3.3306690738754696e-16,6164.189276498015,10766.881704571922,1.6951117185518293e-16
0,412,1.1102230246251565e-16,6304.17266212486,10892.585620136626,3.379202996946987e-16
0,413,1.1102230246251565e-16,6385.242264483277,11095.04658762445,1.6864266746440258e-16
0,414,3.3306690738754696e-16,6173.140845291935,10765.034515874962,0.0
0,415,2.220446049250313e-16,6330.882189929194,10947.38464629508,1.6885541882616012e-16
0,416,4.440892098500626e-16,6155.49434936911,10639.904149170268,1.6954551661015803e-16
0,417,0.0,6497.095793291133,11256.235895139927,0.0
0,418,1.1102230246251565e-16,6207.052152163786,10744.68993584182,1.6934206768076886e-16
0,419,3.3306690738754696e-16,6201.108772185857,10771.063167923967,1.6936549556837759e-16
0,420,2.220446049250313e-16,11736.980144187757,21360.144859678716,0.0
0,421,0.0,11224.59453249861,20392.31494840082,1.5152076091207608e-16
0,422,0.0,11622.131268613004,21022.75655362795,1.502766737071004e-16
0,423,2.220446049250313e-16,11084.506031738922,20109.07238893974,0.0
0,424,0.0,11222.740973826825,20390.15221724105,0.0
0,425,2.220446049250313e-16,11411.190934589475,20797.316660933076,0.0
0,426,0.0,7731.2260480497425,13394.145619203782,0.0
0,427,1.1102230246251565e-16,7691.388729781713,13361.501422004747,0.0
0,428,0.0,7662.9002031361815,13275.7551525289,1.636596893005045e-16
0,429,1.1102230246251565e-16,8016.237129626628,14006.576225954379,1.623692299761837e-16
0,430,1.1102230246251565e-16,7648.537473313001,13261.601286252533,0.0
0,431,0.0,7779.305727072926,13504.400489210315,0.0
0,432,3.3306690738754696e-16,7350.142261702378,12649.265304632578,1.6481918104209296e-16
0,433,2.220446049250313e-16,7111.282010315503,12228.980145361673,0.0
0,434,1.1102230246251565e-16,7030.53742767268,12023.192705973524,0.0
0,435,0.0,7220.277105983296,12377.176152898923,0.0
0,436,0.0,7307.453962749241,12645.672111995966,1.649787154477007e-16
0,437,1.1102230246251565e-16,7254.0569809281515,12481.69269310867,1.6517870556065125e-16
0,438,0.0,6934.971827789828,11863.202940496221,0.0
0,439,1.1102230246251565e-16,6742.088203784973,11426.83225202984,1.6712110558107067e-16
0,440,0.0,7017.194157780767,12007.337123091718,0.0
0,441,1.1102230246251565e-16,6849.520774579396,11715.275998869356,0.0
0,442,0.0,6975.493596118213,11922.902052796515,1.6622993414560468e-16
0,443,1.1102230246251565e-16,6957.583282249827,11878.436864471467,0.0
0,444,0.0,7018.978029155893,12072.49649583625,0.0
0,445,1.1102230246251565e-16,6931.166580318451,11773.82835716474,0.0
0,446,0.0,6825.098252727745,11686.808007195908,0.0
0,447,0.0,7246.714580818349,12274.603821653564,0.0
0,448,0.0,7232.710524176298,12423.093135403647,0.0
0,449,0.0,7025.862575436193,11989.215526919868,0.0
0,450,0.0,7210.782920032514,12281.944268237792,1.653411378898795e-16
0,451,1.1102230246251565e-16,6724.029073589285,11454.462773558904,0.0
0,452,3.3306690738754696e-16,6946.040277583634,11866.297931568959,0.0
0,453,1.1102230246251565e-16,7083.37934773384,12132.844408240362,0.0
0,454,1.1102230246251565e-16,6931.717824968575,11755.32897832974,0.0
0,455,1.1102230246251565e-16,7081.219340088246,12143.053634380665,0.0
0,456,0.0,7057.117600048274,12098.059255936916,0.0
0,457,1.1102230246251565e-16,6722.590800546088,11499.807576756019,1.671959817730497e-16
0,458,1.1102230246251565e-16,7064.738279113837,12040.67399737802,1.6589169329037215e-16
0,459,1.1102230246251565e-16,6783.182010608602,11470.720128070048,0.0
0,460,0.0,7147.002404225343,12180.521901175522,0.0
0,461,0.0,7046.626582333673,12024.738739481356,1.659602259578211e-16
0,462,0.0,6840.175538870557,11575.683767641982,0.0
0,463,1.1102230246251565e-16,6881.882020919926,11672.600303278057,1.6658621105476142e-16
0,464,0.0,7309.128734850005,12495.882729472842,0.0
0,465,0.0,7125.064340842386,12138.125352827752,0.0
0,466,0.0,6655.895536798322,11357.520884531126,0.0
0,467,0.0,6874.006736178773,11741.87969771882,0.0
0,468,1.1102230246251565e-16,7013.9998053545205,11896.949186710943,0.0
0,469,2.220446049250313e-16,6920.1601309986945,11754.06934129154,0.0
0,470,1.1102230246251565e-16,6855.143461728956,11620.178731516982,1.666882560934218e-16
0,471,0.0,6941.215368323123,11876.848285700373,0.0
0,472,2.220446049250313e-16,6895.008130836119,11789.344928578515,0.0
0,473,3.3306690738754696e-16,7034.90889978037,11991.186097236887,0.0
0,474,2.220446049250313e-16,7032.603289124505,11940.697284921493,1.6601332746233968e-16
0,475,1.1102230246251565e-16,6845.643917092697,11647.34605092766,0.0
0,476,0.0,6833.756742527585,11613.265417393826,1.6676996640210787e-16
0,477,1.1102230246251565e-16,7232.189765212526,12395.15846233377,0.0
0,478,1.1102230246251565e-16,7166.731146832244,12268.841542577491,1.6550681787431554e-16
0,479,1.1102230246251565e-16,7117.526389415296,12174.437848508722,0.0
0,480,1.1102230246251565e-16,13246.349415271863,23981.561478906642,2.88242223467703e-16
0,481,0.0,12878.226146739034,23295.87568711667,2.9035944680732964e-16
0,482,3.3306690738754696e-16,13530.622314974273,24516.78457261183,2.8662826661590204e-16
0,483,3.3306690738754696e-16,13565.593733225323,24613.670444979627,2.8643096435056427e-16
0,484,2.220446049250313e-16,12784.600705061966,23023.302058521505,2.909028944712077e-16
0,485,1.1102230246251565e-16,12848.484374446685,23206.46150581939,1.452659311756111e-16
0,486,1.1102230246251565e-16,9030.726227659354,15722.331511725424,1.572520428746565e-16
0,487,3.3306690738754696e-16,9138.793741332775,15948.971232078831,3.137712368750356e-16
0,488,4.440892098500626e-16,9025.435401939016,15621.677315266616,1.572700264298258e-16
0,489,0.0,9307.09406600595,16246.598422101755,1.5631835095098794e-16
0,490,1.1102230246251565e-16,9243.343788841958,16066.312332816757,3.1306548442052507e-16
0,491,1.1102230246251565e-16,8895.202646355756,15435.90210777185,3.1542797777155817e-16
0,492,1.1102230246251565e-16,7982.777628728851,13740.145675940716,1.6089615544197072e-16
0,493,0.0,8325.450908221232,14259.53625662229,1.5968610665734144e-16
0,494,2.220446049250313e-16,8028.091847872034,13718.13093983114,3.214701812328866e-16
0,495,0.0,8095.8008736513,13895.89858019022,0.0
0,496,2.220446049250313e-16,7922.118088240648,13522.462561898785,3.222245392189016e-16
0,497,0.0,8116.6253205738685,13913.730136576603,1.6042133596906043e-16
0,498,1.1102230246251565e-16,7677.83714670418,13048.503478803168,1.6198848765117767e-16
0,499,4.440892098500626e-16,8122.113561184626,13865.115931744585,3.2080385290741787e-16
0,500,1.1102230246251565e-16,8133.536938067438,13910.339718284147,1.6036154200593974e-16
0,501,1.1102230246251565e-16,7798.823996294232,13356.850849370556,3.231066571042589e-16
0,502,0.0,7627.213785468877,12867.845078197219,1.6217126352479969e-16
0,503,3.3306690738754696e-16,8184.085965464939,13999.358723866631,4.805492477123112e-16
0,504,2.220446049250313e-16,7807.65226113009,13292.054746403508,3.2304333404522534e-16
0,505,0.0,8235.806481304477,14076.148742223671,1.6000089793268816e-16
0,506,2.220446049250313e-16,7915.621970189495,13498.496639718243,1.6113544800951816e-16
0,507,0.0,7585.834093493715,12931.67612382207,3.246419434763258e-16
0,508,0.0,7958.217345870304,13666.896212480005,3.2196717490769223e-16
0,509,2.220446049250313e-16,7903.903916027753,13502.555614134426,0.0
0,510,0.0,8024.400140900136,13692.490486078057,3.2149640070090874e-16
0,511,1.1102230246251565e-16,7950.713615232809,13531.477500618128,3.2202063779166006e-16
0,512,1.1102230246251565e-16,8050.274633859517,13834.846207893486,3.213127232979802e-16
0,513,0.0,7960.99909465728,13557.375258894312,0.0
0,514,2.220446049250313e-16,7866.6125027622475,13413.108900341913,1.6131053087025992e-16
0,515,4.440892098500626e-16,7788.195969543682,13363.200105112724,3.231829223708207e-16
0,516,1.1102230246251565e-16,8036.217414742518,13731.942164390122,1.6070624319784755e-16
0,517,1.1102230246251565e-16,7851.27210955714,13274.429893622251,3.227308231049951e-16
0,518,0.0,7833.116433944757,13446.2365341248,3.228608245128796e-16
0,519,0.0,7780.111180086198,13266.757374003326,1.6162048091470713e-16
0,520,0.0,7627.861139111024,13057.315692920449,3.2433784729622993e-16
0,521,2.220446049250313e-16,7778.738856396107,13276.713656387441,1.6162540779974209e-16
0,522,1.1102230246251565e-16,7810.037914678454,13311.050778276931,1.6151311328762633e-16
0,523,0.0,7834.097900100671,13269.220772085222,1.6142689708571496e-16
0,524,2.220446049250313e-16,7949.3889927045675,13590.354709955898,1.6101503867987012e-16
0,525,3.3306690738754696e-16,7724.678955666277,13233.50940994648,1.618197316889346e-16
0,526,1.1102230246251565e-16,7893.780559050705,13468.734822241211,1.6121342793881976e-16
0,527,2.220446049250313e-16,8365.160465868845,14346.590018045423,1.5954705991236052e-16
0,528,1.1102230246251565e-16,7960.802690753058,13595.359505111159,3.219487588493651e-16
0,529,2.220446049250313e-16,7658.250035193916,13077.186122809919,3.2411831623746484e-16
0,530,1.1102230246251565e-16,7940.658079386754,13610.037267141379,1.6104615486285725e-16
0,531,1.1102230246251565e-16,8021.61759264514,13732.472073245479,3.215161659129549e-16
0,532,1.1102230246251565e-16,7988.814767660384,13662.164602085404,1.608746784048129e-16
0,533,1.1102230246251565e-16,7927.350738059773,13567.44693379983,3.221872083223039e-16
0,534,1.1102230246251565e-16,8040.124153282617,13686.12865817114,1.6069237716544722e-16
0,535,2.220446049250313e-16,7965.108959233796,13587.041069551931,1.609590444491533e-16
0,536,1.1102230246251565e-16,7969.09254095018,13551.16256230842,3.2188972237794467e-16
0,537,1.1102230246251565e-16,7458.323194033233,12722.618495318906,3.2556807698346856e-16
0,538,2.220446049250313e-16,8041.853998694147,13741.025632425011,1.6068623825790195e-16
0,539,0.0,7910.361663650241,13551.719811588995,1.6115422187366956e-16
0,540,0.0,16386.694289115105,29956.557743263766,0.0
0,541,2.220446049250313e-16,17521.272962484807,32153.44606986808,0.0
0,542,1.1102230246251565e-16,16577.45869687343,30291.14929992046,0.0
0,543,1.1102230246251565e-16,17209.055241859132,31488.57615420188,1.3784709863817662e-16
0,544,1.1102230246251565e-16,16574.169298569315,30251.173023347346,1.3952534723559815e-16
0,545,1.1102230246251565e-16,16957.948546374515,30972.775699301365,0.0
0,546,1.1102230246251565e-16,11611.409794687563,20554.346663097265,0.0
0,547,1.1102230246251565e-16,11143.915162258381,19652.138713430224,0.0
0,548,1.1102230246251565e-16,11323.091484822675,20037.209416066173,0.0
0,549,1.1102230246251565e-16,11442.440772170485,20232.504298431508,0.0
0,550,1.1102230246251565e-16,11251.243400477651,19858.41127811617,0.0
0,551,0.0,11429.737926825626,20221.612781283697,0.0
0,552,2.220446049250313e-16,9498.213034007764,16486.16636453267,0.0
0,553,1.1102230246251565e-16,9400.040110408554,16235.191351423635,0.0
0,554,0.0,9543.068966905746,16559.3928207695,1.612692682719546e-16
0,555,1.1102230246251565e-16,9279.080485631006,16146.822988870306,0.0
0,556,0.0,9534.867591522554,16690.171764626677,0.0
0,557,0.0,9378.87863196712,16391.21308295862,1.618583072553576e-16
0,558,1.1102230246251565e-16,9368.357438406958,16219.185062170816,0.0
0,559,2.220446049250313e-16,9221.36510153507,16002.499922414316,0.0
0,560,0.0,9320.360451578352,16222.3320205098,0.0
0,561,0.0,8934.33049683243,15548.515885968147,0.0
0,562,1.1102230246251565e-16,9008.009447598008,15590.221193347708,0.0
0,563,0.0,9115.940518042284,15688.634439088108,0.0
0,564,1.1102230246251565e-16,9359.815267380116,16272.082488876697,0.0
0,565,1.1102230246251565e-16,8883.553662040918,15391.430721083088,0.0
0,566,1.1102230246251565e-16,8997.114915972976,15606.519826093512,0.0
0,567,2.220446049250313e-16,9190.08875674595,15890.855066648219,0.0
0,568,1.1102230246251565e-16,9282.763818417843,16047.527977989967,0.0
0,569,0.0,9130.309650607182,15708.38567424813,0.0
0,570,0.0,8909.133895893829,15367.24563829496,0.0
0,571,0.0,9016.709713432821,15575.433898170098,1.6317293909416452e-16
0,572,0.0,9158.647499959909,15837.159385073766,0.0
0,573,2.220446049250313e-16,9167.600007812878,15951.490549240516,0.0
0,574,1.1102230246251565e-16,9047.760993355645,15599.824667117831,0.0
0,575,0.0,8914.042043889094,15314.704315265739,0.0
0,576,0.0,9063.694167680245,15726.342866079065,0.0
0,577,2.220446049250313e-16,8930.984044132449,15463.573759380974,0.0
0,578,2.220446049250313e-16,9043.357338260474,15552.747768710855,1.6307548386280763e-16
0,579,0.0,9496.202119284477,16383.191431941566,1.614369671619005e-16
0,580,0.0,9191.503758808765,15940.421546949998,0.0
0,581,0.0,9103.954829920105,15758.77692964903,0.0
0,582,1.1102230246251565e-16,9230.117960041789,15968.145575538087,0.0
0,583,2.220446049250313e-16,9201.945249814766,16010.649978356063,0.0
0,584,2.220446049250313e-16,8889.971250305178,15413.48819549402,1.636380437545112e-16
0,585,1.1102230246251565e-16,8996.515714102796,15499.399936707936,1.6324686985506252e-16
0,586,0.0,9096.846012292983,15830.180679938694,1.6288021693813656e-16
0,587,1.1102230246251565e-16,9057.52156761432,15651.693540963666,1.6302373005704046e-16
0,588,1.1102230246251565e-16,9446.500733864712,16464.831198316955,1.6161519006010531e-16
0,589,1.1102230246251565e-16,8952.356777169152,15517.095741724852,1.6340877053569382e-16
0,590,1.1102230246251565e-16,8695.23054095736,15013.736358420609,0.0
0,591,1.1102230246251565e-16,9227.256466758168,15981.3259992318,0.0
0,592,1.1102230246251565e-16,9003.817718243503,15577.295013248797,1.6322012929526376e-16
0,593,0.0,9016.913648362759,15542.695804603296,0.0
0,594,2.220446049250313e-16,9020.321903657568,15538.298642459198,1.6315972183076258e-16
0,595,2.220446049250313e-16,9428.83542472458,16322.721726481544,1.61678630455414e-16
0,596,0.0,9141.658061262373,15811.49086988685,0.0
0,597,0.0,9157.216161606855,15781.003014872595,0.0
0,598,0.0,9197.579795457386,15864.696426205059,0.0
0,599,1.1102230246251565e-16,9249.511765992087,16059.791358239976,0.0
0,600,2.220446049250313e-16,14315.077920239863,25049.27076221592,0.0
0,601,1.1102230246251565e-16,14346.83077279033,25007.86928191692,1.4188572949006742e-16
0,602,1.1102230246251565e-16,14621.602940502955,25548.738685361168,0.0
0,603,0.0,14465.279644082446,25295.669608398148,1.415587532371375e-16
0,604,2.220446049250313e-16,14985.22889603136,26248.195345471147,1.4014109019403638e-16
0,605,1.1102230246251565e-16,14704.444770052425,25655.229645018793,1.409031138850752e-16
0,606,0.0,11021.625394768038,19026.711188613335,1.5172406190221638e-16
0,607,1.1102230246251565e-16,10940.714262527406,18783.518201404564,0.0
0,608,1.1102230246251565e-16,11238.56949093641,19489.170583247516,0.0
0,609,2.220446049250313e-16,11437.406730632232,19732.735395057185,0.0
0,610,3.3306690738754696e-16,11286.062131774372,19501.505077287187,1.5089200634926785e-16
0,611,0.0,11040.596042406527,19014.705791059314,0.0
0,612,1.1102230246251565e-16,10067.332603913368,17449.178166965452,3.096092466205252e-16
0,613,0.0,10137.444513403185,17536.366839281272,1.5457404304830024e-16
0,614,1.1102230246251565e-16,10317.53647900399,17797.400384297096,0.0
0,615,2.220446049250313e-16,9778.106753914304,16793.94563391388,1.5576313086577471e-16
0,616,1.1102230246251565e-16,9699.499645675489,16669.059632521305,1.5602569321428932e-16
0,617,1.1102230246251565e-16,10176.157314720636,17561.451490304993,1.544470205823842e-16
0,618,0.0,9989.181610144129,17135.2723139154,1.5506245418658015e-16
0,619,2.220446049250313e-16,9952.064621198238,17228.341182918866,0.0
0,620,0.0,9732.209673119563,16703.77440466856,0.0
0,621,0.0,9818.403306614855,16945.856948484397,0.0
0,622,1.1102230246251565e-16,9952.613955660046,17234.05270985867,0.0
0,623,1.1102230246251565e-16,9529.266595129753,16349.359868727159,0.0
0,624,2.220446049250313e-16,9735.275893312399,16745.46279533888,0.0
0,625,2.220446049250313e-16,9935.127552859092,17161.72323145315,1.5524128898540876e-16
0,626,0.0,9827.280049112916,16930.56553707054,1.5559933175217056e-16
0,627,3.3306690738754696e-16,9932.35999747429,17070.72960162549,1.5525045638761927e-16
0,628,1.1102230246251565e-16,9826.969415642889,16901.29208699053,0.0
0,629,2.220446049250313e-16,9659.495053011742,16612.851373275586,1.561596561502603e-16
0,630,1.1102230246251565e-16,10026.82804074591,17276.143678632005,1.5493814630825755e-16
0,631,0.0,9651.464230198872,16583.64032500084,0.0
0,632,1.1102230246251565e-16,9892.171360631037,17051.217083795174,0.0
0,633,0.0,9570.255870674606,16376.590225135955,0.0
0,634,4.440892098500626e-16,9531.937137304645,16406.51914270155,3.1317669662044765e-16
0,635,2.220446049250313e-16,9911.518973490878,17074.93050125251,1.5531952612987122e-16
0,636,0.0,9608.3377284897,16541.656973961737,0.0
0,637,2.220446049250313e-16,9702.016573885034,16721.86765094548,0.0
0,638,2.220446049250313e-16,9698.872462575775,16705.099359962886,1.5602779168189518e-16
0,639,4.440892098500626e-16,9657.538023900197,16652.57484493478,0.0
0,640,0.0,10036.765878981547,17392.613218726674,0.0
0,641,2.220446049250313e-16,9939.47641060612,17106.626741151587,1.5522688577761787e-16
0,642,1.1102230246251565e-16,9743.315561988493,16727.362191080367,0.0
0,643,2.220446049250313e-16,10232.65943484284,17669.339251720427,0.0
0,644,2.220446049250313e-16,9726.941308053327,16704.198634203625,0.0
0,645,1.1102230246251565e-16,9481.3181828097,16322.75785066674,0.0
0,646,1.1102230246251565e-16,10177.69853009715,17495.525875795465,1.544419679461232e-16
0,647,1.1102230246251565e-16,9764.192741322426,16829.008709729034,0.0
0,648,2.220446049250313e-16,9716.029020955837,16771.491526737544,1.5597040855848397e-16
0,649,0.0,10098.824897062077,17347.677682757585,0.0
0,650,2.220446049250313e-16,9869.119742482588,17011.867858480528,0.0
0,651,1.1102230246251565e-16,9798.95764624959,16805.687241623702,0.0
0,652,3.3306690738754696e-16,9442.614852212646,16222.230649330808,3.137798867268504e-16
0,653,1.1102230246251565e-16,9896.886592746501,17013.079395127214,1.5536805639037563e-16
0,654,2.220446049250313e-16,9550.144822916787,16516.685645717494,1.565270126103315e-16
0,655,2.220446049250313e-16,9673.046665497954,16643.97579551608,1.5611425025890653e-16
0,656,3.3306690738754696e-16,9516.339543252376,16251.992873630537,1.5664092971056277e-16
0,657,4.440892098500626e-16,9923.029417575075,17125.958109485047,0.0
0,658,1.1102230246251565e-16,9814.57162685343,16975.05447832323,0.0
0,659,1.1102230246251565e-16,9685.565280221446,16614.39125952213,0.0
0,660,1.1102230246251565e-16,12059.98186909184,20993.287136740648,1.4872558993629537e-16
0,661,2.220446049250313e-16,12374.771318611754,21727.456454573792,1.4777473145026772e-16
0,662,0.0,12569.020938019283,22033.779966764094,0.0
0,663,1.1102230246251565e-16,12714.037595956674,22258.037634667267,0.0
0,664,1.1102230246251565e-16,12029.38493496296,21056.71930229356,0.0
0,665,1.1102230246251565e-16,12902.231709849919,22716.766561373235,0.0
0,666,1.1102230246251565e-16,10298.508941912136,17728.464790994298,3.0856114643915225e-16
0,667,1.1102230246251565e-16,10072.639824702666,17367.847908540058,0.0
0,668,1.1102230246251565e-16,10231.259102833836,17565.780157770085,0.0
0,669,1.1102230246251565e-16,10585.609535894058,18239.566174335716,0.0
0,670,0.0,10371.15811100445,17851.15196749059,0.0
0,671,1.1102230246251565e-16,10349.955449042456,17719.702082718148,1.5411245502531482e-16
0,672,2.220446049250313e-16,9241.125349973794,15826.112762209958,0.0
0,673,1.1102230246251565e-16,9253.337576753489,15727.800402156137,0.0
0,674,0.0,9675.258366002978,16479.593154890765,0.0
0,675,1.1102230246251565e-16,9710.86475761392,16543.335705914516,0.0
0,676,0.0,9406.906512690053,16057.21715665526,1.5725355884441365e-16
0,677,0.0,9911.507924247868,16970.734395240368,0.0
0,678,3.3306690738754696e-16,9164.18588778669,15614.613277195027,1.5808283987876857e-16
0,679,1.1102230246251565e-16,9643.120547126804,16423.60459153407,1.564548197048506e-16
0,680,0.0,9858.024544238782,16825.880813663676,0.0
0,681,1.1102230246251565e-16,9371.110597079663,15962.418870129495,1.5737531204939492e-16
0,682,2.220446049250313e-16,9383.872511165391,15991.515652157243,1.5733188313220673e-16
0,683,0.0,9283.900053176869,15737.090524426907,1.5767273332726774e-16
0,684,0.0,9157.747065865376,15470.482541437608,0.0
0,685,1.1102230246251565e-16,9248.681279422482,15813.138236959841,1.5779316170742138e-16
0,686,1.1102230246251565e-16,9725.078882034992,16654.336827193314,1.5617957678632842e-16
0,687,2.220446049250313e-16,9387.581834406505,16019.69585612991,0.0
0,688,1.1102230246251565e-16,9401.655066984094,16071.819587477743,0.0
0,689,1.1102230246251565e-16,9275.489778914882,15778.900178051523,1.5770147502050963e-16
0,690,0.0,9555.90037340358,16243.899792414777,3.134976023553891e-16
0,691,2.220446049250313e-16,9430.019849417738,16119.875556050003,1.5717504313536408e-16
0,692,1.1102230246251565e-16,9536.337761319344,16249.043990722765,0.0
0,693,1.1102230246251565e-16,9474.582071939687,16143.91570462503,0.0
0,694,1.1102230246251565e-16,9350.953917580911,15946.635207882584,0.0
0,695,1.1102230246251565e-16,9255.987133474802,15730.81739832307,0.0
0,696,1.1102230246251565e-16,9277.73216673694,15818.612065924952,0.0
0,697,1.1102230246251565e-16,9272.52644386531,15872.574728396376,0.0
0,698,0.0,9409.173846062251,16001.621759131951,0.0
0,699,0.0,9381.355998937455,15951.632333558067,0.0
0,700,0.0,9328.356198693815,15904.123581893462,0.0
0,701,1.1102230246251565e-16,9489.84808361424,16118.706805386157,0.0
0,702,1.1102230246251565e-16,9410.194066174707,15952.05422629726,0.0
0,703,1.1102230246251565e-16,9401.043618296098,16130.594518865522,1.572734874958494e-16
0,704,0.0,9454.16479975966,16082.533588210035,0.0
0,705,1.1102230246251565e-16,9285.154143146356,15812.55615881182,1.5766844843483334e-16
0,706,2.220446049250313e-16,9432.400586368232,16119.745830810347,1.5716696025605853e-16
0,707,0.0,9605.184802193813,16395.117766611762,1.5658254907230582e-16
0,708,1.1102230246251565e-16,9377.547789694712,15964.260149468044,0.0
0,709,0.0,9544.591273024897,16260.783722753193,3.13574000387663e-16
0,710,0.0,9544.666248149413,16256.665923590954,0.0
0,711,3.3306690738754696e-16,9161.20983341441,15536.220768342218,0.0
0,712,2.220446049250313e-16,9708.042821093535,16571.682595951643,0.0
0,713,2.220446049250313e-16,9138.564821680266,15583.373665194438,1.5817088763997565e-16
0,714,1.1102230246251565e-16,9946.269783878372,17071.44206388771,1.554415562001574e-16
0,715,1.1102230246251565e-16,9380.844762696797,16086.098438085204,0.0
0,716,2.220446049250313e-16,9485.869688712846,16163.595666501606,0.0
0,717,0.0,9177.044252751679,15580.456275706314,1.5803868855449916e-16
0,718,1.1102230246251565e-16,9432.585577243844,16046.449765544638,1.5716633222529264e-16
0,719,1.1102230246251565e-16,9675.745583147058,16435.154988613947,0.0
1,0,3.3306690738754696e-16,7682.472366588328,14667.5677504126,2.9182085314078187e-16
1,1,1.1102230246251565e-16,7650.235387799323,14619.317685871356,1.4600481476467966e-16
1,2,0.0,7570.631591938305,14427.958972249995,1.4623841445582462e-16
1,3,1.1102230246251565e-16,7334.002690581176,13975.811643888523,1.4693724356222742e-16
1,4,0.0,7681.462298858132,14662.636451019394,1.459133821440494e-16
1,5,2.220446049250313e-16,7833.863604780789,14913.260046910571,1.45468788270949e-16
1,6,2.220446049250313e-16,3575.8477843114597,6669.583440743612,1.5900501955032974e-16
1,7,1.1102230246251565e-16,3553.2869847088296,6601.940289828417,0.0
1,8,0.0,3566.2448328797764,6680.3930630137065,1.590383950203704e-16
1,9,1.1102230246251565e-16,3688.631200528871,6870.164327529576,1.5861408175384737e-16
1,10,1.1102230246251565e-16,3490.7827939949566,6503.020587060384,0.0
1,11,2.220446049250313e-16,3556.9623223172384,6638.894580463615,0.0
1,12,0.0,3617.4853278453156,6777.146593502613,0.0
1,13,0.0,3459.113995087464,6476.805368092664,1.5941168512515892e-16
1,14,1.1102230246251565e-16,3507.1409449843122,6544.9416600343475,0.0
1,15,1.1102230246251565e-16,3493.9646348334572,6512.178995769795,1.592900582866258e-16
1,16,2.220446049250313e-16,3571.3137904058603,6675.03913418214,1.5902077589506754e-16
1,17,1.1102230246251565e-16,3523.410276868577,6597.519887824081,1.591874391550186e-16
1,18,2.220446049250313e-16,3186.487311102297,5923.108937966043,1.6036958553758867e-16
1,19,1.1102230246251565e-16,3292.8569844106023,6126.662313083268,0.0
1,20,2.220446049250313e-16,3189.112502409829,5907.564023281083,1.603603067831277e-16
1,21,1.1102230246251565e-16,3320.4534914763644,6169.683673598179,1.5989744797498366e-16
1,22,1.1102230246251565e-16,3202.4914600674165,5925.344354481806,0.0
1,23,2.220446049250313e-16,3301.045505608541,6125.618185763476,0.0
1,24,0.0,3204.4649077724607,5922.119698698343,1.6030606510704138e-16
1,25,2.220446049250313e-16,3249.079733610364,6049.17562914648,1.6014864425379292e-16
1,26,2.220446049250313e-16,3208.0626402623093,5969.329566479467,0.0
1,27,1.1102230246251565e-16,3178.921232213419,5918.489462917669,1.6039633389694524e-16
1,28,1.1102230246251565e-16,3247.734372181316,6060.040655384182,1.6015338676325059e-16
1,29,1.1102230246251565e-16,3176.830641352768,5924.508126105748,3.2080745267285184e-16
1,30,1.1102230246251565e-16,3286.9859821495847,6091.832479825648,3.200302739282132e-16
1,31,0.0,3140.334609187521,5829.955696593609,0.0
1,32,0.0,3213.7418822649997,5978.693865950852,3.2054661270946103e-16
1,33,2.220446049250313e-16,3255.9976261120464,6046.7524349583555,0.0
1,34,0.0,3169.8278537514198,5913.604084718394,0.0
1,35,1.1102230246251565e-16,3274.5883443998537,6094.3147776673795,1.6005877742663747e-16
1,36,0.0,3246.2422640669974,6038.371343901946,1.601586468953374e-16
1,37,2.220446049250313e-16,3155.3295772583515,5877.042953505099,0.0
1,38,2.220446049250313e-16,3137.894135338014,5834.765690054448,1.6054153251014942e-16
1,39,3.3306690738754696e-16,3250.9123631786933,6030.73113351254,0.0
1,40,0.0,3147.1190817610404,5842.488055777891,0.0
1,41,1.1102230246251565e-16,3177.3007281857717,5879.855093957323,1.6040206402522198e-16
1,42,1.1102230246251565e-16,3196.757838602316,5951.425713609829,1.6033329041216277e-16
1,43,1.1102230246251565e-16,3156.8697886568043,5865.660155026062,0.0
1,44,0.0,3144.572900870662,5844.6220126896915,1.605178778424971e-16
1,45,0.0,3253.9729145558304,6031.807210873024,1.6013139775761653e-16
1,46,1.1102230246251565e-16,3176.0813727865607,5925.820992207286,1.6040637595544722e-16
1,47,1.1102230246251565e-16,3254.0490522272885,6053.2061849701595,1.601311294322746e-16
1,48,1.1102230246251565e-16,3258.2002068105357,6048.606396914904,3.2023300248376626e-16
1,49,1.1102230246251565e-16,3149.7942359598965,5849.05180956666,1.604993899162186e-16
1,50,1.1102230246251565e-16,3186.5189997298075,5928.048997888329,1.603694735275417e-16
1,51,1.1102230246251565e-16,3155.6089620721395,5852.469124463032,1.60478805897276e-16
1,52,2.220446049250313e-16,3115.1873458109985,5771.644064575484,0.0
1,53,2.220446049250313e-16,3174.809961686944,5873.844297639381,1.6041087221387995e-16
1,54,1.1102230246251565e-16,3174.2192079753368,5887.986011652895,0.0
1,55,0.0,3229.1483849475553,5986.695129148056,1.6021893264881374e-16
1,56,2.220446049250313e-16,3197.9546943355017,5937.277593191718,0.0
1,57,0.0,3117.789465877293,5796.127526604409,0.0
1,58,1.1102230246251565e-16,3255.3371240254855,6056.90148529066,1.6012659012968728e-16
1,59,1.1102230246251565e-16,3182.0417397175406,5950.21105908503,1.603853008854242e-16
1,60,2.220446049250313e-16,7257.493012855499,13274.61290234046,3.0416221744781497e-16
1,61,1.1102230246251565e-16,7237.636442633986,13251.930912228463,3.042885091736149e-16
1,62,1.1102230246251565e-16,7449.278510612203,13724.25706717775,0.0
1,63,2.220446049250313e-16,7283.420397658847,13326.102972321025,1.5199873592950663e-16
1,64,2.220446049250313e-16,7358.206615006464,13522.897370724839,0.0
1,65,1.1102230246251565e-16,7125.593444438258,13006.023118125951,0.0
1,66,3.3306690738754696e-16,5489.007568202491,9899.68033982784,1.5791851123232474e-16
1,67,0.0,5535.046689967821,9955.824370811857,1.57760870223909e-16
1,68,1.1102230246251565e-16,5645.17101181444,10115.170202156249,0.0
1,69,0.0,5784.370050108628,10385.46530209813,1.5691260835353657e-16
1,70,0.0,5560.939763228875,9965.775146943168,3.1534469764930717e-16
1,71,0.0,5664.0079594820345,10146.146194125626,3.1464193825258895e-16
1,72,0.0,5162.4553612071395,9241.062640993541,1.5904575432854617e-16
1,73,0.0,5033.796932856538,8949.66012143186,1.5949430896802135e-16
1,74,0.0,5148.429748482566,9186.477521298362,3.181890612928899e-16
1,75,1.1102230246251565e-16,5263.458313742027,9344.432724389617,1.5869538161459417e-16
1,76,1.1102230246251565e-16,5231.848380893112,9296.872943406108,0.0
1,77,2.220446049250313e-16,5091.720073451652,9093.29735275897,1.592920530481655e-16
1,78,0.0,5049.03157387067,9013.503375043121,1.5944106291297057e-16
1,79,3.3306690738754696e-16,5264.628403688643,9398.75902092831,1.5869133169332916e-16
1,80,2.220446049250313e-16,5169.130524181048,9185.061334482278,1.5902255088141522e-16
1,81,0.0,5140.822234983905,9194.284411449578,1.591209995114539e-16
1,82,1.1102230246251565e-16,5076.390021326028,9002.473988068834,1.5934553256474927e-16
1,83,2.220446049250313e-16,5072.213533917944,9062.514379151513,1.593601086374284e-16
1,84,1.1102230246251565e-16,5083.971237162768,9045.860534567822,0.0
1,85,1.1102230246251565e-16,5177.313926034956,9243.295561714855,1.589941139009218e-16
1,86,2.220446049250313e-16,5085.171122702988,9077.374901080007,1.5931489493918445e-16
1,87,1.1102230246251565e-16,5005.669901416055,8955.500269761491,3.191854165203033e-16
1,88,1.1102230246251565e-16,5021.525120806153,8966.761360066102,0.0
1,89,0.0,5257.224945711088,9377.936161614476,0.0
1,90,1.1102230246251565e-16,5257.04557142414,9410.581475325807,0.0
1,91,2.220446049250313e-16,5005.220574871812,8952.370059071345,1.595942811643976e-16
1,92,3.3306690738754696e-16,5223.362906846378,9323.604223380666,0.0
1,93,0.0,5027.771934521959,8939.514272834067,1.5951537654140938e-16
1,94,2.220446049250313e-16,5017.5537707429685,8942.53605570297,0.0
1,95,0.0,4965.796627894662,8836.535849733882,1.597324087139566e-16
1,96,2.220446049250313e-16,5065.424341968617,9019.563874181942,1.5938380882293243e-16
1,97,1.1102230246251565e-16,5092.198513778807,9096.65052210197,1.5929038456707597e-16
1,98,2.220446049250313e-16,5042.574515278844,8966.782752638033,0.0
1,99,0.0,5060.412444122689,8986.740938373008,0.0
1,100,0.0,5234.638834827259,9288.652288890056,1.587951970289877e-16
1,101,0.0,5082.903507606388,9055.678792744882,0.0
1,102,1.1102230246251565e-16,5088.930291086661,9112.06270718595,1.593017826464546e-16
1,103,3.3306690738754696e-16,5109.818572399818,9104.593668181134,0.0
1,104,0.0,5277.6969745827955,9417.025922704635,1.5864611273251513e-16
1,105,3.3306690738754696e-16,5135.837183069059,9080.931872735135,1.591383488080156e-16
1,106,0.0,5228.407305910747,9309.235531918213,1.588167962579208e-16
1,107,2.220446049250313e-16,5022.850054563591,8947.079041773542,0.0
1,108,2.220446049250313e-16,5242.362697836761,9347.557887090712,1.5876843334311154e-16
1,109,1.1102230246251565e-16,5091.1615559333,9042.659208103787,3.1858800165872573e-16
1,110,0.0,5015.530311104347,8893.068495435164,0.0
1,111,0.0,5043.550550374079,8994.76701328624,1.5946021534944866e-16
1,112,1.1102230246251565e-16,5232.847427219531,9322.156602913059,1.5880140566155476e-16
1,113,1.1102230246251565e-16,4970.674640071906,8834.327860945952,1.5971530492632909e-16
1,114,1.1102230246251565e-16,5135.972842698873,9163.199195460995,0.0
1,115,1.1102230246251565e-16,5264.256540243165,9344.580241084888,3.1738523753313397e-16
1,116,2.220446049250313e-16,5115.712851049786,9131.080128305819,1.5920842527657167e-16
1,117,0.0,4963.049213696599,8877.027409963732,1.5974204359272885e-16
1,118,1.1102230246251565e-16,4955.886719932765,8838.202684084616,0.0
1,119,0.0,5073.964943557759,8990.79143652524,1.5935399583793844e-16
1,120,2.220446049250313e-16,11668.841156352042,20357.10608707815,1.382364855641802e-16
1,121,1.1102230246251565e-16,11422.854987477156,19936.120371755846,0.0
1,122,0.0,11848.998468357677,20515.36050054091,0.0
1,123,2.220446049250313e-16,12004.2969561168,20956.137486893887,1.373610354885568e-16
1,124,1.1102230246251565e-16,11304.903837903155,19675.42434467404,0.0
1,125,1.1102230246251565e-16,11628.20843283063,20374.032654797214,0.0
1,126,1.1102230246251565e-16,8697.486082118317,14864.394686660007,1.4650726092424244e-16
1,127,3.3306690738754696e-16,8664.68965514112,14801.951657247484,0.0
1,128,0.0,8748.860258117049,14924.639348912608,1.4635586158547198e-16
1,129,1.1102230246251565e-16,8971.822507901234,15340.688323182312,1.4570240308337027e-16
1,130,3.3306690738754696e-16,9052.605792173781,15430.677685529792,1.454670809462377e-16
1,131,1.1102230246251565e-16,8732.562706520359,14940.46326810987,1.4640385645790157e-16
1,132,1.1102230246251565e-16,8119.576107488334,13759.280571398758,0.0
1,133,0.0,8248.332385023125,14061.385126043037,0.0
1,134,0.0,7982.505263593295,13536.157434694805,0.0
1,135,2.220446049250313e-16,7997.041685159318,13623.195485397382,0.0
1,136,1.1102230246251565e-16,7963.602378049021,13600.676925792013,0.0
1,137,0.0,8095.765765814649,13735.979596601857,1.4830413198780243e-16
1,138,1.1102230246251565e-16,7916.808052262946,13444.617159660706,0.0
1,139,1.1102230246251565e-16,7750.51322816452,13255.50607246859,1.4935517440567504e-16
1,140,2.220446049250313e-16,7851.149480657034,13435.407410371641,0.0
1,141,0.0,8073.4308710696205,13763.733339984568,0.0
1,142,2.220446049250313e-16,8004.084510002118,13625.386107931325,1.4858178937247356e-16
1,143,0.0,8098.467509329945,13795.92044045252,1.482959654769324e-16
1,144,0.0,8027.136819808067,13672.12302804013,0.0
1,145,0.0,7854.642420035059,13380.299879504644,0.0
1,146,2.220446049250313e-16,7968.869719083661,13526.506345077449,1.4868871419642417e-16
1,147,1.1102230246251565e-16,7826.7405095291615,13459.652949508023,0.0
1,148,0.0,7938.825681176626,13487.335357265365,0.0
1,149,0.0,8189.7110367757705,13933.902711329762,0.0
1,150,0.0,8120.170717285117,13848.857198226746,1.4823039620270766e-16
1,151,1.1102230246251565e-16,8019.499821020232,13582.338226378168,0.0
1,152,1.1102230246251565e-16,7883.480841598299,13487.341295349685,1.4894862578913475e-16
1,153,1.1102230246251565e-16,7910.782939186196,13453.943566500679,0.0
1,154,1.1102230246251565e-16,8049.797209956523,13689.45369884718,0.0
1,155,1.1102230246251565e-16,7891.4587818370055,13352.271241954793,0.0
1,156,1.1102230246251565e-16,7877.181575176801,13431.517343247568,0.0
1,157,1.1102230246251565e-16,7837.4378040938755,13386.826130549796,1.490891516811209e-16
1,158,0.0,7896.722685896122,13402.5476981835,0.0
1,159,0.0,7820.700628339051,13391.074005660945,0.0
1,160,1.1102230246251565e-16,8051.811594158178,13599.098893057848,0.0
1,161,0.0,8056.262904262112,13688.728276728689,0.0
1,162,2.220446049250313e-16,7980.663838739027,13597.369749513982,1.4865288585371714e-16
1,163,1.1102230246251565e-16,7946.831125575904,13558.563160825996,0.0
1,164,1.1102230246251565e-16,7960.212426308717,13528.633708878828,0.0
1,165,1.1102230246251565e-16,7861.150369820367,13471.730641913375,1.4901674652270312e-16
1,166,0.0,8018.076467099418,13639.851114676801,1.4853934741555152e-16
1,167,0.0,7927.404737021599,13398.308556155103,0.0
1,168,1.1102230246251565e-16,7882.590125537827,13461.710872666412,1.48951341790871e-16
1,169,1.1102230246251565e-16,8008.908125249727,13629.108950717758,1.485671551083068e-16
1,170,2.220446049250313e-16,7969.378499345796,13541.40763356075,0.0
1,171,1.1102230246251565e-16,7762.4845833211,13196.62509925753,1.4931848108708408e-16
1,172,3.3306690738754696e-16,8051.870452811912,13615.604900991177,0.0
1,173,0.0,8186.171378389867,13909.01932719361,1.4803135219800444e-16
1,174,1.1102230246251565e-16,7873.495265082645,13392.674268701188,0.0
1,175,1.1102230246251565e-16,8105.200203009139,13655.104593642003,0.0
1,176,0.0,8131.8946640102,13821.995554762625,1.481950001774044e-16
1,177,1.1102230246251565e-16,7949.370852757573,13508.177722505292,0.0
1,178,1.1102230246251565e-16,8105.890344552594,13804.892072066452,0.0
1,179,1.1102230246251565e-16,7662.550029273043,13034.220349928548,0.0
1,180,1.1102230246251565e-16,11004.813242061035,18517.919945079793,0.0
1,181,1.1102230246251565e-16,10930.85114216242,18514.60854252307,1.3898378238335526e-16
1,182,0.0,10825.650974953955,18308.346464948798,0.0
1,183,1.1102230246251565e-16,11131.372286624799,18777.601778957312,1.3845346243722105e-16
1,184,0.0,11048.525849474798,18624.04049401738,1.386720757034915e-16
1,185,0.0,10934.035825727784,18449.28548277147,0.0
1,186,1.1102230246251565e-16,9574.898838782814,16009.265026428087,0.0
1,187,3.3306690738754696e-16,9602.99785431572,16016.063350972785,0.0
1,188,1.1102230246251565e-16,9543.349055729574,15927.54783776069,1.4276766332069006e-16
1,189,1.1102230246251565e-16,9638.901416231725,16065.323217287601,1.425004873101002e-16
1,190,2.220446049250313e-16,9361.84785855507,15510.427954672587,0.0
1,191,1.1102230246251565e-16,9506.058205981943,15783.463795220408,0.0
1,192,0.0,9010.38770411026,15056.389571837517,1.4427646058299e-16
1,193,1.1102230246251565e-16,9102.986787382797,15140.07150031094,0.0
1,194,1.1102230246251565e-16,8763.211449314476,14626.828109175367,0.0
1,195,0.0,8921.370136479876,14773.726284594826,0.0
1,196,1.1102230246251565e-16,8952.227624841995,14871.358358161913,0.0
1,197,0.0,9034.370019344875,14948.790330438509,0.0
1,198,2.220446049250313e-16,8844.329873551149,14686.643613338996,0.0
1,199,2.220446049250313e-16,9151.539176404913,15136.479534301408,0.0
1,200,0.0,9234.267093731862,15341.968841996215,1.4363879761773838e-16
1,201,1.1102230246251565e-16,8853.659460811861,14685.91061260939,1.4472624029815991e-16
1,202,0.0,9083.104622752915,14973.956804402274,0.0
1,203,2.220446049250313e-16,9210.928733893248,15264.13037612397,0.0
1,204,1.1102230246251565e-16,8777.823114166007,14632.959750931166,0.0
1,205,0.0,8941.88712010887,14799.612531192784,1.4447269960973485e-16
1,206,1.1102230246251565e-16,8877.536315546713,14707.798061186006,1.4465753736098241e-16
1,207,0.0,8908.548796157098,14715.28673163041,0.0
1,208,0.0,9003.316366192565,14968.191025500884,0.0
1,209,1.1102230246251565e-16,9024.985445145787,14946.28835104242,1.4423471017149015e-16
1,210,2.220446049250313e-16,8723.220780639153,14485.022586989697,0.0
1,211,1.1102230246251565e-16,8967.262510248016,14852.195476904748,1.443999425104479e-16
1,212,0.0,8938.098221719483,14831.202434050512,0.0
1,213,0.0,8883.469837581528,14696.94200208059,0.0
1,214,1.1102230246251565e-16,9232.818427039121,15248.393501269298,0.0
1,215,1.1102230246251565e-16,9330.862289444936,15340.585885227234,0.0
1,216,1.1102230246251565e-16,8649.237693646355,14381.401831294646,0.0
1,217,2.220446049250313e-16,8807.61033399326,14618.935332007204,1.4485892589426566e-16
1,218,0.0,8965.55528039638,14901.17824456868,0.0
1,219,2.220446049250313e-16,8972.921347789197,14866.25044208517,1.443837273095034e-16
1,220,3.3306690738754696e-16,8899.818946184714,14802.484293001553,0.0
1,221,2.220446049250313e-16,9242.94280248379,15231.026564098134,0.0
1,222,0.0,8772.793338293079,14592.837046585559,0.0
1,223,1.1102230246251565e-16,9064.288874398335,15027.287939396403,0.0
1,224,0.0,9166.56979552668,15077.621144921337,0.0
1,225,2.220446049250313e-16,9077.203265933553,15008.872807254314,0.0
1,226,1.1102230246251565e-16,9181.04705143487,15213.717788985012,0.0
1,227,2.220446049250313e-16,9049.1726793602,14964.278679324603,0.0
1,228,1.1102230246251565e-16,8904.868263723722,14823.8718362473,0.0
1,229,1.1102230246251565e-16,9095.99646587421,15130.978695078618,0.0
1,230,0.0,8986.010782332167,14908.723625745426,0.0
1,231,2.220446049250313e-16,9046.130205240894,14917.697650017435,1.4417427772554857e-16
1,232,2.220446049250313e-16,9168.570625544045,15123.086042826231,1.4382533204957846e-16
1,233,1.1102230246251565e-16,9277.587165898673,15400.128341252272,0.0
1,234,0.0,9262.250678022378,15279.8290486184,0.0
1,235,1.1102230246251565e-16,8826.735020685592,14646.106060212975,0.0
1,236,0.0,9353.160360735616,15484.287435597802,0.0
1,237,1.1102230246251565e-16,8861.235965860964,14700.11684307582,0.0
1,238,1.1102230246251565e-16,9389.477533668905,15410.075732492272,0.0
1,239,1.1102230246251565e-16,9076.121193630963,14985.16649995093,0.0
1,240,1.1102230246251565e-16,15823.28204554243,25726.234687201715,1.245355454750295e-16
1,241,1.1102230246251565e-16,15517.798343623872,25293.57944776048,0.0
1,242,0.0,15306.93184582694,24860.595184913815,2.512919762939782e-16
1,243,0.0,15631.785399448767,25552.99991181772,0.0
1,244,2.220446049250313e-16,15081.510551390144,24570.422176298052,0.0
1,245,1.1102230246251565e-16,15048.500637508994,24401.88474429542,1.2620922950817044e-16
1,246,1.1102230246251565e-16,12472.130148076612,19667.13701737922,0.0
1,247,2.220446049250313e-16,12480.431585056227,19674.672782972226,2.6418689992319776e-16
1,248,0.0,12197.804727901064,19256.408036710876,1.3277472103511993e-16
1,249,1.1102230246251565e-16,12281.476362971895,19422.442938233748,1.325722997009522e-16
1,250,1.1102230246251565e-16,12408.488430075035,19650.30976981193,1.3226620451105957e-16
1,251,0.0,12566.10314824761,19803.646082159197,1.3188831761778055e-16
1,252,2.220446049250313e-16,11387.388853991397,17705.005656971287,0.0
1,253,1.1102230246251565e-16,11131.657381763784,17417.938693575987,0.0
1,254,1.1102230246251565e-16,11510.674292114054,17928.28711512762,0.0
1,255,1.1102230246251565e-16,11627.897514194221,18020.604915925185,1.341700771530235e-16
1,256,0.0,11316.798555052912,17645.505739827833,2.6988843013676227e-16
1,257,1.1102230246251565e-16,11088.360967971981,17267.829214010173,1.355183709892998e-16
1,258,0.0,11533.026948237122,17899.351523207923,1.3440520989258197e-16
1,259,2.220446049250313e-16,11125.256949141687,17400.837615050063,1.3542530587796028e-16
1,260,2.220446049250313e-16,11086.838394642487,17356.95055868057,0.0
1,261,1.1102230246251565e-16,11074.79515547413,17305.094956644814,0.0
1,262,0.0,11436.974692748525,17860.07140886115,1.3464411249375383e-16
1,263,1.1102230246251565e-16,11102.02894376393,17274.373963463506,1.3548388046152258e-16
1,264,1.1102230246251565e-16,11817.329126156736,18307.030387274004,1.3370303162432708e-16
1,265,1.1102230246251565e-16,11495.576997559947,17853.983863334997,0.0
1,266,2.220446049250313e-16,11089.272237306563,17280.777419466518,1.3551607089538264e-16
1,267,0.0,11603.202086509555,18028.983283130143,2.6846240900029693e-16
1,268,1.1102230246251565e-16,11346.416011488102,17603.629101778475,1.3487013051839695e-16
1,269,0.0,10975.221234633049,17234.070874655154,2.7160909961132464e-16
1,270,0.0,11436.919793792738,17889.337445355843,0.0
1,271,1.1102230246251565e-16,11169.572593164863,17355.370544496098,0.0
1,272,0.0,11676.799837015278,18189.005870122306,0.0
1,273,1.1102230246251565e-16,11316.499924438293,17593.336026947567,1.3494496247186182e-16
1,274,1.1102230246251565e-16,11317.905424059187,17651.702231561394,1.3494144490302283e-16
1,275,1.1102230246251565e-16,11429.354891152958,17731.843266049495,1.3466310094228847e-16
1,276,1.1102230246251565e-16,11134.138387718376,17318.2649126093,1.354029227374886e-16
1,277,1.1102230246251565e-16,11563.217128384349,17842.262129183953,1.3433029543878736e-16
1,278,2.220446049250313e-16,11109.908871365187,17331.19050865728,2.709280075854292e-16
1,279,2.220446049250313e-16,11387.595805367382,17897.718003598875,1.3476725922931706e-16
1,280,0.0,11495.219006268147,17916.124165915226,0.0
1,281,1.1102230246251565e-16,11283.601859053146,17642.576433552826,0.0
1,282,3.3306690738754696e-16,10819.565418511542,16978.515664534163,1.362002510543149e-16
1,283,0.0,11381.330415642398,17772.17840542209,1.3478290068342963e-16
1,284,1.1102230246251565e-16,11345.705449458117,17640.736097377896,1.348719069525409e-16
1,285,0.0,11307.844718914668,17622.79570229166,1.349666280508313e-16
1,286,0.0,11208.503820852631,17494.65020112392,0.0
1,287,2.220446049250313e-16,11121.450974132735,17409.382781792414,1.3543490002098648e-16
1,288,2.220446049250313e-16,10976.629632953787,17058.045229622425,0.0
1,289,1.1102230246251565e-16,11203.851312999446,17476.27894341463,1.3522748776817128e-16
1,290,1.1102230246251565e-16,11617.13389566468,18037.84648707049,0.0
1,291,0.0,11335.973152561404,17716.882735494604,0.0
1,292,1.1102230246251565e-16,11256.478114335187,17566.95571049851,0.0
1,293,1.1102230246251565e-16,11645.2243416013,18019.091590118423,1.3412722215408408e-16
1,294,2.220446049250313e-16,11120.472180723686,17292.638414607107,1.3543736759376952e-16
1,295,1.1102230246251565e-16,11268.23477294002,17610.716337190028,2.701317358025076e-16
1,296,2.220446049250313e-16,10931.629575150204,17166.16435244569,0.0
1,297,2.220446049250313e-16,11108.008479017844,17273.343168745265,1.354687968905503e-16
1,298,1.1102230246251565e-16,11425.376313189096,17848.019640182316,1.346730176363456e-16
1,299,2.220446049250313e-16,11089.820790676284,17278.471864483614,1.3551468635415451e-16
1,300,1.1102230246251565e-16,15964.617398556504,27517.2435134345,0.0
1,301,2.220446049250313e-16,16046.875522984446,27775.596547426027,1.2778972473776664e-16
1,302,0.0,15764.978494101313,27331.283291964588,0.0
1,303,0.0,15625.17263812753,27086.384304142462,0.0
1,304,1.1102230246251565e-16,15970.476515313363,27589.995430543837,0.0
1,305,0.0,16172.379662535408,27888.281265107875,1.2750866184436392e-16
1,306,1.1102230246251565e-16,12442.875820717774,20739.271845830193,1.3642517612718563e-16
1,307,1.1102230246251565e-16,12238.75249553183,20354.067960203833,0.0
1,308,1.1102230246251565e-16,11893.121440676412,19589.39297444167,0.0
1,309,2.220446049250313e-16,11854.593493475448,19845.46502104057,1.3794678045006434e-16
1,310,1.1102230246251565e-16,12277.225003476313,20411.863161641166,1.3685022950876037e-16
1,311,0.0,12107.665658856378,20132.638236755218,0.0
1,312,0.0,11119.69977033812,18185.42277781534,0.0
1,313,1.1102230246251565e-16,10906.281655333107,17895.460125405174,0.0
1,314,0.0,11245.213106653704,18432.92054351553,0.0
1,315,1.1102230246251565e-16,11016.397112562052,18141.133638124647,0.0
1,316,0.0,11364.656843678844,18569.752006552942,0.0
1,317,2.220446049250313e-16,11058.335070837631,18151.654921882444,1.400612105044398e-16
1,318,0.0,11302.197407421423,18394.297543787074,1.3940679078788505e-16
1,319,0.0,10870.352942728547,17713.657825901028,0.0
1,320,1.1102230246251565e-16,10574.051003521214,17196.213092227907,1.4137920449462663e-16
1,321,1.1102230246251565e-16,11424.679839605124,18609.499361139257,0.0
1,322,0.0,11001.645450327269,18005.091107829183,0.0
1,323,3.3306690738754696e-16,11012.593211083491,17969.64217155296,1.4018464654544095e-16
1,324,1.1102230246251565e-16,10709.176889387272,17620.82174816688,0.0
1,325,0.0,10816.455304439922,17680.880065814836,0.0
1,326,0.0,11112.77799874892,18062.748230517118,1.3991457735814972e-16
1,327,1.1102230246251565e-16,10697.791899243624,17567.056499029797,0.0
1,328,1.1102230246251565e-16,10811.09947771253,17678.082977892333,0.0
1,329,1.1102230246251565e-16,10944.352604565778,17908.17473146665,0.0
1,330,1.1102230246251565e-16,11383.390179721908,18607.510176561602,0.0
1,331,1.1102230246251565e-16,11126.848682701995,18128.304499201382,1.3987673018175643e-16
1,332,1.1102230246251565e-16,11071.546271863983,17937.207086935832,0.0
1,333,1.1102230246251565e-16,10821.321570131673,17757.923762103368,0.0
1,334,1.1102230246251565e-16,11068.824735816,18055.23810422524,1.4003293440355683e-16
1,335,1.1102230246251565e-16,11134.879009489618,18103.665322068013,1.398551394699409e-16
1,336,1.1102230246251565e-16,10891.475879134698,17719.444559919742,1.4051253918496028e-16
1,337,2.220446049250313e-16,10834.005575981719,17794.409585382953,1.406686617814426e-16
1,338,0.0,11205.996388395753,18262.024745710714,1.3966422045985645e-16
1,339,0.0,10904.656897530687,17762.01534566544,0.0
1,340,1.1102230246251565e-16,10790.172513967867,17596.082365121052,0.0
1,341,0.0,11131.423038078508,18239.906300422943,1.3986443053910164e-16
1,342,1.1102230246251565e-16,10762.043566701264,17534.44896797385,1.408646421060365e-16
1,343,1.1102230246251565e-16,11212.42556251237,18341.408750726154,0.0
1,344,2.220446049250313e-16,11024.582566557503,18028.047497021704,0.0
1,345,1.1102230246251565e-16,10965.738510722222,17950.33281651561,0.0
1,346,1.1102230246251565e-16,10989.812087260478,18026.96320171966,0.0
1,347,0.0,11389.276368316721,18612.88953955625,0.0
1,348,1.1102230246251565e-16,10444.844194243378,17119.50300794934,0.0
1,349,0.0,11115.595521047639,18140.920855500946,0.0
1,350,1.1102230246251565e-16,11110.548976969527,18057.59708958689,0.0
1,351,0.0,11099.58648890844,18149.645527869063,1.39950078347496e-16
1,352,2.220446049250313e-16,10859.953968197842,17786.29742115958,0.0
1,353,2.220446049250313e-16,11225.641010440646,18339.970160461377,0.0
1,354,1.1102230246251565e-16,10985.053196376633,17866.03283983815,0.0
1,355,1.1102230246251565e-16,11048.096498480794,18109.173248740764,1.4008882077093127e-16
1,356,0.0,11034.062600977028,17954.704798176106,1.4012668354786953e-16
1,357,1.1102230246251565e-16,11252.320959224118,18347.070324617547,1.3954013938177348e-16
1,358,1.1102230246251565e-16,10710.031453375414,17550.785985040235,0.0
1,359,0.0,11042.671819409683,17982.018081972426,0.0
1,360,0.0,14893.010361928937,25332.167019809574,0.0
1,361,0.0,14846.20995331883,25392.613299645585,0.0
1,362,0.0,15060.335283099426,25490.245448800517,1.3194714846515665e-16
1,363,1.1102230246251565e-16,14735.954945575766,25071.024325047387,0.0
1,364,1.1102230246251565e-16,14681.579087211256,25153.94785783478,0.0
1,365,1.1102230246251565e-16,14971.66095587791,25445.645348365288,1.3215967183926736e-16
1,366,1.1102230246251565e-16,6654.848227509341,10671.00428801162,1.5567713957525783e-16
1,367,0.0,6858.761782895133,10785.007885198971,0.0
1,368,1.1102230246251565e-16,6726.753283197555,10729.725444270616,1.554380000792588e-16
1,369,1.1102230246251565e-16,6773.032653250557,10840.109231449545,0.0
1,370,2.220446049250313e-16,6687.847052652796,10710.625465269182,0.0
1,371,2.220446049250313e-16,6835.739959139515,10879.202977967569,0.0
1,372,2.220446049250313e-16,6469.4610176879505,10165.271649060978,1.5629710201194046e-16
1,373,1.1102230246251565e-16,6388.344006829597,10127.411434318024,0.0
1,374,3.3306690738754696e-16,6721.566213768965,10547.35326894853,3.109104529506524e-16
1,375,1.1102230246251565e-16,6357.5408947838005,9986.580859873446,1.5667377567298643e-16
1,376,1.1102230246251565e-16,6493.749289051986,10193.829720126218,0.0
1,377,1.1102230246251565e-16,6226.0198889414605,9768.167281792543,0.0
1,378,1.1102230246251565e-16,6416.860351656105,10121.506071393838,1.5647390676433062e-16
1,379,1.1102230246251565e-16,6474.2481741683005,10164.538527949519,1.5628103094698542e-16
1,380,0.0,6324.7724378032435,9967.115863026997,0.0
1,381,0.0,6528.502793457868,10194.548754490133,0.0
1,382,2.220446049250313e-16,6351.5025403107575,9992.397559433684,0.0
1,383,2.220446049250313e-16,6503.380203290668,10301.676488870004,0.0
1,384,1.1102230246251565e-16,6326.003649796694,9958.516492643295,1.5678024419800174e-16
1,385,0.0,6544.331511828721,10277.774276343533,0.0
1,386,1.1102230246251565e-16,6505.779254212321,10296.669706352692,0.0
1,387,0.0,6627.789147428033,10425.06124947668,3.1153464489598184e-16
1,388,0.0,6624.522179144864,10256.245139373623,0.0
1,389,1.1102230246251565e-16,6510.291160882538,10262.02271728113,0.0
1,390,2.220446049250313e-16,6337.454327802159,9895.20623992299,1.5674157042246196e-16
1,391,2.220446049250313e-16,6362.091690667483,10040.937011185919,1.566584242987259e-16
1,392,1.1102230246251565e-16,6217.999266185463,9874.441454054984,0.0
1,393,1.1102230246251565e-16,6543.447176055008,10281.571001988123,0.0
1,394,1.1102230246251565e-16,6193.098540432868,9771.2761146967,0.0
1,395,1.1102230246251565e-16,6531.466324485009,10275.645710224686,1.560891981888328e-16
1,396,1.1102230246251565e-16,6214.146299152213,9788.859829786907,0.0
1,397,0.0,6350.210846206392,9854.748284140662,0.0
1,398,1.1102230246251565e-16,6200.678817493987,9782.546179685183,1.5720476993795757e-16
1,399,3.3306690738754696e-16,6105.021283247734,9639.41924027434,1.575303508843226e-16
1,400,1.1102230246251565e-16,6302.421056737425,9894.666835903754,1.5685995273037843e-16
1,401,2.220446049250313e-16,6362.545240814106,10043.402357081379,1.5665689448547547e-16
1,402,1.1102230246251565e-16,6296.438948065952,9928.3433160585,0.0
1,403,1.1102230246251565e-16,6598.8380547150155,10277.520347442485,0.0
1,404,0.0,6296.632844406995,9804.571289767257,0.0
1,405,2.220446049250313e-16,6420.7958985536025,10143.42955087254,0.0
1,406,2.220446049250313e-16,6230.422531430086,9823.997361290863,0.0
1,407,2.220446049250313e-16,6457.542026233881,10112.568927916083,1.5633712987526683e-16
1,408,0.0,6313.13958101075,9910.332878129331,0.0
1,409,1.1102230246251565e-16,6391.478304051227,10070.771749105783,0.0
1,410,1.1102230246251565e-16,6450.0302121858185,10111.915321662193,1.5636236753266205e-16
1,411,1.1102230246251565e-16,6083.432185114383,9671.97060212614,0.0
1,412,1.1102230246251565e-16,6243.889466447617,9921.638060209161,1.57058138601234e-16
1,413,0.0,6536.928965063882,10301.30547285762,1.5607090845968287e-16
1,414,0.0,6173.006090246425,9707.633376939497,0.0
1,415,1.1102230246251565e-16,6549.256934891964,10168.779896596981,0.0
1,416,0.0,6221.799505865689,9817.934368884442,1.5713306464598555e-16
1,417,1.1102230246251565e-16,6328.929964348776,9946.882532070735,1.5677035898262782e-16
1,418,1.1102230246251565e-16,6538.032195560525,10237.386008406645,0.0
1,419,0.0,6259.490551189199,9760.943243235428,0.0
1,420,0.0,13165.948817312485,22795.995005428766,1.3851692175253981e-16
1,421,2.220446049250313e-16,13512.371871408803,23312.365518804185,1.376093781707045e-16
1,422,0.0,13469.083258203129,23084.63168800778,0.0
1,423,0.0,13128.374795682234,22708.037405236857,0.0
1,424,1.1102230246251565e-16,13358.47975338177,23044.447290730062,1.3801106552316075e-16
1,425,1.1102230246251565e-16,14096.181991454272,24428.304873113208,0.0
1,426,1.1102230246251565e-16,8938.914666418154,14513.357753513637,0.0
1,427,0.0,8801.003275038805,14151.706011178821,1.5107061455453004e-16
1,428,1.1102230246251565e-16,9336.845478699652,15288.950167090234,1.4940834440860727e-16
1,429,2.220446049250313e-16,9332.899316661315,15144.933633318296,1.4942045233171066e-16
1,430,0.0,9372.331308382425,15306.693774051939,1.49299552107801e-16
1,431,1.1102230246251565e-16,9103.601200369601,14770.788720041364,0.0
1,432,1.1102230246251565e-16,8092.406778975725,12975.349892389155,0.0
1,433,2.220446049250313e-16,8330.59427284434,13399.896720725528,1.5256068946577157e-16
1,434,2.220446049250313e-16,8648.161066013214,13917.311680089688,1.515515574850599e-16
1,435,0.0,8344.326389996946,13433.23902656841,1.525167750008309e-16
1,436,0.0,8916.977532147008,14318.605741485117,0.0
1,437,1.1102230246251565e-16,8724.771350460745,14025.622886008827,0.0
1,438,1.1102230246251565e-16,8380.270587168547,13330.063278962309,0.0
1,439,1.1102230246251565e-16,8733.562514988414,14039.012833987988,0.0
1,440,0.0,8212.393989104385,13118.454324608923,1.5293973495661864e-16
1,441,2.220446049250313e-16,8365.681495113051,13280.210867546804,0.0
1,442,1.1102230246251565e-16,8389.360778273789,13378.108261662235,1.5237293504069865e-16
1,443,0.0,8684.25307301787,13874.491079346955,0.0
1,444,0.0,8375.206155842134,13514.002077036917,0.0
1,445,4.440892098500626e-16,8701.524666141813,14086.96849629941,0.0
1,446,1.1102230246251565e-16,8291.523528224774,13321.09457781003,0.0
1,447,1.1102230246251565e-16,8462.948127217212,13529.603466672927,3.042769596457625e-16
1,448,2.220446049250313e-16,8323.09275498039,13398.9389968632,0.0
1,449,3.3306690738754696e-16,8447.773947658621,13426.543380198676,0.0
1,450,1.1102230246251565e-16,8351.932106021719,13631.0016843157,0.0
1,451,1.1102230246251565e-16,8365.35135802022,13247.248994182877,1.5244958741284814e-16
1,452,2.220446049250313e-16,8673.007152302525,13933.67019478382,1.5147316689416177e-16
1,453,1.1102230246251565e-16,8379.89646335772,13327.150906476969,1.5240314156628212e-16
1,454,2.220446049250313e-16,8792.851757511802,14052.211095890061,1.5109618756218263e-16
1,455,1.1102230246251565e-16,8212.017934843389,13113.145644926473,3.0588188779159855e-16
1,456,1.1102230246251565e-16,8464.599427166264,13652.334923108956,3.042664538500297e-16
1,457,0.0,8378.59758180227,13507.47523721172,0.0
1,458,1.1102230246251565e-16,8221.938137525416,12990.332985169782,1.5290905882641826e-16
1,459,0.0,8701.254605126262,13921.623496495626,1.5138414327944617e-16
1,460,1.1102230246251565e-16,8397.979964750179,13549.019548906885,0.0
1,461,0.0,8611.246282483939,13695.454422521063,1.5166817533536074e-16
1,462,1.1102230246251565e-16,8515.674530700751,13572.314405584553,1.5197093246296378e-16
1,463,1.1102230246251565e-16,8590.621933050148,13835.936675747223,0.0
1,464,1.1102230246251565e-16,8398.706179757857,13429.8585080269,1.5234311978889792e-16
1,465,3.3306690738754696e-16,8016.173379895656,12827.884743094784,3.0714630501275824e-16
1,466,1.1102230246251565e-16,8223.28900930233,13166.397142571277,0.0
1,467,1.1102230246251565e-16,8038.030822308603,12807.15916142235,0.0
1,468,0.0,8649.136503129463,14087.23474588493,1.5154847840415354e-16
1,469,0.0,8453.95761261198,13644.747334444595,1.521670856286704e-16
1,470,1.1102230246251565e-16,8206.75262793433,13071.201418841565,0.0
1,471,3.3306690738754696e-16,8289.826081369305,13293.095170669356,0.0
1,472,1.1102230246251565e-16,8670.831427488753,13886.506702441502,1.5148002817012284e-16
1,473,0.0,8267.662774925302,13198.862606796256,1.527622644520369e-16
1,474,0.0,8561.867828521295,13719.94171844596,0.0
1,475,1.1102230246251565e-16,8227.356262891968,13149.425796401274,1.5289164974440325e-16
1,476,1.1102230246251565e-16,8330.880510193427,13434.388318809235,0.0
1,477,2.220446049250313e-16,8546.002425069637,13767.430930767488,1.518747273535461e-16
1,478,1.1102230246251565e-16,8418.532199316534,13420.150063289213,0.0
1,479,1.1102230246251565e-16,8735.46402013392,13973.807449128146,0.0
1,480,1.1102230246251565e-16,12478.880614644855,21737.51927400776,0.0
1,481,1.1102230246251565e-16,12125.772133367209,21038.932616655205,1.4622978789499353e-16
1,482,1.1102230246251565e-16,11825.203165852363,20502.112143573806,0.0
1,483,1.1102230246251565e-16,12265.487225075078,21312.019924819306,0.0
1,484,1.1102230246251565e-16,12060.592469831674,21057.399333836693,0.0
1,485,0.0,12403.055982054066,21560.694066965316,1.4541940061937615e-16
1,486,1.1102230246251565e-16,9700.630483765482,16392.801526816736,0.0
1,487,0.0,10134.85742261538,17183.464993467187,0.0
1,488,0.0,9554.75758702313,15996.188764262719,0.0
1,489,0.0,9521.684368963928,16111.37958091741,0.0
1,490,0.0,9969.53938152983,16755.630409613364,0.0
1,491,0.0,9536.33070716563,16069.08706430599,0.0
1,492,1.1102230246251565e-16,8867.553366699052,14635.294968650946,0.0
1,493,1.1102230246251565e-16,9163.567847622515,15265.31675572508,0.0
1,494,1.1102230246251565e-16,8968.270937799636,14908.106726094808,0.0
1,495,0.0,9231.161213441104,15401.662665712347,0.0
1,496,0.0,9214.699330956842,15293.280733444626,1.553167129710529e-16
1,497,1.1102230246251565e-16,9134.741689791495,15371.23304066524,0.0
1,498,0.0,8971.245434822253,14940.94752782111,0.0
1,499,0.0,8733.200130962163,14508.003406810032,0.0
1,500,1.1102230246251565e-16,8755.064216199455,14266.502209890632,0.0
1,501,1.1102230246251565e-16,8973.488605549552,14838.949150551649,1.561205810884171e-16
1,502,0.0,8762.197732279055,14704.510667277189,1.5683160519326782e-16
1,503,1.1102230246251565e-16,8612.256939026469,14204.57169324285,0.0
1,504,2.220446049250313e-16,8901.442280848845,14676.14926453337,0.0
1,505,0.0,8769.808091718529,14555.849677400085,0.0
1,506,1.1102230246251565e-16,8875.068711075946,14720.108265906034,0.0
1,507,0.0,9705.20911053713,16214.63617910143,1.5370729010655012e-16
1,508,0.0,9223.284018982646,15336.279690033902,0.0
1,509,1.1102230246251565e-16,9000.514229029519,14930.93785744794,0.0
1,510,2.220446049250313e-16,8818.816766437041,14719.477185174195,1.5664043957886723e-16
1,511,1.1102230246251565e-16,8780.852651260291,14794.213068917,1.5676856815703048e-16
1,512,2.220446049250313e-16,8356.600834918936,13820.30771845048,0.0
1,513,2.220446049250313e-16,8879.877790139275,14770.311638666262,1.5643479788179732e-16
1,514,1.1102230246251565e-16,9067.184888184187,14997.011261828631,1.5580733888553352e-16
1,515,2.220446049250313e-16,8917.975043101163,14811.180213825715,0.0
1,516,0.0,8755.921119424529,14499.108975651654,0.0
1,517,1.1102230246251565e-16,9354.12914533649,15521.211790381378,0.0
1,518,0.0,8591.880551959213,14219.832599536927,0.0
1,519,0.0,8872.519933018157,14698.34296847917,0.0
1,520,2.220446049250313e-16,8868.337587451722,14771.663685443216,0.0
1,521,1.1102230246251565e-16,8907.468299096814,14794.930284426884,1.5634205539559416e-16
1,522,0.0,8996.56413012014,14929.871938636485,0.0
1,523,1.1102230246251565e-16,9071.88281420782,15118.26423231417,0.0
1,524,0.0,9040.244703099546,14955.46539727383,0.0
1,525,1.1102230246251565e-16,8610.798370113334,14227.766626358756,0.0
1,526,2.220446049250313e-16,9007.435246845547,14856.727396228327,0.0
1,527,0.0,9245.977234239239,15317.137538694631,0.0
1,528,1.1102230246251565e-16,8869.462681722558,14522.894181248084,1.5646983574613407e-16
1,529,0.0,8930.862927585782,14775.99384345299,0.0
1,530,0.0,8752.779907905191,14556.151084884012,0.0
1,531,1.1102230246251565e-16,8967.006668314178,14936.564433736125,1.561422978661501e-16
1,532,1.1102230246251565e-16,8497.751466215836,13960.27307847604,0.0
1,533,0.0,9183.54460684643,15201.823468844806,0.0
1,534,3.3306690738754696e-16,8966.022225044493,14878.867882624887,1.5614559662707528e-16
1,535,1.1102230246251565e-16,8918.988050909902,14839.6794536098,0.0
1,536,0.0,9306.847628796779,15537.388087300036,0.0
1,537,2.220446049250313e-16,8570.268504416032,14166.523108273168,0.0
1,538,0.0,8888.369689151892,14709.624229885583,0.0
1,539,1.1102230246251565e-16,9067.922846376176,15113.156748796246,0.0
1,540,2.220446049250313e-16,16206.141939556714,28961.046801558452,1.3014054920474763e-16
1,541,1.1102230246251565e-16,16562.57115731843,29579.531060255824,0.0
1,542,1.1102230246251565e-16,16443.541813725336,29380.34271739638,1.2959027977448989e-16
1,543,1.1102230246251565e-16,16204.641013128152,28919.61750676554,2.602880861403606e-16
1,544,2.220446049250313e-16,16320.51758109399,29094.518659013986,1.2987485560340083e-16
1,545,0.0,16616.716148451414,29626.152570997612,1.2919180506637318e-16
1,546,2.220446049250313e-16,11293.169985640976,19261.656407345792,0.0
1,547,2.220446049250313e-16,10897.77698237088,18561.744686787817,1.4379336029598786e-16
1,548,0.0,11199.023088843838,19167.487290140358,1.429423573667745e-16
1,549,1.1102230246251565e-16,11588.488828656446,19680.90990037478,0.0
1,550,1.1102230246251565e-16,11763.754425768995,20228.007451840025,1.4137386718308234e-16
1,551,0.0,11818.887816062786,20388.13286436389,0.0
1,552,0.0,9717.132892136033,16233.452039406795,0.0
1,553,1.1102230246251565e-16,9484.087226836047,16048.233188002378,2.9585238674797173e-16
1,554,1.1102230246251565e-16,9784.291623628851,16428.831841722134,1.4702881740793824e-16
1,555,0.0,9780.13014563774,16607.55677796271,1.4704118254380052e-16
1,556,0.0,10625.672257123086,17916.473184054114,0.0
1,557,0.0,9533.983155641086,15952.433705593208,1.4777628538501124e-16
1,558,0.0,9908.751787518726,16667.594433668666,0.0
1,559,0.0,9585.55565256816,16172.975843027192,1.4762165927640927e-16
1,560,2.220446049250313e-16,9630.753664917778,16094.398240685381,1.474864111472322e-16
1,561,0.0,9382.84539423835,15639.273946537496,1.4823130225066306e-16
1,562,0.0,9687.37775639438,16188.61102338994,0.0
1,563,2.220446049250313e-16,9440.669127538917,15798.299196633856,1.4805688698045547e-16
1,564,1.1102230246251565e-16,9274.708105553633,15654.466717347563,1.4855858490884044e-16
1,565,1.1102230246251565e-16,9365.897651164363,15716.49472376513,2.965650001568151e-16
1,566,0.0,9454.335027460118,15773.102244884638,0.0
1,567,1.1102230246251565e-16,9619.94709031684,16127.852324145071,1.475187256185676e-16
1,568,0.0,9163.050446458052,15295.93153371632,0.0
1,569,1.1102230246251565e-16,9175.92109445326,15327.218878941903,0.0
1,570,2.220446049250313e-16,9306.750064415995,15407.538324750956,1.4846145781981987e-16
1,571,1.1102230246251565e-16,9424.374526803957,15742.171117624492,0.0
1,572,1.1102230246251565e-16,9331.544561131042,15558.162425111983,1.4838638669601034e-16
1,573,1.1102230246251565e-16,9441.527635805469,15820.95189656588,0.0
1,574,2.220446049250313e-16,9663.845810272825,16250.38605509128,2.9477509002482124e-16
1,575,2.220446049250313e-16,9316.37948162311,15541.317724891343,1.4843229349263236e-16
1,576,2.220446049250313e-16,9525.634954482004,15819.484733511203,1.4780134566267672e-16
1,577,1.1102230246251565e-16,9360.527894809748,15541.575132059033,0.0
1,578,2.220446049250313e-16,9458.522592243178,15799.817605074688,2.9600623599361867e-16
1,579,0.0,9130.515610853392,15110.397957931784,2.9799449073522213e-16
1,580,1.1102230246251565e-16,9176.419249909966,15254.8117194102,0.0
1,581,1.1102230246251565e-16,9549.888463506293,16177.783580817162,0.0
1,582,2.220446049250313e-16,9964.662209672737,16658.984657639834,1.46494867606151e-16
1,583,1.1102230246251565e-16,9350.81201901612,15653.639858275743,0.0
1,584,1.1102230246251565e-16,9634.23436286678,16056.7708190038,0.0
1,585,1.1102230246251565e-16,9472.563483271078,15887.313557296771,0.0
1,586,1.1102230246251565e-16,9151.20128746509,15157.400989596425,0.0
1,587,2.220446049250313e-16,9524.14793093381,15975.320728484678,1.4780581041714602e-16
1,588,1.1102230246251565e-16,9386.147683673371,15701.036859360946,1.4822133040367783e-16
1,589,1.1102230246251565e-16,9259.116740892037,15373.987231767682,0.0
1,590,1.1102230246251565e-16,9544.350018382036,16138.181069011698,1.4774517715891712e-16
1,591,0.0,9652.960607246001,16074.012314017311,1.4742005102621966e-16
1,592,0.0,9183.355456167548,15330.252689554043,0.0
1,593,1.1102230246251565e-16,9316.804086179283,15489.26635813245,1.484310077693047e-16
1,594,0.0,8992.604532400313,14939.67616914239,0.0
1,595,1.1102230246251565e-16,9336.774588682638,15548.472868183086,1.483705612625052e-16
1,596,1.1102230246251565e-16,9334.270192098702,15549.723354488859,1.4837813884374433e-16
1,597,0.0,8884.059053400619,14679.721416603124,1.4975304052630627e-16
1,598,2.220446049250313e-16,9294.589835897837,15632.463960783312,1.4849830351788713e-16
1,599,0.0,9165.990767261937,15210.950115374555,1.4888908323199945e-16
1,600,0.0,14669.328901397785,25453.662168846422,1.320288408294901e-16
1,601,2.220446049250313e-16,14053.980855387723,24429.00631226232,0.0
1,602,1.1102230246251565e-16,14686.483976034535,25619.663954362066,0.0
1,603,2.220446049250313e-16,14325.151485041126,24827.304810967955,1.3285859736766916e-16
1,604,2.220446049250313e-16,14283.609547463959,24929.616835598117,1.3295945423515724e-16
1,605,1.1102230246251565e-16,14462.46113767405,25107.882254897027,0.0
1,606,2.220446049250313e-16,11918.438909861638,20487.031167829326,1.3896564308911079e-16
1,607,1.1102230246251565e-16,11767.858109340428,20015.741384020886,1.3936645918082069e-16
1,608,1.1102230246251565e-16,11937.715519023724,20243.350229251904,0.0
1,609,1.1102230246251565e-16,12336.626873690679,21188.14948854498,0.0
1,610,1.1102230246251565e-16,11990.286437731062,20429.776784426896,1.3877521061678772e-16
1,611,1.1102230246251565e-16,12265.239091203097,20899.047384807964,0.0
1,612,0.0,11408.558511042036,19236.589396230578,2.806644966558837e-16
1,613,2.220446049250313e-16,11172.621243958842,18832.03149658038,1.4097375642098554e-16
1,614,1.1102230246251565e-16,11162.168670053943,18845.13637609667,0.0
1,615,0.0,11284.605508977082,19025.36438666076,1.4066854406714826e-16
1,616,1.1102230246251565e-16,11301.66466809169,19044.838209683727,0.0
1,617,1.1102230246251565e-16,11339.349124188462,19143.071171336713,2.8103964230039984e-16
1,618,1.1102230246251565e-16,11425.312998498062,19333.75023422933,0.0
1,619,2.220446049250313e-16,11580.367644372272,19493.29296881981,0.0
1,620,3.3306690738754696e-16,11088.450690412777,18649.200777320017,0.0
1,621,2.220446049250313e-16,11267.021185058737,18986.824891067325,0.0
1,622,1.1102230246251565e-16,11355.644640703234,19281.267282945257,0.0
1,623,0.0,11171.91337816068,18764.017271421813,0.0
1,624,0.0,11365.638878716403,19077.09747497649,1.4044851104151239e-16
1,625,3.3306690738754696e-16,11215.785937601715,18819.358666563967,2.8171190920971525e-16
1,626,1.1102230246251565e-16,11015.077256380508,18422.465899183702,1.4140539068390706e-16
1,627,1.1102230246251565e-16,11136.715439693304,18790.549184847827,0.0
1,628,0.0,11408.273264067728,19360.956160198282,1.4033302038294543e-16
1,629,0.0,10929.90070008571,18475.224541961423,1.416398574882105e-16
1,630,1.1102230246251565e-16,11529.223306799984,19599.767457513473,0.0
1,631,1.1102230246251565e-16,11353.171905191244,18963.290296068782,0.0
1,632,0.0,10691.434346272436,18001.515690609263,0.0
1,633,1.1102230246251565e-16,10863.176071994749,18311.444460181603,0.0
1,634,1.1102230246251565e-16,11338.669935035257,19053.75802562281,0.0
1,635,0.0,10993.65129305589,18556.944022564767,1.4146429715536832e-16
1,636,1.1102230246251565e-16,10960.42427169704,18468.208920796416,0.0
1,637,1.1102230246251565e-16,11074.690485058498,18533.47058289601,1.4124175366810582e-16
1,638,1.1102230246251565e-16,11045.036899298604,18488.209509930934,1.4132310474889845e-16
1,639,0.0,11160.455997999205,18733.53401632202,0.0
1,640,0.0,11177.209064412586,18691.853561688265,0.0
1,641,1.1102230246251565e-16,11264.996972249137,18964.107173681343,2.814437830384909e-16
1,642,1.1102230246251565e-16,11422.946157384453,19204.854135046968,1.4029331746218122e-16
1,643,1.1102230246251565e-16,11451.074242576695,19361.336138272738,2.8043453867868665e-16
1,644,1.1102230246251565e-16,11418.965649258585,19258.713143619305,1.4030408597323504e-16
1,645,0.0,11151.973248557486,18746.601412978092,0.0
1,646,1.1102230246251565e-16,11537.650368420203,19368.02413336762,0.0
1,647,3.3306690738754696e-16,11368.802461988882,19152.98114482686,0.0
1,648,0.0,11050.869583446402,18540.32299875183,0.0
1,649,1.1102230246251565e-16,11315.837711037864,19037.49871954279,1.405836564637358e-16
1,650,1.1102230246251565e-16,11261.80819356037,19010.867713124884,1.4073057081188533e-16
1,651,1.1102230246251565e-16,11105.978481756843,18890.343958204474,1.411560202570529e-16
1,652,2.220446049250313e-16,11257.88156435026,18733.427466319197,1.4074125987437734e-16
1,653,1.1102230246251565e-16,11276.116978352999,19004.680142515077,1.4069163320001885e-16
1,654,1.1102230246251565e-16,11477.649091601073,19400.637811228476,1.4014549630676549e-16
1,655,0.0,10865.616142246829,18182.06583604435,0.0
1,656,2.220446049250313e-16,10892.22990543813,18371.564450251928,1.4174380262660862e-16
1,657,1.1102230246251565e-16,10908.172767587428,18362.738578576613,1.4169979282352113e-16
1,658,0.0,11083.491646287905,18588.967088356872,1.412176267513207e-16
1,659,2.220446049250313e-16,11143.288786846453,18735.64979924173,1.410539208528112e-16
1,660,1.1102230246251565e-16,20196.475962369208,35045.97226597314,1.1886422277508152e-16
1,661,2.220446049250313e-16,20409.189598072655,35397.28257526649,0.0
1,662,0.0,20831.102901487815,36216.809395165394,1.1764452781602374e-16
1,663,2.220446049250313e-16,19566.035710957498,33911.08055305597,0.0
1,664,0.0,20660.22706037786,35989.187450919606,0.0
1,665,1.1102230246251565e-16,19905.125101090045,34335.735190013336,1.194326835351139e-16
1,666,1.1102230246251565e-16,15023.317630067992,25393.949362251184,0.0
1,667,0.0,15096.921361751098,25469.19218580732,0.0
1,668,0.0,15175.676392487738,25590.887927890497,1.294849211692956e-16
1,669,1.1102230246251565e-16,15400.434061739958,26066.249796686236,1.289690644337799e-16
1,670,0.0,15224.381411377733,25650.575675707245,0.0
1,671,0.0,14751.168811949341,24722.697580266366,1.3047058105669932e-16
1,672,1.1102230246251565e-16,12804.44480748885,21367.20197107703,0.0
1,673,1.1102230246251565e-16,13114.031400367043,21981.01085598913,0.0
1,674,1.1102230246251565e-16,12593.49710780305,21101.440103988705,0.0
1,675,2.220446049250313e-16,12677.21128410686,21113.773201446642,0.0
1,676,1.1102230246251565e-16,12907.695794700849,21392.15909205349,0.0
1,677,1.1102230246251565e-16,12850.480526384948,21293.28524421417,0.0
1,678,2.220446049250313e-16,12456.112913103832,20861.810082125994,0.0
1,679,0.0,12300.214959822988,20465.073043268632,1.3646834682022643e-16
1,680,1.1102230246251565e-16,12409.852717551505,20715.595897716998,2.723765857552477e-16
1,681,0.0,12417.187438467066,20836.43019249568,0.0
1,682,1.1102230246251565e-16,12230.277147474502,20312.7700669166,0.0
1,683,1.1102230246251565e-16,12122.598014808158,20198.442540478976,0.0
1,684,1.1102230246251565e-16,12073.374965056631,20079.021765462174,1.3705144949259792e-16
1,685,1.1102230246251565e-16,11873.265085544379,19832.946431622568,2.751399872402974e-16
1,686,1.1102230246251565e-16,12221.217275092451,20459.106212336,0.0
1,687,0.0,12838.45698467471,21385.95086906786,0.0
1,688,2.220446049250313e-16,11814.909237813961,19583.025052300287,0.0
1,689,0.0,11735.574096503442,19485.057573721115,0.0
1,690,1.1102230246251565e-16,12674.067593819716,21185.724542291486,1.35518093277316e-16
1,691,1.1102230246251565e-16,12610.353793892573,20973.340843842932,1.3567910355353038e-16
1,692,1.1102230246251565e-16,12342.274784470748,20518.988260854985,1.3636077495760708e-16
1,693,1.1102230246251565e-16,13055.39992661115,21838.72398844236,0.0
1,694,1.1102230246251565e-16,12615.23563332027,21219.06798469369,1.356667531903982e-16
1,695,0.0,12597.406645690178,21058.02047339767,0.0
1,696,0.0,12101.694402433655,20160.86769931995,0.0
1,697,1.1102230246251565e-16,12725.26925862227,21169.278595527983,0.0
1,698,0.0,12414.203660755476,20696.73512049449,1.3617720272715335e-16
1,699,1.1102230246251565e-16,11982.142907962749,19933.427235168274,1.3728737317350303e-16
1,700,1.1102230246251565e-16,12208.06295892263,20252.413959263078,1.3670462834137388e-16
1,701,0.0,12288.725593257856,20597.06446028716,1.3649776144988696e-16
1,702,1.1102230246251565e-16,11930.976146604939,19853.321362924256,0.0
1,703,1.1102230246251565e-16,12289.914509045324,20624.688598763158,0.0
1,704,1.1102230246251565e-16,12681.38221805259,21098.659389445682,1.354996330407727e-16
1,705,0.0,12286.605695213431,20437.455210804157,1.3650319011615584e-16
1,706,0.0,12169.454551802672,20162.988048804073,0.0
1,707,1.1102230246251565e-16,12145.534114256028,20011.72274045042,0.0
1,708,1.1102230246251565e-16,12197.53990917695,20219.972696999295,0.0
1,709,2.220446049250313e-16,11899.661403448394,19856.72575481077,0.0
1,710,1.1102230246251565e-16,12401.17576520551,20677.90745659842,1.3621041501801337e-16
1,711,1.1102230246251565e-16,12644.909955035197,20905.82426259557,0.0
1,712,1.1102230246251565e-16,12213.70163458692,20309.686889071396,0.0
1,713,2.220446049250313e-16,12296.228130414689,20414.027742342572,0.0
1,714,1.1102230246251565e-16,12110.80168896669,20199.498976697552,1.3695489936339348e-16
1,715,2.220446049250313e-16,12505.67743801268,20937.866235228208,0.0
1,716,0.0,12297.214889485935,20439.188958587845,0.0
1,717,0.0,13041.21551536837,21850.473654263504,0.0
1,718,0.0,12390.518594121691,20764.90378357791,0.0
1,719,2.220446049250313e-16,12388.585083130834,20897.669667405622,0.0
2,0,3.3306690738754696e-16,7644.978809633947,14630.551550682902,0.0
2,1,1.1102230246251565e-16,7507.044787625819,14391.570641148423,0.0
2,2,1.1102230246251565e-16,7704.450014549599,14766.762414237235,0.0
2,3,0.0,7663.895470993208,14652.938269031354,2.9216202619002944e-16
2,4,1.1102230246251565e-16,7507.6821962591275,14358.162539986257,0.0
2,5,1.1102230246251565e-16,7815.326513614375,15001.30147619308,1.4563822706780802e-16
2,6,0.0,3559.162142522029,6665.123103167411,0.0
2,7,0.0,3540.9512779866855,6644.274005630141,1.5926449200343166e-16
2,8,0.0,3632.1065676276703,6830.178244300602,1.5894734256482862e-16
2,9,1.1102230246251565e-16,3738.9416482975284,7000.175363660467,1.5857724361064603e-16
2,10,2.220446049250313e-16,3553.2420150027465,6649.695751426133,1.5922165600805486e-16
2,11,1.1102230246251565e-16,3618.982198056845,6817.573432042047,1.5899292729281107e-16
2,12,2.220446049250313e-16,3512.4750517350403,6595.707096939921,0.0
2,13,0.0,3441.920342673031,6458.6778953598405,0.0
2,14,1.1102230246251565e-16,3621.0605591044805,6815.5929421107085,1.5898570680197306e-16
2,15,1.1102230246251565e-16,3450.0307225638753,6472.818215917033,1.595820880030884e-16
2,16,1.1102230246251565e-16,3495.029440336577,6548.5223434314485,0.0
2,17,0.0,3507.3190086130417,6586.597984152428,1.5938182597500497e-16
2,18,2.220446049250313e-16,3156.4091989067238,5872.598373368451,1.60616448411975e-16
2,19,1.1102230246251565e-16,3317.5052433412857,6210.857907018165,0.0
2,20,2.220446049250313e-16,3366.629722732585,6308.981353290922,1.598745332245012e-16
2,21,2.220446049250313e-16,3246.622875315181,6067.37559993005,1.602972224261695e-16
2,22,1.1102230246251565e-16,3334.739789278792,6235.479152441744,0.0
2,23,2.220446049250313e-16,3351.774968428246,6296.941873453155,1.5992673384554206e-16
2,24,0.0,3304.6582675219834,6186.158388012706,0.0
2,25,0.0,3190.6923417290745,5982.794432281187,1.6049498598485407e-16
2,26,0.0,3219.519846160423,6015.779276879342,1.603929945381596e-16
2,27,0.0,3220.8157699945295,6035.102201559449,1.6038841261605383e-16
2,28,0.0,3302.102147851743,6186.671390514728,0.0
2,29,0.0,3288.4142683854516,6146.110017888664,0.0
2,30,1.1102230246251565e-16,3185.13317887186,5953.902929093172,0.0
2,31,0.0,3184.05391240475,5944.916355780214,1.6051849106374786e-16
2,32,1.1102230246251565e-16,3202.096721927599,5980.021105907528,0.0
2,33,2.220446049250313e-16,3210.9295431835053,5985.06126031436,1.604233733903835e-16
2,34,2.220446049250313e-16,3134.657879504106,5859.811832887782,1.6069360696291968e-16
2,35,0.0,3147.4892400160243,5878.342333897173,0.0
2,36,1.1102230246251565e-16,3216.053391126734,6011.542213056002,0.0
2,37,0.0,3189.5635657530074,5961.535381355768,0.0
2,38,2.220446049250313e-16,3242.038645273955,6062.278597823268,1.6031341336755909e-16
2,39,0.0,3209.36163706972,5990.601948900778,1.6042891939460514e-16
2,40,0.0,3191.1408448009824,5960.999458443017,0.0
2,41,2.220446049250313e-16,3238.739415035161,6036.490509568034,1.6032506787053922e-16
2,42,0.0,3184.1615127408513,5971.0409831909665,1.6051811002198862e-16
2,43,1.1102230246251565e-16,3305.157438094604,6191.898727458505,1.6009077260263469e-16
2,44,1.1102230246251565e-16,3172.388089460226,5925.3602562904625,1.605598136166354e-16
2,45,0.0,3220.9417144288964,6006.466088120598,1.6038796733564021e-16
2,46,0.0,3131.9560203980873,5896.283704369381,0.0
2,47,0.0,3214.9482594940855,6012.283487089052,1.6040916012063308e-16
2,48,2.220446049250313e-16,3135.9511223659065,5841.863599064122,1.6068901736411638e-16
2,49,0.0,3272.4664897964467,6115.568608427883,0.0
2,50,0.0,3326.1050031615814,6218.476038228304,0.0
2,51,1.1102230246251565e-16,3215.316766996606,6012.16021839012,1.6040785692092124e-16
2,52,1.1102230246251565e-16,3281.0846625750855,6137.755053920325,1.6017561221953394e-16
2,53,3.3306690738754696e-16,3226.4628792854273,6029.802192348963,3.2073689903489236e-16
2,54,0.0,3213.9584528512496,5992.671739245318,1.6041266060393827e-16
2,55,2.220446049250313e-16,3247.9818058578676,6064.0791447900965,1.6029242347764505e-16
2,56,1.1102230246251565e-16,3184.036088957939,5944.140292067074,1.6051855418154627e-16
2,57,0.0,3110.491056840161,5815.543555673566,0.0
2,58,0.0,3193.614165380648,5972.500999797808,0.0
2,59,1.1102230246251565e-16,3264.8561552305255,6107.616160620403,0.0
2,60,1.1102230246251565e-16,8675.183140763584,16019.528983951519,1.541558900196612e-16
2,61,3.3306690738754696e-16,8442.738041992438,15576.296259236104,3.0983767479580113e-16
2,62,1.1102230246251565e-16,8465.460572488017,15606.155088752874,1.5484392306275922e-16
2,63,2.220446049250313e-16,8658.699126885847,16035.264301818524,1.542097473422677e-16
2,64,0.0,8500.152141740524,15670.372630012704,1.5472968742805607e-16
2,65,3.3306690738754696e-16,8625.083147384466,15929.951001868018,0.0
2,66,2.220446049250313e-16,5950.2324638814825,10728.19570545111,1.6360117409763931e-16
2,67,2.220446049250313e-16,5926.2310758584135,10697.252824944922,3.273790265990233e-16
2,68,1.1102230246251565e-16,5842.598943358746,10541.008726124039,0.0
2,69,1.1102230246251565e-16,6190.116965257119,11161.960351169482,1.6272346896229125e-16
2,70,0.0,5985.02478180021,10751.70466810708,3.2694657418675574e-16
2,71,2.220446049250313e-16,5836.23694381721,10540.425413279523,1.6402159574798498e-16
2,72,0.0,5377.912487438392,9651.17820566419,1.6573395704775172e-16
2,73,2.220446049250313e-16,5303.605385586074,9515.999916911118,1.6601495222565817e-16
2,74,2.220446049250313e-16,5284.369175839427,9459.436910085058,1.6608785002391747e-16
2,75,0.0,5284.617758254251,9480.735692452103,1.66086907584365e-16
2,76,0.0,5287.068053633244,9480.808047200386,0.0
2,77,1.1102230246251565e-16,5256.791981242321,9415.228284382598,1.6619246867728612e-16
2,78,0.0,5139.994491284109,9222.07216862724,1.6663702438451776e-16
2,79,0.0,5274.472678997699,9472.34081102061,1.6612537886710442e-16
2,80,1.1102230246251565e-16,5186.439872132898,9296.184672274232,1.6645995900558078e-16
2,81,2.220446049250313e-16,5432.719379162387,9738.067086261257,1.6552731144281332e-16
2,82,1.1102230246251565e-16,5256.351031753831,9368.852198712559,1.6619414256273847e-16
2,83,3.3306690738754696e-16,5387.777972718497,9654.011159751559,3.3139344369247776e-16
2,84,2.220446049250313e-16,5336.947581402368,9565.050768859179,1.658887496623781e-16
2,85,1.1102230246251565e-16,5245.087414614893,9400.005342393115,3.324738234798029e-16
2,86,1.1102230246251565e-16,5300.033616088265,9486.449593852469,1.6602848301299544e-16
2,87,2.220446049250313e-16,5157.045745269897,9229.276079536789,3.331439510755326e-16
2,88,2.220446049250313e-16,5249.824188935927,9428.30779078064,0.0
2,89,0.0,5186.859442593064,9305.710066860618,1.6645836117716048e-16
2,90,1.1102230246251565e-16,5220.126646443816,9356.899134397403,0.0
2,91,1.1102230246251565e-16,5472.992664873207,9801.507750791347,1.6537579195249445e-16
2,92,1.1102230246251565e-16,5263.988736179228,9429.744970951027,1.6616515388847219e-16
2,93,1.1102230246251565e-16,5252.237322581808,9415.067524110515,0.0
2,94,1.1102230246251565e-16,5207.180643654006,9346.624575834929,1.6638100970519819e-16
2,95,0.0,5287.76578940219,9487.71218784093,0.0
2,96,1.1102230246251565e-16,5262.841962837287,9428.740671776857,0.0
2,97,0.0,5302.690009137987,9505.063011646374,1.6601841969838692e-16
2,98,3.3306690738754696e-16,5268.983110909037,9424.155869833758,0.0
2,99,1.1102230246251565e-16,5274.122189479378,9438.836730757135,1.6612670828131981e-16
2,100,3.3306690738754696e-16,5209.082256515678,9332.921879673086,0.0
2,101,2.220446049250313e-16,5261.5944263206475,9398.199153387637,1.6617424033027762e-16
2,102,1.1102230246251565e-16,5266.884027647648,9426.985501561543,1.6615416754118844e-16
2,103,3.3306690738754696e-16,5384.5568047337365,9614.802403580177,1.6570887762831788e-16
2,104,1.1102230246251565e-16,5223.102244306669,9342.777860091277,0.0
2,105,0.0,5214.667854074571,9332.690401879709,1.6635252819330297e-16
2,106,2.220446049250313e-16,5263.977029427086,9428.799901513448,1.6616519831335464e-16
2,107,2.220446049250313e-16,5370.687217198392,9627.55493065564,1.657612379303058e-16
2,108,0.0,5098.172564159431,9158.398896496354,0.0
2,109,0.0,5262.394290260272,9446.600784478544,1.661712047241e-16
2,110,0.0,5249.831766139956,9375.887879485326,1.6621889423908012e-16
2,111,1.1102230246251565e-16,5279.534172100823,9497.36324174527,1.6610618288786082e-16
2,112,2.220446049250313e-16,5243.2215497319485,9413.559704135196,0.0
2,113,0.0,5276.443133192821,9456.808823257774,1.6611790528837563e-16
2,114,3.3306690738754696e-16,5161.316334625917,9242.959555774498,1.6655569161373827e-16
2,115,1.1102230246251565e-16,5332.51571098937,9527.648917507679,0.0
2,116,3.3306690738754696e-16,5204.886391792621,9311.081399563865,1.6638973904156514e-16
2,117,2.220446049250313e-16,5287.195699669428,9486.090758458715,1.6607713457926942e-16
2,118,1.1102230246251565e-16,5197.553747942926,9333.767519165936,3.328352899229713e-16
2,119,2.220446049250313e-16,5118.509624909821,9145.857010126376,3.3343811879447306e-16
2,120,1.1102230246251565e-16,10152.718347385176,17539.500681621863,0.0
2,121,1.1102230246251565e-16,10099.485176591741,17468.27041095972,1.4802038868798966e-16
2,122,1.1102230246251565e-16,10296.433087615711,17757.756302700447,1.4742968769064662e-16
2,123,0.0,10420.731611900635,18037.227059063054,1.4705930280131649e-16
2,124,1.1102230246251565e-16,10657.57211115674,18392.960244789865,0.0
2,125,3.3306690738754696e-16,9959.134947095226,17151.70055379983,2.9688846889267674e-16
2,126,0.0,7637.027563307391,12867.482848552576,0.0
2,127,0.0,7701.658829549313,13034.032505591995,3.1122246480468446e-16
2,128,3.3306690738754696e-16,7771.376843780272,13140.528763061964,1.553795518100157e-16
2,129,1.1102230246251565e-16,7728.668147010962,13079.217667126408,1.5552139554812982e-16
2,130,1.1102230246251565e-16,7988.595587688324,13442.250174193534,0.0
2,131,1.1102230246251565e-16,7935.234733677338,13283.971703674963,0.0
2,132,1.1102230246251565e-16,7098.42138975409,11981.819282089187,0.0
2,133,1.1102230246251565e-16,6913.204043933263,11710.08553040593,3.1656053582655836e-16
2,134,1.1102230246251565e-16,6951.601059678156,11771.860680148333,1.5814816930045215e-16
2,135,0.0,6932.009018959245,11656.783715065065,1.582155449297574e-16
2,136,1.1102230246251565e-16,7176.290225826451,12023.665098706259,3.147591241122309e-16
2,137,0.0,7187.680038568826,12019.460416532145,3.146815983395583e-16
2,138,1.1102230246251565e-16,7092.8165772673965,11940.688438614545,1.576642314303264e-16
2,139,2.220446049250313e-16,7125.475471053855,11890.32620270072,0.0
2,140,0.0,7118.445069818961,11944.469669389999,1.575767213384734e-16
2,141,0.0,6998.5940567228245,11807.489111091034,0.0
2,142,2.220446049250313e-16,7107.22942397093,11899.160055615424,1.5761500590634295e-16
2,143,0.0,7033.882324980339,11774.961494730507,1.5786583533883112e-16
2,144,1.1102230246251565e-16,7152.823225306813,11945.307137279477,1.5745948741375987e-16
2,145,1.1102230246251565e-16,7214.128178135914,12043.532254238022,1.572508619715634e-16
2,146,2.220446049250313e-16,7091.502748267449,11873.683109413272,3.153374404017008e-16
2,147,1.1102230246251565e-16,6961.946255626361,11722.936830396273,0.0
2,148,2.220446049250313e-16,6970.550216880831,11698.641194739099,1.580830590690844e-16
2,149,1.1102230246251565e-16,7093.589465882673,11873.832538194143,1.5766159093238992e-16
2,150,0.0,7223.495772837821,12102.345239421911,1.5721903201216826e-16
2,151,2.220446049250313e-16,7128.509343699843,11913.72787164887,0.0
2,152,1.1102230246251565e-16,7085.37440364428,11871.136857301406,1.57689661411347e-16
2,153,1.1102230246251565e-16,7309.44162622327,12255.690655305018,0.0
2,154,0.0,6978.263783524031,11738.336795083813,1.5805657022782853e-16
2,155,1.1102230246251565e-16,7175.392676220552,12081.368604528243,3.1476523498711884e-16
2,156,0.0,6996.07432664081,11683.745872343086,1.579954416750968e-16
2,157,1.1102230246251565e-16,7008.237540314512,11769.174377046691,1.579537227990779e-16
2,158,0.0,7017.110126210828,11667.7027872389,1.5792330441487907e-16
2,159,1.1102230246251565e-16,7221.157683635756,12086.756136585875,1.5722697535109755e-16
2,160,0.0,7119.298104505913,11939.430650013439,0.0
2,161,1.1102230246251565e-16,6951.844482307148,11613.14107739478,0.0
2,162,1.1102230246251565e-16,7192.53736889665,12171.604282740838,1.5732427405187264e-16
2,163,0.0,6958.181082202631,11695.180594685704,3.162511078868063e-16
2,164,1.1102230246251565e-16,6903.932733533737,11599.67200212864,1.5831219741304995e-16
2,165,0.0,6995.989079977022,11773.907872224181,1.5799573414228483e-16
2,166,1.1102230246251565e-16,6783.191463985117,11318.653963449766,1.5872919810615487e-16
2,167,1.1102230246251565e-16,6955.063303205869,11667.79191058624,0.0
2,168,0.0,6912.698535158539,11639.26949306296,0.0
2,169,3.3306690738754696e-16,7102.313824623343,11851.882016997011,1.5763179115156853e-16
2,170,2.220446049250313e-16,7026.139079586443,11778.204339746033,1.5789236197226352e-16
2,171,1.1102230246251565e-16,7079.7571869215535,11885.865390425031,1.577088609297611e-16
2,172,1.1102230246251565e-16,6999.964992828311,11706.3257908299,1.5798209459596985e-16
2,173,0.0,6820.493804457292,11419.703582286187,0.0
2,174,1.1102230246251565e-16,7285.813498401767,12195.96658192312,1.5700761143280032e-16
2,175,0.0,7026.259029381399,11767.4997771185,1.578919509830138e-16
2,176,0.0,7105.9154007166435,12001.972067865809,1.5761949253760508e-16
2,177,2.220446049250313e-16,6954.836411035947,11681.906315519082,1.5813704867818028e-16
2,178,0.0,7000.7828042721085,11724.142009215711,3.159585786987165e-16
2,179,1.1102230246251565e-16,7186.0024217925165,12019.088509428677,1.5734650739446145e-16
2,180,2.220446049250313e-16,12915.038845390685,22501.022657503574,0.0
2,181,2.220446049250313e-16,12698.61354324127,22132.208119343937,1.4294895331056314e-16
2,182,0.0,12913.471202719476,22501.186126901346,0.0
2,183,0.0,12935.188991259645,22578.34299109151,0.0
2,184,1.1102230246251565e-16,13489.07313906619,23612.12201243398,0.0
2,185,0.0,13301.775337262989,23184.70543716434,0.0
2,186,1.1102230246251565e-16,9769.693261587381,16424.887132033364,1.516770221797384e-16
2,187,0.0,9865.417837799585,16590.450179177154,0.0
2,188,0.0,9928.300335162327,16616.076007515767,0.0
2,189,1.1102230246251565e-16,9774.517653376584,16458.82055964642,1.516617694237861e-16
2,190,1.1102230246251565e-16,9683.491399927843,16334.982903645672,0.0
2,191,0.0,10067.422187525692,16989.392785735552,0.0
2,192,1.1102230246251565e-16,9169.046982748587,15288.713408126087,0.0
2,193,0.0,9249.47118486082,15367.209686462145,0.0
2,194,1.1102230246251565e-16,9627.603854609893,15956.912644436015,0.0
2,195,1.1102230246251565e-16,8913.0918026184,14876.118798613266,0.0
2,196,1.1102230246251565e-16,9357.535334222273,15541.867327005923,0.0
2,197,1.1102230246251565e-16,9121.533374462495,15095.44348975932,0.0
2,198,0.0,8988.483323245695,14893.074596982691,0.0
2,199,0.0,8905.653172853119,14830.549955137152,0.0
2,200,0.0,9472.184652859862,15831.246424306695,1.5262358802416287e-16
2,201,0.0,9264.96575469547,15361.193231054322,0.0
2,202,1.1102230246251565e-16,9325.051281191722,15509.144667443503,0.0
2,203,1.1102230246251565e-16,9120.439578449921,15070.363221893866,0.0
2,204,2.220446049250313e-16,9337.922128334707,15620.882916805967,0.0
2,205,0.0,8930.097731742826,14879.777366833125,1.5437903922726556e-16
2,206,2.220446049250313e-16,8766.294885260875,14590.76747542039,0.0
2,207,0.0,9274.324464705227,15428.321552052035,0.0
2,208,1.1102230246251565e-16,9226.372179652564,15420.372417086448,1.534146348749678e-16
2,209,2.220446049250313e-16,8914.702555196789,14775.255589407492,0.0
2,210,0.0,8973.358454713642,14849.45703339998,0.0
2,211,2.220446049250313e-16,9168.868235637601,15127.144092426153,0.0
2,212,2.220446049250313e-16,9253.818014083321,15398.937897364027,0.0
2,213,1.1102230246251565e-16,8953.38016859402,14860.386774770664,0.0
2,214,0.0,9478.10044963217,15723.512742630292,0.0
2,215,1.1102230246251565e-16,9173.843434584123,15299.322828221242,1.5358474169558358e-16
2,216,2.220446049250313e-16,8858.783074518047,14759.376859383996,0.0
2,217,0.0,8835.381158107695,14781.661141655166,0.0
2,218,3.3306690738754696e-16,9328.19779040794,15484.666824008254,1.5308595810475911e-16
2,219,2.220446049250313e-16,8990.114593854014,14911.239276892547,0.0
2,220,2.220446049250313e-16,8995.317050298392,14996.476889435577,1.541657041835813e-16
2,221,2.220446049250313e-16,9445.628640731222,15846.535159395156,0.0
2,222,1.1102230246251565e-16,9107.970595188686,15148.877595460603,0.0
2,223,0.0,9373.208555693484,15550.133284288795,0.0
2,224,0.0,9314.306130373188,15489.649357735238,0.0
2,225,1.1102230246251565e-16,9147.961163312364,15200.679283393483,0.0
2,226,2.220446049250313e-16,8958.952060938369,14895.640801916054,1.5428458276274534e-16
2,227,2.220446049250313e-16,9349.708833391305,15591.333429180351,0.0
2,228,0.0,9332.409001092085,15527.875439055597,0.0
2,229,0.0,9051.724087812749,15005.774859889032,0.0
2,230,1.1102230246251565e-16,9222.740659748924,15261.053572699579,0.0
2,231,1.1102230246251565e-16,9090.227476228109,15074.906074881326,0.0
2,232,1.1102230246251565e-16,9407.022317901508,15670.694545305658,1.5283249061552616e-16
2,233,0.0,9275.46353641092,15581.198760013713,0.0
2,234,0.0,8990.58323591535,14901.907617042954,0.0
2,235,1.1102230246251565e-16,9031.629197210146,14902.247650932137,0.0
2,236,0.0,8976.459710783289,14848.387589325297,0.0
2,237,1.1102230246251565e-16,9213.236586101048,15275.312648510237,0.0
2,238,1.1102230246251565e-16,8995.067055899075,14898.033937433014,0.0
2,239,1.1102230246251565e-16,9138.584190137939,15122.661849525422,1.5369913545626795e-16
2,240,3.3306690738754696e-16,14821.331180044886,24586.38729375391,2.632130456230053e-16
2,241,1.1102230246251565e-16,14754.569665282936,24352.603164755998,2.6353127891091143e-16
2,242,1.1102230246251565e-16,14805.69302927496,24395.051489981277,2.6328751932161185e-16
2,243,1.1102230246251565e-16,14787.715085457632,24186.6980682972,1.3168659396339932e-16
2,244,1.1102230246251565e-16,14464.191117862909,23670.56527831994,2.6492443106991697e-16
2,245,1.1102230246251565e-16,14049.434478006202,23033.589385781997,1.334700261940389e-16
2,246,2.220446049250313e-16,11574.852199899527,18427.82734019737,0.0
2,247,0.0,11569.5801713217,18379.928635689947,1.3983099398553616e-16
2,248,2.220446049250313e-16,11419.169797382827,18023.388823993293,2.804727281833345e-16
2,249,1.1102230246251565e-16,11449.310964826393,18258.762309463757,1.401549426157733e-16
2,250,3.3306690738754696e-16,11549.129693291776,18369.679191688607,2.797719444716615e-16
2,251,0.0,11259.427335861845,18061.146650141025,1.4066946659687173e-16
2,252,2.220446049250313e-16,10915.54654190236,17313.42158649161,2.8322190772024853e-16
2,253,1.1102230246251565e-16,10710.928308585506,17032.557200518895,1.4217716821859255e-16
2,254,2.220446049250313e-16,10810.51507818405,17206.77000564439,2.838020595259351e-16
2,255,1.1102230246251565e-16,11156.71780020342,17798.12658585876,1.4094935411826857e-16
2,256,0.0,10817.586146217305,17101.74451253387,2.837629271643387e-16
2,257,1.1102230246251565e-16,10638.001522969673,16814.833915996864,2.847601307488562e-16
2,258,1.1102230246251565e-16,10711.51869526875,16955.56405855583,2.8435105600474466e-16
2,259,2.220446049250313e-16,10479.930267089076,16582.931073906315,1.4282184590576436e-16
2,260,2.220446049250313e-16,10585.362944504275,16783.36279236403,1.4252687683137322e-16
2,261,0.0,10638.347365632908,16786.7229878583,1.4237910180315624e-16
2,262,0.0,10936.265930240283,17210.61811908152,0.0
2,263,1.1102230246251565e-16,10474.37005217676,16595.575265579755,0.0
2,264,2.220446049250313e-16,10850.762789025684,17147.77515147328,1.4178973330156308e-16
2,265,1.1102230246251565e-16,10802.693951385874,17120.8786081951,2.8384535539940483e-16
2,266,1.1102230246251565e-16,10748.59007188498,16986.42489155415,1.4207261179645074e-16
2,267,2.220446049250313e-16,10951.497410125885,17266.816241598095,1.4151193700092895e-16
2,268,1.1102230246251565e-16,10536.81275446125,16684.582472671165,1.4266255423926013e-16
2,269,1.1102230246251565e-16,10728.602535798433,16994.666542583218,2.842561638979372e-16
2,270,0.0,11022.45730628811,17376.66382654009,2.8263380629807626e-16
2,271,1.1102230246251565e-16,10655.245565904464,16812.170060302757,2.846640733587498e-16
2,272,2.220446049250313e-16,10682.591171021035,16975.940687741797,1.4225593916896399e-16
2,273,1.1102230246251565e-16,10886.19321555541,17273.117234516525,0.0
2,274,0.0,10774.62774266702,17065.81914294194,1.420004159932955e-16
2,275,2.220446049250313e-16,10711.30719781897,16875.458641246696,1.4217611558164734e-16
2,276,1.1102230246251565e-16,10668.153901327561,16895.326431768066,1.42296105145392e-16
2,277,0.0,10414.938343583904,16474.02123310278,1.4300428290342798e-16
2,278,2.220446049250313e-16,11099.445073706971,17677.896164549595,1.4110590877425282e-16
2,279,2.220446049250313e-16,10722.589124432554,16890.99093080101,1.4214477906871026e-16
2,280,3.3306690738754696e-16,10790.806635693501,17064.328136064803,2.839111860180632e-16
2,281,3.3306690738754696e-16,10567.872237288946,16686.07887290821,1.4257572626926852e-16
2,282,2.220446049250313e-16,10571.3901948887,16832.19870752066,1.425658983475644e-16
2,283,0.0,10557.98138787353,16668.042175237548,1.4260336504461176e-16
2,284,2.220446049250313e-16,10687.512143686734,16962.58204815491,2.8448450739117567e-16
2,285,1.1102230246251565e-16,10939.144045841276,17374.79854990403,1.4154594535369295e-16
2,286,1.1102230246251565e-16,10600.787852059933,16869.35805424722,1.424838246915132e-16
2,287,2.220446049250313e-16,10701.819242533878,16931.325378952573,2.844049597680041e-16
2,288,0.0,10853.980847394065,17212.54554194656,1.4178084198458393e-16
2,289,0.0,11084.683777655046,17461.815980761334,1.411463150733841e-16
2,290,1.1102230246251565e-16,10634.434984693595,16929.272548778936,2.8478000612753335e-16
2,291,2.220446049250313e-16,10566.147391090228,16713.74912305337,0.0
2,292,1.1102230246251565e-16,10316.081115924186,16296.309314437423,2.8656535525424547e-16
2,293,2.220446049250313e-16,10646.517373663592,16727.01205645172,2.8471268537385194e-16
2,294,1.1102230246251565e-16,10285.964977611904,16249.863687789653,1.433677040957283e-16
2,295,1.1102230246251565e-16,10625.689809697185,16806.43445902712,2.8482875242910735e-16
2,296,1.1102230246251565e-16,10634.592718293941,16964.002140465615,1.4238956353053716e-16
2,297,1.1102230246251565e-16,10575.633940142128,16774.377718073247,2.851080892726e-16
2,298,2.220446049250313e-16,10670.726484465675,16819.360743502013,1.4228894629255955e-16
2,299,1.1102230246251565e-16,10511.704638216986,16466.84281909696,1.4273282227586407e-16
2,300,3.3306690738754696e-16,13280.684232248394,22177.673108178795,0.0
2,301,0.0,13201.862275201609,22096.85033992256,1.4065342302300882e-16
2,302,2.220446049250313e-16,13141.216207165395,22114.058829538426,0.0
2,303,1.1102230246251565e-16,13472.959601859147,22476.56487241684,0.0
2,304,1.1102230246251565e-16,13035.935301984624,21767.801712040367,1.4110603153199262e-16
2,305,1.1102230246251565e-16,12788.568111702487,21314.533717739818,0.0
2,306,0.0,10431.106695134557,16661.285822862606,0.0
2,307,0.0,10701.99342007155,17190.850314748517,0.0
2,308,0.0,10725.760987795416,17083.876937693734,0.0
2,309,0.0,10844.804174699268,17318.014658467146,1.4736824243513526e-16
2,310,1.1102230246251565e-16,10832.228525518716,17306.393035411766,1.4740578800442945e-16
2,311,1.1102230246251565e-16,10324.918311677822,16580.633318808937,0.0
2,312,1.1102230246251565e-16,10151.684124333071,16069.870499942144,0.0
2,313,1.1102230246251565e-16,9839.432066766807,15674.710009872913,0.0
2,314,0.0,10045.556541263482,15803.715784645561,1.4979310384701884e-16
2,315,1.1102230246251565e-16,10062.334659309563,15912.23960597248,1.497413804860231e-16
2,316,0.0,9658.86953351349,15418.856618511707,0.0
2,317,2.220446049250313e-16,9921.513651388195,15752.70890938786,0.0
2,318,1.1102230246251565e-16,9665.22613750086,15305.853018429354,0.0
2,319,0.0,10134.105866287377,15954.70074240517,0.0
2,320,1.1102230246251565e-16,9788.991249271952,15409.470143611195,1.5058851451885975e-16
2,321,1.1102230246251565e-16,9978.427372726837,15804.877044850422,1.5000040674060642e-16
2,322,2.220446049250313e-16,9774.954437941567,15488.11910169737,0.0
2,323,1.1102230246251565e-16,10245.764009162987,16223.266946199701,0.0
2,324,1.1102230246251565e-16,9641.808726630523,15246.014683256823,0.0
2,325,1.1102230246251565e-16,9929.585589740389,15746.029837315184,1.5015159697540643e-16
2,326,0.0,9791.835416660353,15464.785596034015,0.0
2,327,1.1102230246251565e-16,9805.33175653281,15470.463627238707,0.0
2,328,1.1102230246251565e-16,9692.858205892218,15240.477528907124,0.0
2,329,1.1102230246251565e-16,9898.918743079681,15584.91558346074,0.0
2,330,0.0,10208.255511474825,16134.408068538449,0.0
2,331,0.0,9767.409779013746,15496.32567172319,0.0
2,332,2.220446049250313e-16,10247.04094470443,16198.842132577798,0.0
2,333,1.1102230246251565e-16,9968.69346986511,15834.544394096747,0.0
2,334,0.0,9922.968523663905,15716.528541683303,0.0
2,335,0.0,9686.774074027715,15391.548767050284,0.0
2,336,0.0,9973.963987386902,15720.70678789864,1.500142105533679e-16
2,337,1.1102230246251565e-16,9992.276676429043,15736.19852197833,1.4995759147212172e-16
2,338,1.1102230246251565e-16,10182.305478961345,16098.06225226737,0.0
2,339,1.1102230246251565e-16,9849.072219780079,15549.866474148124,0.0
2,340,0.0,10038.643700054781,15852.810599753466,1.4981442505823049e-16
2,341,3.3306690738754696e-16,9668.099867647608,15416.762000954106,0.0
2,342,0.0,9866.128986639647,15505.996821155779,0.0
2,343,0.0,9937.372703552937,15643.522898463027,0.0
2,344,0.0,10086.688110266572,15872.052106202025,0.0
2,345,0.0,10057.320824657407,15864.521315872593,0.0
2,346,2.220446049250313e-16,10157.055549407778,15913.69744153597,0.0
2,347,1.1102230246251565e-16,9728.509088226005,15470.054531202391,0.0
2,348,0.0,9776.336950945013,15534.374467330897,0.0
2,349,2.220446049250313e-16,9744.852873696283,15399.36774363681,0.0
2,350,1.1102230246251565e-16,10222.228087940639,16015.32924606716,0.0
2,351,1.1102230246251565e-16,10212.693032171635,16123.585015160097,1.492794471471856e-16
2,352,0.0,10172.283944187722,15994.531985793881,1.4940331229699628e-16
2,353,0.0,10231.590278194373,16109.480704749312,1.4922159226086936e-16
2,354,1.1102230246251565e-16,10469.073381518909,16492.030217925632,0.0
2,355,1.1102230246251565e-16,10078.5372215311,15872.87031537957,0.0
2,356,1.1102230246251565e-16,10006.016340309092,15796.18799260227,0.0
2,357,1.1102230246251565e-16,9918.169429169175,15675.484768484263,1.50186979771332e-16
2,358,1.1102230246251565e-16,10140.75339672887,15993.02400078951,0.0
2,359,3.3306690738754696e-16,9727.231128035339,15356.110749870686,0.0
2,360,2.220446049250313e-16,15010.734561081816,25809.100849602168,1.3574205055186065e-16
2,361,1.1102230246251565e-16,15759.71254506545,27037.062359748626,2.6774289824828423e-16
2,362,1.1102230246251565e-16,15491.26909934004,26564.447922483574,2.6907187970583585e-16
2,363,1.1102230246251565e-16,15159.668864692772,25889.664773595858,0.0
2,364,0.0,15802.785470901152,27141.3688718873,1.3376543930402526e-16
2,365,0.0,15404.710628506109,26440.138149808157,2.6950322165168704e-16
2,366,0.0,7504.870478632605,12180.98963715216,3.156906557238889e-16
2,367,0.0,7734.827825506494,12579.159164387847,1.570617910484809e-16
2,368,2.220446049250313e-16,7355.08902326828,11987.403793031957,3.167197965974377e-16
2,369,1.1102230246251565e-16,7581.535912707455,12340.846118175446,0.0
2,370,2.220446049250313e-16,7561.268227729866,12387.374394155146,0.0
2,371,1.1102230246251565e-16,7681.203489006613,12628.59862693395,1.572438096922771e-16
2,372,3.3306690738754696e-16,6987.221076044159,11304.301868791252,3.192761060188698e-16
2,373,1.1102230246251565e-16,7098.463204672727,11557.199106194055,0.0
2,374,1.1102230246251565e-16,7369.852870917894,11939.458023854144,1.5830902846800198e-16
2,375,1.1102230246251565e-16,6824.330290379527,11053.507147540337,1.6021063028656213e-16
2,376,2.220446049250313e-16,7245.851140457133,11818.151711254952,1.5873730301693292e-16
2,377,2.220446049250313e-16,7266.505783739114,11764.014974062366,3.1733161135633586e-16
2,378,3.3306690738754696e-16,7144.166180472072,11432.458269831299,1.5909023342474303e-16
2,379,1.1102230246251565e-16,7201.755314617556,11706.681966197826,1.5889015930812222e-16
2,380,1.1102230246251565e-16,7230.494238995176,11666.930393385748,1.5879050366965446e-16
2,381,3.3306690738754696e-16,7109.945355123637,11505.523764951808,1.5920936103719828e-16
2,382,0.0,7211.800577368129,11710.124326618228,1.5885531194806347e-16
2,383,1.1102230246251565e-16,6879.379732471345,11150.26894885773,0.0
2,384,1.1102230246251565e-16,7120.807943535809,11590.201893707868,1.5917152748256075e-16
2,385,2.220446049250313e-16,7230.996102222722,11785.70682724906,1.5878876450976477e-16
2,386,1.1102230246251565e-16,7028.6588129114825,11464.06197240507,1.59493047652393e-16
2,387,1.1102230246251565e-16,7302.722671284595,11842.043014600295,1.5854059401433006e-16
2,388,1.1102230246251565e-16,7248.586990524935,11747.5275584876,3.1745565799783555e-16
2,389,2.220446049250313e-16,7227.4226138949525,11753.436370113975,1.5880114892820252e-16
2,390,0.0,7230.3296610653415,11686.44812147665,0.0
2,391,2.220446049250313e-16,7075.214733121895,11519.962519689183,1.593304458770567e-16
2,392,2.220446049250313e-16,7188.518377742163,11613.00560293862,1.5893610204841173e-16
2,393,1.1102230246251565e-16,7398.818029755566,11960.66090169698,1.5820932195986429e-16
2,394,2.220446049250313e-16,7065.014361819871,11478.769630293686,1.5936604344949195e-16
2,395,0.0,7267.369408214297,11709.79361229985,1.5866281759084471e-16
2,396,1.1102230246251565e-16,6911.762826142272,11197.53661713698,3.198055731664776e-16
2,397,0.0,7382.27994661087,11838.000021943506,1.582662354674655e-16
2,398,2.220446049250313e-16,7427.325377225614,12112.455569081052,1.581113139284929e-16
2,399,2.220446049250313e-16,7282.493542731281,11868.686420322554,3.1722101451503526e-16
2,400,3.3306690738754696e-16,7035.325856682655,11461.78183201639,1.5946974189645783e-16
2,401,1.1102230246251565e-16,7000.252551588979,11342.827896785979,1.5959242283560216e-16
2,402,1.1102230246251565e-16,7292.499487809218,11780.033741561141,0.0
2,403,0.0,7186.3616552686435,11565.667328916348,3.178871802293652e-16
2,404,0.0,7029.293574499876,11438.595824365704,1.5949082844470383e-16
2,405,1.1102230246251565e-16,6980.811320880566,11331.068133732044,3.1932101313863467e-16
2,406,1.1102230246251565e-16,7135.22523053702,11532.928324302886,1.5912134094923262e-16
2,407,1.1102230246251565e-16,7202.213243490107,11769.158741395495,3.177771408092251e-16
2,408,0.0,7143.197938902929,11587.417079020634,1.5909360156211521e-16
2,409,1.1102230246251565e-16,7145.648176342016,11647.713621856892,1.5908507841134557e-16
2,410,0.0,7302.6871366351625,11787.04278232823,3.170814335409115e-16
2,411,2.220446049250313e-16,7196.954296784505,11619.879032697907,1.589068196034198e-16
2,412,1.1102230246251565e-16,6809.435333384099,11063.375615706967,1.6026319256859457e-16
2,413,1.1102230246251565e-16,7138.294769058353,11542.793516576214,1.591106599807215e-16
2,414,0.0,7214.663601089269,11693.853542263814,1.5884538281974586e-16
2,415,0.0,7005.901859950587,11433.048360088158,3.1914529937266135e-16
2,416,1.1102230246251565e-16,7003.595403971864,11341.890151595868,1.5958072192309442e-16
2,417,0.0,7290.607887302911,11848.962974634704,0.0
2,418,2.220446049250313e-16,6948.763529951946,11314.286943007235,1.597728657247366e-16
2,419,0.0,7105.774577947486,11519.440434906624,1.59223892310249e-16
2,420,0.0,14712.391224658008,26239.74105097099,2.66935544495735e-16
2,421,1.1102230246251565e-16,14927.668819171384,26798.53102894489,2.6588556734784636e-16
2,422,1.1102230246251565e-16,14897.139313838306,26787.804009702177,2.660339665154813e-16
2,423,1.1102230246251565e-16,14799.295163141105,26576.103348943212,2.6651068987723257e-16
2,424,1.1102230246251565e-16,14970.094014480557,26856.594178408974,0.0
2,425,0.0,14333.25359189776,25811.070598073482,1.3440251160674708e-16
2,426,1.1102230246251565e-16,9872.869538765226,16787.47923681249,1.4647064411111688e-16
2,427,1.1102230246251565e-16,9817.555714652517,16775.95227948654,1.4663392244774513e-16
2,428,1.1102230246251565e-16,10043.80268895423,17086.922288139685,1.4596836459208763e-16
2,429,1.1102230246251565e-16,9756.913693577888,16550.016982223187,0.0
2,430,3.3306690738754696e-16,9904.280418735223,16724.002290610923,0.0
2,431,1.1102230246251565e-16,10094.487541148337,17194.97500943445,1.458200908901137e-16
2,432,0.0,9008.013724422119,15270.396650297387,1.4906591375557367e-16
2,433,1.1102230246251565e-16,9378.248332156982,15651.92396772699,1.4794373568130666e-16
2,434,1.1102230246251565e-16,8794.209750263464,14889.94098364672,0.0
2,435,1.1102230246251565e-16,9124.139353276238,15375.916743868896,0.0
2,436,1.1102230246251565e-16,9193.977655998628,15545.906964026486,0.0
2,437,1.1102230246251565e-16,9181.120446167457,15526.74117058738,0.0
2,438,2.220446049250313e-16,8752.161998539683,14673.960203992052,1.498513977414888e-16
2,439,1.1102230246251565e-16,8614.639935344348,14558.402645618035,1.502770310661823e-16
2,440,0.0,8952.196605943718,15033.003894093721,0.0
2,441,1.1102230246251565e-16,8796.6310567135,14676.4850307291,1.497142805854328e-16
2,442,1.1102230246251565e-16,8592.449409024084,14390.048873743075,0.0
2,443,2.220446049250313e-16,8802.539827813838,14781.173640039007,0.0
2,444,0.0,8811.447441065793,14724.082269373648,0.0
2,445,1.1102230246251565e-16,8794.032258589847,14708.348641798988,1.497222868892037e-16
2,446,1.1102230246251565e-16,8736.183804448556,14613.94474843893,2.998014534277491e-16
2,447,2.220446049250313e-16,9037.737411530507,15192.035667810334,0.0
2,448,1.1102230246251565e-16,8652.423995422687,14501.078526640606,0.0
2,449,1.1102230246251565e-16,8798.650501046526,14871.095722738188,0.0
2,450,1.1102230246251565e-16,9135.173635589905,15207.813072873158,1.4867857870139923e-16
2,451,2.220446049250313e-16,8705.763134339526,14574.23715445811,1.4999473331798704e-16
2,452,3.3306690738754696e-16,8669.7309832779,14522.22626499014,1.501062332920615e-16
2,453,2.220446049250313e-16,8668.106335428296,14568.83668704169,1.50111264602218e-16
2,454,0.0,8788.489476846858,14829.734442439549,1.4973936579561726e-16
2,455,1.1102230246251565e-16,8804.625962994418,14819.00741768415,0.0
2,456,1.1102230246251565e-16,9129.35250968473,15258.684507313803,1.486962661542992e-16
2,457,1.1102230246251565e-16,8617.041913043075,14425.190772420503,0.0
2,458,1.1102230246251565e-16,8337.53892999061,14029.380274064224,1.511420504853523e-16
2,459,1.1102230246251565e-16,8463.464186615609,14116.663771890291,0.0
2,460,2.220446049250313e-16,8608.849489741922,14453.095683955484,0.0
2,461,1.1102230246251565e-16,8727.309060894942,14652.296536329724,1.49928139459869e-16
2,462,0.0,8617.980107737982,14378.23277624604,1.5026666452267576e-16
2,463,1.1102230246251565e-16,8881.939701155294,14900.715642629768,1.4945193868431026e-16
2,464,1.1102230246251565e-16,8803.19803029408,14650.356142937064,1.4969405305404584e-16
2,465,0.0,8689.616819669718,14580.24673990235,0.0
2,466,1.1102230246251565e-16,8322.929067559096,13941.245508975891,0.0
2,467,0.0,8680.125722132834,14376.96007581298,0.0
2,468,1.1102230246251565e-16,8885.029784379054,14865.10218137373,1.494424532863315e-16
2,469,0.0,9045.53145509964,15104.963263260892,1.4895142326796529e-16
2,470,0.0,8825.023699357269,14655.961478904248,1.4962686508250331e-16
2,471,0.0,8768.9920237279,14679.371212447299,1.4979947403429338e-16
2,472,2.220446049250313e-16,8835.528616088697,14825.63161195768,0.0
2,473,0.0,8712.545458878274,14669.515324446487,1.4997376422193632e-16
2,474,2.220446049250313e-16,8840.739520951545,14858.490928323286,2.9915704591280437e-16
2,475,0.0,8871.681522434163,14827.994502957581,0.0
2,476,1.1102230246251565e-16,8813.001014445028,14841.522182127334,0.0
2,477,1.1102230246251565e-16,8851.403313607982,14948.133553704563,1.4954573873948378e-16
2,478,0.0,9013.131166879968,15085.365075613454,1.490502868146529e-16
2,479,0.0,8722.115392054518,14671.4491751529,1.499441865716699e-16
2,480,0.0,14564.34357115002,26367.342999842902,1.370819707034429e-16
2,481,0.0,14199.127316364917,25684.90837422252,0.0
2,482,0.0,14286.326374094177,26034.41703382708,0.0
2,483,1.1102230246251565e-16,14332.006871321937,26012.15351304786,0.0
2,484,0.0,14366.723992260697,26031.389354793675,1.3759426613683852e-16
2,485,1.1102230246251565e-16,14787.074635319455,26838.57080522079,1.365091315757761e-16
2,486,0.0,10861.533658927343,19075.006284587464,1.4736232447134688e-16
2,487,4.440892098500626e-16,10897.629916237922,19054.839312794207,1.472546711193711e-16
2,488,2.220446049250313e-16,10531.96312201381,18367.913245412517,0.0
2,489,1.1102230246251565e-16,10665.921698374463,18815.701335293823,0.0
2,490,2.220446049250313e-16,10512.678650391405,18333.721148048284,1.4841091786334725e-16
2,491,2.220446049250313e-16,10821.22012238315,19050.222341708155,0.0
2,492,2.220446049250313e-16,9550.105288372433,16638.953497000617,0.0
2,493,0.0,9399.496529607743,16281.925852563081,0.0
2,494,2.220446049250313e-16,9396.721911300257,16251.127794316244,0.0
2,495,0.0,9839.968140154597,17004.709835200167,0.0
2,496,1.1102230246251565e-16,9832.219287947068,16967.38810966454,1.5049979937237442e-16
2,497,0.0,9645.337566155154,16826.691320723807,1.5108382318268815e-16
2,498,0.0,9450.731432965535,16436.081612200403,1.5169682366518602e-16
2,499,0.0,9408.61438511416,16230.403716336268,0.0
2,500,1.1102230246251565e-16,9502.724872762337,16346.827848794805,0.0
2,501,3.3306690738754696e-16,9322.49049281601,16101.364247102678,0.0
2,502,2.220446049250313e-16,9689.292645760666,16777.744396269853,0.0
2,503,0.0,9112.922725648481,15728.53219898537,0.0
2,504,2.220446049250313e-16,9524.798443896754,16462.788044718,1.5146293051634429e-16
2,505,2.220446049250313e-16,9496.900599808461,16437.456375102334,0.0
2,506,3.3306690738754696e-16,9269.078772547771,15985.024571722164,0.0
2,507,0.0,9281.081559650105,16084.017998973755,1.5223528583080535e-16
2,508,2.220446049250313e-16,9213.986200565589,15851.475847629075,0.0
2,509,1.1102230246251565e-16,9568.728603347234,16510.65704404246,0.0
2,510,1.1102230246251565e-16,9493.711891421575,16325.98338816433,0.0
2,511,1.1102230246251565e-16,9562.817823896541,16409.85866139399,1.5134315060261847e-16
2,512,1.1102230246251565e-16,9349.685208815878,16165.893167131591,1.5201708079341134e-16
2,513,0.0,9599.874510629219,16539.899433934897,1.5122658582384693e-16
2,514,2.220446049250313e-16,9545.618022630086,16734.241159720335,0.0
2,515,1.1102230246251565e-16,9464.87454488124,16355.88220986392,0.0
2,516,1.1102230246251565e-16,9413.867023644125,16181.341858884678,1.5181350570577855e-16
2,517,0.0,9134.363947420876,15880.050867652257,0.0
2,518,0.0,9516.371770696016,16294.051433792716,0.0
2,519,1.1102230246251565e-16,9800.22872815311,16903.56577758379,0.0
2,520,1.1102230246251565e-16,9432.933059819617,16344.712843005422,1.5175313610048808e-16
2,521,0.0,9602.12411030267,16577.413434542006,0.0
2,522,1.1102230246251565e-16,9195.547652010908,15843.277089484322,0.0
2,523,2.220446049250313e-16,9593.875661106227,16647.102420965835,0.0
2,524,1.1102230246251565e-16,9376.414744444199,16082.708980971112,0.0
2,525,1.1102230246251565e-16,9373.398826759294,16238.752436442028,0.0
2,526,1.1102230246251565e-16,9408.478743537686,16321.037895376548,0.0
2,527,1.1102230246251565e-16,9330.936809369625,16144.604242151285,0.0
2,528,2.220446049250313e-16,9507.498561892804,16483.507274627013,0.0
2,529,1.1102230246251565e-16,9280.020192681317,15952.323679905014,0.0
2,530,1.1102230246251565e-16,9362.520229197777,16154.942920914724,1.5197632637188725e-16
2,531,1.1102230246251565e-16,9586.468596700797,16467.718360420826,0.0
2,532,0.0,9413.633188787768,16269.688735577924,1.518142464052354e-16
2,533,1.1102230246251565e-16,9327.144997461,16041.445335018245,0.0
2,534,0.0,9409.174376785304,16292.205252246415,1.518283716006031e-16
2,535,0.0,9564.05822668384,16432.575153922473,0.0
2,536,0.0,9392.093367315916,16311.548135922636,0.0
2,537,1.1102230246251565e-16,9290.295997234643,15997.640062897392,0.0
2,538,0.0,9853.375392971924,16958.485193558605,0.0
2,539,0.0,9581.406618732995,16754.28014886157,1.5128465560530494e-16
2,540,1.1102230246251565e-16,14621.059038945474,25737.46241397526,0.0
2,541,2.220446049250313e-16,15281.495083175134,26617.983094700987,1.3526456477565367e-16
2,542,1.1102230246251565e-16,14735.544187606662,25904.688207953586,1.3665151834743413e-16
2,543,2.220446049250313e-16,14829.04960316373,25807.609583744434,0.0
2,544,1.1102230246251565e-16,14183.717613107467,24869.444522189762,2.7616520968495734e-16
2,545,0.0,15206.629619530511,26770.27200514114,1.354530877604608e-16
2,546,0.0,11383.8750296902,19715.51187747533,0.0
2,547,0.0,11433.523334277772,19774.280951652097,1.45686414557706e-16
2,548,1.1102230246251565e-16,11679.740871079252,20189.99134743042,0.0
2,549,1.1102230246251565e-16,11659.79072106725,20186.76157754597,0.0
2,550,0.0,11538.525645991074,19938.49476496146,1.4538075732131183e-16
2,551,0.0,11771.664119104229,20416.805559163546,0.0
2,552,3.3306690738754696e-16,10418.531400647058,18109.572291038177,1.4870864589622949e-16
2,553,1.1102230246251565e-16,10013.369615563075,17190.722487507748,0.0
2,554,1.1102230246251565e-16,10206.54658056087,17732.14569339293,1.4935574792662774e-16
2,555,1.1102230246251565e-16,10219.718570841156,17660.964423181344,1.4931537523429726e-16
2,556,3.3306690738754696e-16,10211.245669377051,17421.021147891483,0.0
2,557,1.1102230246251565e-16,10615.595361611908,18379.55239864981,1.4811210007714828e-16
2,558,0.0,10246.817066143078,17719.802550629403,2.984647716672218e-16
2,559,2.220446049250313e-16,10541.073019486925,18289.487029200263,1.4833712817120552e-16
2,560,1.1102230246251565e-16,10413.457545565718,17974.862023429643,1.4872406877254442e-16
2,561,0.0,10112.514525760285,17401.247174639695,0.0
2,562,2.220446049250313e-16,10491.086352060054,18210.14245068061,0.0
2,563,0.0,9875.380057935763,17024.530522881516,0.0
2,564,1.1102230246251565e-16,10418.399917989052,17987.40246669466,0.0
2,565,0.0,10350.12209098236,17909.10539593762,1.4891685759608393e-16
2,566,2.220446049250313e-16,10215.746270388132,17572.79636275749,1.4932754819987338e-16
2,567,0.0,9691.307752848603,16633.881812997388,1.5095228889245647e-16
2,568,1.1102230246251565e-16,9946.043273878211,17139.604399420732,0.0
2,569,0.0,10186.004464082675,17557.71777075901,1.494187539512197e-16
2,570,1.1102230246251565e-16,10240.840258434924,17616.384164735133,1.4925068193378578e-16
2,571,1.1102230246251565e-16,10041.699623363093,17234.59345991218,1.4986286325929978e-16
2,572,1.1102230246251565e-16,10042.086372682366,17269.12217783841,1.4986166948014868e-16
2,573,1.1102230246251565e-16,10009.10534515616,17128.657402600074,0.0
2,574,0.0,10349.223513868164,17912.220991554706,0.0
2,575,0.0,10352.262503839243,17853.412611217573,1.489103341647992e-16
2,576,2.220446049250313e-16,10041.852360021752,17289.286438878633,0.0
2,577,0.0,10112.617031910595,17498.46018473548,1.496442800269576e-16
2,578,1.1102230246251565e-16,10301.822008350486,17820.479850007887,0.0
2,579,1.1102230246251565e-16,10058.09694450703,17350.78117810832,1.4981226633216676e-16
2,580,1.1102230246251565e-16,10173.033578221497,17588.28190274012,0.0
2,581,1.1102230246251565e-16,10098.904109109935,17384.094345263045,1.496864965649338e-16
2,582,1.1102230246251565e-16,9854.718095187403,17006.638754134565,0.0
2,583,0.0,10142.765377455391,17523.68425589701,0.0
2,584,1.1102230246251565e-16,9984.54378230645,17255.87066782561,1.500394955416221e-16
2,585,0.0,10191.996004304863,17450.142263374837,0.0
2,586,1.1102230246251565e-16,10052.943311578376,17528.575321805278,1.498281651252382e-16
2,587,0.0,10052.970960921506,17305.417348160212,0.0
2,588,0.0,10200.225693991604,17623.08810662329,1.493751294572656e-16
2,589,2.220446049250313e-16,9949.115085611673,17231.593013495272,0.0
2,590,2.220446049250313e-16,10173.159430209824,17615.743673532284,0.0
2,591,1.1102230246251565e-16,9992.371500881534,17295.922439957096,1.5001528044889315e-16
2,592,0.0,10288.334030961254,17628.75748331657,1.4910541851617007e-16
2,593,1.1102230246251565e-16,9944.264586745994,17104.644653173968,3.00328446358664e-16
2,594,1.1102230246251565e-16,10211.659173244734,17605.10577331729,0.0
2,595,1.1102230246251565e-16,10445.879671895818,17999.268169768773,2.97251142127701e-16
2,596,1.1102230246251565e-16,9694.867941716482,16672.58814869386,0.0
2,597,2.220446049250313e-16,9839.931994314771,16872.33336007015,1.5048826341750698e-16
2,598,1.1102230246251565e-16,10306.98306211237,17750.252444169277,1.490484562810125e-16
2,599,0.0,10227.000065706772,17632.61879891043,2.985861330385385e-16
2,600,0.0,12566.6523528377,22546.745054158913,1.4934958969231393e-16
2,601,0.0,12878.658372272475,23108.767177060065,0.0
2,602,1.1102230246251565e-16,13005.486585505714,23288.117762538524,1.480163018426467e-16
2,603,1.1102230246251565e-16,12928.635669351286,23123.63807775308,0.0
2,604,0.0,12494.472594641134,22418.87490405709,0.0
2,605,0.0,12522.301018530481,22467.211643234343,0.0
2,606,1.1102230246251565e-16,10161.52519336118,17883.65823102333,1.5710569776451693e-16
2,607,0.0,10133.98215690277,17714.94268475119,0.0
2,608,0.0,10364.795899846868,18256.50690805719,1.5641915671077024e-16
2,609,0.0,10659.257360066338,18725.42462681879,0.0
2,610,2.220446049250313e-16,10620.18787206585,18633.27453887108,1.555650364642156e-16
2,611,1.1102230246251565e-16,10595.998822725938,18611.844425735362,1.5564553301955133e-16
2,612,1.1102230246251565e-16,9205.0762842138,15923.25196373731,0.0
2,613,1.1102230246251565e-16,9432.848152559876,16494.7558273319,1.5961710000602958e-16
2,614,1.1102230246251565e-16,9671.229020448794,16758.225533409503,0.0
2,615,0.0,9529.557052504053,16514.75024661263,1.5927917937431332e-16
2,616,1.1102230246251565e-16,9429.716184250865,16308.861038611325,0.0
2,617,3.3306690738754696e-16,9420.259445761192,16385.867004348926,0.0
2,618,1.1102230246251565e-16,9244.224927884818,16063.56583764179,0.0
2,619,0.0,9341.355956331972,16147.280918277213,0.0
2,620,1.1102230246251565e-16,8962.748279883752,15454.104860343074,1.6128036283160393e-16
2,621,3.3306690738754696e-16,9490.559385901906,16496.206408081787,0.0
2,622,0.0,9510.614179180651,16462.632975221164,0.0
2,623,0.0,9511.050095193401,16403.520637814185,1.5934373570936536e-16
2,624,1.1102230246251565e-16,9132.078858397515,15750.376838641356,0.0
2,625,1.1102230246251565e-16,9062.474517666342,15714.61925521275,0.0
2,626,2.220446049250313e-16,9610.356563336078,16597.578263795782,0.0
2,627,2.220446049250313e-16,9198.917681144776,15865.851536225238,0.0
2,628,1.1102230246251565e-16,9347.344558584802,16292.139919859716,1.599170635195538e-16
2,629,0.0,9658.036856633735,16794.082352137884,1.588324516003796e-16
2,630,0.0,9556.241749317116,16504.096108482863,0.0
2,631,1.1102230246251565e-16,9206.77395941261,15944.60955943596,0.0
2,632,0.0,9579.679089453835,16535.521227049994,1.5910460507351476e-16
2,633,2.220446049250313e-16,9357.443864102032,16093.948637386111,0.0
2,634,1.1102230246251565e-16,9495.250696751194,16400.84905877993,1.5939888890432793e-16
2,635,2.220446049250313e-16,9739.333069145148,16785.335993622848,0.0
2,636,2.220446049250313e-16,9049.498102562473,15660.03563542631,0.0
2,637,1.1102230246251565e-16,9351.813057058498,16221.934311781666,0.0
2,638,1.1102230246251565e-16,9476.026637374445,16407.45279188811,1.5946604856009517e-16
2,639,0.0,9211.410911054314,15953.280212302407,0.0
2,640,0.0,9558.095260916365,16494.989468259053,1.591797342878441e-16
2,641,1.1102230246251565e-16,9072.860401049453,15666.830461380012,0.0
2,642,2.220446049250313e-16,9629.654995133023,16746.580919448552,1.5893092033423372e-16
2,643,0.0,9300.679190951232,16011.314819874591,0.0
2,644,0.0,9253.518588515864,15992.67131020038,1.6024752362431007e-16
2,645,0.0,9312.265406020051,16100.831302310797,0.0
2,646,1.1102230246251565e-16,9047.94220200889,15738.662647303481,3.219527417730208e-16
2,647,0.0,9267.504025122573,15965.07536367083,0.0
2,648,1.1102230246251565e-16,9264.636907675478,16076.258398607275,0.0
2,649,2.220446049250313e-16,9165.76124342747,15788.759010045038,0.0
2,650,1.1102230246251565e-16,9104.883732458278,15695.874741379583,0.0
2,651,2.220446049250313e-16,9023.441163813462,15548.06514490615,1.610636788933644e-16
2,652,1.1102230246251565e-16,9019.113629132065,15495.937868317491,0.0
2,653,0.0,8999.477444083554,15589.45983251023,3.222983277183521e-16
2,654,1.1102230246251565e-16,9245.729800662135,15983.153928361895,1.6027501755759799e-16
2,655,0.0,9290.189419431576,16096.684029555914,0.0
2,656,1.1102230246251565e-16,9310.415408845496,16058.628002784546,1.6004696718435117e-16
2,657,2.220446049250313e-16,9306.481437036062,16079.61294794428,1.6006081794306733e-16
2,658,0.0,9266.188055328748,16019.998255960782,0.0
2,659,1.1102230246251565e-16,9248.76149566222,15944.64081292744,0.0
2,660,0.0,14807.812914145521,25446.251212036983,1.4154058169058066e-16
2,661,2.220446049250313e-16,14770.542867833094,25218.016846387633,0.0
2,662,1.1102230246251565e-16,15836.10633724666,27292.157101931814,0.0
2,663,1.1102230246251565e-16,15335.539074216016,26217.733758170543,0.0
2,664,0.0,15025.259165245181,25697.923360871264,0.0
2,665,0.0,15519.060188498988,26546.94254247354,0.0
2,666,2.220446049250313e-16,12387.671274046072,20846.26051128153,0.0
2,667,1.1102230246251565e-16,12561.214381197613,20950.575114929346,0.0
2,668,1.1102230246251565e-16,12152.486858321376,20288.564278645743,0.0
2,669,2.220446049250313e-16,12228.141184460997,20516.74319703713,1.490187670521843e-16
2,670,1.1102230246251565e-16,12736.822334375727,21452.58695561011,0.0
2,671,0.0,11922.7018548239,19829.380124190553,0.0
2,672,3.3306690738754696e-16,11340.478697287908,18901.33208689077,0.0
2,673,3.3306690738754696e-16,10856.1464279153,17876.351592400864,0.0
2,674,2.220446049250313e-16,11913.475531354328,19927.641679286895,0.0
2,675,1.1102230246251565e-16,10881.338249371103,18158.48081687728,0.0
2,676,2.220446049250313e-16,10924.796057410698,18133.976433127682,0.0
2,677,0.0,11056.305423029218,18345.632108929567,0.0
2,678,1.1102230246251565e-16,10549.63543926565,17554.178676366737,0.0
2,679,1.1102230246251565e-16,11188.261631784684,18795.41565122794,0.0
2,680,0.0,10893.518561347199,18044.94799744359,0.0
2,681,1.1102230246251565e-16,10692.574983524915,17701.60638565071,1.538575732462698e-16
2,682,1.1102230246251565e-16,10980.641499874364,18171.747661808316,1.5292603023218373e-16
2,683,1.1102230246251565e-16,10904.191597176577,18128.622689081752,1.531721508532301e-16
2,684,0.0,11058.21791080886,18330.864566571556,0.0
2,685,0.0,10951.32888245485,18212.21236714512,0.0
2,686,1.1102230246251565e-16,10635.919041241243,17813.684840301532,1.5404212308939838e-16
2,687,2.220446049250313e-16,10788.844230835908,17927.957445359014,0.0
2,688,1.1102230246251565e-16,11040.980839976852,18226.02352796906,0.0
2,689,1.1102230246251565e-16,10718.60410613066,17773.49776941735,0.0
2,690,1.1102230246251565e-16,10787.114334031023,17891.652998780784,0.0
2,691,1.1102230246251565e-16,10992.48356735974,18292.34580844059,0.0
2,692,1.1102230246251565e-16,10934.218008012118,18181.24136812376,0.0
2,693,1.1102230246251565e-16,10978.723083852914,18275.952249272268,0.0
2,694,1.1102230246251565e-16,10887.20709775939,18170.69219480893,0.0
2,695,1.1102230246251565e-16,10973.99495747788,18248.498238536737,0.0
2,696,2.220446049250313e-16,11094.73920177982,18397.255466760365,0.0
2,697,1.1102230246251565e-16,11125.716360455852,18487.362994523377,0.0
2,698,1.1102230246251565e-16,10832.184189465828,18056.88867842913,0.0
2,699,2.220446049250313e-16,10712.209328145596,17793.716067025904,0.0
2,700,0.0,10888.787224171494,18192.39614527747,0.0
2,701,1.1102230246251565e-16,10772.684757173367,17971.823383710387,1.5359737879749515e-16
2,702,2.220446049250313e-16,11390.044406035726,19060.918398320086,0.0
2,703,2.220446049250313e-16,10908.454227448266,18050.051898062047,1.5315840701116755e-16
2,704,1.1102230246251565e-16,11046.924476609478,18455.642291173885,0.0
2,705,0.0,10803.594124311945,17948.46061421347,0.0
2,706,1.1102230246251565e-16,10976.85240032537,18177.35854575697,1.5293821011957675e-16
2,707,1.1102230246251565e-16,11211.546004702177,18552.81889990203,0.0
2,708,0.0,11093.550130289761,18476.900070614152,3.0512795738285506e-16
2,709,0.0,10872.045127846912,18153.706954400535,0.0
2,710,1.1102230246251565e-16,10873.205138459482,18066.14269433167,0.0
2,711,1.1102230246251565e-16,11009.539543552615,18310.381743907474,0.0
2,712,0.0,11106.066877805075,18486.745845784215,1.5252394815810846e-16
2,713,2.220446049250313e-16,10837.693871598858,18019.6505783103,0.0
2,714,0.0,10874.255447381955,18068.784391663587,0.0
2,715,2.220446049250313e-16,11011.03369638299,18343.783876053356,1.5282840604596658e-16
2,716,0.0,10918.083591642964,18197.14859121393,0.0
2,717,3.3306690738754696e-16,11197.166198779247,18649.514333348798,0.0
2,718,1.1102230246251565e-16,10861.98364496023,18213.046260444527,1.5330837365521222e-16
2,719,1.1102230246251565e-16,10937.193519097316,18075.57013748324,0.0
3,0,2.220446049250313e-16,7727.138470398117,14809.719196175234,2.9191000439803813e-16
3,1,1.1102230246251565e-16,7562.068415816859,14495.826308002986,1.4643990708808626e-16
3,2,0.0,7768.885921978028,14890.762643104037,1.4583287448467562e-16
3,3,1.1102230246251565e-16,7663.918007793873,14704.807913305001,1.4614033683816112e-16
3,4,3.3306690738754696e-16,7782.713153801567,14947.75917241377,0.0
3,5,1.1102230246251565e-16,7763.81358619158,14902.655266933147,0.0
3,6,1.1102230246251565e-16,3403.662982457332,6390.49758913705,1.5981556618874528e-16
3,7,0.0,3346.755883064281,6267.5733700296505,1.6001557891715323e-16
3,8,1.1102230246251565e-16,3400.6798347173826,6381.849157466799,1.598260387091487e-16
3,9,1.1102230246251565e-16,3363.1597519460993,6329.361483872431,1.5995787251271952e-16
3,10,2.220446049250313e-16,3471.5346138927416,6529.557525735,0.0
3,11,1.1102230246251565e-16,3393.355255976967,6378.258604648692,1.598517579084513e-16
3,12,1.1102230246251565e-16,3382.4573513700307,6355.279452012055,1.598900396483756e-16
3,13,1.1102230246251565e-16,3364.8363612755493,6309.082111557622,1.5995197679137247e-16
3,14,1.1102230246251565e-16,3393.0304767741254,6392.891744595968,0.0
3,15,0.0,3423.091211106592,6441.29055505061,1.597473957780742e-16
3,16,1.1102230246251565e-16,3434.821224726118,6452.58147843572,1.5970626526787332e-16
3,17,1.1102230246251565e-16,3393.474994795826,6388.505323615519,0.0
3,18,1.1102230246251565e-16,3172.629058819861,5925.414721413176,1.6063070814068364e-16
3,19,0.0,3248.8675718424347,6089.937750025844,3.207216061283012e-16
3,20,2.220446049250313e-16,3125.4089209141384,5842.652581778545,0.0
3,21,1.1102230246251565e-16,3103.6324757441616,5804.374351414413,1.608757592126418e-16
3,22,0.0,3229.125438098672,6062.289118084751,1.6043060852242136e-16
3,23,0.0,3230.7978862407617,6057.784307027165,1.604246926207545e-16
3,24,1.1102230246251565e-16,3192.60655597382,5987.16631497153,0.0
3,25,2.220446049250313e-16,3146.634810950083,5886.137864326414,1.6072294267187538e-16
3,26,1.1102230246251565e-16,3210.466980475496,6021.726538381971,0.0
3,27,1.1102230246251565e-16,3194.082548789549,5982.863460890704,1.605546651315496e-16
3,28,3.3306690738754696e-16,3214.9320686192514,6018.1568308098485,0.0
3,29,1.1102230246251565e-16,3192.9240322984915,5971.705741980724,1.6055876971434606e-16
3,30,2.220446049250313e-16,3080.7626430394084,5773.937318148641,0.0
3,31,2.220446049250313e-16,3087.919249377752,5758.841359386411,3.218633430202525e-16
3,32,1.1102230246251565e-16,3088.1390965456667,5782.271437753977,1.6093088896093433e-16
3,33,0.0,3134.9917253877065,5866.677800873636,1.6076428980383898e-16
3,34,1.1102230246251565e-16,3143.164988954275,5882.540459551452,1.6073526254044008e-16
3,35,1.1102230246251565e-16,3116.083515953229,5829.955001660273,0.0
3,36,0.0,3104.0673615931446,5818.21756062356,0.0
3,37,1.1102230246251565e-16,3110.549251894503,5802.7803875713935,1.6085115959448694e-16
3,38,2.220446049250313e-16,3072.178661324804,5722.78751307259,1.609877201482984e-16
3,39,0.0,3109.7585220083274,5824.1444045845565,3.217079429126454e-16
3,40,0.0,3192.4667660571868,5977.893063782654,1.605603898501698e-16
3,41,0.0,3074.5363531107287,5739.9248911627565,1.609793224606841e-16
3,42,1.1102230246251565e-16,3059.0344717512708,5726.101158227861,1.6103455352560757e-16
3,43,0.0,3091.2396321907945,5782.6092609876605,1.6091985336967412e-16
3,44,0.0,3127.9702670707993,5847.858171747424,1.6078923481578758e-16
3,45,1.1102230246251565e-16,3101.706660699987,5795.378968273726,1.6088260974191662e-16
3,46,0.0,3060.0305384617095,5731.654675414207,0.0
3,47,0.0,3105.427342907853,5819.573980176813,1.6086937501775507e-16
3,48,1.1102230246251565e-16,3037.7767483713687,5669.063118197254,1.6111035350980414e-16
3,49,0.0,3037.4963645760654,5677.3886741344795,1.611113537685265e-16
3,50,1.1102230246251565e-16,3132.3636896435855,5862.175328625254,1.6077362547399433e-16
3,51,1.1102230246251565e-16,3118.469484194713,5832.575807352417,1.6082300040724466e-16
3,52,2.220446049250313e-16,3059.893575112692,5726.430491163678,1.6103149166689004e-16
3,53,1.1102230246251565e-16,3071.0955874638603,5759.97448066002,0.0
3,54,0.0,3158.4516009661893,5908.215529594303,0.0
3,55,0.0,3054.3680112051443,5699.934339617468,0.0
3,56,1.1102230246251565e-16,3068.3297562722437,5746.731712164614,0.0
3,57,1.1102230246251565e-16,3089.214340367107,5768.533540341975,1.6092706172454415e-16
3,58,1.1102230246251565e-16,3003.2294513611705,5627.075324202662,0.0
3,59,1.1102230246251565e-16,3057.4979224262643,5719.327835884288,1.6104003010341645e-16
3,60,0.0,8992.365781196277,16171.503346259708,0.0
3,61,1.1102230246251565e-16,9080.927262119738,16315.822320656665,1.5031848855164965e-16
3,62,1.1102230246251565e-16,8661.374609372615,15530.406707582444,1.5163281091367746e-16
3,63,1.1102230246251565e-16,9049.146856482083,16214.213438962532,1.5041724815001898e-16
3,64,1.1102230246251565e-16,8794.405580920073,15840.924666668556,0.0
3,65,0.0,9018.42420348354,16194.096895446517,1.5051284415799059e-16
3,66,0.0,6792.718590723729,11853.970673342801,0.0
3,67,1.1102230246251565e-16,6809.818776716216,11745.174107168892,1.5771868532872955e-16
3,68,3.3306690738754696e-16,6893.678583879395,11968.130259610047,1.5743250402986147e-16
3,69,0.0,6601.142638961261,11535.420107891085,1.5843535309912888e-16
3,70,1.1102230246251565e-16,6675.630543466665,11603.940274689427,0.0
3,71,1.1102230246251565e-16,6388.065013488616,11107.52909621468,0.0
3,72,1.1102230246251565e-16,6502.607076507091,11139.40839068442,0.0
3,73,1.1102230246251565e-16,6159.818981131866,10610.139863477227,0.0
3,74,2.220446049250313e-16,6413.231260326211,11090.693787201528,0.0
3,75,1.1102230246251565e-16,6673.284358212477,11575.55441014171,0.0
3,76,1.1102230246251565e-16,6585.2790086985915,11361.090728760573,0.0
3,77,2.220446049250313e-16,6327.355435437108,10935.76898489025,0.0
3,78,2.220446049250313e-16,6426.800658172528,11048.852593944837,0.0
3,79,1.1102230246251565e-16,6139.143280288139,10501.93263814454,0.0
3,80,0.0,6341.361128208271,10887.746543846491,0.0
3,81,0.0,6307.818057314071,10900.60347301414,0.0
3,82,2.220446049250313e-16,6294.6932143031445,10922.788505531273,1.594996936261749e-16
3,83,1.1102230246251565e-16,6296.3851762410195,10929.732795205031,0.0
3,84,0.0,6567.1939867510955,11342.78957669092,1.5855256122849483e-16
3,85,1.1102230246251565e-16,6315.577068688261,10931.600512523268,0.0
3,86,0.0,6308.60750663466,10883.064540848463,1.594510575846855e-16
3,87,0.0,6347.51673681556,10995.932127646924,1.5931521149979023e-16
3,88,1.1102230246251565e-16,6367.861327438644,11029.231205758984,0.0
3,89,2.220446049250313e-16,6270.460915145275,10832.711101754781,1.5958446611420734e-16
3,90,1.1102230246251565e-16,6286.097557925605,10860.836190207487,0.0
3,91,2.220446049250313e-16,6193.399903765603,10740.155664216538,0.0
3,92,1.1102230246251565e-16,6428.352849282252,11071.866728324097,0.0
3,93,1.1102230246251565e-16,6318.127422516671,11007.990728434817,3.188355974794377e-16
3,94,1.1102230246251565e-16,6472.843453325302,11235.233153119436,1.588792201778401e-16
3,95,0.0,6393.983038209335,11014.133112748475,0.0
3,96,0.0,6277.157561603766,10778.6316127231,1.5956103005117874e-16
3,97,0.0,6190.530217385283,10620.204794287198,0.0
3,98,1.1102230246251565e-16,6275.583476846099,10809.18413997987,0.0
3,99,2.220446049250313e-16,6263.469123475712,10846.623170821476,1.596089424359829e-16
3,100,2.220446049250313e-16,6364.2926833223755,10959.490359091216,0.0
3,101,1.1102230246251565e-16,6203.301173418287,10735.350483501925,1.5981988444943987e-16
3,102,2.220446049250313e-16,6313.119816020044,10864.726571782421,0.0
3,103,2.220446049250313e-16,6289.382546815454,10890.783045343698,0.0
3,104,0.0,6505.623218815184,11220.241129450495,1.587655781092472e-16
3,105,0.0,6248.107912472187,10816.031965054204,1.5966274414899666e-16
3,106,0.0,6196.398323438669,10796.233732658726,0.0
3,107,1.1102230246251565e-16,6305.581907193191,10968.753460011016,1.594616307464348e-16
3,108,0.0,6207.698789412869,10740.679918536707,0.0
3,109,0.0,6519.64645683884,11202.062764257145,0.0
3,110,1.1102230246251565e-16,6437.774933010325,11017.224009378502,1.5900097724383122e-16
3,111,0.0,6092.256511215426,10577.80454173998,0.0
3,112,1.1102230246251565e-16,6533.122297190399,11242.180730032378,0.0
3,113,1.1102230246251565e-16,6356.002422617035,11004.249247541014,0.0
3,114,0.0,6266.886971514883,10810.726065238025,1.5959697656078422e-16
3,115,0.0,6229.851461063037,10714.484408579585,0.0
3,116,0.0,6229.465697243162,10736.66240406303,0.0
3,117,2.220446049250313e-16,6062.678395216186,10433.968936249701,0.0
3,118,1.1102230246251565e-16,6432.245026080811,11080.087314392007,0.0
3,119,2.220446049250313e-16,6433.027786272505,11125.18572368855,0.0
3,120,2.220446049250313e-16,10208.210030704162,18300.234674607727,2.9959993543704993e-16
3,121,0.0,10069.384373260713,18079.693548149804,3.0045870390093467e-16
3,122,1.1102230246251565e-16,10262.208410199964,18548.15975732285,1.4963361440625806e-16
3,123,1.1102230246251565e-16,10152.682739116739,18308.926668119744,2.999428346921344e-16
3,124,0.0,10207.78086809611,18381.57363705739,2.996025826506661e-16
3,125,2.220446049250313e-16,10118.024599790522,18258.007289027093,3.001572582157056e-16
3,126,1.1102230246251565e-16,7671.114081588115,13417.639194485237,3.1611192200184634e-16
3,127,2.220446049250313e-16,7870.501681362504,13796.776774854641,0.0
3,128,0.0,7727.4256766709805,13468.757585025827,3.157257075739178e-16
3,129,1.1102230246251565e-16,7852.3210466289165,13763.999823795786,1.5743623417051102e-16
3,130,1.1102230246251565e-16,7632.107715724174,13358.157371480604,3.1638000250772287e-16
3,131,1.1102230246251565e-16,7720.730781146944,13520.489998187833,1.5788578761919004e-16
3,132,2.220446049250313e-16,6878.253342189186,11891.902264664996,1.608259221815779e-16
3,133,2.220446049250313e-16,7023.240571658578,12132.470454355107,1.6031216003024134e-16
3,134,1.1102230246251565e-16,7117.320434713649,12345.542602830277,1.5998054046807307e-16
3,135,2.220446049250313e-16,7050.641592838358,12239.474698174206,1.602154331007129e-16
3,136,1.1102230246251565e-16,7142.705945433219,12326.753941844703,1.5989129468109606e-16
3,137,2.220446049250313e-16,6967.591199537324,12069.338264223621,0.0
3,138,1.1102230246251565e-16,6818.221239884901,11843.81905862254,3.2207922235230196e-16
3,139,1.1102230246251565e-16,6985.609856210111,12092.025532119565,1.6044518877074635e-16
3,140,1.1102230246251565e-16,6901.557474264402,11964.285102639858,3.2148624402562234e-16
3,141,0.0,6931.4703234376575,11979.228217369337,3.212739315532026e-16
3,142,1.1102230246251565e-16,6928.621635958938,12082.620117772607,3.2129413860437454e-16
3,143,1.1102230246251565e-16,6865.528410703999,11946.902477506048,1.608711701998856e-16
3,144,1.1102230246251565e-16,7040.522961092778,12149.770445698505,1.6025113876379368e-16
3,145,0.0,6992.6425076592495,12168.207272698543,1.6042031079815262e-16
3,146,2.220446049250313e-16,6983.758697405625,12108.59626292922,3.2090347703903856e-16
3,147,2.220446049250313e-16,6879.5043145390155,11879.384070496359,3.216429505574434e-16
3,148,1.1102230246251565e-16,7067.105149413728,12210.940543497836,3.203147441290539e-16
3,149,1.1102230246251565e-16,7118.5463319452465,12322.909273707963,3.1995245678195233e-16
3,150,0.0,6976.684270050471,12037.9642976823,1.6047677410450187e-16
3,151,1.1102230246251565e-16,7121.792881448673,12316.169326547668,3.199296196389039e-16
3,152,3.3306690738754696e-16,7056.721659554518,12224.610623559543,1.6019398599263932e-16
3,153,0.0,7080.241522440301,12281.542147050044,3.202221499650262e-16
3,154,2.220446049250313e-16,7018.862551124366,12114.354112732392,1.6032762547663942e-16
3,155,1.1102230246251565e-16,6946.388931008514,12081.709493868235,3.211681485019016e-16
3,156,2.220446049250313e-16,7105.214911834126,12334.145007914403,3.200462679352063e-16
3,157,3.3306690738754696e-16,6963.669207266452,12084.342018925508,1.6052285332921587e-16
3,158,1.1102230246251565e-16,7047.021709256187,12232.54237570687,1.602282047727577e-16
3,159,1.1102230246251565e-16,6936.6088452529875,12059.839854379128,3.2123748808020387e-16
3,160,0.0,6808.35551922692,11777.377698160522,3.2214956665336253e-16
3,161,0.0,6923.254400837075,12019.953576772563,1.606661088900494e-16
3,162,1.1102230246251565e-16,6945.561875244057,12045.554355142152,3.2117401106460104e-16
3,163,1.1102230246251565e-16,6734.694939616886,11748.041132916433,1.6133787606585478e-16
3,164,2.220446049250313e-16,6788.654551530628,11777.319478866999,1.6114506497916194e-16
3,165,0.0,6996.862962004947,12108.630700001104,1.6040538466392787e-16
3,166,1.1102230246251565e-16,6968.435138774337,12075.679448083853,1.6050597669973284e-16
3,167,1.1102230246251565e-16,6993.376031755855,12191.427428580226,3.2083543280858467e-16
3,168,2.220446049250313e-16,7068.262012109131,12324.941966966564,1.6015329380869786e-16
3,169,2.220446049250313e-16,6983.813454708616,12071.914133196919,3.209030895403703e-16
3,170,0.0,6803.037517464596,11811.708004011773,3.221874976763927e-16
3,171,0.0,6896.564480852096,11920.296024759149,3.21521710133838e-16
3,172,1.1102230246251565e-16,7182.895098353598,12399.382076785541,3.195004166970535e-16
3,173,1.1102230246251565e-16,6825.502645741995,11827.612691715402,1.6101366218251054e-16
3,174,0.0,7052.127713670045,12135.329033435144,3.2042038071839504e-16
3,175,2.220446049250313e-16,7059.302314301698,12257.799100553144,3.203697692152603e-16
3,176,0.0,7048.9182404063395,12172.707253771892,1.602215131782553e-16
3,177,1.1102230246251565e-16,6921.477397150724,11974.981653981135,1.606724135804039e-16
3,178,0.0,7036.1848064787555,12195.992051414,1.6026645170489604e-16
3,179,2.220446049250313e-16,6953.745095450613,12063.488565342457,3.2111601394278455e-16
3,180,0.0,12220.471790430369,21819.22742179805,0.0
3,181,0.0,12543.864933576864,22502.612502405616,1.4303519334050389e-16
3,182,3.3306690738754696e-16,11811.125240977679,21084.16219402103,2.9025135347635055e-16
3,183,0.0,12851.302826784282,23078.13465171974,1.421759104582416e-16
3,184,0.0,12616.386115259578,22648.29695214252,1.4283156331831743e-16
3,185,0.0,11963.84784243838,21392.352995519814,2.8936987699308013e-16
3,186,1.1102230246251565e-16,8888.999506457629,15454.249512700757,1.5410776939631437e-16
3,187,2.220446049250313e-16,9073.104580891923,15646.871651918254,1.5350917249611237e-16
3,188,3.3306690738754696e-16,9195.105979149375,15893.097442318458,1.5311505395180395e-16
3,189,1.1102230246251565e-16,9130.577609290267,15847.659244651042,0.0
3,190,3.3306690738754696e-16,9303.714308260911,16146.71373164436,0.0
3,191,1.1102230246251565e-16,9104.632331738088,15821.40281797211,1.534071296169276e-16
3,192,2.220446049250313e-16,8429.259113412336,14403.568603197877,3.112462965771458e-16
3,193,0.0,8090.967817892313,13810.735150580655,1.567573828163383e-16
3,194,0.0,8139.601689403862,13824.184778968262,1.56593304996459e-16
3,195,2.220446049250313e-16,8216.882515517398,13959.92178762803,0.0
3,196,3.3306690738754696e-16,8211.65352964688,14027.011969049665,1.5635085155211922e-16
3,197,0.0,8227.677361606475,14082.001400124036,3.125940671901013e-16
3,198,1.1102230246251565e-16,8278.429557349511,14015.564180268137,1.5612682051640283e-16
3,199,2.220446049250313e-16,8045.811653529192,13662.83861157623,1.5691003591013551e-16
3,200,1.1102230246251565e-16,8134.683327380539,13840.436180004142,0.0
3,201,0.0,8094.380936802641,13738.783870311438,1.5674585663807045e-16
3,202,0.0,7840.377907799993,13299.28662424831,0.0
3,203,2.220446049250313e-16,7860.512950372249,13383.144292116034,1.575395748673867e-16
3,204,1.1102230246251565e-16,8076.24253657923,13701.43128320549,0.0
3,205,0.0,7961.752855137354,13467.660753551632,1.5719499495931914e-16
3,206,1.1102230246251565e-16,8147.976509776083,13755.740918829817,1.5656508522778496e-16
3,207,3.3306690738754696e-16,7715.064184897499,13091.259539145367,1.5803727652248175e-16
3,208,1.1102230246251565e-16,8062.069395085928,13755.538543129393,1.568550414100504e-16
3,209,1.1102230246251565e-16,8253.60298275335,13999.401648468096,0.0
3,210,2.220446049250313e-16,7951.32432344534,13462.50029345285,1.5723041983159177e-16
3,211,2.220446049250313e-16,8105.283226654661,13783.340019955322,0.0
3,212,0.0,7957.585154986489,13530.067737327701,0.0
3,213,3.3306690738754696e-16,8086.514311649335,13703.014258984254,1.5677242495490601e-16
3,214,3.3306690738754696e-16,8014.419964093853,13646.61388035881,1.570163326831157e-16
3,215,0.0,7859.7517447707505,13263.696234376524,3.1508434285416136e-16
3,216,1.1102230246251565e-16,7831.088145887115,13258.599365679276,1.5764000858632902e-16
3,217,1.1102230246251565e-16,7938.094046762213,13454.476055277195,1.5727538498683937e-16
3,218,0.0,8025.601495421441,13640.320125803557,0.0
3,219,0.0,8183.392981946839,13891.700041548856,1.5644585836191859e-16
3,220,2.220446049250313e-16,7834.682509090693,13364.092619322044,1.5762773332124406e-16
3,221,1.1102230246251565e-16,7997.61276798803,13535.295060811623,1.5707330348263596e-16
3,222,0.0,7862.82292127781,13356.447727803088,0.0
3,223,0.0,7867.220300665314,13327.708948745803,3.1503339804966545e-16
3,224,2.220446049250313e-16,7793.732632640793,13269.525811272526,1.5776769629133473e-16
3,225,3.3306690738754696e-16,8229.11895376339,13843.47375948353,1.5629219365176418e-16
3,226,0.0,8002.1287539732875,13471.073240252323,0.0
3,227,1.1102230246251565e-16,8050.324836508931,13689.623195076034,1.5689476545584702e-16
3,228,0.0,7914.084019403832,13384.299327866152,0.0
3,229,1.1102230246251565e-16,7705.142092435461,13062.873828677071,1.5807134288699083e-16
3,230,0.0,8033.350062968762,13603.901408376025,0.0
3,231,3.3306690738754696e-16,8141.54825931738,13765.536925306611,1.5658674493311953e-16
3,232,1.1102230246251565e-16,7985.483304374924,13541.843281582578,1.5711444401679416e-16
3,233,0.0,7780.303405264218,13105.599245428211,1.5781365031210077e-16
3,234,0.0,8003.461152461794,13596.14092286325,1.570534747168912e-16
3,235,0.0,7876.894227086668,13324.092465111555,1.5748371718497884e-16
3,236,1.1102230246251565e-16,7987.619108536295,13490.278367093944,3.1421439652961335e-16
3,237,1.1102230246251565e-16,7742.788813364983,13111.247750632694,1.5794216498587132e-16
3,238,2.220446049250313e-16,7944.350928036067,13419.740344246517,1.5725411679669058e-16
3,239,2.220446049250313e-16,7948.879499779723,13545.909474433114,1.5723872700877533e-16
3,240,2.220446049250313e-16,11733.396118090233,20477.785013034085,1.4538995055873156e-16
3,241,1.1102230246251565e-16,12035.577372846761,21104.59049032172,0.0
3,242,2.220446049250313e-16,11907.98770404076,20861.87321159343,0.0
3,243,1.1102230246251565e-16,11845.74911200328,20641.43380905444,0.0
3,244,2.220446049250313e-16,11933.970908012707,20912.681855109673,0.0
3,245,2.220446049250313e-16,11823.958966879116,20661.95029972029,0.0
3,246,2.220446049250313e-16,9441.830780722521,16104.449368469674,1.5236692573592845e-16
3,247,1.1102230246251565e-16,9615.220449841428,16331.198551242996,1.518156861356495e-16
3,248,0.0,9549.388253229663,16184.725875999196,0.0
3,249,2.220446049250313e-16,9108.39417919451,15466.624543008777,1.5343831585920007e-16
3,250,0.0,9764.039614979294,16678.515328279827,1.5134573194328978e-16
3,251,1.1102230246251565e-16,9588.142893635486,16276.39616945721,0.0
3,252,0.0,8883.538000102548,15071.237169595686,1.5416936500297367e-16
3,253,3.3306690738754696e-16,8683.36951228384,14734.481763376722,0.0
3,254,0.0,9009.829158307643,15269.329110067576,1.5375791378985815e-16
3,255,0.0,9235.05804347949,15607.04627369374,1.5302955273957713e-16
3,256,1.1102230246251565e-16,9219.740874768155,15616.471207377008,1.5307886772233958e-16
3,257,2.220446049250313e-16,8969.137825959624,15200.169393611499,0.0
3,258,1.1102230246251565e-16,8842.287020407224,15005.075376440862,1.543042364572563e-16
3,259,0.0,8751.811743048384,14841.861612224406,3.0920175271167254e-16
3,260,1.1102230246251565e-16,8989.228078247106,15258.654675510743,1.5382488126046967e-16
3,261,2.220446049250313e-16,8873.233066024273,14967.591597893883,0.0
3,262,0.0,9148.099303061419,15391.713748856524,0.0
3,263,0.0,9002.102525205737,15362.789945645996,1.5378302374885995e-16
3,264,0.0,8799.610498661837,14941.051049530968,1.544440173452968e-16
3,265,1.1102230246251565e-16,9050.539282882979,15306.49393153572,3.0725149922095715e-16
3,266,1.1102230246251565e-16,8782.708226170129,14789.647685851265,1.5449944837694627e-16
3,267,0.0,8677.008611663754,14696.72563974222,1.548469949076464e-16
3,268,3.3306690738754696e-16,8870.287201612162,15099.600144639206,1.542126632197215e-16
3,269,1.1102230246251565e-16,8830.073179842366,14956.891711122762,0.0
3,270,0.0,8828.564693035602,14931.48810702393,1.5434915438580484e-16
3,271,1.1102230246251565e-16,9082.0490155117,15433.279653291615,1.5352361010592188e-16
3,272,0.0,9070.533825997358,15352.081993541284,1.5356092109931885e-16
3,273,0.0,8801.575629911778,14919.872902865774,0.0
3,274,1.1102230246251565e-16,8876.965660028509,15039.33594657103,1.5419083769613658e-16
3,275,1.1102230246251565e-16,9089.538264180861,15392.384387565955,1.5349935351212804e-16
3,276,0.0,8869.252563135677,15077.143292729103,1.5421604502083795e-16
3,277,0.0,8701.585142729615,14738.317564948406,3.095320927829186e-16
3,278,1.1102230246251565e-16,8963.49918581851,15116.633717394467,1.5390859956141215e-16
3,279,1.1102230246251565e-16,8870.60363507866,15057.30093113388,1.5421162896047898e-16
3,280,1.1102230246251565e-16,8830.736311584653,14948.86785322594,3.086840883693961e-16
3,281,2.220446049250313e-16,8825.37556595722,14985.963475039962,0.0
3,282,1.1102230246251565e-16,8988.120830025204,15182.637222115345,3.07656964438907e-16
3,283,2.220446049250313e-16,8938.742120330251,15149.948166073396,0.0
3,284,2.220446049250313e-16,8709.3848701495,14713.203391844543,1.5474037386587963e-16
3,285,1.1102230246251565e-16,9082.540128261244,15318.674645778974,1.5352201922784696e-16
3,286,1.1102230246251565e-16,8811.98513607432,14878.436857747678,0.0
3,287,0.0,8949.048405310117,15031.307716209418,1.539556604032479e-16
3,288,1.1102230246251565e-16,8712.453252488413,14749.711022862382,0.0
3,289,0.0,8758.683219128696,14842.11223017828,1.5457830693699246e-16
3,290,0.0,8905.290660444123,14946.672622136968,0.0
3,291,0.0,8707.321789894428,14735.615571438155,0.0
3,292,0.0,8734.782444237157,14762.222110788252,1.5465683764139655e-16
3,293,3.3306690738754696e-16,8846.35705053716,15037.425468118508,0.0
3,294,1.1102230246251565e-16,9064.345680799757,15326.456392319482,1.5358097913850598e-16
3,295,0.0,8930.108967249827,15122.870012887639,1.54017382735605e-16
3,296,0.0,8810.101432679403,14928.189623022867,0.0
3,297,0.0,8858.408670694029,15035.373832099991,0.0
3,298,1.1102230246251565e-16,9000.502526923818,15256.83135877338,1.5378822443727066e-16
3,299,0.0,8675.45269564884,14598.650827926404,0.0
3,300,1.1102230246251565e-16,13890.005560935198,23824.997116474784,2.763489183300404e-16
3,301,0.0,13673.930417360956,23413.809951590374,0.0
3,302,0.0,13451.751870025582,23173.759199945667,1.3933409222390042e-16
3,303,1.1102230246251565e-16,13685.969482787179,23523.012902607825,1.3871193433800305e-16
3,304,0.0,13802.313980530176,23756.592179756222,1.384049465294908e-16
3,305,1.1102230246251565e-16,13696.949976510237,23498.646118884863,2.7736580581187126e-16
3,306,0.0,11081.384052328678,18552.41382668981,2.919190871939508e-16
3,307,2.220446049250313e-16,11180.502705185609,18846.225590490856,1.456698975925044e-16
3,308,0.0,11268.818611956769,18817.99515233156,1.4541278628142383e-16
3,309,0.0,10884.321095719177,18224.658092844766,1.465388389930923e-16
3,310,1.1102230246251565e-16,11314.299046172528,18974.71321355283,0.0
3,311,2.220446049250313e-16,10666.720500239884,17991.99114143039,2.9436774683684507e-16
3,312,1.1102230246251565e-16,10298.525279066409,17452.125828148288,0.0
3,313,4.440892098500626e-16,10094.535066434502,16995.062625130115,1.4890742071838263e-16
3,314,1.1102230246251565e-16,10393.769118095603,17386.11129458591,0.0
3,315,1.1102230246251565e-16,10509.415568639844,17761.339304057445,2.9530744157901024e-16
3,316,1.1102230246251565e-16,10131.544215676193,16955.16260688397,1.4879472100647976e-16
3,317,1.1102230246251565e-16,10260.222013117367,17150.67841469781,2.968083950247799e-16
3,318,0.0,10409.749700927401,17481.0947119408,1.47952964035633e-16
3,319,1.1102230246251565e-16,10255.470779893541,17244.456507594157,0.0
3,320,1.1102230246251565e-16,10398.209953939237,17446.93537994912,2.959753801715441e-16
3,321,2.220446049250313e-16,10338.432930245603,17217.060589318626,0.0
3,322,0.0,10537.148404438427,17532.243360213088,0.0
3,323,1.1102230246251565e-16,10382.762404185647,17482.26017708483,2.9606840247596256e-16
3,324,1.1102230246251565e-16,10393.57924328174,17398.188854624445,2.9600325932419113e-16
3,325,0.0,10382.911282999587,17440.283967253654,1.4803375283803314e-16
3,326,0.0,10403.222510436084,17437.67879418824,0.0
3,327,1.1102230246251565e-16,10082.728613008207,16924.58800772134,1.4894340948226508e-16
3,328,1.1102230246251565e-16,10210.87042403176,17194.232361491955,2.971074635625627e-16
3,329,0.0,10323.83696763849,17287.95604837946,0.0
3,330,1.1102230246251565e-16,10109.756924924703,16988.051596517507,2.977220933574254e-16
3,331,1.1102230246251565e-16,10232.979654411378,17183.615025955867,1.4848670403793492e-16
3,332,0.0,10274.692728205366,17238.442886729918,2.9672081722429387e-16
3,333,1.1102230246251565e-16,10112.207937056679,17020.822212252868,2.977071645314623e-16
3,334,0.0,10336.562171029822,17340.901482864225,1.4817348053109014e-16
3,335,0.0,10337.632687544785,17372.841437047653,0.0
3,336,0.0,10545.018647259174,17756.08351146948,0.0
3,337,1.1102230246251565e-16,10043.683531204297,16959.511312024308,2.981251035862657e-16
3,338,1.1102230246251565e-16,10487.686048274365,17590.562679307335,2.9543771934940594e-16
3,339,0.0,9861.96248172711,16520.68399516839,1.496195733972078e-16
3,340,1.1102230246251565e-16,10510.06938206611,17574.030724934208,1.476517617341713e-16
3,341,2.220446049250313e-16,10304.385700521794,17281.614100530183,1.4827063748285029e-16
3,342,1.1102230246251565e-16,10408.027709798276,17453.107374042036,2.9591628982563025e-16
3,343,0.0,9885.046438914396,16525.789568731325,1.4954858443644432e-16
3,344,2.220446049250313e-16,10256.101197381271,17089.44272578893,0.0
3,345,0.0,10429.035896079746,17547.318404577727,2.957899266136871e-16
3,346,0.0,10126.281577909162,17019.183449227083,2.976214726150486e-16
3,347,1.1102230246251565e-16,10410.535953486084,17520.4072217396,1.479505985936096e-16
3,348,0.0,10278.9168735083,17149.24672689159,2.966952621398542e-16
3,349,0.0,10176.582298884532,17022.232083908264,2.9731560322514857e-16
3,350,0.0,10463.528574325712,17444.743163087747,1.4779134436798396e-16
3,351,1.1102230246251565e-16,10403.879329640164,17376.86546523153,2.9594125489496096e-16
3,352,3.3306690738754696e-16,10011.335267337767,16732.71261005174,1.491614038773288e-16
3,353,1.1102230246251565e-16,10156.280463050978,17002.66247393258,2.9743897924034124e-16
3,354,1.1102230246251565e-16,10125.030216770858,16903.219126903878,2.9762908993407774e-16
3,355,0.0,9902.59810703346,16605.027470565863,2.9898930743596553e-16
3,356,0.0,10238.800204845218,17100.821641100607,1.484690681452989e-16
3,357,0.0,10041.79933945182,16761.139403609985,1.4906830604418743e-16
3,358,0.0,10108.105999480707,17093.367728879988,1.488660748968053e-16
3,359,0.0,10189.20175223123,17017.616610957044,1.4861948264201718e-16
3,360,2.220446049250313e-16,13663.6881005338,23453.819500649824,0.0
3,361,1.1102230246251565e-16,13535.846994390471,23180.086470259717,2.746745612866579e-16
3,362,1.1102230246251565e-16,13709.49425183957,23499.33721055508,1.3688860395430168e-16
3,363,0.0,13766.679877171213,23639.226357436488,2.7348297292966563e-16
3,364,0.0,13367.018487292604,23036.860321320575,1.3777633540617564e-16
3,365,0.0,13359.914142951871,22855.140433153727,0.0
3,366,1.1102230246251565e-16,6801.534181958938,11134.290347539685,1.573369225895111e-16
3,367,1.1102230246251565e-16,6682.902785715778,10966.144495880455,1.5774157889900432e-16
3,368,2.220446049250313e-16,6846.640096310068,11198.645776735797,1.5718360879327495e-16
3,369,1.1102230246251565e-16,6727.596850246504,10944.622361991518,0.0
3,370,1.1102230246251565e-16,6799.930700133351,11161.972134407424,1.5734237828652188e-16
3,371,0.0,7045.485836186548,11580.930326606396,1.5651128413338482e-16
3,372,1.1102230246251565e-16,6378.4414606902355,10311.621123557758,0.0
3,373,1.1102230246251565e-16,6453.452128100333,10428.850716176114,1.5853017982391437e-16
3,374,1.1102230246251565e-16,6353.365048745116,10246.176645426112,1.588766452230725e-16
3,375,1.1102230246251565e-16,6315.4708879424215,10224.987015738305,1.5900821670341368e-16
3,376,2.220446049250313e-16,6425.225392970096,10378.154587655257,1.586277375277172e-16
3,377,0.0,6299.453540059672,10219.585434613466,3.181277914588262e-16
3,378,1.1102230246251565e-16,6180.323596270515,10073.730952387627,1.5947923839350761e-16
3,379,0.0,6264.706910543209,10163.862398751267,3.1836963014284393e-16
3,380,0.0,6415.00209907868,10406.943451679272,3.1732620213884e-16
3,381,1.1102230246251565e-16,6315.6120462167455,10270.51558567808,1.5900772618651455e-16
3,382,1.1102230246251565e-16,6258.796238632429,10136.172216541316,1.5920540269085503e-16
3,383,0.0,6304.524012167931,10255.323666720871,1.590462656881384e-16
3,384,1.1102230246251565e-16,6163.8049620075035,10012.259321858477,3.190740027375959e-16
3,385,2.220446049250313e-16,6274.521175298702,10147.185034290616,0.0
3,386,0.0,6347.913454264912,10292.797924431867,1.5889556017343653e-16
3,387,1.1102230246251565e-16,6403.633211821922,10408.302569913138,3.1740489174165963e-16
3,388,0.0,6061.654508520303,9941.138767739372,3.1979027282208384e-16
3,389,2.220446049250313e-16,6343.631373831769,10366.678368986573,1.58910420515267e-16
3,390,1.1102230246251565e-16,6175.310843026011,10039.640785916397,0.0
3,391,0.0,6195.672725910765,10077.587154483135,1.594256024637188e-16
3,392,0.0,6307.930796705878,10139.354706824284,3.180688449732031e-16
3,393,2.220446049250313e-16,5961.596010109708,9625.296795699318,3.2049499888208617e-16
3,394,1.1102230246251565e-16,6358.362348994764,10288.067342318414,1.5885931045572853e-16
3,395,1.1102230246251565e-16,6477.935575252071,10463.622721062018,3.168913137286855e-16
3,396,1.1102230246251565e-16,6244.2743817979135,10182.069773651905,1.5925600678021679e-16
3,397,2.220446049250313e-16,6294.731869108604,10157.48901814655,1.5908031650322616e-16
3,398,2.220446049250313e-16,6275.201080457358,10182.800185231348,1.5914827566348596e-16
3,399,0.0,6255.616117967475,10182.748280283571,0.0
3,400,2.220446049250313e-16,6181.341087560759,10039.77253024874,3.1895136351926946e-16
3,401,1.1102230246251565e-16,6137.107297408678,9963.489393202462,3.1926089454469736e-16
3,402,2.220446049250313e-16,6404.239133454183,10325.834521574467,0.0
3,403,1.1102230246251565e-16,6421.134164616502,10456.867259566769,1.586418876619242e-16
3,404,0.0,6204.860007689633,10112.618430606162,3.1878703144776796e-16
3,405,1.1102230246251565e-16,6275.836622787581,10234.476092721894,1.5914606332202043e-16
3,406,0.0,6238.1268147391165,10069.240087297925,0.0
3,407,2.220446049250313e-16,6236.275531337989,10066.493721021483,0.0
3,408,0.0,6035.386750327125,9818.400080143016,1.5998749007465313e-16
3,409,1.1102230246251565e-16,6069.9637321821065,9900.54736725314,1.5986594456898345e-16
3,410,0.0,6166.710420164702,9970.929535183675,1.5952683842209557e-16
3,411,2.220446049250313e-16,6210.551802170397,10125.989034515896,1.593736435123695e-16
3,412,0.0,6156.672063848957,9970.907138486942,0.0
3,413,1.1102230246251565e-16,6125.246092570269,9913.3708578139,0.0
3,414,0.0,6315.075666464203,10219.236305031272,1.5900959009145888e-16
3,415,1.1102230246251565e-16,6217.707450925285,10053.73571096368,1.59348667460281e-16
3,416,0.0,6223.263727225894,10140.591509957669,3.1865855850179596e-16
3,417,0.0,6422.475495902509,10384.056872502519,3.172744963718881e-16
3,418,2.220446049250313e-16,6428.96888153442,10442.12678581082,3.1722958463142674e-16
3,419,1.1102230246251565e-16,6057.302227933316,9874.88639134254,3.1982086206787144e-16
3,420,0.0,13307.396992665686,22714.856731569293,1.3507571156084253e-16
3,421,1.1102230246251565e-16,13539.92579671053,23097.43060852662,1.3449512044007965e-16
3,422,3.3306690738754696e-16,13653.523561603266,23397.678767530597,0.0
3,423,1.1102230246251565e-16,14224.909308441034,24359.18014841799,1.3281345897325474e-16
3,424,2.220446049250313e-16,13860.012308174351,23773.28955897975,0.0
3,425,0.0,13579.714753513508,23134.703482225315,1.3439627283640407e-16
3,426,2.220446049250313e-16,9718.52763844849,15777.299573998269,1.4471769519050955e-16
3,427,0.0,9680.706456464875,15837.378516592667,1.4482664213021659e-16
3,428,0.0,9858.14450668983,16030.159899170423,1.4431693307556754e-16
3,429,1.1102230246251565e-16,9768.289938116177,15849.38165461185,1.4457460036825744e-16
3,430,0.0,9632.228227733933,15613.996748037547,0.0
3,431,0.0,9288.425585221288,15155.130897717872,1.459663887049349e-16
3,432,0.0,8709.032378399155,13868.233524923702,1.4768297857324028e-16
3,433,2.220446049250313e-16,8504.040638484963,13630.189326223297,1.483000250380263e-16
3,434,1.1102230246251565e-16,8593.572280299646,13854.408306177824,1.4802989241479344e-16
3,435,1.1102230246251565e-16,8367.28619047453,13400.351539243677,1.4871454549949474e-16
3,436,1.1102230246251565e-16,8471.190167816203,13582.224634776052,2.967987761103468e-16
3,437,0.0,8446.578408170892,13636.238595579236,1.4847391868407214e-16
3,438,1.1102230246251565e-16,8320.94366107296,13338.399476366032,1.4885554190138176e-16
3,439,0.0,8312.819891813742,13355.271506629137,1.4888028588510436e-16
3,440,1.1102230246251565e-16,8471.003035192181,13574.87775022426,0.0
3,441,1.1102230246251565e-16,8608.503452013647,13666.748546771603,2.959698763477955e-16
3,442,1.1102230246251565e-16,8035.6061667609465,12947.376983410104,1.4972960213388203e-16
3,443,0.0,8069.244846397669,12858.877183287741,1.4962602507146654e-16
3,444,1.1102230246251565e-16,8052.108918363636,12930.141989543577,1.496787704987661e-16
3,445,1.1102230246251565e-16,8210.425483417232,13211.422059843688,1.4919287320189413e-16
3,446,1.1102230246251565e-16,8336.3329938678,13328.442517061312,0.0
3,447,0.0,8103.220231558895,12944.286207209203,1.4952155661529477e-16
3,448,1.1102230246251565e-16,7904.376886054786,12694.463759391881,1.5013504563065112e-16
3,449,1.1102230246251565e-16,8017.555578472755,12881.253873155101,0.0
3,450,0.0,8232.954769192642,13171.169563605992,1.491239837327234e-16
3,451,2.220446049250313e-16,8418.657734455257,13432.302729873414,0.0
3,452,1.1102230246251565e-16,7878.644188830651,12636.703142336339,1.5021480651721712e-16
3,453,0.0,8275.524125971664,13220.544048185446,1.4899398977252427e-16
3,454,0.0,8022.946747448259,12785.720071053333,1.4976861897636785e-16
3,455,1.1102230246251565e-16,8415.88020762038,13432.069662711654,1.4856698558260853e-16
3,456,0.0,8089.702421917456,12964.290854411614,0.0
3,457,0.0,8225.230657148924,13171.837442735541,1.4914759515545252e-16
3,458,0.0,8082.310102817668,12967.165316608978,2.9917166877738243e-16
3,459,1.1102230246251565e-16,7937.123726378042,12799.800868736702,1.500336661543056e-16
3,460,2.220446049250313e-16,8131.673199249817,13011.958620324305,1.4943418081489086e-16
3,461,1.1102230246251565e-16,7888.259353591544,12664.843504892913,1.5018499350535374e-16
3,462,0.0,8182.256542429379,13090.404967164452,2.9855819411416136e-16
3,463,1.1102230246251565e-16,8301.855433754521,13371.893828156235,1.4891369529809568e-16
3,464,1.1102230246251565e-16,8105.662577864241,13035.409808996375,0.0
3,465,1.1102230246251565e-16,8326.5563399702,13322.770148463278,0.0
3,466,0.0,8060.17320337861,12963.071397730104,1.4965394350812036e-16
3,467,1.1102230246251565e-16,8094.83581357904,13007.699634488785,0.0
3,468,2.220446049250313e-16,7962.220653105287,12753.260029901254,0.0
3,469,2.220446049250313e-16,8000.39411285516,12770.337922587649,1.4983817751193718e-16
3,470,1.1102230246251565e-16,8118.435659656854,12979.611457114004,1.4947481907401482e-16
3,471,2.220446049250313e-16,8310.361299417418,13344.761018046811,1.4888777607124697e-16
3,472,1.1102230246251565e-16,8324.932602825364,13217.182739321714,1.4884339509497114e-16
3,473,1.1102230246251565e-16,8334.897995288942,13326.091150849024,2.9762611587927e-16
3,474,1.1102230246251565e-16,7960.086988968804,12780.002668243738,1.4996265684646815e-16
3,475,0.0,8050.3273712040755,12938.478177445939,2.993685126865508e-16
3,476,1.1102230246251565e-16,8099.005802463136,12936.645881932953,0.0
3,477,1.1102230246251565e-16,7905.450643278535,12618.289498463606,3.0026343852250765e-16
3,478,1.1102230246251565e-16,8413.202501032058,13403.087963182483,0.0
3,479,0.0,8167.982837641364,13090.89833296621,1.4932282627908194e-16
3,480,4.440892098500626e-16,12636.793755436403,22178.517676132346,0.0
3,481,1.1102230246251565e-16,12099.876333109307,21110.729031548555,1.4239703066378794e-16
3,482,1.1102230246251565e-16,13122.413009768745,23023.767788741246,0.0
3,483,0.0,12424.704824896362,21766.616999566417,1.414975047691989e-16
3,484,2.220446049250313e-16,12845.9864089748,22521.79189108335,1.4034766772616527e-16
3,485,1.1102230246251565e-16,12401.236638019582,21659.15434705395,1.4156211260507234e-16
3,486,0.0,9666.165848879726,16239.113803881122,2.9903717247844156e-16
3,487,2.220446049250313e-16,9674.680500566858,16140.560569725805,2.9898485809604175e-16
3,488,0.0,9433.920030509427,15903.715644537977,0.0
3,489,0.0,9601.690845942372,16075.583470463956,0.0
3,490,1.1102230246251565e-16,9829.393610788495,16451.62226965059,1.4901873597888343e-16
3,491,1.1102230246251565e-16,9877.007526489215,16512.708925511037,1.48873557520627e-16
3,492,2.220446049250313e-16,8427.51655705666,13752.82413429579,0.0
3,493,0.0,8352.688520762924,13637.684531967547,1.536662750615552e-16
3,494,0.0,8291.212776053879,13509.198874074285,0.0
3,495,0.0,8470.851047908465,13942.101146248075,0.0
3,496,1.1102230246251565e-16,8428.835952336995,13805.564477909544,1.5341954370329807e-16
3,497,2.220446049250313e-16,8296.477819318156,13644.709067335607,1.5384891756584824e-16
3,498,1.1102230246251565e-16,8374.107981207482,13631.993865029024,1.5359679197930749e-16
3,499,1.1102230246251565e-16,8656.368468354594,14087.298799111599,1.5268699577303177e-16
3,500,0.0,8248.05547600938,13451.574616510667,0.0
3,501,0.0,8006.553665052619,13008.454376429057,1.54797890270507e-16
3,502,1.1102230246251565e-16,8433.500017559869,13813.719168412263,3.068089140854694e-16
3,503,1.1102230246251565e-16,7944.084784042978,12980.666422810702,1.5500389691127216e-16
3,504,1.1102230246251565e-16,7908.75554440116,12825.929033396851,1.5512064676733732e-16
3,505,0.0,8075.459000305826,13103.084533408024,0.0
3,506,0.0,8339.35828965294,13591.173351819167,1.5370954905060903e-16
3,507,1.1102230246251565e-16,8439.70739861593,13638.34065957078,1.5338438288338452e-16
3,508,1.1102230246251565e-16,8184.830743560175,13300.497744175465,3.084259544512462e-16
3,509,1.1102230246251565e-16,8051.638828558753,13160.729794142573,1.546495506415254e-16
3,510,1.1102230246251565e-16,8069.735963771309,13099.372289336628,1.545900872089759e-16
3,511,1.1102230246251565e-16,8134.955795844653,13153.758651852742,1.5437616719799575e-16
3,512,1.1102230246251565e-16,8292.642866019392,13508.66664591244,0.0
3,513,1.1102230246251565e-16,8258.602795287225,13426.665073856824,1.539722279343476e-16
3,514,1.1102230246251565e-16,7900.739423231891,12906.143694363953,1.5514716151840007e-16
3,515,2.220446049250313e-16,7931.833697835347,12903.217309869724,1.5504436223612004e-16
3,516,2.220446049250313e-16,8168.083389975203,13324.711691553573,1.5426773579034e-16
3,517,0.0,8128.353168752197,13240.721850523258,1.5439779677180273e-16
3,518,0.0,8003.818161364667,13009.314677784634,1.5480689980796146e-16
3,519,1.1102230246251565e-16,7976.637153418451,12976.65399927642,1.5489647902380547e-16
3,520,1.1102230246251565e-16,8290.466347356036,13373.213556163812,0.0
3,521,0.0,7904.877847091746,12837.413219470347,1.5513347181133334e-16
3,522,0.0,8188.514658173968,13291.94524152278,0.0
3,523,1.1102230246251565e-16,8050.4104390668945,13093.124524702635,1.546535885325723e-16
3,524,1.1102230246251565e-16,8042.538175427042,13038.571647077148,1.5467947078978693e-16
3,525,0.0,8400.798891434519,13615.63476333331,1.5351029660546654e-16
3,526,2.220446049250313e-16,8318.939731524166,13516.701247166235,1.5377588118671381e-16
3,527,2.220446049250313e-16,8074.790339314772,13216.059949484461,3.091469754952717e-16
3,528,1.1102230246251565e-16,8001.3386782124,13050.077098277497,0.0
3,529,2.220446049250313e-16,7918.07739589917,12775.419074230385,1.5508982447530221e-16
3,530,0.0,8047.933772501063,13145.694780977774,1.5466173032914885e-16
3,531,2.220446049250313e-16,8050.455681694621,13083.020564200775,1.546534398098774e-16
3,532,0.0,8283.698741144035,13397.548652334157,0.0
3,533,0.0,8135.808244143511,13178.035785972892,0.0
3,534,0.0,8129.514592445528,13305.254470357011,0.0
3,535,0.0,8416.392381316022,13638.375259685117,0.0
3,536,2.220446049250313e-16,8141.431154382866,13282.038821609165,0.0
3,537,2.220446049250313e-16,8416.757479524895,13575.123394518476,1.534586272404321e-16
3,538,3.3306690738754696e-16,8366.818674825998,13612.499005029995,1.5362043087412798e-16
3,539,1.1102230246251565e-16,8112.158534542614,13210.280890183029,3.089017490309923e-16
3,540,1.1102230246251565e-16,13925.14363731278,24436.916347237944,0.0
3,541,0.0,13480.538955625772,23587.96389314649,0.0
3,542,1.1102230246251565e-16,13189.837281335305,23146.851654849765,0.0
3,543,1.1102230246251565e-16,13126.037622053016,22962.260525859994,1.377757953695489e-16
3,544,1.1102230246251565e-16,13100.257139601315,22887.525319504428,1.378430866506151e-16
3,545,1.1102230246251565e-16,13214.762492329653,22995.437381268148,0.0
3,546,0.0,10063.19962341633,16874.40757900911,1.4625836652991364e-16
3,547,2.220446049250313e-16,9873.235303179448,16518.04898373732,1.468190075628523e-16
3,548,1.1102230246251565e-16,9941.714289345648,16669.969851801354,0.0
3,549,2.220446049250313e-16,10099.588088622913,16803.210611433617,0.0
3,550,1.1102230246251565e-16,10002.087551572731,16801.857459401872,1.464382586423933e-16
3,551,1.1102230246251565e-16,9887.689352969057,16454.598526474332,0.0
3,552,1.1102230246251565e-16,8977.625952503964,14743.95254743626,0.0
3,553,1.1102230246251565e-16,8799.830793889021,14391.89997642826,0.0
3,554,3.3306690738754696e-16,8699.991665463123,14431.569506374217,0.0
3,555,1.1102230246251565e-16,9179.022217221856,15092.18906653039,0.0
3,556,0.0,8897.972486747793,14559.232504791495,0.0
3,557,3.3306690738754696e-16,9061.918447666656,14774.809623691388,0.0
3,558,1.1102230246251565e-16,8615.446338036149,14141.23558255588,0.0
3,559,2.220446049250313e-16,8548.486691760416,14018.241601270658,0.0
3,560,1.1102230246251565e-16,8940.55082125534,14649.419354689195,0.0
3,561,0.0,8638.21220446156,14132.068827421283,0.0
3,562,2.220446049250313e-16,8741.653315071766,14169.717052345588,0.0
3,563,1.1102230246251565e-16,8623.237098639147,14066.486967627792,0.0
3,564,1.1102230246251565e-16,8557.941093909612,13997.183934858118,0.0
3,565,1.1102230246251565e-16,8611.50026836052,14011.758926771337,1.5065469270231902e-16
3,566,0.0,8799.474134295451,14397.65220981476,0.0
3,567,1.1102230246251565e-16,8474.379107973458,13863.226838203955,0.0
3,568,1.1102230246251565e-16,8397.896029954558,13743.546015219852,3.0264795239015913e-16
3,569,0.0,8607.416636591013,14023.822174448573,1.506674323807125e-16
3,570,1.1102230246251565e-16,8944.226929028402,14555.046674402947,1.4962387703962952e-16
3,571,2.220446049250313e-16,8799.15045683179,14335.376680858302,1.5007159676980897e-16
3,572,1.1102230246251565e-16,8508.1510435491,13977.236697576333,0.0
3,573,1.1102230246251565e-16,8739.84698335117,14253.783944637831,1.502553853492492e-16
3,574,1.1102230246251565e-16,8662.330850289953,14172.062493628484,1.5049629699800918e-16
3,575,1.1102230246251565e-16,8582.84478685633,14002.018162953545,1.5074413452412053e-16
3,576,2.220446049250313e-16,8798.288277446147,14375.947405987514,0.0
3,577,2.220446049250313e-16,8783.63281812513,14392.396545591933,1.5011964434841657e-16
3,578,1.1102230246251565e-16,8715.038458580675,14163.653469045834,0.0
3,579,0.0,8482.031092832367,13788.487321561563,0.0
3,580,0.0,8861.01407554104,14463.537626886162,1.4988035252729931e-16
3,581,1.1102230246251565e-16,8807.675250049782,14300.111995243307,0.0
3,582,0.0,8652.46196907937,14072.625529468329,1.5052702384871154e-16
3,583,0.0,8789.304482361193,14354.531537937093,1.5010207949264989e-16
3,584,1.1102230246251565e-16,8719.487264383431,14297.692455994184,1.50318586407202e-16
3,585,1.1102230246251565e-16,8462.063116352583,13852.909624651238,1.511222982287227e-16
3,586,1.1102230246251565e-16,8584.052670699675,13965.81565025701,0.0
3,587,0.0,8637.471086516802,14039.707339097731,0.0
3,588,0.0,8272.54238886878,13613.237863489307,0.0
3,589,0.0,8579.75304814028,14023.247910789345,0.0
3,590,0.0,8824.554673223138,14408.140442247404,0.0
3,591,0.0,8716.368578155358,14285.944976236182,1.5032827219323619e-16
3,592,0.0,8716.054907624217,14322.263898437737,0.0
3,593,1.1102230246251565e-16,9096.100050874069,14882.572692130057,0.0
3,594,2.220446049250313e-16,8840.173037742308,14270.698353910491,0.0
3,595,0.0,8455.885873783183,13770.19842563725,0.0
3,596,2.220446049250313e-16,8708.043846653723,14200.258986184805,1.5035413264516405e-16
3,597,1.1102230246251565e-16,8399.6237288782,13698.523189146772,0.0
3,598,0.0,8901.499160099098,14365.849699227701,0.0
3,599,1.1102230246251565e-16,8848.086816169758,14555.083542426077,0.0
3,600,0.0,15268.871836040686,26729.681660519036,1.3220511171490886e-16
3,601,2.220446049250313e-16,15042.608523060757,26354.403119362716,0.0
3,602,0.0,14924.413969586632,26043.85192590164,0.0
3,603,1.1102230246251565e-16,15019.72991437823,26295.675691443845,0.0
3,604,3.3306690738754696e-16,15331.623680090153,26747.73782614411,0.0
3,605,0.0,15114.545939044794,26310.35829774414,1.3257687343576598e-16
3,606,0.0,12361.81537759836,21138.094496962392,1.3957783637877727e-16
3,607,1.1102230246251565e-16,12476.901159966328,21225.839719851254,0.0
3,608,1.1102230246251565e-16,12483.463669475488,21365.79822035589,1.392528714627914e-16
3,609,0.0,12685.206053825845,21695.766005310255,1.3871727008975678e-16
3,610,0.0,12334.889837209434,20979.322239872854,1.3964996897659008e-16
3,611,1.1102230246251565e-16,12135.948726868563,20775.131967105935,0.0
3,612,1.1102230246251565e-16,11125.150735611256,18774.642980010096,0.0
3,613,2.220446049250313e-16,11457.254563507515,19360.21053663237,0.0
3,614,1.1102230246251565e-16,11238.736915667527,18834.610682091363,0.0
3,615,3.3306690738754696e-16,11193.08723680197,18862.99041103633,0.0
3,616,2.220446049250313e-16,11402.090775032077,19198.806783372147,1.4219577599556797e-16
3,617,0.0,11113.972777747927,18761.922868562906,1.430009800190273e-16
3,618,1.1102230246251565e-16,11313.576468691812,19153.88082802273,0.0
3,619,0.0,10624.431720405119,17818.89142660208,0.0
3,620,1.1102230246251565e-16,10738.054393403378,18100.731125994986,1.4406537306137197e-16
3,621,1.1102230246251565e-16,11515.09960569274,19450.90134789818,0.0
3,622,0.0,11020.963823556536,18649.03347019243,0.0
3,623,0.0,10791.691342239792,18246.859135208902,1.4391253478361983e-16
3,624,0.0,11058.996839725667,18557.996331781254,0.0
3,625,2.220446049250313e-16,11119.450197683836,18669.81171694261,1.4298558723574704e-16
3,626,1.1102230246251565e-16,11250.31928269945,18985.436533713833,0.0
3,627,2.220446049250313e-16,10967.163375517484,18397.77014329313,2.8682957178867386e-16
3,628,1.1102230246251565e-16,10941.327496970167,18474.813391342534,1.434878564063272e-16
3,629,0.0,11047.116656015896,18653.452591636935,0.0
3,630,0.0,11130.595121820726,18750.52512731511,0.0
3,631,2.220446049250313e-16,10858.495536787479,18357.075692134084,1.437226293687252e-16
3,632,0.0,11361.903561014464,19052.37630158993,0.0
3,633,0.0,11078.212036561876,18619.062889728655,1.4310155726158234e-16
3,634,1.1102230246251565e-16,10948.757851995171,18411.730264952144,1.4346683382379502e-16
3,635,0.0,11060.120756017495,18635.81096854186,0.0
3,636,2.220446049250313e-16,11328.366024361094,19158.139739562554,0.0
3,637,0.0,10904.383023651171,18461.931533079045,0.0
3,638,1.1102230246251565e-16,11010.686984628861,18427.065172978142,1.4329185807320923e-16
3,639,0.0,10560.684638969542,17760.678906864036,1.4457310739059018e-16
3,640,1.1102230246251565e-16,10677.583510464247,17932.946040590952,1.4423807438788745e-16
3,641,0.0,10731.815096833918,17911.14094681809,1.440831729932782e-16
3,642,0.0,11129.55105792448,18683.972203123125,1.429572102325283e-16
3,643,1.1102230246251565e-16,10848.563364486487,18105.768246617394,1.4375083199844302e-16
3,644,1.1102230246251565e-16,11231.76546277439,18838.365894200288,0.0
3,645,1.1102230246251565e-16,11152.71597169507,18851.59158522429,0.0
3,646,1.1102230246251565e-16,10574.740745645402,17763.40390359231,0.0
3,647,0.0,11312.94505373414,19081.7419180034,1.4244394127525953e-16
3,648,0.0,10880.037847565298,18274.32599833664,1.4366149750032785e-16
3,649,0.0,11447.72218381842,19220.645289676242,1.4206908084764515e-16
3,650,1.1102230246251565e-16,11374.974992779506,19341.07896000447,0.0
3,651,1.1102230246251565e-16,11060.267846994262,18607.934950730178,0.0
3,652,0.0,10812.792984725776,18329.10204201047,1.438524945849742e-16
3,653,0.0,11113.211500220401,18605.482044628796,0.0
3,654,2.220446049250313e-16,10696.672779004148,17940.3235663184,2.8836702368001e-16
3,655,0.0,10910.790251718965,18334.027693668046,1.435743196673528e-16
3,656,1.1102230246251565e-16,11282.634336857605,19003.929475428144,2.850570363646318e-16
3,657,1.1102230246251565e-16,11298.603843672041,19116.669551774514,0.0
3,658,1.1102230246251565e-16,11215.930880081301,18896.91092503121,0.0
3,659,1.1102230246251565e-16,11087.547652683374,18750.130460198478,1.430752871564412e-16
3,660,0.0,16964.626467328802,30348.61875086421,0.0
3,661,1.1102230246251565e-16,17696.904673065008,31445.72275898828,0.0
3,662,1.1102230246251565e-16,16762.927747284244,29950.53691129185,1.3129616293932927e-16
3,663,1.1102230246251565e-16,16767.765190819184,29763.194675138846,0.0
3,664,1.1102230246251565e-16,16837.675285992133,29971.8384984964,1.31119304654868e-16
3,665,0.0,16826.74687088276,30144.85090662512,0.0
3,666,1.1102230246251565e-16,13695.610044569614,23853.72826871409,1.3898927248538642e-16
3,667,0.0,13763.000204482109,23948.773095264052,0.0
3,668,2.220446049250313e-16,13701.168012015252,23783.395620313313,0.0
3,669,0.0,13740.819525344261,23860.469211688538,0.0
3,670,1.1102230246251565e-16,13908.3189060589,24152.48615746706,0.0
3,671,1.1102230246251565e-16,13842.221049239692,24004.534922178824,1.386011003388492e-16
3,672,3.3306690738754696e-16,12977.210011170653,22199.437221514327,1.4092319895764968e-16
3,673,0.0,13060.993011922415,22461.001881883993,1.4069488810184295e-16
3,674,2.220446049250313e-16,13232.36733425285,22726.402488504365,1.4023018516631017e-16
3,675,2.220446049250313e-16,12792.051730020197,21911.883892755803,0.0
3,676,1.1102230246251565e-16,12948.64226315888,22268.085938229713,1.4100121630826924e-16
3,677,1.1102230246251565e-16,13063.376355365304,22568.645165517475,1.4068840424987546e-16
3,678,1.1102230246251565e-16,12565.144782687996,21526.084977932846,0.0
3,679,2.220446049250313e-16,12574.380017805197,21491.517768512207,0.0
3,680,1.1102230246251565e-16,12323.272357630449,21156.693335465792,1.4273098462592854e-16
3,681,1.1102230246251565e-16,12822.157655955132,22046.89163145746,1.4134768106434996e-16
3,682,0.0,12805.872642836817,22011.575608748262,1.4139241249050544e-16
3,683,1.1102230246251565e-16,12565.235187651793,21524.155513630576,0.0
3,684,1.1102230246251565e-16,12657.357004769976,21630.11589100959,1.4180166321264474e-16
3,685,0.0,13141.173973289136,22482.169673132463,0.0
3,686,1.1102230246251565e-16,12706.073176169964,21781.768333412143,1.4166715973881334e-16
3,687,1.1102230246251565e-16,12236.899518308965,21014.66268598953,0.0
3,688,1.1102230246251565e-16,12587.888274007273,21715.404825867496,1.4199390607967317e-16
3,689,2.220446049250313e-16,11992.383611732665,20595.064527483253,1.4366350116652043e-16
3,690,0.0,12486.745865258672,21419.448072346237,0.0
3,691,1.1102230246251565e-16,12866.886637638476,22034.713300043462,0.0
3,692,1.1102230246251565e-16,12709.240670175146,21710.7953061697,0.0
3,693,1.1102230246251565e-16,12423.258508055384,21238.318884417535,1.4245157895490972e-16
3,694,0.0,13025.523784413635,22343.763590540293,1.4079145230849877e-16
3,695,1.1102230246251565e-16,13000.421907691423,22308.630345343434,1.408598717633432e-16
3,696,1.1102230246251565e-16,12866.15706960138,22093.438838721002,0.0
3,697,0.0,12558.447995596223,21548.033288041323,0.0
3,698,0.0,12568.899507139518,21528.51919639023,1.4204654500124708e-16
3,699,0.0,12270.816448947262,21146.748173611297,1.4287800851421702e-16
3,700,0.0,13076.075290197965,22464.070943875602,0.0
3,701,1.1102230246251565e-16,12536.524783836656,21458.07456404948,0.0
3,702,0.0,12518.136644161379,21367.278592923325,1.4218745697861904e-16
3,703,1.1102230246251565e-16,12737.179776979312,21846.26812714461,0.0
3,704,2.220446049250313e-16,12819.34125622017,22079.197279754557,1.4135541508402308e-16
3,705,0.0,12216.367530776559,20856.437597186603,0.0
3,706,1.1102230246251565e-16,13004.255643817894,22239.519946195018,1.4084941795816148e-16
3,707,2.220446049250313e-16,12602.496447949525,21589.518906659418,1.419534371805868e-16
3,708,0.0,12506.412100206879,21462.320144823425,0.0
3,709,1.1102230246251565e-16,12818.880111504965,22085.035373109455,0.0
3,710,0.0,12459.633902673995,21339.555581632572,0.0
3,711,2.220446049250313e-16,12651.685518450227,21727.277879875637,1.4181733856760823e-16
3,712,2.220446049250313e-16,12218.16330552999,20810.30880688895,0.0
3,713,1.1102230246251565e-16,12370.344457093182,21044.525259347494,0.0
3,714,2.220446049250313e-16,12522.247913079096,21405.501421204324,0.0
3,715,2.220446049250313e-16,12642.753773369172,21698.95057052091,0.0
3,716,0.0,12539.652434519587,21416.75676088678,0.0
3,717,2.220446049250313e-16,12654.026918029464,21695.30490217038,2.8362173356113747e-16
3,718,0.0,12809.932243470219,21963.800230565055,0.0
3,719,1.1102230246251565e-16,12689.875513601735,21774.636653065507,0.0
4,0,0.0,8316.32869607622,15893.445516432894,0.0
4,1,0.0,8035.021887590163,15351.176009137163,2.897786455474335e-16
4,2,2.220446049250313e-16,8224.122862839053,15723.121268868854,0.0
4,3,1.1102230246251565e-16,8304.01133933966,15913.37824479365,1.441173575037787e-16
4,4,2.220446049250313e-16,8139.483452989065,15569.301678191869,2.89177102580282e-16
4,5,0.0,8125.672319277313,15506.291301179544,1.4462824541151069e-16
4,6,1.1102230246251565e-16,3743.7866875810723,6948.950884106573,3.1685492600985345e-16
4,7,1.1102230246251565e-16,3760.507700137925,7003.03600579113,0.0
4,8,2.220446049250313e-16,3729.2794754092756,6951.430043781584,1.5847752313167908e-16
4,9,2.220446049250313e-16,3778.926269734351,7000.844112329638,1.583063376111716e-16
4,10,0.0,3587.8143905484612,6677.587105952018,1.5896734107350902e-16
4,11,0.0,3804.3045634841255,7073.179537662918,3.164379485839048e-16
4,12,1.1102230246251565e-16,3635.1590144299116,6803.907991135981,0.0
4,13,1.1102230246251565e-16,3694.7471910879685,6891.152585808821,3.1719362254710167e-16
4,14,0.0,3635.8253153362675,6809.564088353778,1.588007658465176e-16
4,15,1.1102230246251565e-16,3687.2214600636435,6866.383202823249,1.5862283195597264e-16
4,16,1.1102230246251565e-16,3702.538725773542,6916.403463565352,0.0
4,17,1.1102230246251565e-16,3698.626242807499,6906.29413239573,3.1716680509038666e-16
4,18,1.1102230246251565e-16,3555.168548153146,6620.363834429614,1.5908080646433604e-16
4,19,0.0,3386.304499635051,6288.729721604736,1.5967031350836013e-16
4,20,1.1102230246251565e-16,3507.0953004761104,6518.305843527779,0.0
4,21,1.1102230246251565e-16,3459.3644271687444,6438.574220239182,1.5941472478517533e-16
4,22,4.440892098500626e-16,3485.3526089634834,6506.320558406096,0.0
4,23,0.0,3407.144790773411,6334.462731796604,0.0
4,24,1.1102230246251565e-16,3315.7951052064745,6187.909379872304,0.0
4,25,0.0,3445.916153643193,6422.556583672161,1.5946171000076605e-16
4,26,1.1102230246251565e-16,3351.017233560422,6259.2967864072,1.597940542302651e-16
4,27,1.1102230246251565e-16,3445.0790835533044,6424.958762432954,1.594646354493187e-16
4,28,1.1102230246251565e-16,3392.254318291205,6315.008819768729,1.5964946834882258e-16
4,29,0.0,3449.9445997426665,6419.099211006914,0.0
4,30,2.220446049250313e-16,3300.714745096251,6139.542858906746,0.0
4,31,0.0,3346.925628053199,6218.072798214248,1.5980841454149979e-16
4,32,2.220446049250313e-16,3387.0632935011236,6307.254614923805,0.0
4,33,1.1102230246251565e-16,3302.4571487505164,6146.893500979157,0.0
4,34,1.1102230246251565e-16,3327.6543357393384,6169.672956382484,1.5987608573378265e-16
4,35,1.1102230246251565e-16,3403.9435895105707,6332.921730485716,1.596085308927046e-16
4,36,0.0,3390.1940689971743,6305.824419853626,0.0
4,37,1.1102230246251565e-16,3400.935567616747,6314.617131653316,0.0
4,38,1.1102230246251565e-16,3390.498383600927,6292.114940306036,1.5965561969098417e-16
4,39,0.0,3370.776466346346,6289.359096631072,0.0
4,40,1.1102230246251565e-16,3336.1342265887215,6193.801924798358,0.0
4,41,1.1102230246251565e-16,3426.9639698924148,6381.472912817053,0.0
4,42,3.3306690738754696e-16,3329.798085346396,6187.116363921915,0.0
4,43,2.220446049250313e-16,3322.5818390325585,6184.500342480589,0.0
4,44,0.0,3330.308646117832,6179.341092933133,3.197335234261447e-16
4,45,0.0,3332.031487416374,6176.62922381792,1.5986071032465553e-16
4,46,0.0,3185.373302942302,5928.047077727375,1.6037748506954998e-16
4,47,0.0,3332.7948896005473,6187.517037554779,0.0
4,48,2.220446049250313e-16,3391.3189218211264,6299.564885413368,1.5965274514503727e-16
4,49,0.0,3435.9364760465833,6390.239077961022,0.0
4,50,0.0,3404.653779499189,6313.052594221353,0.0
4,51,1.1102230246251565e-16,3428.0898668459995,6371.6830907889525,1.595240337065268e-16
4,52,1.1102230246251565e-16,3293.0940396692167,6097.216610667834,1.5999758796024914e-16
4,53,1.1102230246251565e-16,3393.853521928788,6302.62058163383,1.5964386647499667e-16
4,54,0.0,3241.129846409909,6011.829366994206,0.0
4,55,0.0,3304.631791346612,6136.012562350818,0.0
4,56,1.1102230246251565e-16,3275.0521578157204,6093.097392098399,1.6006109046869908e-16
4,57,1.1102230246251565e-16,3237.2915979895843,6026.806528480891,0.0
4,58,2.220446049250313e-16,3385.9976319518464,6328.65894168781,0.0
4,59,1.1102230246251565e-16,3346.345189889973,6215.950661704612,1.5981045191485054e-16
4,60,2.220446049250313e-16,8681.50162075946,15434.813529941039,0.0
4,61,0.0,9076.651157001426,16055.845135503698,2.983784892398896e-16
4,62,1.1102230246251565e-16,8513.11386823297,15106.509021301048,1.5093327891072538e-16
4,63,0.0,8738.199420672288,15528.110922104592,1.5023181653005982e-16
4,64,1.1102230246251565e-16,8644.010459925827,15369.131228933282,1.5052455453842752e-16
4,65,1.1102230246251565e-16,9105.963964700088,16251.317524288837,0.0
4,66,1.1102230246251565e-16,6744.325402310817,11776.741255224699,1.5668225575619368e-16
4,67,0.0,6857.928928868918,11992.57385624381,0.0
4,68,0.0,6727.077174954451,11792.628619874793,1.567404734875277e-16
4,69,1.1102230246251565e-16,6661.328583981507,11655.118169652427,0.0
4,70,0.0,6832.94066709769,11880.423016101986,0.0
4,71,1.1102230246251565e-16,6438.128126468466,11282.233790833772,0.0
4,72,2.220446049250313e-16,6196.327852802009,10760.290068053251,1.5855329781921888e-16
4,73,0.0,6018.165509738348,10510.382092832551,1.5917126541635706e-16
4,74,0.0,5993.62638369124,10558.272579111937,1.592567585964935e-16
4,75,1.1102230246251565e-16,6293.099372111785,10924.452148819637,0.0
4,76,1.1102230246251565e-16,6230.908672930993,10897.272356052641,1.5843390765710104e-16
4,77,3.3306690738754696e-16,6326.880311374509,11102.919104730407,0.0
4,78,1.1102230246251565e-16,6343.968445430051,11081.205961143864,1.5804482098947816e-16
4,79,0.0,6133.494388617146,10710.291431795018,1.5877069127133584e-16
4,80,0.0,6255.643469231101,10826.987136290769,0.0
4,81,1.1102230246251565e-16,6136.324125398016,10727.993634467428,0.0
4,82,0.0,6351.614575392101,11132.582660903552,0.0
4,83,1.1102230246251565e-16,6187.083798759224,10839.876126149775,0.0
4,84,0.0,6185.359150624325,10755.70816374037,1.5859120482332058e-16
4,85,1.1102230246251565e-16,6272.289500296545,10996.046641656874,0.0
4,86,0.0,6197.392369008652,10847.076808873024,0.0
4,87,0.0,6085.318486132746,10661.145466774056,0.0
4,88,1.1102230246251565e-16,6183.697717033741,10786.952297073205,1.5859694819273264e-16
4,89,2.220446049250313e-16,6212.09078999739,10887.639307596532,1.5849885402412043e-16
4,90,3.3306690738754696e-16,6374.180294448699,11144.008290647129,0.0
4,91,1.1102230246251565e-16,6065.647892882691,10606.709476156584,1.5900609935956377e-16
4,92,3.3306690738754696e-16,5988.448310114101,10426.699293381087,1.5927481050093724e-16
4,93,1.1102230246251565e-16,6165.918135291104,10782.16233697984,0.0
4,94,1.1102230246251565e-16,6311.287944748503,10980.08244886291,0.0
4,95,1.1102230246251565e-16,6063.699619707797,10583.418057199398,0.0
4,96,0.0,5986.875945769192,10442.92831790984,0.0
4,97,1.1102230246251565e-16,6239.845945053443,10882.497921308925,1.5840308098950021e-16
4,98,1.1102230246251565e-16,6235.556880140604,10902.393983283147,0.0
4,99,1.1102230246251565e-16,6265.581081020384,11004.065424288987,1.583143816674953e-16
4,100,1.1102230246251565e-16,6099.233929648355,10666.644931497915,0.0
4,101,2.220446049250313e-16,6167.837253523772,10821.489613758067,0.0
4,102,3.3306690738754696e-16,6148.854604405533,10741.09920941295,1.587174924162714e-16
4,103,1.1102230246251565e-16,6243.5788942334475,10894.162075422528,1.583902087570788e-16
4,104,0.0,6124.009453319515,10693.267801408056,1.5880355938500597e-16
4,105,0.0,6150.548238415591,10783.639354062047,0.0
4,106,1.1102230246251565e-16,6206.934007366843,10768.507531613668,1.5851666098100533e-16
4,107,1.1102230246251565e-16,6270.331386520913,10856.992723051282,0.0
4,108,1.1102230246251565e-16,6279.432492881977,10974.137264342893,0.0
4,109,0.0,6306.470830381069,11018.294496237619,1.5817365422174067e-16
4,110,2.220446049250313e-16,6176.75328542549,10765.601340915799,0.0
4,111,1.1102230246251565e-16,6304.908106360192,11008.492117342796,1.5817902794352503e-16
4,112,1.1102230246251565e-16,6190.358205357908,10798.406530686083,0.0
4,113,0.0,6039.912506977445,10543.659522070733,0.0
4,114,1.1102230246251565e-16,6331.276676937225,11064.7407484554,0.0
4,115,0.0,6194.877625474437,10832.306261096981,0.0
4,116,1.1102230246251565e-16,6037.133364723639,10559.445818264772,1.591052451569729e-16
4,117,0.0,6227.955712638788,10898.383289196823,0.0
4,118,1.1102230246251565e-16,6251.873066063883,10903.677824240898,1.5836161566498154e-16
4,119,1.1102230246251565e-16,6231.088753869575,10977.872995543714,0.0
4,120,0.0,11435.997399406544,20155.137136850546,0.0
4,121,0.0,11275.093376321958,19799.611038896244,0.0
4,122,1.1102230246251565e-16,11334.534421212193,19919.829586449683,0.0
4,123,1.1102230246251565e-16,11135.845090466457,19570.197612195676,0.0
4,124,1.1102230246251565e-16,11368.517599173581,19983.212650665453,0.0
4,125,2.220446049250313e-16,11105.314509356489,19661.234459505642,1.4765690450801741e-16
4,126,0.0,8476.852278357437,14490.501746594528,0.0
4,127,0.0,8345.194740088977,14287.59670251753,0.0
4,128,2.220446049250313e-16,8286.567512285037,14138.540660635072,0.0
4,129,2.220446049250313e-16,8508.933136147025,14568.942859575447,1.5586975539490626e-16
4,130,1.1102230246251565e-16,8080.652818651717,13781.023830401355,0.0
4,131,0.0,8208.902385276982,14068.235188468876,0.0
4,132,0.0,7800.806129317738,13242.269266915708,0.0
4,133,1.1102230246251565e-16,7617.330311168298,12915.600399053132,0.0
4,134,0.0,7545.141773297866,12849.232229457206,1.591558288877902e-16
4,135,2.220446049250313e-16,7537.254586498129,12823.872726759877,0.0
4,136,1.1102230246251565e-16,7510.808651409505,12841.299254289204,1.592754463307705e-16
4,137,1.1102230246251565e-16,7668.589151543521,13060.846571175649,0.0
4,138,0.0,7585.58192920396,12895.56614040855,0.0
4,139,0.0,7523.912153647725,12778.907415548985,0.0
4,140,1.1102230246251565e-16,7474.115039268327,12749.542427109107,0.0
4,141,2.220446049250313e-16,7644.047514412385,12927.638325050846,0.0
4,142,0.0,7252.239877717766,12329.653963828823,1.6018211533838725e-16
4,143,0.0,7464.981675690797,12757.31812541911,1.5943538909367736e-16
4,144,2.220446049250313e-16,7634.831878596939,13005.872899168347,0.0
4,145,1.1102230246251565e-16,7497.300451076226,12661.341792404864,0.0
4,146,1.1102230246251565e-16,7635.129038811072,12905.003366353616,3.1768632389057e-16
4,147,0.0,7578.320813168604,12886.088244458497,0.0
4,148,1.1102230246251565e-16,7533.68675926295,12820.37901817136,0.0
4,149,0.0,7420.720659296108,12608.415953613729,0.0
4,150,1.1102230246251565e-16,7368.417412919436,12548.006199471993,1.5977346611365276e-16
4,151,0.0,7465.393441139073,12680.258719228448,0.0
4,152,1.1102230246251565e-16,7449.4457940785,12625.668099588758,0.0
4,153,0.0,7351.724702322645,12528.492595174534,0.0
4,154,2.220446049250313e-16,7472.58115298552,12677.650047683726,0.0
4,155,1.1102230246251565e-16,7312.307738504336,12471.313262046464,0.0
4,156,1.1102230246251565e-16,7296.073702147776,12404.742246340784,1.600276865177643e-16
4,157,2.220446049250313e-16,7649.588376569445,12995.166360483807,1.5879303650281238e-16
4,158,0.0,7568.936209721789,12838.723207640382,0.0
4,159,1.1102230246251565e-16,7398.25613193505,12564.937410295506,0.0
4,160,1.1102230246251565e-16,7491.309243708667,12662.322314904404,0.0
4,161,1.1102230246251565e-16,7396.480656363245,12501.783368399949,0.0
4,162,1.1102230246251565e-16,7366.362202026976,12533.256653619437,1.597806771078596e-16
4,163,1.1102230246251565e-16,7694.665303570357,13056.919319342596,0.0
4,164,0.0,7684.838097362415,13022.231396928588,0.0
4,165,1.1102230246251565e-16,7659.589618674487,13028.894952444396,0.0
4,166,2.220446049250313e-16,7302.475463332521,12411.411787521618,1.6000515769919926e-16
4,167,1.1102230246251565e-16,7647.014177265708,12993.117062990794,0.0
4,168,1.1102230246251565e-16,7653.839988268061,13042.548727340203,1.5877830367733536e-16
4,169,1.1102230246251565e-16,7450.548877103603,12661.354345257458,0.0
4,170,1.1102230246251565e-16,7365.6637993987315,12533.32450539863,0.0
4,171,1.1102230246251565e-16,7352.695402864294,12576.410377485416,0.0
4,172,0.0,7687.8872823097045,13032.843247642793,1.5866042040051353e-16
4,173,1.1102230246251565e-16,7465.924768003148,12684.439168942585,0.0
4,174,1.1102230246251565e-16,7500.139731870935,12741.885340120698,0.0
4,175,1.1102230246251565e-16,7472.1166157712505,12708.155964956984,1.5941046601277905e-16
4,176,1.1102230246251565e-16,7330.94986819441,12404.055290703043,0.0
4,177,1.1102230246251565e-16,7452.013475649539,12692.081354614467,1.5948070831326106e-16
4,178,0.0,7602.343010875658,12871.01860761988,1.5895693689521339e-16
4,179,0.0,7415.747294406079,12553.922600163753,0.0
4,180,1.1102230246251565e-16,13610.385324634648,24006.784273002275,0.0
4,181,0.0,14057.42154813448,24750.086687582378,0.0
4,182,0.0,13668.346963903037,24115.163253049057,1.4554217839344165e-16
4,183,0.0,14116.830503243204,24916.008080595,0.0
4,184,0.0,13902.382270908587,24419.176423285317,1.448640052613138e-16
4,185,2.220446049250313e-16,13851.812572965391,24467.71963487883,1.4501000721320154e-16
4,186,1.1102230246251565e-16,10220.547476259992,17547.982377432785,1.5632331282527184e-16
4,187,0.0,9672.06635635376,16613.495018748526,0.0
4,188,0.0,10076.410871775355,17382.32427151952,1.5680891276057015e-16
4,189,1.1102230246251565e-16,10344.5336004048,17741.52920648244,0.0
4,190,1.1102230246251565e-16,9741.540869406199,16773.069671445366,0.0
4,191,1.1102230246251565e-16,9986.637172081064,17163.662314845344,0.0
4,192,1.1102230246251565e-16,9363.615950809144,15940.88506888909,1.5925537935834029e-16
4,193,1.1102230246251565e-16,9337.371163441872,15959.823960831258,1.5934691509249116e-16
4,194,2.220446049250313e-16,9131.435026103805,15596.289445891312,1.6006884139267222e-16
4,195,1.1102230246251565e-16,9227.150309643046,15746.939309516245,1.5973249157450474e-16
4,196,1.1102230246251565e-16,8748.197908418464,14840.104405840197,0.0
4,197,2.220446049250313e-16,8943.36595205751,15192.782073188882,1.6073387169309974e-16
4,198,1.1102230246251565e-16,9107.344410605263,15435.89377751291,1.6015372064974047e-16
4,199,0.0,9293.434585161063,15831.753509480382,0.0
4,200,2.220446049250313e-16,8993.81244649418,15384.956617928561,0.0
4,201,0.0,8697.819913889376,14713.85836928184,3.2322101729364727e-16
4,202,1.1102230246251565e-16,8822.560699887086,14942.94568188774,0.0
4,203,0.0,9121.608022902408,15675.879649851857,1.6010345432878239e-16
4,204,1.1102230246251565e-16,9051.98796595158,15428.883913663029,0.0
4,205,0.0,8965.28170775457,15322.56057802097,0.0
4,206,0.0,9028.432794661952,15394.161023818315,0.0
4,207,1.1102230246251565e-16,9152.486071061394,15528.058121930904,0.0
4,208,0.0,8743.898739318684,14898.488657694974,1.6144527207801242e-16
4,209,1.1102230246251565e-16,8773.9158346845,14978.303486519411,0.0
4,210,1.1102230246251565e-16,8964.13771186499,15244.602987800698,0.0
4,211,1.1102230246251565e-16,9380.52004282891,16070.002531996071,1.5919647746532157e-16
4,212,2.220446049250313e-16,8964.477190811689,15240.293457297072,1.606589451192884e-16
4,213,1.1102230246251565e-16,8512.619213462742,14521.455716327337,1.6227805566006603e-16
4,214,0.0,8931.071728917399,15182.645462697934,0.0
4,215,0.0,9020.832529300962,15290.389774128016,3.209185485659575e-16
4,216,1.1102230246251565e-16,8955.416253388692,15307.298637715805,0.0
4,217,2.220446049250313e-16,9036.623204241849,15364.70465576713,0.0
4,218,0.0,9267.30558178907,15904.869311611328,1.595918038314321e-16
4,219,1.1102230246251565e-16,8661.79699577469,14757.044911369407,0.0
4,220,0.0,9024.044549089456,15393.336794796605,0.0
4,221,0.0,8697.2217962035,14724.964723505103,0.0
4,222,0.0,9209.238182015695,15800.549559469642,1.5979532841776956e-16
4,223,1.1102230246251565e-16,8770.475020821228,14922.269092442379,1.6135012429129856e-16
4,224,0.0,9210.722502816592,15825.66017728332,0.0
4,225,1.1102230246251565e-16,8780.901513963436,14920.88186719198,0.0
4,226,0.0,8884.509383327444,15176.090011932012,1.6094313092689876e-16
4,227,1.1102230246251565e-16,9054.82787334553,15484.535354828125,0.0
4,228,0.0,8850.81348889201,15112.166629445735,0.0
4,229,1.1102230246251565e-16,9164.958252454358,15489.987386999026,0.0
4,230,0.0,9011.151571298476,15357.662455307387,0.0
4,231,2.220446049250313e-16,8861.22075311983,15013.096153508706,0.0
4,232,0.0,9054.055787329344,15375.333694859954,0.0
4,233,1.1102230246251565e-16,9149.198974972423,15656.24847913575,0.0
4,234,0.0,9137.974075599748,15539.192714389992,1.600458176673556e-16
4,235,0.0,8872.717138842469,15054.048758037057,1.609851227280268e-16
4,236,0.0,8929.008451364127,15163.99654553996,0.0
4,237,0.0,9145.922358861135,15589.515813032322,1.6001784100433373e-16
4,238,1.1102230246251565e-16,8872.729504290168,15096.545278503514,0.0
4,239,0.0,8872.844484801943,15108.72280073408,0.0
4,240,1.1102230246251565e-16,13263.253633567583,23357.46707534639,0.0
4,241,0.0,13732.474375198624,24015.08514645042,1.4831483861526892e-16
4,242,1.1102230246251565e-16,13557.288811778613,23789.824416173167,0.0
4,243,2.220446049250313e-16,13891.749057880057,24342.86572410416,2.9566972846583453e-16
4,244,0.0,13384.040097400451,23433.6470951466,0.0
4,245,0.0,13768.90110900798,24261.79287214037,0.0
4,246,1.1102230246251565e-16,9837.716201521784,16827.676202204493,0.0
4,247,1.1102230246251565e-16,9745.901013985102,16622.16461791545,1.614334455498047e-16
4,248,1.1102230246251565e-16,9741.143982283342,16508.888518605174,0.0
4,249,0.0,9613.464552695958,16292.714714212467,0.0
4,250,0.0,9470.632669839622,16000.973068796178,0.0
4,251,0.0,9399.57133371022,16056.947369191032,0.0
4,252,1.1102230246251565e-16,8562.132836870514,14412.974734500991,1.657877877138632e-16
4,253,1.1102230246251565e-16,8882.328549125421,14866.749066771226,1.6458698028761904e-16
4,254,2.220446049250313e-16,8664.197061495586,14618.622510346959,0.0
4,255,2.220446049250313e-16,8462.892882592256,14307.339870432652,0.0
4,256,1.1102230246251565e-16,8770.98190894405,14743.325261962644,0.0
4,257,0.0,8598.855868709179,14511.206045791632,1.65649179108723e-16
4,258,1.1102230246251565e-16,8752.795580035825,14740.599102746512,0.0
4,259,1.1102230246251565e-16,8504.78799396295,14394.669093758486,0.0
4,260,1.1102230246251565e-16,8617.768792899064,14450.370560344416,1.6557788393404449e-16
4,261,0.0,8659.330941307097,14578.88399942279,1.6542142444319875e-16
4,262,0.0,8595.927526695821,14542.973027298525,1.656602234334869e-16
4,263,0.0,8649.915885188682,14499.17333760509,1.6545684123656428e-16
4,264,0.0,8668.49348573661,14599.745996935593,0.0
4,265,1.1102230246251565e-16,8475.619404987134,14255.176315891886,1.661152455658955e-16
4,266,2.220446049250313e-16,8722.290465727034,14687.655622553388,0.0
4,267,2.220446049250313e-16,8644.66809235495,14626.6365600603,1.6547658854045197e-16
4,268,0.0,8304.703710817055,14012.39128846178,1.6676598744139526e-16
4,269,0.0,8655.806253508657,14574.006687852218,1.6543468155169872e-16
4,270,1.1102230246251565e-16,8675.3665643383,14614.740013490979,1.6536113783009175e-16
4,271,0.0,8592.429692971069,14512.813451141437,1.6567341754268572e-16
4,272,0.0,8462.620346973672,14280.196617494064,1.661645594959291e-16
4,273,1.1102230246251565e-16,8548.48687668515,14408.49717471361,1.6583935260074872e-16
4,274,2.220446049250313e-16,8697.204000590114,14691.432518377322,1.6527910968206626e-16
4,275,3.3306690738754696e-16,8506.272038783238,14259.717395386982,1.6599907588424948e-16
4,276,1.1102230246251565e-16,8449.892896110665,14251.01995747915,0.0
4,277,2.220446049250313e-16,8598.337723990473,14431.945657878228,0.0
4,278,2.220446049250313e-16,8690.813688995331,14634.37885341813,1.653031052399406e-16
4,279,1.1102230246251565e-16,8588.90447929594,14395.331720089316,3.313734341157404e-16
4,280,1.1102230246251565e-16,8646.943742456475,14512.7464226417,0.0
4,281,1.1102230246251565e-16,8399.487820495284,14149.63617586174,1.6640447947931552e-16
4,282,1.1102230246251565e-16,8642.056903924233,14498.006736219982,0.0
4,283,0.0,8440.626098435445,14224.822110498633,1.6624806478178778e-16
4,284,1.1102230246251565e-16,8625.325898717449,14541.209309457343,1.65549413419421e-16
4,285,0.0,8533.515641237893,14294.304227327486,0.0
4,286,1.1102230246251565e-16,8644.244663959216,14572.618761718033,0.0
4,287,0.0,8505.841092542883,14351.338138292675,0.0
4,288,0.0,8585.777937015395,14544.91934237775,1.656985142989086e-16
4,289,1.1102230246251565e-16,8459.357898854112,14238.223625661903,1.6617694069235388e-16
4,290,1.1102230246251565e-16,8703.994430146202,14630.42658969589,0.0
4,291,1.1102230246251565e-16,8756.696113695281,14715.805069876782,1.6505605124737818e-16
4,292,1.1102230246251565e-16,8562.713920232309,14482.29874843314,0.0
4,293,1.1102230246251565e-16,8811.089689053297,14913.979155413346,0.0
4,294,0.0,8950.348373184956,15112.152286802666,1.6433412701260283e-16
4,295,1.1102230246251565e-16,8733.662353144748,14669.7096545727,1.6514234206376527e-16
4,296,1.1102230246251565e-16,8439.001327981954,14204.720202089082,1.662542368564746e-16
4,297,2.220446049250313e-16,8650.219525971268,14589.044323114704,0.0
4,298,1.1102230246251565e-16,8359.88347474939,14072.47983471342,1.6655534022767168e-16
4,299,2.220446049250313e-16,8767.418672293512,14810.68969136927,1.650159123402458e-16
4,300,2.220446049250313e-16,11315.557094214346,19738.683439000863,1.558268543347428e-16
4,301,1.1102230246251565e-16,11820.066516298168,20738.68394281957,0.0
4,302,1.1102230246251565e-16,11525.078321404064,20069.79637853995,1.5513074405390483e-16
4,303,0.0,11351.028687239457,19777.28355076732,0.0
4,304,0.0,11237.605705494308,19661.616014906213,0.0
4,305,1.1102230246251565e-16,11187.075518931102,19666.824785425815,0.0
4,306,2.220446049250313e-16,9039.342790282404,15272.579519593584,0.0
4,307,3.3306690738754696e-16,9226.688537465176,15506.957398977127,1.6312449431577682e-16
4,308,1.1102230246251565e-16,9140.125938670513,15276.482158498191,1.6344168625251044e-16
4,309,1.1102230246251565e-16,9247.41919658913,15389.936236270767,0.0
4,310,2.220446049250313e-16,8769.439148927602,14681.438681552021,0.0
4,311,0.0,9047.597865945441,15259.023337190962,1.6378210434749756e-16
4,312,1.1102230246251565e-16,8482.437991260478,14025.248715893098,0.0
4,313,0.0,8470.848563427528,13972.412638724527,0.0
4,314,1.1102230246251565e-16,8290.604938063188,13690.494397248805,0.0
4,315,1.1102230246251565e-16,8365.899035695766,13891.39584291544,0.0
4,316,1.1102230246251565e-16,8553.730415556696,14195.362869751674,1.6562333508242155e-16
4,317,0.0,8307.468625557289,13808.526733180375,1.665570005325432e-16
4,318,2.220446049250313e-16,8265.463082614297,13740.397281142708,0.0
4,319,2.220446049250313e-16,8302.39973719119,13854.702288292741,1.6657632905892854e-16
4,320,1.1102230246251565e-16,8600.255185291317,14334.074001691113,0.0
4,321,2.220446049250313e-16,8578.383257407819,14129.603562110517,0.0
4,322,1.1102230246251565e-16,8488.619294796197,14080.796921075917,0.0
4,323,1.1102230246251565e-16,8427.994042781938,13906.897559267893,0.0
4,324,2.220446049250313e-16,8676.472466669176,14268.76974340956,0.0
4,325,2.220446049250313e-16,8230.374515950687,13727.89784719858,1.6685145892452731e-16
4,326,1.1102230246251565e-16,8482.427433146797,14108.093580036904,0.0
4,327,2.220446049250313e-16,8280.628213229676,13682.29718982084,1.6665939859150238e-16
4,328,0.0,8341.230545177386,13820.204340691907,0.0
4,329,0.0,8609.897123293791,14290.954920571816,1.6541185135529466e-16
4,330,1.1102230246251565e-16,8353.607319979805,13785.60492679632,0.0
4,331,0.0,8337.231746117352,13784.118193238903,1.6644359916479898e-16
4,332,3.3306690738754696e-16,8460.275781329095,14022.672851538422,0.0
4,333,0.0,8297.292369652227,13669.569285508807,1.6659580885068786e-16
4,334,1.1102230246251565e-16,8874.16167869755,14677.511254241435,0.0
4,335,0.0,8531.345933706245,14195.587102596463,0.0
4,336,2.220446049250313e-16,8413.467012557194,13955.724176643525,0.0
4,337,1.1102230246251565e-16,8273.640936999582,13686.427850991518,0.0
4,338,1.1102230246251565e-16,8294.083299060672,13644.708684285626,0.0
4,339,2.220446049250313e-16,8542.481438956536,14030.5505059941,0.0
4,340,1.1102230246251565e-16,8592.142066020417,14235.988828484784,0.0
4,341,3.3306690738754696e-16,8315.382259493075,13802.378767719583,1.665268334777729e-16
4,342,0.0,8562.831972289488,14157.141473951595,1.6558902840937252e-16
4,343,2.220446049250313e-16,8389.660636329252,13882.628305433394,0.0
4,344,2.220446049250313e-16,8461.6791032529,14048.075184105837,0.0
4,345,0.0,8277.993412814314,13705.342191457421,0.0
4,346,2.220446049250313e-16,8151.644626894573,13462.677664947802,0.0
4,347,1.1102230246251565e-16,8302.743095234138,13718.178789024787,0.0
4,348,0.0,8114.534223280934,13468.979388795091,0.0
4,349,1.1102230246251565e-16,8302.00761289477,13773.982523620509,0.0
4,350,1.1102230246251565e-16,8290.726738711208,13735.796071468218,1.666208572364188e-16
4,351,1.1102230246251565e-16,8377.29927563139,13765.453671864745,0.0
4,352,1.1102230246251565e-16,8397.81762446351,13892.631161374959,1.66213235515384e-16
4,353,0.0,8583.198593413472,14217.86176315083,0.0
4,354,1.1102230246251565e-16,8370.020657497305,13875.679148173056,0.0
4,355,0.0,8446.824222347415,13964.647933082988,0.0
4,356,0.0,8470.956159188703,14037.209589386686,0.0
4,357,1.1102230246251565e-16,8524.586924868549,14078.72631448536,0.0
4,358,1.1102230246251565e-16,8497.152319265355,14110.047909328803,1.6583691524187117e-16
4,359,1.1102230246251565e-16,8604.857058852547,14191.718194301156,0.0
4,360,1.1102230246251565e-16,13839.173873179003,23903.61776938466,1.4234591751181776e-16
4,361,0.0,14084.442636222644,24335.21031658645,1.4166614566412018e-16
4,362,2.220446049250313e-16,13924.595626298316,24048.39903284057,1.421084286898044e-16
4,363,1.1102230246251565e-16,13816.79105109733,23731.50740917715,0.0
4,364,3.3306690738754696e-16,14231.113652574466,24271.320586227015,1.4126273457857959e-16
4,365,2.220446049250313e-16,13655.71312028038,23501.928667730204,1.4285866627130554e-16
4,366,1.1102230246251565e-16,6913.521250118014,11325.668340829201,1.6465552135247428e-16
4,367,1.1102230246251565e-16,6726.453617928062,10974.244147610318,1.6535553017109075e-16
4,368,0.0,6702.082708003829,10861.964646488612,0.0
4,369,1.1102230246251565e-16,6803.444041528346,10985.769289379914,3.301334236550489e-16
4,370,2.220446049250313e-16,6641.50870962692,10701.000763316477,1.656753635954062e-16
4,371,1.1102230246251565e-16,6504.4877387392335,10515.436621441306,0.0
4,372,1.1102230246251565e-16,6134.617183414957,9801.556136616597,0.0
4,373,1.1102230246251565e-16,6147.083297948186,9807.051060741855,1.6756180616764423e-16
4,374,0.0,6131.179197794423,9773.40781659848,0.0
4,375,1.1102230246251565e-16,6095.412527204549,9799.552568121711,1.6776143439165066e-16
4,376,1.1102230246251565e-16,5804.810087404068,9344.439226056413,0.0
4,377,0.0,6511.742567431487,10457.331712929452,1.6616635315140082e-16
4,378,1.1102230246251565e-16,5882.2044368868665,9466.911264306134,0.0
4,379,0.0,6287.900186536863,10061.760270096154,1.6702016890408852e-16
4,380,2.220446049250313e-16,6261.404048300879,10045.774895178623,0.0
4,381,1.1102230246251565e-16,6073.527977455946,9686.977589685046,1.6784612805405344e-16
4,382,0.0,6022.117008275556,9642.064096753042,3.3609085276375125e-16
4,383,1.1102230246251565e-16,6182.814177729313,9852.056835758765,1.6742403878850024e-16
4,384,0.0,5946.860560093373,9510.937252569669,1.683380183932879e-16
4,385,1.1102230246251565e-16,6222.29422227179,10071.417986021512,1.6727207897829235e-16
4,386,0.0,6152.885454403833,9784.970849252708,1.6753941940399906e-16
4,387,1.1102230246251565e-16,6259.978942447982,9927.529361550747,0.0
4,388,2.220446049250313e-16,6195.325773518562,9977.741398000566,3.3475170285152574e-16
4,389,0.0,6189.0105094311075,9937.527638479292,1.6740017066872287e-16
4,390,1.1102230246251565e-16,5577.139692597491,8974.255256428398,1.697903946188021e-16
4,391,1.1102230246251565e-16,5792.556954415733,9337.191481864418,1.6894113812935664e-16
4,392,1.1102230246251565e-16,6161.630823970074,9852.272500219617,0.0
4,393,1.1102230246251565e-16,6056.062643393801,9771.5489688736,3.358275612806225e-16
4,394,1.1102230246251565e-16,6430.453128166715,10438.260906466483,1.6647540912819053e-16
4,395,1.1102230246251565e-16,6134.73762317434,9759.653343602677,0.0
4,396,1.1102230246251565e-16,5914.920222877408,9382.605733317228,1.6846250849172233e-16
4,397,0.0,6308.7213141335815,9962.728350995872,0.0
4,398,0.0,6173.518777648482,9923.79805536482,1.6745985721119202e-16
4,399,0.0,6309.08337866568,10042.016216133998,0.0
4,400,0.0,5999.440522374833,9587.00706940567,1.6813348391259207e-16
4,401,2.220446049250313e-16,6047.1767026512825,9744.792486952623,0.0
4,402,1.1102230246251565e-16,6230.643342994401,10006.693145824274,0.0
4,403,1.1102230246251565e-16,6173.635431510193,9839.408336122058,1.6745940760816459e-16
4,404,0.0,5915.909304055982,9472.350740946813,1.6845865070371811e-16
4,405,1.1102230246251565e-16,6114.263597110403,9758.263543769992,1.67688548850822e-16
4,406,2.220446049250313e-16,6049.635804823272,9720.664901537964,1.6793868895417307e-16
4,407,2.220446049250313e-16,6276.625174712877,10044.976536944108,1.6706340804938882e-16
4,408,0.0,5925.73960302335,9521.463418332698,0.0
4,409,1.1102230246251565e-16,6059.667046466653,9648.660825690951,0.0
4,410,0.0,6134.27102392252,9836.599855986602,1.676112616322706e-16
4,411,1.1102230246251565e-16,6184.485692325499,9761.521616612075,0.0
4,412,1.1102230246251565e-16,6117.9634395030735,9770.018769205704,1.6767425126059474e-16
4,413,0.0,6095.190444880733,9710.349312555863,0.0
4,414,0.0,5947.863040808923,9482.340974912539,1.6833411411995108e-16
4,415,2.220446049250313e-16,6210.494374400238,9877.536656676046,1.6731746801714623e-16
4,416,1.1102230246251565e-16,6051.204072783454,9672.745627677754,3.35865220362895e-16
4,417,1.1102230246251565e-16,5886.938429322705,9477.694892498825,3.371434424982308e-16
4,418,0.0,6292.4075718206,10042.80717731432,0.0
4,419,1.1102230246251565e-16,5972.761083871752,9587.1261440961,0.0
4,420,0.0,13386.686093799843,23294.629979641315,1.4301515319670905e-16
4,421,1.1102230246251565e-16,13143.674212863589,22911.262498072163,0.0
4,422,3.3306690738754696e-16,13020.37350972223,22774.080751469442,0.0
4,423,2.220446049250313e-16,13191.432853124796,23027.841117534346,0.0
4,424,0.0,13293.61537506534,23173.00755006173,1.4327726238033126e-16
4,425,0.0,12832.523607325253,22395.38644558349,1.445901061862897e-16
4,426,1.1102230246251565e-16,8785.317783547347,14674.94179979674,0.0
4,427,0.0,8365.894122454185,14035.11092559733,0.0
4,428,2.220446049250313e-16,8787.493832045999,14608.689130236817,0.0
4,429,2.220446049250313e-16,8807.812515350022,14628.898558772662,0.0
4,430,2.220446049250313e-16,8773.323067697784,14589.939057588614,0.0
4,431,0.0,8486.505502181739,14127.42731684502,1.5825813862545013e-16
4,432,1.1102230246251565e-16,7758.391112042715,12806.487307702686,0.0
4,433,1.1102230246251565e-16,8052.931306579172,13214.734989473325,0.0
4,434,0.0,7894.684728139204,12999.00608205308,1.6032189744777146e-16
4,435,1.1102230246251565e-16,8190.7543841425795,13458.581108578333,0.0
4,436,2.220446049250313e-16,7977.479010126604,13017.39041298416,0.0
4,437,2.220446049250313e-16,8057.274257715071,13312.28596924437,0.0
4,438,1.1102230246251565e-16,8071.750672873619,13149.25255029331,0.0
4,439,1.1102230246251565e-16,8025.987442326368,13093.671782281272,0.0
4,440,1.1102230246251565e-16,7724.129239480222,12746.08893570998,0.0
4,441,0.0,7979.543479363907,12989.676506918306,0.0
4,442,1.1102230246251565e-16,7959.156618269808,13107.745561592534,1.600944665802862e-16
4,443,0.0,7884.4830292192855,13011.156196392461,0.0
4,444,3.3306690738754696e-16,7727.761510465345,12693.793592120175,0.0
4,445,1.1102230246251565e-16,7760.70845751516,12647.350731377492,0.0
4,446,0.0,7821.284639196412,12800.908195268212,0.0
4,447,4.440892098500626e-16,7911.2064172433165,12924.752538112125,1.602635540256697e-16
4,448,1.1102230246251565e-16,7650.557592404155,12560.979418393414,0.0
4,449,1.1102230246251565e-16,7632.0041864747545,12495.493958214533,1.6125524725567886e-16
4,450,0.0,7648.447409773806,12472.754624295145,0.0
4,451,2.220446049250313e-16,7905.45673415433,12954.791212285922,1.6028385319616172e-16
4,452,1.1102230246251565e-16,7903.682357344609,12952.02844541482,1.6029011864541804e-16
4,453,0.0,7710.081326847205,12618.076119775686,1.609766924896273e-16
4,454,1.1102230246251565e-16,7734.197529178877,12855.382712515673,0.0
4,455,0.0,7682.75417363023,12554.985195662313,0.0
4,456,1.1102230246251565e-16,8011.139937524742,13101.434673863021,1.5991155970646775e-16
4,457,0.0,7737.672269152834,12632.575748077454,1.6087848664282065e-16
4,458,0.0,8147.049953739435,13431.921038961822,1.594353198917869e-16
4,459,1.1102230246251565e-16,7624.44651316791,12532.795349084627,0.0
4,460,1.1102230246251565e-16,7798.046455411924,12786.276814019895,1.6066401113369348e-16
4,461,2.220446049250313e-16,7770.419374727971,12703.271138581029,0.0
4,462,1.1102230246251565e-16,7898.93797957588,12964.939606111946,0.0
4,463,0.0,7947.571827938598,13019.975415872457,0.0
4,464,0.0,7656.286348787144,12538.487071459573,0.0
4,465,0.0,8004.715616475813,13222.608737563885,0.0
4,466,0.0,7720.820010150412,12659.158042647397,0.0
4,467,0.0,7949.699500220995,13076.833092147466,1.6012778709282126e-16
4,468,0.0,7733.601645382158,12618.33984794096,0.0
4,469,0.0,7820.015575459256,12799.631011828784,0.0
4,470,3.3306690738754696e-16,7988.1575783283115,13044.182920049756,0.0
4,471,1.1102230246251565e-16,7714.650787303879,12623.67591463294,1.6096041989299719e-16
4,472,0.0,7611.612711018941,12385.546164712703,1.613281564865992e-16
4,473,1.1102230246251565e-16,7902.63527640012,12890.272677867888,1.6029381619166375e-16
4,474,1.1102230246251565e-16,7963.714396213189,13031.876805190857,0.0
4,475,1.1102230246251565e-16,7965.6091482827105,12979.812903309752,0.0
4,476,0.0,7731.556418530628,12664.266810220448,0.0
4,477,2.220446049250313e-16,7779.343374400538,12774.006894645521,0.0
4,478,1.1102230246251565e-16,7625.371206556352,12552.157316241079,0.0
4,479,0.0,7675.677412553545,12541.225775764216,0.0
4,480,0.0,12960.92517162249,22447.972179522923,1.4063487460973292e-16
4,481,1.1102230246251565e-16,13074.038827569493,22663.695548076503,1.4032806959051153e-16
4,482,1.1102230246251565e-16,12908.983305836817,22400.038767821046,0.0
4,483,1.1102230246251565e-16,12707.849432039293,21878.83194383856,1.4132618969637926e-16
4,484,1.1102230246251565e-16,13142.360200488765,22698.887675004655,0.0
4,485,1.1102230246251565e-16,13200.938792187015,22784.522887727388,1.399854605473783e-16
4,486,0.0,9880.236510620118,16456.783240327662,1.495393027031259e-16
4,487,1.1102230246251565e-16,9891.084572235057,16407.714883049404,1.4950596959064072e-16
4,488,1.1102230246251565e-16,9913.857975930732,16554.727760009882,2.988720829990967e-16
4,489,2.220446049250313e-16,9677.41559820532,16076.021601122127,0.0
4,490,2.220446049250313e-16,10262.428833107639,17169.316747442084,0.0
4,491,2.220446049250313e-16,9760.199155042683,16122.530338623792,1.4990913916051692e-16
4,492,0.0,8959.250127444568,14623.556295902687,3.048489683416543e-16
4,493,1.1102230246251565e-16,8628.41795045881,13993.870965033831,3.0697650698122426e-16
4,494,0.0,8904.15450823924,14477.308862031376,3.0520123206759993e-16
4,495,0.0,8727.55426738561,14226.901862141838,1.5316793234148026e-16
4,496,2.220446049250313e-16,9107.207586828503,14738.763486830194,1.519534936911709e-16
4,497,2.220446049250313e-16,8769.051864777051,14365.921729599815,1.5303424531356397e-16
4,498,1.1102230246251565e-16,8691.013728171602,14119.292041129009,1.5328584344093766e-16
4,499,0.0,8900.20128267118,14612.848906633386,1.5261326951483578e-16
4,500,0.0,8814.428453598332,14377.94774504545,1.5288832873300378e-16
4,501,3.3306690738754696e-16,8786.82786003517,14349.003714478618,0.0
4,502,0.0,8499.949160263714,13687.369197324797,0.0
4,503,1.1102230246251565e-16,8800.200622234333,14309.539602926323,0.0
4,504,1.1102230246251565e-16,8606.865416488079,14004.023682214784,1.535580696519047e-16
4,505,1.1102230246251565e-16,8386.86183923563,13619.600975301948,1.542743879716032e-16
4,506,0.0,8757.58500411237,14118.028631382313,1.5307116316207908e-16
4,507,1.1102230246251565e-16,8710.869330485963,14057.01766787055,3.0644349947375313e-16
4,508,1.1102230246251565e-16,8637.854944522427,14022.826829635387,1.534577037616715e-16
4,509,2.220446049250313e-16,8742.306277359567,14287.938331591655,1.531203810969476e-16
4,510,1.1102230246251565e-16,8411.547645844366,13692.527234759327,1.541936797891737e-16
4,511,0.0,8654.536981291996,13993.75901142809,0.0
4,512,1.1102230246251565e-16,8414.61388641916,13545.791555499862,1.5418366086725835e-16
4,513,2.220446049250313e-16,8504.307371898627,13843.54808960435,1.5389116295182303e-16
4,514,1.1102230246251565e-16,8577.68858882368,13942.502398356071,1.536526848073007e-16
4,515,1.1102230246251565e-16,8560.523954002056,13986.29457897758,3.0741680218837875e-16
4,516,2.220446049250313e-16,8449.868458278848,13663.078767613488,3.0813712049518736e-16
4,517,1.1102230246251565e-16,8664.290417870943,14055.220060128824,0.0
4,518,0.0,8627.132505061745,13957.220044169722,0.0
4,519,0.0,8383.996199137866,13533.30037983616,1.542837624160199e-16
4,520,1.1102230246251565e-16,8483.463688956625,13673.336412817398,1.5395903690824597e-16
4,521,3.3306690738754696e-16,8625.13999442054,14152.92785310374,1.5349886783771095e-16
4,522,1.1102230246251565e-16,8661.249077849447,14047.651978309323,1.5338202396441752e-16
4,523,0.0,8666.876849367589,14039.993294336387,0.0
4,524,2.220446049250313e-16,8394.401795071382,13688.910609101411,1.5424972775539208e-16
4,525,0.0,8260.796406614543,13382.845203089413,0.0
4,526,2.220446049250313e-16,8907.332869994716,14362.587513154076,1.5259044425774256e-16
4,527,1.1102230246251565e-16,8755.98677453435,14123.159406534884,3.061526202341474e-16
4,528,3.3306690738754696e-16,8281.827394671112,13438.760827284605,3.092374718932198e-16
4,529,0.0,8842.31805385642,14391.3916850303,1.5279878269877718e-16
4,530,3.3306690738754696e-16,8243.739232219858,13356.047890545116,1.54743985376174e-16
4,531,0.0,8622.972416529963,14009.65851313298,1.5350588747650622e-16
4,532,0.0,8456.145017371862,13760.066457687155,0.0
4,533,0.0,8805.886473575862,14251.81214870009,1.529157757414829e-16
4,534,1.1102230246251565e-16,8460.058541287144,13679.133645361246,0.0
4,535,0.0,8445.54422666534,13802.562660568929,0.0
4,536,2.220446049250313e-16,8533.17888389749,13932.292656805654,1.5379724651441706e-16
4,537,1.1102230246251565e-16,8375.168975470871,13580.474326730524,1.5431264630791026e-16
4,538,1.1102230246251565e-16,8608.12168669852,13967.007737517632,0.0
4,539,3.3306690738754696e-16,8273.852200519403,13388.111842049426,1.546449448560732e-16
4,540,1.1102230246251565e-16,15959.562965276331,28752.622286668593,1.3244871709745352e-16
4,541,0.0,16040.269362250197,28858.38563553344,0.0
4,542,0.0,16436.512755066564,29634.22422993789,2.626173354894134e-16
4,543,2.220446049250313e-16,16219.752622626947,29160.72058332558,1.3182434534302206e-16
4,544,2.220446049250313e-16,15919.503704051007,28708.801246971965,1.3254537227003755e-16
4,545,0.0,16274.729852329147,29399.61935969579,1.3169317019371685e-16
4,546,0.0,11645.856647620465,20118.298706516453,1.4373555760707441e-16
4,547,0.0,11859.417583995688,20578.517476997793,2.862634078592181e-16
4,548,1.1102230246251565e-16,11346.615627857762,19609.071054600387,0.0
4,549,1.1102230246251565e-16,11418.642126837061,19743.032024634947,2.887672737166708e-16
4,550,3.3306690738754696e-16,11362.431302942467,19583.58120075602,0.0
4,551,1.1102230246251565e-16,11598.361685269454,20100.961152509342,1.4387054508851437e-16
4,552,0.0,10075.803817183063,17204.744619120094,1.4833638581355508e-16
4,553,1.1102230246251565e-16,10153.406514479313,17239.921615017953,0.0
4,554,1.1102230246251565e-16,10282.504959511789,17503.705309709905,1.4771391096734458e-16
4,555,1.1102230246251565e-16,9920.542328086885,16748.553495339467,0.0
4,556,1.1102230246251565e-16,9894.865066276296,16806.25833979739,0.0
4,557,2.220446049250313e-16,9629.590446807902,16225.28672895247,1.496981963182564e-16
4,558,0.0,9322.406329179496,15762.501984205783,1.5065032409486433e-16
4,559,0.0,9272.004766263606,15569.015361719847,3.016154066668602e-16
4,560,3.3306690738754696e-16,9469.134514051344,15908.760072787603,1.501940286624048e-16
4,561,2.220446049250313e-16,9640.585921542603,16226.086148736678,1.496643385192333e-16
4,562,0.0,9902.026510382362,16624.06555444227,1.4886378523975815e-16
4,563,1.1102230246251565e-16,9390.851235973663,15829.122360434932,3.008742591034032e-16
4,564,1.1102230246251565e-16,9496.71593501747,15991.582147932673,1.5010856438709632e-16
4,565,1.1102230246251565e-16,9339.140353667135,15698.226307728675,3.0119628918538197e-16
4,566,1.1102230246251565e-16,9670.25365133163,16263.211288096547,0.0
4,567,0.0,9583.943409647698,16086.622719191582,1.4983891884734983e-16
4,568,1.1102230246251565e-16,9436.881381656196,15835.960983549778,1.5029409230659734e-16
4,569,2.220446049250313e-16,9343.47541561212,15653.198039953406,3.0116926606978197e-16
4,570,3.3306690738754696e-16,9611.611701434034,16128.504780161762,2.9950718071449496e-16
4,571,2.220446049250313e-16,9641.046229464744,16242.417951835152,0.0
4,572,0.0,9646.143266537518,16225.389530844059,0.0
4,573,1.1102230246251565e-16,9081.065839247924,15240.041780236807,1.514069057100845e-16
4,574,1.1102230246251565e-16,9306.178674953728,15689.643206498993,1.5070095919483335e-16
4,575,0.0,9821.49045605887,16600.55881890715,1.4910947921059248e-16
4,576,2.220446049250313e-16,9484.480836782437,15882.39386599107,1.5014646427114753e-16
4,577,2.220446049250313e-16,9490.780812170364,16012.854175067725,1.5012694684905764e-16
4,578,1.1102230246251565e-16,9400.050559473377,15813.849896267031,1.5040852117535353e-16
4,579,1.1102230246251565e-16,8956.676030454146,15071.522099617841,1.5179983247810196e-16
4,580,1.1102230246251565e-16,9524.823616695867,15954.895539939856,1.500215694372679e-16
4,581,1.1102230246251565e-16,9490.353113225385,15969.773157197318,0.0
4,582,0.0,9598.297646073828,16221.459546948106,1.497946385187831e-16
4,583,2.220446049250313e-16,9399.15697800002,15740.457327550821,1.5041129958898143e-16
4,584,1.1102230246251565e-16,9614.746921091668,16141.877157036586,1.4974392752864361e-16
4,585,1.1102230246251565e-16,9623.812308168286,16131.458646352261,0.0
4,586,1.1102230246251565e-16,9059.03139684478,15200.593353735194,0.0
4,587,0.0,9677.1534900556,16200.238809222288,0.0
4,588,1.1102230246251565e-16,9462.852314803516,15884.563648137497,1.5021350840448153e-16
4,589,2.220446049250313e-16,9590.406929036013,16105.024470383682,1.4981897677200265e-16
4,590,1.1102230246251565e-16,9566.48675689086,16137.98970809452,1.4989280488247969e-16
4,591,0.0,9628.455467416366,16272.896507211764,1.497016920740998e-16
4,592,0.0,9624.784982968413,16169.267435956386,0.0
4,593,1.1102230246251565e-16,9538.443109895888,16011.956892291457,0.0
4,594,0.0,9566.727610999224,16137.047900578758,1.4989206113875183e-16
4,595,3.3306690738754696e-16,9492.408828525637,16023.609299553442,1.5012190405398732e-16
4,596,0.0,9440.912834269802,15847.430368744337,1.502815776466173e-16
4,597,1.1102230246251565e-16,9425.753032652625,15874.070216603262,1.5032864836819577e-16
4,598,1.1102230246251565e-16,9260.065445565153,15595.923216640653,0.0
4,599,1.1102230246251565e-16,9851.733812282699,16530.155480681937,1.4901711978083438e-16
4,600,1.1102230246251565e-16,14029.99881473506,24743.84463851424,0.0
4,601,1.1102230246251565e-16,14005.456790350821,24648.65640764968,1.3521772462080306e-16
4,602,1.1102230246251565e-16,14089.564603065468,24851.485200392643,0.0
4,603,2.220446049250313e-16,14066.680447695988,24915.92956108257,0.0
4,604,0.0,13825.838882588803,24223.18952174274,1.356706001374935e-16
4,605,0.0,13938.24948146195,24547.44508740025,0.0
4,606,2.220446049250313e-16,11081.999141452601,18837.373420042408,1.4298617353245113e-16
4,607,2.220446049250313e-16,11057.596087694918,18853.229231698275,0.0
4,608,1.1102230246251565e-16,10936.562755535306,18478.793176419003,0.0
4,609,0.0,11219.664076404042,19180.316195214054,0.0
4,610,0.0,11211.28747378302,19112.726688122522,0.0
4,611,1.1102230246251565e-16,11464.809153113638,19573.067503919076,1.4191852999610457e-16
4,612,1.1102230246251565e-16,10343.248631090348,17577.185111347502,0.0
4,613,0.0,9850.681995506988,16533.613197694733,0.0
4,614,1.1102230246251565e-16,10425.70730283486,17507.761684491048,0.0
4,615,1.1102230246251565e-16,10320.74590391355,17320.08691845061,0.0
4,616,2.220446049250313e-16,10151.7130394239,17104.97714933914,0.0
4,617,1.1102230246251565e-16,10361.829916657392,17377.020072467778,0.0
4,618,0.0,10216.087686129831,17090.078507400354,0.0
4,619,1.1102230246251565e-16,10048.56601566833,16781.657019854272,1.459502618559914e-16
4,620,1.1102230246251565e-16,9800.676145193218,16368.444870632415,0.0
4,621,0.0,10233.13655945375,17235.55720366184,0.0
4,622,1.1102230246251565e-16,10029.394975786752,16793.106325576337,0.0
4,623,0.0,10326.462223153634,17354.578502458102,1.45141188289617e-16
4,624,1.1102230246251565e-16,10000.038613998164,16746.63383764367,1.4609247167809169e-16
4,625,1.1102230246251565e-16,9855.147876815106,16496.925698609673,0.0
4,626,1.1102230246251565e-16,9903.079449627163,16608.296331852234,0.0
4,627,2.220446049250313e-16,10419.868531658576,17486.906115649443,0.0
4,628,1.1102230246251565e-16,10119.167253133113,17010.586512290854,0.0
4,629,0.0,10051.146459588701,16835.27621637561,0.0
4,630,0.0,10060.232017037582,16777.92627909256,0.0
4,631,0.0,10003.57221811216,16783.090265902894,0.0
4,632,0.0,9923.230806749365,16686.316157809564,0.0
4,633,1.1102230246251565e-16,10030.980356904292,16777.347422571962,0.0
4,634,1.1102230246251565e-16,9984.060664655037,16725.617943570975,0.0
4,635,1.1102230246251565e-16,10270.046672599878,17265.949089480637,1.4530471136291684e-16
4,636,1.1102230246251565e-16,9997.80630142647,16718.52369884015,1.4609902015023913e-16
4,637,2.220446049250313e-16,9859.549489817517,16407.108866269748,0.0
4,638,1.1102230246251565e-16,10349.554466362977,17333.92951369183,1.4507436046847904e-16
4,639,1.1102230246251565e-16,10156.870216489762,17049.87235257921,0.0
4,640,1.1102230246251565e-16,9775.649588909851,16305.104401812801,0.0
4,641,0.0,9769.839304835026,16272.68497164294,0.0
4,642,1.1102230246251565e-16,10222.165572269507,17148.252551793554,0.0
4,643,1.1102230246251565e-16,10266.09208641696,17134.515001803615,0.0
4,644,0.0,9784.846086417783,16379.561482366205,0.0
4,645,0.0,9665.317914495485,16093.583514627666,1.4708097182357844e-16
4,646,2.220446049250313e-16,10272.151980786482,17023.99090571662,0.0
4,647,0.0,10037.81860664115,16813.704729435973,0.0
4,648,3.3306690738754696e-16,10044.548064057693,16678.513180988008,0.0
4,649,0.0,10070.374035729976,16836.08023147746,0.0
4,650,1.1102230246251565e-16,9862.119719523434,16512.606502470742,0.0
4,651,2.220446049250313e-16,10027.04352592874,16829.914207956415,0.0
4,652,1.1102230246251565e-16,10435.718976690892,17493.280131635445,0.0
4,653,1.1102230246251565e-16,9965.920850282637,16544.87196870626,0.0
4,654,2.220446049250313e-16,10089.22276899223,16807.166524011063,1.4583132998545368e-16
4,655,2.220446049250313e-16,10542.158150572293,17601.19047563716,0.0
4,656,0.0,10073.852493412043,16874.16723253137,1.4587626935531893e-16
4,657,0.0,10183.72764931016,16909.704968822058,0.0
4,658,0.0,10035.96635053114,16767.80693766628,1.4598715862836551e-16
4,659,0.0,10172.5825585637,17028.60731972124,0.0
4,660,1.1102230246251565e-16,14028.004765871381,24602.750915957207,1.4235871917758334e-16
4,661,1.1102230246251565e-16,14195.009300471851,24825.72679168322,0.0
4,662,2.220446049250313e-16,14151.066734425156,24748.804189954473,2.8403354654008294e-16
4,663,2.220446049250313e-16,14463.003731194054,25434.713800481935,1.41157324911472e-16
4,664,2.220446049250313e-16,14017.444354159175,24549.703505052872,1.423881395778632e-16
4,665,0.0,13874.177939675326,24300.18969231054,1.4278847239671329e-16
4,666,2.220446049250313e-16,11850.02588939677,20177.761567299494,0.0
4,667,3.3306690738754696e-16,11924.215664962743,20326.9406787655,0.0
4,668,1.1102230246251565e-16,11703.034217912253,19917.064224649384,1.4914317062395835e-16
4,669,1.1102230246251565e-16,11976.74896672854,20350.378566629086,0.0
4,670,1.1102230246251565e-16,11876.844411837825,20507.852818591702,1.4861369340055704e-16
4,671,1.1102230246251565e-16,11692.31440778818,20052.528811311546,1.4917594988175853e-16
4,672,1.1102230246251565e-16,10883.282527460266,18338.174081989917,0.0
4,673,1.1102230246251565e-16,10612.270821787075,17886.64882037083,1.5255405921587536e-16
4,674,2.220446049250313e-16,10971.667406090317,18567.28290074959,0.0
4,675,0.0,10773.745854551235,18207.203758754564,0.0
4,676,0.0,11314.6941516023,19009.37171296202,0.0
4,677,1.1102230246251565e-16,10689.667304122457,18039.022670218066,1.5230690136359897e-16
4,678,0.0,10917.000936452503,18351.99364570442,0.0
4,679,0.0,10556.77237114346,17730.96994885679,1.5273178231852274e-16
4,680,1.1102230246251565e-16,10415.20142271008,17512.841359946946,1.531870170203972e-16
4,681,3.3306690738754696e-16,11002.450661433177,18554.813020672173,0.0
4,682,0.0,10981.954996780798,18485.932116501914,1.5138068930779576e-16
4,683,1.1102230246251565e-16,10670.349704909735,18019.004364824123,0.0
4,684,1.1102230246251565e-16,10628.245115550919,17880.93441499742,0.0
4,685,2.220446049250313e-16,10718.628114963198,18094.11722361273,1.5221462371537467e-16
4,686,1.1102230246251565e-16,10440.043817608159,17528.67498507259,1.531069377458094e-16
4,687,1.1102230246251565e-16,10646.843927528054,17902.545306885815,0.0
4,688,1.1102230246251565e-16,10759.67481510117,18153.793374418077,1.520840282570614e-16
4,689,2.220446049250313e-16,10496.144758369875,17630.235700085155,3.0585280888259905e-16
4,690,1.1102230246251565e-16,10578.55689815346,17748.179702868427,1.5266197221806685e-16
4,691,0.0,10433.609254449693,17443.234833204577,1.5312767147665678e-16
4,692,1.1102230246251565e-16,10385.545671192122,17337.883099486113,0.0
4,693,0.0,10485.56408842087,17753.21171851279,1.5296042054395657e-16
4,694,1.1102230246251565e-16,10383.04818832923,17507.43781754169,0.0
4,695,0.0,10626.259683413147,17958.117864338747,1.5250932782639106e-16
4,696,0.0,10645.282661490426,18007.145653002062,1.5244854120198954e-16
4,697,1.1102230246251565e-16,10279.871558550425,17360.560188931435,0.0
4,698,0.0,10723.391021622403,17924.632616495557,3.043989168035417e-16
4,699,1.1102230246251565e-16,10692.344984662966,17956.89107598733,3.0459672958644505e-16
4,700,1.1102230246251565e-16,10682.629685851818,18097.9184993436,0.0
4,701,2.220446049250313e-16,10188.995002810196,17093.65924036978,1.5392006425755994e-16
4,702,1.1102230246251565e-16,10705.430161193188,18058.33917081512,3.045133248014605e-16
4,703,1.1102230246251565e-16,10235.714890224801,17228.82431617088,0.0
4,704,2.220446049250313e-16,10536.852567568967,17718.047222458932,1.5279567268301785e-16
4,705,0.0,10741.054637376204,18078.516493964744,1.521432430122182e-16
4,706,1.1102230246251565e-16,10632.834991138778,17887.913523393676,1.5248831139935064e-16
4,707,0.0,10530.671142884225,17737.11661402912,0.0
4,708,1.1102230246251565e-16,10869.763529021831,18337.78597862752,1.5173487054141958e-16
4,709,0.0,10673.035658185137,17974.861113845098,0.0
4,710,1.1102230246251565e-16,10582.243699892628,17787.50565541969,0.0
4,711,1.1102230246251565e-16,10588.285691489,17876.696413601214,1.526308162024508e-16
4,712,0.0,10708.012734919197,18078.78528021172,1.522484344494979e-16
4,713,0.0,10415.359953817926,17617.299048499593,1.5318650573098052e-16
4,714,1.1102230246251565e-16,10556.623061522332,17784.99763157345,1.527322610123572e-16
4,715,2.220446049250313e-16,10801.860260448913,18197.950026887815,0.0
4,716,0.0,10507.342864355356,17668.521210041836,1.5289041980115874e-16
4,717,1.1102230246251565e-16,10415.786038203441,17538.9838728557,3.063702631085495e-16
4,718,0.0,10757.840814672316,18181.0136805103,1.5208985858704744e-16
4,719,0.0,10631.496319930025,17935.845355161353,0.0
