policy,method,tau,mu,theta,kappa,ref_rule,ref_tau,band,capacity,dataset,seed,rho_bar,lat_link_ms,lat_e2e_ms,lat_p50_ms,lat_p99_ms,H_r,H_max,excess,frac_overloaded,FCP,dummies_per_node_round,family,cfg_tau,lat_cfg
static,gwr+lba,0.0,1.0,1.0,0.5,gwr,0.6,True,equal,nym,0,0.7,22.9877142299428,309.4968081874398,281.83829312644536,1071.519305237606,3.3171916194828603,6.321928094887363,0.020936986666668433,0.0,0.05266539005839902,0.0,OptiMix GWR+LBA (equal-load target),0.0,"{""policy"": ""static""}"
static,gwr+lba,0.0,1.0,1.0,0.5,gwr,0.6,True,equal,nym,1,0.7,25.761577333967132,337.9990097879676,295.12092266663853,1288.2495516931335,3.681772554021527,6.321928094887363,0.03393786666666698,0.0,0.04843008814436708,0.0,OptiMix GWR+LBA (equal-load target),0.0,"{""policy"": ""static""}"
static,gwr+lba,0.0,1.0,1.0,0.5,gwr,0.6,True,equal,nym,2,0.7,18.403678670060618,377.63313285913773,295.12092266663853,1479.1083881682073,3.2946694895078137,6.321928094887363,0.03875857777777836,0.0,0.053562871963361,0.0,OptiMix GWR+LBA (equal-load target),0.0,"{""policy"": ""static""}"
static,gwr+lba,0.0,1.0,1.0,0.5,gwr,0.6,True,equal,nym,3,0.7,26.193891340896595,316.2044904598792,281.83829312644536,1230.2687708123813,3.584445597765322,6.321928094887363,0.024816302222222753,0.0,0.050615297545304846,0.0,OptiMix GWR+LBA (equal-load target),0.0,"{""policy"": ""static""}"
static,gwr+lba,0.0,1.0,1.0,0.5,gwr,0.6,True,equal,nym,4,0.7,19.911742588389025,304.1919531005865,281.83829312644536,933.2543007969911,3.0820645619689686,6.321928094887363,0.0215422399999996,0.0,0.05712640869787974,0.0,OptiMix GWR+LBA (equal-load target),0.0,"{""policy"": ""static""}"
static,gwr+lba,0.2,1.0,1.0,0.5,gwr,0.6,True,equal,nym,0,0.7,23.53937561351089,300.84833754919475,281.83829312644536,645.6542290346556,3.6618694026079317,6.321928094887363,0.017361439999999506,0.0,0.04704515334192956,0.0,OptiMix GWR+LBA (equal-load target),0.2,"{""policy"": ""static""}"
static,gwr+lba,0.2,1.0,1.0,0.5,gwr,0.6,True,equal,nym,1,0.7,28.697601263881197,311.87879969263423,281.83829312644536,933.2543007969911,4.056420506707883,6.321928094887363,0.020872577777776513,0.0,0.04337976806818604,0.0,OptiMix GWR+LBA (equal-load target),0.2,"{""policy"": ""static""}"
static,gwr+lba,0.2,1.0,1.0,0.5,gwr,0.6,True,equal,nym,2,0.7,21.039858226748702,304.4123720042231,281.83829312644536,933.2543007969911,3.627151304931801,6.321928094887363,0.020148399999998068,0.0,0.04907944379262787,0.0,OptiMix GWR+LBA (equal-load target),0.2,"{""policy"": ""static""}"
static,gwr+lba,0.2,1.0,1.0,0.5,gwr,0.6,True,equal,nym,3,0.7,27.575402520519628,305.53043309677633,281.83829312644536,645.6542290346556,3.9142588189555716,6.321928094887363,0.018281119999999262,0.0,0.04519562131434384,0.0,OptiMix GWR+LBA (equal-load target),0.2,"{""policy"": ""static""}"
static,gwr+lba,0.2,1.0,1.0,0.5,gwr,0.6,True,equal,nym,4,0.7,19.92137238555537,298.12121322833417,281.83829312644536,616.5950018614822,3.353605952364741,6.321928094887363,0.018478426666667325,0.0,0.05147246002696082,0.0,OptiMix GWR+LBA (equal-load target),0.2,"{""policy"": ""static""}"
static,gwr+lba,0.4,1.0,1.0,0.5,gwr,0.6,True,equal,nym,0,0.7,24.394678507205235,298.9449826767972,281.83829312644536,588.843655355589,4.109510812893866,6.321928094887363,0.015870613333334394,0.0,0.04179808454469047,0.0,OptiMix GWR+LBA (equal-load target),0.4,"{""policy"": ""static""}"
static,gwr+lba,0.4,1.0,1.0,0.5,gwr,0.6,True,equal,nym,1,0.7,30.209668705381862,306.0082850820142,281.83829312644536,616.5950018614822,4.497183499424864,6.321928094887363,0.016076231111112005,0.0,0.03754164682673462,0.0,OptiMix GWR+LBA (equal-load target),0.4,"{""policy"": ""static""}"
static,gwr+lba,0.4,1.0,1.0,0.5,gwr,0.6,True,equal,nym,2,0.7,21.79229801977061,298.642254299176,281.83829312644536,616.5950018614822,4.006580236486714,6.321928094887363,0.01745529777777799,0.0,0.04429659882667973,0.0,OptiMix GWR+LBA (equal-load target),0.4,"{""policy"": ""static""}"
static,gwr+lba,0.4,1.0,1.0,0.5,gwr,0.6,True,equal,nym,3,0.7,29.560314686763395,304.19432649355895,281.83829312644536,588.843655355589,4.338841347582099,6.321928094887363,0.01614252444444464,0.0,0.038996666663741714,0.0,OptiMix GWR+LBA (equal-load target),0.4,"{""policy"": ""static""}"
static,gwr+lba,0.4,1.0,1.0,0.5,gwr,0.6,True,equal,nym,4,0.7,20.67853946623155,295.91981041444603,281.83829312644536,562.341325190349,3.8039476117906688,6.321928094887363,0.01671073777777643,0.0,0.04415110606625401,0.0,OptiMix GWR+LBA (equal-load target),0.4,"{""policy"": ""static""}"
static,gwr+lba,0.6,1.0,1.0,0.5,gwr,0.6,True,equal,nym,0,0.7,26.38840352539421,300.43063392801906,281.83829312644536,562.341325190349,4.626828486892485,6.321928094887363,0.015831084444444254,0.0,0.03507294505019061,0.0,OptiMix GWR+LBA (equal-load target),0.6,"{""policy"": ""static""}"
static,gwr+lba,0.6,1.0,1.0,0.5,gwr,0.6,True,equal,nym,1,0.7,32.32017424830072,307.228318296126,281.83829312644536,616.5950018614822,4.938996771825009,6.321928094887363,0.015771191111110694,0.0,0.0314201285361007,0.0,OptiMix GWR+LBA (equal-load target),0.6,"{""policy"": ""static""}"
static,gwr+lba,0.6,1.0,1.0,0.5,gwr,0.6,True,equal,nym,2,0.7,24.8365920823433,299.0106573227393,281.83829312644536,562.341325190349,4.641297355345875,6.321928094887363,0.01599503111110967,0.0,0.03676667176679888,0.0,OptiMix GWR+LBA (equal-load target),0.6,"{""policy"": ""static""}"
static,gwr+lba,0.8,1.0,1.0,0.5,gwr,0.6,True,equal,nym,2,0.7,35.41401899737497,308.31455030686993,281.83829312644536,562.341325190349,5.456211358469029,6.321928094887363,0.015711724444444464,0.0,0.029344278272019637,0.0,OptiMix GWR+LBA (equal-load target),0.8,"{""policy"": ""static""}"
static,gwr+lba,0.8,1.0,1.0,0.5,gwr,0.6,True,equal,nym,3,0.7,40.71966470008881,313.8477927790631,295.12092266663853,562.341325190349,5.568491180553555,6.321928094887363,0.015802871111112227,0.0,0.024104451874647707,0.0,OptiMix GWR+LBA (equal-load target),0.8,"{""policy"": ""static""}"
static,gwr+lba,0.8,1.0,1.0,0.5,gwr,0.6,True,equal,nym,0,0.7,38.19879039568202,311.08101956147596,295.12092266663853,562.341325190349,5.465806938813779,6.321928094887363,0.0156990488888884,0.0,0.026386847593232142,0.0,OptiMix GWR+LBA (equal-load target),0.8,"{""policy"": ""static""}"
static,gwr+lba,0.8,1.0,1.0,0.5,gwr,0.6,True,equal,nym,1,0.7,39.67232885473605,314.65022825858017,295.12092266663853,616.5950018614822,5.494108061294134,6.321928094887363,0.015891866666667864,0.0,0.024716878298251657,0.0,OptiMix GWR+LBA (equal-load target),0.8,"{""policy"": ""static""}"
static,gwr+lba,0.6,1.0,1.0,0.5,gwr,0.6,True,equal,nym,3,0.7,31.984715896466685,305.7730094101724,281.83829312644536,562.341325190349,4.873319806288801,6.321928094887363,0.01587109333333303,0.0,0.03137154332415296,0.0,OptiMix GWR+LBA (equal-load target),0.6,"{""policy"": ""static""}"
static,gwr+lba,0.6,1.0,1.0,0.5,gwr,0.6,True,equal,nym,4,0.7,23.394396084311683,298.0324891816831,281.83829312644536,562.341325190349,4.442694816815001,6.321928094887363,0.016014142222221972,0.0,0.03708107222472211,0.0,OptiMix GWR+LBA (equal-load target),0.6,"{""policy"": ""static""}"
static,gwr+lba,0.8,1.0,1.0,0.5,gwr,0.6,True,equal,nym,4,0.7,34.6738350675286,308.39590211773594,281.83829312644536,588.843655355589,5.377799906494471,6.321928094887363,0.015859742222223305,0.0,0.027626483347043852,0.0,OptiMix GWR+LBA (equal-load target),0.8,"{""policy"": ""static""}"
static,gwr+lbacap,0.0,1.0,1.0,0.5,gwr,0.6,True,equal,nym,0,0.7,32.53950292549813,305.86627409371874,281.83829312644536,562.341325190349,4.741176368907815,6.321928094887363,0.015732142222222523,0.0,0.04151102029922149,0.0,OptiMix GWR+LBA (true capacities),0.0,"{""policy"": ""static""}"
static,gwr+lbacap,0.0,1.0,1.0,0.5,gwr,0.6,True,equal,nym,1,0.7,37.391306906625346,312.3889458562999,295.12092266663853,616.5950018614822,4.830498203631292,6.321928094887363,0.015805466666665602,0.0,0.03940554354542287,0.0,OptiMix GWR+LBA (true capacities),0.0,"{""policy"": ""static""}"
static,gwr+lbacap,0.0,1.0,1.0,0.5,gwr,0.6,True,equal,nym,2,0.7,32.887776482822424,305.7414010276458,281.83829312644536,562.341325190349,4.748644115177527,6.321928094887363,0.015806364444445054,0.0,0.042664746171999265,0.0,OptiMix GWR+LBA (true capacities),0.0,"{""policy"": ""static""}"
static,gwr+lbacap,0.0,1.0,1.0,0.5,gwr,0.6,True,equal,nym,3,0.7,39.185894616010124,313.13480582229755,295.12092266663853,588.843655355589,5.050368624711394,6.321928094887363,0.015848728888887997,0.0,0.03838419900616593,0.0,OptiMix GWR+LBA (true capacities),0.0,"{""policy"": ""static""}"
static,gwr+lbacap,0.0,1.0,1.0,0.5,gwr,0.6,True,equal,nym,4,0.7,30.272466425347208,304.85833757558635,281.83829312644536,616.5950018614822,4.537127197370409,6.321928094887363,0.01609489777777795,0.0,0.045168427059567584,0.0,OptiMix GWR+LBA (true capacities),0.0,"{""policy"": ""static""}"
static,gwr+lbacap,0.2,1.0,1.0,0.5,gwr,0.6,True,equal,nym,0,0.7,29.833380088730948,303.8466807700038,281.83829312644536,562.341325190349,4.635173252989591,6.321928094887363,0.015759555555556526,0.0,0.039631618110494246,0.0,OptiMix GWR+LBA (true capacities),0.2,"{""policy"": ""static""}"
static,gwr+lbacap,0.2,1.0,1.0,0.5,gwr,0.6,True,equal,nym,1,0.7,35.54073067320291,309.6557807965268,281.83829312644536,588.843655355589,4.827957104666863,6.321928094887363,0.015709884444444544,0.0,0.037458002597450274,0.0,OptiMix GWR+LBA (true capacities),0.2,"{""policy"": ""static""}"
static,gwr+lbacap,0.2,1.0,1.0,0.5,gwr,0.6,True,equal,nym,2,0.7,30.406979417585305,303.67546349336385,281.83829312644536,562.341325190349,4.656470611132388,6.321928094887363,0.015790097777777845,0.0,0.04225056131952496,0.0,OptiMix GWR+LBA (true capacities),0.2,"{""policy"": ""static""}"
static,gwr+lbacap,0.2,1.0,1.0,0.5,gwr,0.6,True,equal,nym,3,0.7,36.85632271670307,311.31551377219745,295.12092266663853,616.5950018614822,4.98263592673658,6.321928094887363,0.015853582222222995,0.0,0.035627262565967224,0.0,OptiMix GWR+LBA (true capacities),0.2,"{""policy"": ""static""}"
static,gwr+lbacap,0.2,1.0,1.0,0.5,gwr,0.6,True,equal,nym,4,0.7,27.95502558152383,301.8723345050647,281.83829312644536,588.843655355589,4.470350960913068,6.321928094887363,0.015933155555556633,0.0,0.0421913746703304,0.0,OptiMix GWR+LBA (true capacities),0.2,"{""policy"": ""static""}"
static,gwr+lbacap,0.4,1.0,1.0,0.5,gwr,0.6,True,equal,nym,0,0.7,28.670676758006767,303.24528152163174,281.83829312644536,588.843655355589,4.632438022686618,6.321928094887363,0.015755715555556105,0.0,0.036288203218787056,0.0,OptiMix GWR+LBA (true capacities),0.4,"{""policy"": ""static""}"
static,gwr+lbacap,0.4,1.0,1.0,0.5,gwr,0.6,True,equal,nym,1,0.7,34.600438183426306,309.4726324280286,281.83829312644536,616.5950018614822,4.902385308548513,6.321928094887363,0.015730088888888938,0.0,0.03396085258018213,0.0,OptiMix GWR+LBA (true capacities),0.4,"{""policy"": ""static""}"
static,gwr+lbacap,0.4,1.0,1.0,0.5,gwr,0.6,True,equal,nym,2,0.7,29.125235431366132,302.9083919986567,281.83829312644536,562.341325190349,4.663056986488349,6.321928094887363,0.015924559999999977,0.0,0.03998506572933481,0.0,OptiMix GWR+LBA (true capacities),0.4,"{""policy"": ""static""}"
static,gwr+lbacap,0.4,1.0,1.0,0.5,gwr,0.6,True,equal,nym,3,0.7,35.37507357731571,309.02076596839964,295.12092266663853,588.843655355589,4.989393393801356,6.321928094887363,0.015950542222222808,0.0,0.033073501445140895,0.0,OptiMix GWR+LBA (true capacities),0.4,"{""policy"": ""static""}"
static,gwr+lbacap,0.4,1.0,1.0,0.5,gwr,0.6,True,equal,nym,4,0.7,26.994825914144332,301.44444073733666,281.83829312644536,616.5950018614822,4.501106124239206,6.321928094887363,0.016047688888887635,0.0,0.03922949892413314,0.0,OptiMix GWR+LBA (true capacities),0.4,"{""policy"": ""static""}"
static,gwr+lbacap,0.6,1.0,1.0,0.5,gwr,0.6,True,equal,nym,0,0.7,29.348701967319712,303.2164735506089,281.83829312644536,562.341325190349,4.865028584879408,6.321928094887363,0.015941359999999793,0.0,0.03267274903398198,0.0,OptiMix GWR+LBA (true capacities),0.6,"{""policy"": ""static""}"
static,gwr+lbacap,0.6,1.0,1.0,0.5,gwr,0.6,True,equal,nym,1,0.7,34.8927852278596,309.82283504153827,281.83829312644536,616.5950018614822,5.085332043400084,6.321928094887363,0.01580035555555659,0.0,0.030393946184308334,0.0,OptiMix GWR+LBA (true capacities),0.6,"{""policy"": ""static""}"
static,gwr+lbacap,0.6,1.0,1.0,0.5,gwr,0.6,True,equal,nym,4,0.7,28.179866339139902,302.3237474057243,281.83829312644536,588.843655355589,4.780751095525811,6.321928094887363,0.01605672888888887,0.0,0.034885594805287905,0.0,OptiMix GWR+LBA (true capacities),0.6,"{""policy"": ""static""}"
static,gwr+lbacap,0.8,1.0,1.0,0.5,gwr,0.6,True,equal,nym,0,0.7,38.452277621146656,311.2533987809186,295.12092266663853,562.341325190349,5.476824047700289,6.321928094887363,0.015746106666665538,0.0,0.02629823957383698,0.0,OptiMix GWR+LBA (true capacities),0.8,"{""policy"": ""static""}"
static,gwr+lbacap,0.6,1.0,1.0,0.5,gwr,0.6,True,equal,nym,2,0.7,29.7830806917808,303.2763344685125,281.83829312644536,562.341325190349,4.862625789531662,6.321928094887363,0.01578976888888639,0.0,0.03568355695605638,0.0,OptiMix GWR+LBA (true capacities),0.6,"{""policy"": ""static""}"
static,gwr+lbacap,0.6,1.0,1.0,0.5,gwr,0.6,True,equal,nym,3,0.7,35.25094210777967,309.40611456651595,295.12092266663853,588.843655355589,5.105104552224712,6.321928094887363,0.01587037333333341,0.0,0.029326262309435035,0.0,OptiMix GWR+LBA (true capacities),0.6,"{""policy"": ""static""}"
static,gwr+lbacap,0.8,1.0,1.0,0.5,gwr,0.6,True,equal,nym,1,0.7,39.96398306711401,315.1731090228167,295.12092266663853,616.5950018614822,5.506660206927988,6.321928094887363,0.01590334222222256,0.0,0.024681503026195827,0.0,OptiMix GWR+LBA (true capacities),0.8,"{""policy"": ""static""}"
static,gwr+lbacap,0.8,1.0,1.0,0.5,gwr,0.6,True,equal,nym,2,0.7,35.98618793269578,309.2387780964357,295.12092266663853,562.341325190349,5.465454342649253,6.321928094887363,0.015818097777777762,0.0,0.029217506465180725,0.0,OptiMix GWR+LBA (true capacities),0.8,"{""policy"": ""static""}"
static,gwr+lbacap,0.8,1.0,1.0,0.5,gwr,0.6,True,equal,nym,3,0.7,40.95086352735509,314.5084445166491,295.12092266663853,588.843655355589,5.580785929101093,6.321928094887363,0.01582225777777735,0.0,0.024017378534401446,0.0,OptiMix GWR+LBA (true capacities),0.8,"{""policy"": ""static""}"
static,gwr+lbacap,0.8,1.0,1.0,0.5,gwr,0.6,True,equal,nym,4,0.7,35.06516880827119,308.99588055241355,281.83829312644536,588.843655355589,5.395029428663583,6.321928094887363,0.01587959999999944,0.0,0.02746124058203362,0.0,OptiMix GWR+LBA (true capacities),0.8,"{""policy"": ""static""}"
static,gwr+lbacap_noisy,0.0,1.0,1.0,0.5,gwr,0.6,True,equal,nym,2,0.7,34.029065853606625,18812.040803085893,2570.395782768865,61659.50018614822,4.65103703646397,6.321928094887363,0.23487592000000146,0.16875,0.045207131800430976,0.0,OptiMix GWR+LBA (noisy capacities σ=0.5),0.0,"{""cap_noise"": 0.5, ""policy"": ""static""}"
static,gwr+lbacap_noisy,0.0,1.0,1.0,0.5,gwr,0.6,True,equal,nym,3,0.7,44.88090886518055,21792.881042654324,30902.95432513592,61659.50018614822,5.015741857213877,6.321928094887363,0.3118978311111096,0.18125,0.04220760723837846,0.0,OptiMix GWR+LBA (noisy capacities σ=0.5),0.0,"{""cap_noise"": 0.5, ""policy"": ""static""}"
static,gwr+lbacap_noisy,0.0,1.0,1.0,0.5,gwr,0.6,True,equal,nym,0,0.7,34.94189045866024,21032.92497633245,30902.95432513592,61659.50018614822,4.7752609814115825,6.321928094887363,0.26707556444444647,0.18125,0.041735871660754466,0.0,OptiMix GWR+LBA (noisy capacities σ=0.5),0.0,"{""cap_noise"": 0.5, ""policy"": ""static""}"
static,gwr+lbacap_noisy,0.0,1.0,1.0,0.5,gwr,0.6,True,equal,nym,1,0.7,39.86772478149328,20724.694184627268,17782.79410038923,61659.50018614822,4.847593188854704,6.321928094887363,0.32589792888888836,0.16875,0.04064093246008086,0.0,OptiMix GWR+LBA (noisy capacities σ=0.5),0.0,"{""cap_noise"": 0.5, ""policy"": ""static""}"
static,gwr+lbacap_noisy,0.0,1.0,1.0,0.5,gwr,0.6,True,equal,nym,4,0.7,33.41929031569036,20161.454617527197,26915.348039269167,61659.50018614822,4.561148109199011,6.321928094887363,0.28284098666666835,0.16875,0.04218456227895915,0.0,OptiMix GWR+LBA (noisy capacities σ=0.5),0.0,"{""cap_noise"": 0.5, ""policy"": ""static""}"
static,gwr+lbacap_noisy,0.2,1.0,1.0,0.5,gwr,0.6,True,equal,nym,0,0.7,32.31123726734904,21023.88687068771,30902.95432513592,61659.50018614822,4.687249221179355,6.321928094887363,0.2649838844444439,0.18125,0.04017912687901164,0.0,OptiMix GWR+LBA (noisy capacities σ=0.5),0.2,"{""cap_noise"": 0.5, ""policy"": ""static""}"
static,gwr+lbacap_noisy,0.2,1.0,1.0,0.5,gwr,0.6,True,equal,nym,3,0.7,42.68490892494184,21325.705027956523,30902.95432513592,61659.50018614822,4.962887409244053,6.321928094887363,0.30879160000000083,0.175,0.03939734740515673,0.0,OptiMix GWR+LBA (noisy capacities σ=0.5),0.2,"{""cap_noise"": 0.5, ""policy"": ""static""}"
static,gwr+lbacap_noisy,0.2,1.0,1.0,0.5,gwr,0.6,True,equal,nym,4,0.7,30.763996973562758,19843.4822108397,22387.2113856834,61659.50018614822,4.482745491638065,6.321928094887363,0.28357665777777785,0.1625,0.04074473217742024,0.0,OptiMix GWR+LBA (noisy capacities σ=0.5),0.2,"{""cap_noise"": 0.5, ""policy"": ""static""}"
static,gwr+lbacap_noisy,0.2,1.0,1.0,0.5,gwr,0.6,True,equal,nym,1,0.7,37.555664759915835,20657.356029125756,20417.379446695297,61659.50018614822,4.780803811211988,6.321928094887363,0.32600581333333345,0.1625,0.03844411230476864,0.0,OptiMix GWR+LBA (noisy capacities σ=0.5),0.2,"{""cap_noise"": 0.5, ""policy"": ""static""}"
static,gwr+lbacap_noisy,0.2,1.0,1.0,0.5,gwr,0.6,True,equal,nym,2,0.7,31.334034630119735,18675.773024880313,3388.4415613920237,61659.50018614822,4.550301851668079,6.321928094887363,0.2329785155555566,0.16875,0.043686282849125506,0.0,OptiMix GWR+LBA (noisy capacities σ=0.5),0.2,"{""cap_noise"": 0.5, ""policy"": ""static""}"
static,gwr+lbacap_noisy,0.4,1.0,1.0,0.5,gwr,0.6,True,equal,nym,4,0.7,29.558645978623062,19629.7892053648,16982.436524617446,61659.50018614822,4.49586871834217,6.321928094887363,0.2811543199999993,0.1625,0.03901656978376571,0.0,OptiMix GWR+LBA (noisy capacities σ=0.5),0.4,"{""cap_noise"": 0.5, ""policy"": ""static""}"
static,gwr+lbacap_noisy,0.6,1.0,1.0,0.5,gwr,0.6,True,equal,nym,0,0.7,30.116671866193776,21350.6612989645,30902.95432513592,61659.50018614822,4.7572238895931545,6.321928094887363,0.2579678044444418,0.18125,0.034925542644282916,0.0,OptiMix GWR+LBA (noisy capacities σ=0.5),0.6,"{""cap_noise"": 0.5, ""policy"": ""static""}"
static,gwr+lbacap_noisy,0.6,1.0,1.0,0.5,gwr,0.6,True,equal,nym,3,0.7,41.08612800455566,20624.328819693314,29512.09226666387,61659.50018614822,5.070118674128731,6.321928094887363,0.30137448888888896,0.16875,0.03181077598033606,0.0,OptiMix GWR+LBA (noisy capacities σ=0.5),0.6,"{""cap_noise"": 0.5, ""policy"": ""static""}"
static,gwr+lbacap_noisy,0.6,1.0,1.0,0.5,gwr,0.6,True,equal,nym,4,0.7,30.29430407222111,20129.325581904777,29512.09226666387,61659.50018614822,4.734471782168081,6.321928094887363,0.2741907466666673,0.175,0.03561618797042605,0.0,OptiMix GWR+LBA (noisy capacities σ=0.5),0.6,"{""cap_noise"": 0.5, ""policy"": ""static""}"
static,gwr+lbacap_noisy,0.4,1.0,1.0,0.5,gwr,0.6,True,equal,nym,2,0.7,30.134580320721856,19507.069424483474,16218.100973589299,61659.50018614822,4.559280319011356,6.321928094887363,0.22719632000000156,0.18125,0.04121717158829768,0.0,OptiMix GWR+LBA (noisy capacities σ=0.5),0.4,"{""cap_noise"": 0.5, ""policy"": ""static""}"
static,gwr+lbacap_noisy,0.4,1.0,1.0,0.5,gwr,0.6,True,equal,nym,3,0.7,41.24219253513818,21120.436027747837,30902.95432513592,61659.50018614822,4.966239957926874,6.321928094887363,0.30425908444444527,0.16875,0.0360700357157607,0.0,OptiMix GWR+LBA (noisy capacities σ=0.5),0.4,"{""cap_noise"": 0.5, ""policy"": ""static""}"
static,gwr+lbacap_noisy,0.4,1.0,1.0,0.5,gwr,0.6,True,equal,nym,0,0.7,30.468101455442273,20660.063724014086,29512.09226666387,61659.50018614822,4.649006233465845,6.321928094887363,0.26162925333333176,0.175,0.038070883305238654,0.0,OptiMix GWR+LBA (noisy capacities σ=0.5),0.4,"{""cap_noise"": 0.5, ""policy"": ""static""}"
static,gwr+lbacap_noisy,0.4,1.0,1.0,0.5,gwr,0.6,True,equal,nym,1,0.7,36.0135028696632,19416.083042130736,3235.936569296281,61659.50018614822,4.804038648868745,6.321928094887363,0.32085818666666577,0.15,0.035274699384358316,0.0,OptiMix GWR+LBA (noisy capacities σ=0.5),0.4,"{""cap_noise"": 0.5, ""policy"": ""static""}"
static,gwr+lbacap_noisy,0.8,1.0,1.0,0.5,gwr,0.6,True,equal,nym,2,0.7,36.94224149300758,18413.100575063072,11220.184543019628,61659.50018614822,5.360897674668993,6.321928094887363,0.22834187555555596,0.1625,0.028464583666582343,0.0,OptiMix GWR+LBA (noisy capacities σ=0.5),0.8,"{""cap_noise"": 0.5, ""policy"": ""static""}"
static,gwr+lbacap_noisy,0.8,1.0,1.0,0.5,gwr,0.6,True,equal,nym,3,0.7,46.76006196138848,20169.673931094047,28183.82931264455,61659.50018614822,5.469953134229644,6.321928094887363,0.3010792622222225,0.16875,0.02663535665458338,0.0,OptiMix GWR+LBA (noisy capacities σ=0.5),0.8,"{""cap_noise"": 0.5, ""policy"": ""static""}"
static,gwr+lbacap_noisy,0.6,1.0,1.0,0.5,gwr,0.6,True,equal,nym,1,0.7,35.79041529617403,19403.00809082013,3548.1338923357534,61659.50018614822,4.97141585623907,6.321928094887363,0.3128780888888878,0.15625,0.031351095731599936,0.0,OptiMix GWR+LBA (noisy capacities σ=0.5),0.6,"{""cap_noise"": 0.5, ""policy"": ""static""}"
static,gwr+lbacap_noisy,0.6,1.0,1.0,0.5,gwr,0.6,True,equal,nym,2,0.7,30.778732020014086,18783.142210147398,6456.542290346556,61659.50018614822,4.779922341981838,6.321928094887363,0.22555211555555532,0.1625,0.03653123606965536,0.0,OptiMix GWR+LBA (noisy capacities σ=0.5),0.6,"{""cap_noise"": 0.5, ""policy"": ""static""}"
static,gwr+lbacap_noisy,0.8,1.0,1.0,0.5,gwr,0.6,True,equal,nym,0,0.7,38.47199323037138,20544.127668915582,30902.95432513592,61659.50018614822,5.313913620737949,6.321928094887363,0.2517661866666674,0.175,0.029197013383549547,0.0,OptiMix GWR+LBA (noisy capacities σ=0.5),0.8,"{""cap_noise"": 0.5, ""policy"": ""static""}"
static,gwr+lbacap_noisy,0.8,1.0,1.0,0.5,gwr,0.6,True,equal,nym,1,0.7,41.16941796570537,19343.852587761226,2041.7379446695297,61659.50018614822,5.416684791506849,6.321928094887363,0.2990627999999991,0.15625,0.026658491596109078,0.0,OptiMix GWR+LBA (noisy capacities σ=0.5),0.8,"{""cap_noise"": 0.5, ""policy"": ""static""}"
static,gwr+lbacap_noisy,0.8,1.0,1.0,0.5,gwr,0.6,True,equal,nym,4,0.7,36.19646289000752,19530.803786750526,26915.348039269167,61659.50018614822,5.261994442129615,6.321928094887363,0.2651114044444467,0.1625,0.029439126686234107,0.0,OptiMix GWR+LBA (noisy capacities σ=0.5),0.8,"{""cap_noise"": 0.5, ""policy"": ""static""}"
static,ssr+lba,0.0,1.0,1.0,0.5,gwr,0.6,True,equal,nym,0,0.7,54.426493318471216,328.0337653902147,309.0295432513591,616.5950018614822,5.921136567577422,6.321928094887363,0.015751626666667295,0.0,0.019401809887775755,0.0,OptiMix SSR+LBA (equal-load target),0.0,"{""policy"": ""static""}"
static,ssr+lba,0.0,1.0,1.0,0.5,gwr,0.6,True,equal,nym,1,0.7,51.50085632343598,326.15743592568055,309.0295432513591,616.5950018614822,5.869696437243429,6.321928094887363,0.015803048888888283,0.0,0.01967325515143471,0.0,OptiMix SSR+LBA (equal-load target),0.0,"{""policy"": ""static""}"
static,ssr+lba,0.0,1.0,1.0,0.5,gwr,0.6,True,equal,nym,2,0.7,48.81599301143856,322.0918316951449,295.12092266663853,588.843655355589,5.868754546061036,6.321928094887363,0.0157377955555551,0.0,0.02324156138087652,0.0,OptiMix SSR+LBA (equal-load target),0.0,"{""policy"": ""static""}"
static,ssr+lba,0.2,1.0,1.0,0.5,gwr,0.6,True,equal,nym,2,0.7,57.427748528283736,331.1903128649621,309.0295432513591,616.5950018614822,6.085501728810532,6.321928094887363,0.015696177777777542,0.0,0.018135591472313417,0.0,OptiMix SSR+LBA (equal-load target),0.2,"{""policy"": ""static""}"
static,ssr+lba,0.2,1.0,1.0,0.5,gwr,0.6,True,equal,nym,3,0.7,59.681048901061885,333.85510097620266,309.0295432513591,616.5950018614822,6.125185148532374,6.321928094887363,0.015786319999998355,0.0,0.014261983050308069,0.0,OptiMix SSR+LBA (equal-load target),0.2,"{""policy"": ""static""}"
static,ssr+lba,0.2,1.0,1.0,0.5,gwr,0.6,True,equal,nym,4,0.7,59.42398087199825,333.29571480953376,309.0295432513591,645.6542290346556,6.09946777338247,6.321928094887363,0.01584705777777673,0.0,0.01586211624558692,0.0,OptiMix SSR+LBA (equal-load target),0.2,"{""policy"": ""static""}"
static,ssr+lba,0.4,1.0,1.0,0.5,gwr,0.6,True,equal,nym,0,0.7,73.65558650403334,347.6444609705725,323.59365692962825,676.0829753919819,6.253064520113125,6.321928094887363,0.01578643555555659,0.0,0.010892074123488976,0.0,OptiMix SSR+LBA (equal-load target),0.4,"{""policy"": ""static""}"
static,ssr+lba,0.0,1.0,1.0,0.5,gwr,0.6,True,equal,nym,3,0.7,51.52817223365332,325.494898329961,309.0295432513591,616.5950018614822,5.924164732736527,6.321928094887363,0.01591700444444344,0.0,0.01893037107232355,0.0,OptiMix SSR+LBA (equal-load target),0.0,"{""policy"": ""static""}"
static,ssr+lba,0.0,1.0,1.0,0.5,gwr,0.6,True,equal,nym,4,0.7,49.405482458486915,324.39697994929276,295.12092266663853,645.6542290346556,5.861044886344954,6.321928094887363,0.016087573333332106,0.0,0.021008812249689045,0.0,OptiMix SSR+LBA (equal-load target),0.0,"{""policy"": ""static""}"
static,ssr+lba,0.2,1.0,1.0,0.5,gwr,0.6,True,equal,nym,0,0.7,63.09048516723659,337.2494256609232,309.0295432513591,645.6542290346556,6.120967643313308,6.321928094887363,0.01588859555555522,0.0,0.015084892878155856,0.0,OptiMix SSR+LBA (equal-load target),0.2,"{""policy"": ""static""}"
static,ssr+lba,0.2,1.0,1.0,0.5,gwr,0.6,True,equal,nym,1,0.7,59.77774099592514,334.1953039456772,309.0295432513591,645.6542290346556,6.091443615034384,6.321928094887363,0.01570168000000116,0.0,0.015021271947256947,0.0,OptiMix SSR+LBA (equal-load target),0.2,"{""policy"": ""static""}"
static,ssr+lba,0.4,1.0,1.0,0.5,gwr,0.6,True,equal,nym,3,0.7,70.27383369213793,343.76390609426346,323.59365692962825,645.6542290346556,6.258581548867089,6.321928094887363,0.01571647111111063,0.0,0.00993801041350648,0.0,OptiMix SSR+LBA (equal-load target),0.4,"{""policy"": ""static""}"
static,ssr+lba,0.4,1.0,1.0,0.5,gwr,0.6,True,equal,nym,4,0.7,71.6423818807424,344.9841870005288,323.59365692962825,645.6542290346556,6.249844744126286,6.321928094887363,0.01581924444444538,0.0,0.01099897615613653,0.0,OptiMix SSR+LBA (equal-load target),0.4,"{""policy"": ""static""}"
static,ssr+lba,0.4,1.0,1.0,0.5,gwr,0.6,True,equal,nym,1,0.7,70.48049151848893,344.55850624906236,323.59365692962825,645.6542290346556,6.245859168224986,6.321928094887363,0.015759626666667748,0.0,0.01032409755961532,0.0,OptiMix SSR+LBA (equal-load target),0.4,"{""policy"": ""static""}"
static,ssr+lba,0.4,1.0,1.0,0.5,gwr,0.6,True,equal,nym,2,0.7,68.38156697063272,341.4956827898087,323.59365692962825,616.5950018614822,6.239843742723744,6.321928094887363,0.015689368888888833,0.0,0.01258617093177361,0.0,OptiMix SSR+LBA (equal-load target),0.4,"{""policy"": ""static""}"
static,ssr+lba,0.6,1.0,1.0,0.5,gwr,0.6,True,equal,nym,0,0.7,84.7779736514617,359.1042881466026,338.84415613920254,707.945784384138,6.309742230810997,6.321928094887363,0.015786524444443284,0.0,0.007331536608089084,0.0,OptiMix SSR+LBA (equal-load target),0.6,"{""policy"": ""static""}"
static,ssr+lba,0.6,1.0,1.0,0.5,gwr,0.6,True,equal,nym,1,0.7,82.06302315890223,356.2655898744994,338.84415613920254,676.0829753919819,6.309880110015233,6.321928094887363,0.015815235555554086,0.0,0.006875980776003199,0.0,OptiMix SSR+LBA (equal-load target),0.6,"{""policy"": ""static""}"
static,ssr+lba,0.6,1.0,1.0,0.5,gwr,0.6,True,equal,nym,2,0.7,79.8901648037999,353.73939053084024,338.84415613920254,645.6542290346556,6.3076568770917,6.321928094887363,0.015605831111109136,0.0,0.008088659456510942,0.0,OptiMix SSR+LBA (equal-load target),0.6,"{""policy"": ""static""}"
static,ssr+lba,0.6,1.0,1.0,0.5,gwr,0.6,True,equal,nym,3,0.7,81.5779739230248,355.51435511072424,338.84415613920254,676.0829753919819,6.311488013922961,6.321928094887363,0.015781324444444023,0.0,0.00666995100015662,0.0,OptiMix SSR+LBA (equal-load target),0.6,"{""policy"": ""static""}"
static,ssr+lba,0.6,1.0,1.0,0.5,gwr,0.6,True,equal,nym,4,0.7,84.2827522410853,357.7629936168601,338.84415613920254,645.6542290346556,6.309899223668168,6.321928094887363,0.015787022222222724,0.0,0.007205591794623993,0.0,OptiMix SSR+LBA (equal-load target),0.6,"{""policy"": ""static""}"
static,ssr+lba,0.8,1.0,1.0,0.5,gwr,0.6,True,equal,nym,0,0.7,94.45183627826775,367.94723036169904,338.84415613920254,707.945784384138,6.321390505006944,6.321928094887363,0.015724631111109666,0.0,0.004919332133606828,0.0,OptiMix SSR+LBA (equal-load target),0.8,"{""policy"": ""static""}"
static,ssr+lba,0.8,1.0,1.0,0.5,gwr,0.6,True,equal,nym,1,0.7,91.89731122948417,366.09580549645386,338.84415613920254,676.0829753919819,6.321438884114959,6.321928094887363,0.015793662222222782,0.0,0.004707575060710514,0.0,OptiMix SSR+LBA (equal-load target),0.8,"{""policy"": ""static""}"
static,ssr+lba,0.8,1.0,1.0,0.5,gwr,0.6,True,equal,nym,2,0.7,89.7825661162833,362.7421667582523,338.84415613920254,676.0829753919819,6.321300013494083,6.321928094887363,0.015627626666666172,0.0,0.005135717878813685,0.0,OptiMix SSR+LBA (equal-load target),0.8,"{""policy"": ""static""}"
static,ssr+lbacap,0.0,1.0,1.0,0.5,gwr,0.6,True,equal,nym,0,0.7,54.43332076766408,328.11333298815384,309.0295432513591,616.5950018614822,5.921175728840929,6.321928094887363,0.015762942222222964,0.0,0.019401677314773873,0.0,OptiMix SSR+LBA (true capacities),0.0,"{""policy"": ""static""}"
static,ssr+lbacap,0.0,1.0,1.0,0.5,gwr,0.6,True,equal,nym,1,0.7,51.50496881135026,326.22723054636685,309.0295432513591,616.5950018614822,5.869669932045528,6.321928094887363,0.015816773333332756,0.0,0.019676625565307176,0.0,OptiMix SSR+LBA (true capacities),0.0,"{""policy"": ""static""}"
static,ssr+lbacap,0.0,1.0,1.0,0.5,gwr,0.6,True,equal,nym,2,0.7,48.823761007821155,322.0484928733162,295.12092266663853,588.843655355589,5.868740124202392,6.321928094887363,0.015738275555554404,0.0,0.02324838819858295,0.0,OptiMix SSR+LBA (true capacities),0.0,"{""policy"": ""static""}"
static,ssr+lbacap,0.0,1.0,1.0,0.5,gwr,0.6,True,equal,nym,3,0.7,51.529607637729114,325.51679379018645,309.0295432513591,616.5950018614822,5.9241628613277655,6.321928094887363,0.015913306666666127,0.0,0.018931752094688194,0.0,OptiMix SSR+LBA (true capacities),0.0,"{""policy"": ""static""}"
static,ssr+lba,0.8,1.0,1.0,0.5,gwr,0.6,True,equal,nym,3,0.7,91.10725349552395,364.5088721366525,338.84415613920254,676.0829753919819,6.321454832679458,6.321928094887363,0.015805439999999393,0.0,0.004612179356511405,0.0,OptiMix SSR+LBA (equal-load target),0.8,"{""policy"": ""static""}"
static,ssr+lba,0.8,1.0,1.0,0.5,gwr,0.6,True,equal,nym,4,0.7,94.90091794210363,369.3278940620526,338.84415613920254,676.0829753919819,6.321397257654321,6.321928094887363,0.01573869333333411,0.0,0.004847127464831803,0.0,OptiMix SSR+LBA (equal-load target),0.8,"{""policy"": ""static""}"
static,ssr+lbacap,0.0,1.0,1.0,0.5,gwr,0.6,True,equal,nym,4,0.7,49.40995790304419,324.31746471608244,295.12092266663853,645.6542290346556,5.861027018766317,6.321928094887363,0.016085457777777368,0.0,0.02101168653611972,0.0,OptiMix SSR+LBA (true capacities),0.0,"{""policy"": ""static""}"
static,ssr+lbacap,0.2,1.0,1.0,0.5,gwr,0.6,True,equal,nym,0,0.7,63.090938970126494,337.1730464429904,309.0295432513591,645.6542290346556,6.120962007830327,6.321928094887363,0.015883431111111346,0.0,0.015086470429072426,0.0,OptiMix SSR+LBA (true capacities),0.2,"{""policy"": ""static""}"
static,ssr+lbacap,0.2,1.0,1.0,0.5,gwr,0.6,True,equal,nym,1,0.7,59.78174399144032,334.22893858475015,309.0295432513591,645.6542290346556,6.091411574971902,6.321928094887363,0.01571268444444507,0.0,0.015025146100922005,0.0,OptiMix SSR+LBA (true capacities),0.2,"{""policy"": ""static""}"
static,ssr+lbacap,0.2,1.0,1.0,0.5,gwr,0.6,True,equal,nym,2,0.7,57.43311126942885,331.1913849274185,309.0295432513591,616.5950018614822,6.085495193043455,6.321928094887363,0.015694017777778457,0.0,0.018140279775906355,0.0,OptiMix SSR+LBA (true capacities),0.2,"{""policy"": ""static""}"
static,ssr+lbacap,0.4,1.0,1.0,0.5,gwr,0.6,True,equal,nym,0,0.7,73.65804610190862,347.6489541261474,323.59365692962825,676.0829753919819,6.253062910076307,6.321928094887363,0.015794728888888887,0.0,0.01089303331058476,0.0,OptiMix SSR+LBA (true capacities),0.4,"{""policy"": ""static""}"
static,ssr+lbacap,0.4,1.0,1.0,0.5,gwr,0.6,True,equal,nym,1,0.7,70.48560741265537,344.5780574852119,323.59365692962825,645.6542290346556,6.245855945306114,6.321928094887363,0.015756995555555875,0.0,0.010325460205688189,0.0,OptiMix SSR+LBA (true capacities),0.4,"{""policy"": ""static""}"
static,ssr+lbacap,0.2,1.0,1.0,0.5,gwr,0.6,True,equal,nym,3,0.7,59.685775588203754,333.8232536851408,309.0295432513591,616.5950018614822,6.125186012157714,6.321928094887363,0.015781760000000755,0.0,0.014263434250814413,0.0,OptiMix SSR+LBA (true capacities),0.2,"{""policy"": ""static""}"
static,ssr+lbacap,0.2,1.0,1.0,0.5,gwr,0.6,True,equal,nym,4,0.7,59.42965251409245,333.32033723961183,309.0295432513591,645.6542290346556,6.099463422524698,6.321928094887363,0.01584263111110995,0.0,0.01586460875028061,0.0,OptiMix SSR+LBA (true capacities),0.2,"{""policy"": ""static""}"
static,ssr+lbacap,0.4,1.0,1.0,0.5,gwr,0.6,True,equal,nym,2,0.7,68.39105729215974,341.52312309838584,323.59365692962825,616.5950018614822,6.239840696977268,6.321928094887363,0.01569334222222296,0.0,0.012590515352195946,0.0,OptiMix SSR+LBA (true capacities),0.4,"{""policy"": ""static""}"
static,ssr+lbacap,0.4,1.0,1.0,0.5,gwr,0.6,True,equal,nym,3,0.7,70.27711639750586,343.73793591656533,323.59365692962825,645.6542290346556,6.258583086746645,6.321928094887363,0.01570879111111112,0.0,0.009938745169013672,0.0,OptiMix SSR+LBA (true capacities),0.4,"{""policy"": ""static""}"
static,ssr+lbacap,0.4,1.0,1.0,0.5,gwr,0.6,True,equal,nym,4,0.7,71.64922718296046,344.92328710476,323.59365692962825,645.6542290346556,6.249846499147992,6.321928094887363,0.015827813333333163,0.0,0.011000195595841334,0.0,OptiMix SSR+LBA (true capacities),0.4,"{""policy"": ""static""}"
static,ssr+lbacap,0.6,1.0,1.0,0.5,gwr,0.6,True,equal,nym,0,0.7,84.77995430009081,359.0895017571837,338.84415613920254,707.945784384138,6.309742197099384,6.321928094887363,0.015788328888889813,0.0,0.007332497131572564,0.0,OptiMix SSR+LBA (true capacities),0.6,"{""policy"": ""static""}"
static,ssr+lbacap,0.6,1.0,1.0,0.5,gwr,0.6,True,equal,nym,1,0.7,82.07053925998768,356.2652034199451,338.84415613920254,676.0829753919819,6.309880649644294,6.321928094887363,0.015814906666666184,0.0,0.006876455426574066,0.0,OptiMix SSR+LBA (true capacities),0.6,"{""policy"": ""static""}"
static,ssr+lbacap,0.6,1.0,1.0,0.5,gwr,0.6,True,equal,nym,2,0.7,79.90256339050549,353.7768180140829,338.84415613920254,645.6542290346556,6.307657385043494,6.321928094887363,0.015615208888888121,0.0,0.008091133238482213,0.0,OptiMix SSR+LBA (true capacities),0.6,"{""policy"": ""static""}"
static,ssr+lbacap,0.6,1.0,1.0,0.5,gwr,0.6,True,equal,nym,3,0.7,81.58117682434772,355.578580557049,338.84415613920254,676.0829753919819,6.311489440560356,6.321928094887363,0.015787146666667473,0.0,0.006670529317746167,0.0,OptiMix SSR+LBA (true capacities),0.6,"{""policy"": ""static""}"
static,ssr+lbacap,0.6,1.0,1.0,0.5,gwr,0.6,True,equal,nym,4,0.7,84.29442943702861,357.7212510236764,338.84415613920254,645.6542290346556,6.309900912293779,6.321928094887363,0.015780711111110124,0.0,0.007205705393163559,0.0,OptiMix SSR+LBA (true capacities),0.6,"{""policy"": ""static""}"
static,ssr+lbacap,0.8,1.0,1.0,0.5,gwr,0.6,True,equal,nym,2,0.7,89.78368064250589,362.724091774775,338.84415613920254,676.0829753919819,6.321300048595657,6.321928094887363,0.01562603555555464,0.0,0.005136058860806175,0.0,OptiMix SSR+LBA (true capacities),0.8,"{""policy"": ""static""}"
static,ssr+lbacap,0.8,1.0,1.0,0.5,gwr,0.6,True,equal,nym,3,0.7,91.10725349552395,364.5088721366525,338.84415613920254,676.0829753919819,6.321454832679459,6.321928094887363,0.015805439999999393,0.0,0.004612179356511405,0.0,OptiMix SSR+LBA (true capacities),0.8,"{""policy"": ""static""}"
static,ssr+lbacap_noisy,0.0,1.0,1.0,0.5,gwr,0.6,True,equal,nym,1,0.7,51.615173413982845,19100.98090669194,2951.209226666387,61659.50018614822,5.750352840157988,6.321928094887363,0.2886449422222246,0.15625,0.022778358631522198,0.0,OptiMix SSR+LBA (noisy capacities σ=0.5),0.0,"{""cap_noise"": 0.5, ""policy"": ""static""}"
static,ssr+lbacap_noisy,0.0,1.0,1.0,0.5,gwr,0.6,True,equal,nym,2,0.7,49.826167892986376,18395.989240236293,8912.509381337459,61659.50018614822,5.733934927842922,6.321928094887363,0.22899169777777773,0.15625,0.022691371375698315,0.0,OptiMix SSR+LBA (noisy capacities σ=0.5),0.0,"{""cap_noise"": 0.5, ""policy"": ""static""}"
static,ssr+lbacap,0.8,1.0,1.0,0.5,gwr,0.6,True,equal,nym,4,0.7,94.90142473295008,369.3290261121689,338.84415613920254,676.0829753919819,6.321397277909581,6.321928094887363,0.01573773333333328,0.0,0.004847092023830385,0.0,OptiMix SSR+LBA (true capacities),0.8,"{""policy"": ""static""}"
static,ssr+lbacap_noisy,0.0,1.0,1.0,0.5,gwr,0.6,True,equal,nym,0,0.7,53.87960905512307,20010.84821940175,29512.09226666387,61659.50018614822,5.769199875213859,6.321928094887363,0.24745148444444465,0.16875,0.0221018550918771,0.0,OptiMix SSR+LBA (noisy capacities σ=0.5),0.0,"{""cap_noise"": 0.5, ""policy"": ""static""}"
static,ssr+lbacap,0.8,1.0,1.0,0.5,gwr,0.6,True,equal,nym,0,0.7,94.45183627826775,367.94723036169904,338.84415613920254,707.945784384138,6.321390505006944,6.321928094887363,0.015724631111109666,0.0,0.004919332133606828,0.0,OptiMix SSR+LBA (true capacities),0.8,"{""policy"": ""static""}"
static,ssr+lbacap,0.8,1.0,1.0,0.5,gwr,0.6,True,equal,nym,1,0.7,91.89731122948417,366.09580549645386,338.84415613920254,676.0829753919819,6.321438884114959,6.321928094887363,0.015793662222222782,0.0,0.004707575060710513,0.0,OptiMix SSR+LBA (true capacities),0.8,"{""policy"": ""static""}"
static,ssr+lbacap_noisy,0.0,1.0,1.0,0.5,gwr,0.6,True,equal,nym,3,0.7,57.41856370953723,19242.049343606155,12302.68770812381,61659.50018614822,5.781410356237235,6.321928094887363,0.29896807111111046,0.15625,0.02192524716256625,0.0,OptiMix SSR+LBA (noisy capacities σ=0.5),0.0,"{""cap_noise"": 0.5, ""policy"": ""static""}"
static,ssr+lbacap_noisy,0.0,1.0,1.0,0.5,gwr,0.6,True,equal,nym,4,0.7,49.731416507281736,20184.75300799499,29512.09226666387,61659.50018614822,5.687978747968366,6.321928094887363,0.25736212444444395,0.175,0.02410471048426005,0.0,OptiMix SSR+LBA (noisy capacities σ=0.5),0.0,"{""cap_noise"": 0.5, ""policy"": ""static""}"
static,ssr+lbacap_noisy,0.2,1.0,1.0,0.5,gwr,0.6,True,equal,nym,2,0.7,57.829927357001225,18678.264390785607,14791.083881682072,61659.50018614822,5.930488854378947,6.321928094887363,0.22965779555555565,0.15625,0.018517199131143653,0.0,OptiMix SSR+LBA (noisy capacities σ=0.5),0.2,"{""cap_noise"": 0.5, ""policy"": ""static""}"
static,ssr+lbacap_noisy,0.2,1.0,1.0,0.5,gwr,0.6,True,equal,nym,3,0.7,64.71115240971794,19604.725351348643,25703.957827688646,61659.50018614822,5.9587296021803775,6.321928094887363,0.29437728888889003,0.16875,0.018140938563535765,0.0,OptiMix SSR+LBA (noisy capacities σ=0.5),0.2,"{""cap_noise"": 0.5, ""policy"": ""static""}"
static,ssr+lbacap_noisy,0.2,1.0,1.0,0.5,gwr,0.6,True,equal,nym,4,0.7,59.49381924603898,19727.490753231312,30902.95432513592,61659.50018614822,5.91656216380265,6.321928094887363,0.2536620888888885,0.16875,0.019491919672919425,0.0,OptiMix SSR+LBA (noisy capacities σ=0.5),0.2,"{""cap_noise"": 0.5, ""policy"": ""static""}"
static,ssr+lbacap_noisy,0.4,1.0,1.0,0.5,gwr,0.6,True,equal,nym,0,0.7,73.23790404206436,20272.975754154155,29512.09226666387,61659.50018614822,6.102693578371719,6.321928094887363,0.24609150222222298,0.18125,0.014339151487318564,0.0,OptiMix SSR+LBA (noisy capacities σ=0.5),0.4,"{""cap_noise"": 0.5, ""policy"": ""static""}"
static,ssr+lbacap_noisy,0.4,1.0,1.0,0.5,gwr,0.6,True,equal,nym,3,0.7,74.27475892518538,19801.604213541308,28183.82931264455,61659.50018614822,6.081082430186324,6.321928094887363,0.28811960000000014,0.16875,0.015113655514993102,0.0,OptiMix SSR+LBA (noisy capacities σ=0.5),0.4,"{""cap_noise"": 0.5, ""policy"": ""static""}"
static,ssr+lbacap_noisy,0.4,1.0,1.0,0.5,gwr,0.6,True,equal,nym,4,0.7,71.83110985121661,19690.772118048313,30902.95432513592,61659.50018614822,6.068087988639528,6.321928094887363,0.2508366844444456,0.16875,0.015153333603316277,0.0,OptiMix SSR+LBA (noisy capacities σ=0.5),0.4,"{""cap_noise"": 0.5, ""policy"": ""static""}"
static,ssr+lbacap_noisy,0.2,1.0,1.0,0.5,gwr,0.6,True,equal,nym,0,0.7,62.55238212511034,20284.25209922866,29512.09226666387,61659.50018614822,5.9705522882934465,6.321928094887363,0.24614121777777864,0.18125,0.018078555105638702,0.0,OptiMix SSR+LBA (noisy capacities σ=0.5),0.2,"{""cap_noise"": 0.5, ""policy"": ""static""}"
static,ssr+lbacap_noisy,0.2,1.0,1.0,0.5,gwr,0.6,True,equal,nym,1,0.7,59.29748434994888,18894.2565713994,3388.4415613920237,61659.50018614822,5.958684084769026,6.321928094887363,0.2817798133333327,0.15625,0.01896617628276881,0.0,OptiMix SSR+LBA (noisy capacities σ=0.5),0.2,"{""cap_noise"": 0.5, ""policy"": ""static""}"
static,ssr+lbacap_noisy,0.4,1.0,1.0,0.5,gwr,0.6,True,equal,nym,1,0.7,69.42486910406399,18649.433408208308,4897.7881936844615,61659.50018614822,6.107441208756406,6.321928094887363,0.27827736888888954,0.15625,0.015398274062527292,0.0,OptiMix SSR+LBA (noisy capacities σ=0.5),0.4,"{""cap_noise"": 0.5, ""policy"": ""static""}"
static,ssr+lbacap_noisy,0.4,1.0,1.0,0.5,gwr,0.6,True,equal,nym,2,0.7,67.64555875771306,18449.11998219521,8912.509381337459,61659.50018614822,6.070367094137752,6.321928094887363,0.22972943111111088,0.15625,0.01486407418983653,0.0,OptiMix SSR+LBA (noisy capacities σ=0.5),0.4,"{""cap_noise"": 0.5, ""policy"": ""static""}"
static,ssr+lbacap_noisy,0.6,1.0,1.0,0.5,gwr,0.6,True,equal,nym,0,0.7,84.49333472848961,20345.70509368294,29512.09226666387,61659.50018614822,6.158148980322471,6.321928094887363,0.24544433777777863,0.18125,0.012344380511033816,0.0,OptiMix SSR+LBA (noisy capacities σ=0.5),0.6,"{""cap_noise"": 0.5, ""policy"": ""static""}"
static,ssr+lbacap_noisy,0.6,1.0,1.0,0.5,gwr,0.6,True,equal,nym,1,0.7,80.43540979816005,18726.537915508565,21379.620895022323,61659.50018614822,6.17123910155256,6.321928094887363,0.27623374222222274,0.15625,0.01305687680264907,0.0,OptiMix SSR+LBA (noisy capacities σ=0.5),0.6,"{""cap_noise"": 0.5, ""policy"": ""static""}"
static,ssr+lbacap_noisy,0.6,1.0,1.0,0.5,gwr,0.6,True,equal,nym,2,0.7,78.09981896777268,18654.666706248598,18620.87136662868,61659.50018614822,6.133768651303008,6.321928094887363,0.22814874666666585,0.1625,0.012562923659362134,0.0,OptiMix SSR+LBA (noisy capacities σ=0.5),0.6,"{""cap_noise"": 0.5, ""policy"": ""static""}"
static,ssr+lbacap_noisy,0.6,1.0,1.0,0.5,gwr,0.6,True,equal,nym,3,0.7,84.48207577547245,19845.698720726683,28183.82931264455,61659.50018614822,6.132913585145064,6.321928094887363,0.28281873777777644,0.1625,0.013296978867379714,0.0,OptiMix SSR+LBA (noisy capacities σ=0.5),0.6,"{""cap_noise"": 0.5, ""policy"": ""static""}"
static,ssr+lbacap_noisy,0.8,1.0,1.0,0.5,gwr,0.6,True,equal,nym,1,0.7,90.00948457923774,18370.09569816696,5623.413251903491,61659.50018614822,6.183663082772616,6.321928094887363,0.27585024888888876,0.15,0.01249406386716936,0.0,OptiMix SSR+LBA (noisy capacities σ=0.5),0.8,"{""cap_noise"": 0.5, ""policy"": ""static""}"
static,ssr+lbacap_noisy,0.8,1.0,1.0,0.5,gwr,0.6,True,equal,nym,2,0.7,87.17730112168675,18783.635787651423,22387.2113856834,61659.50018614822,6.1474313691776485,6.321928094887363,0.22833729777777778,0.16875,0.011751027919606947,0.0,OptiMix SSR+LBA (noisy capacities σ=0.5),0.8,"{""cap_noise"": 0.5, ""policy"": ""static""}"
static,ssr+lbacap_noisy,0.6,1.0,1.0,0.5,gwr,0.6,True,equal,nym,4,0.7,84.79604735807553,19646.487140664678,30902.95432513592,61659.50018614822,6.1311229594019965,6.321928094887363,0.24979338666666706,0.16875,0.012690386217518654,0.0,OptiMix SSR+LBA (noisy capacities σ=0.5),0.6,"{""cap_noise"": 0.5, ""policy"": ""static""}"
static,ssr+lbacap_noisy,0.8,1.0,1.0,0.5,gwr,0.6,True,equal,nym,0,0.7,94.38443025612634,20084.128918160863,29512.09226666387,61659.50018614822,6.1687121524983795,6.321928094887363,0.24634489777777868,0.175,0.011818191639750049,0.0,OptiMix SSR+LBA (noisy capacities σ=0.5),0.8,"{""cap_noise"": 0.5, ""policy"": ""static""}"
static,ssr+lbacap_noisy,0.8,1.0,1.0,0.5,gwr,0.6,True,equal,nym,3,0.7,93.28781430155009,19909.052594062712,29512.09226666387,61659.50018614822,6.1445730025823675,6.321928094887363,0.2794928266666661,0.1625,0.012858543643681419,0.0,OptiMix SSR+LBA (noisy capacities σ=0.5),0.8,"{""cap_noise"": 0.5, ""policy"": ""static""}"
static,ssr+lbacap_noisy,0.8,1.0,1.0,0.5,gwr,0.6,True,equal,nym,4,0.7,95.77768609473182,20037.994580752038,30902.95432513592,61659.50018614822,6.14325275782362,6.321928094887363,0.24972340444444363,0.175,0.011867974743951066,0.0,OptiMix SSR+LBA (noisy capacities σ=0.5),0.8,"{""cap_noise"": 0.5, ""policy"": ""static""}"
static,gpr+lba,0.0,1.0,1.0,0.5,gwr,0.6,True,equal,nym,0,0.7,25.362254259066155,299.52019430545965,281.83829312644536,562.341325190349,4.483574801784287,6.321928094887363,0.0158048800000008,0.0,0.03889469792629888,0.0,OptiMix GPR+LBA (equal-load target),0.0,"{""policy"": ""static""}"
static,gpr+lba,0.0,1.0,1.0,0.5,gwr,0.6,True,equal,nym,1,0.7,31.737891395165224,307.64734095182297,281.83829312644536,616.5950018614822,4.850348736153393,6.321928094887363,0.016544693333332416,0.0,0.029696898517021182,0.0,OptiMix GPR+LBA (equal-load target),0.0,"{""policy"": ""static""}"
static,gpr+lba,0.0,1.0,1.0,0.5,gwr,0.6,True,equal,nym,2,0.7,22.78845092067618,299.4575685528538,281.83829312644536,616.5950018614822,4.522913106377999,6.321928094887363,0.017710657777777694,0.0,0.03473362739228332,0.0,OptiMix GPR+LBA (equal-load target),0.0,"{""policy"": ""static""}"
static,gpr+lba,0.0,1.0,1.0,0.5,gwr,0.6,True,equal,nym,3,0.7,32.37043115808202,309.0552747311314,281.83829312644536,616.5950018614822,4.802148430979214,6.321928094887363,0.017233031111110186,0.0,0.03006794702000057,0.0,OptiMix GPR+LBA (equal-load target),0.0,"{""policy"": ""static""}"
static,gpr+lba,0.2,1.0,1.0,0.5,gwr,0.6,True,equal,nym,3,0.7,34.29920937950602,309.73375447131997,295.12092266663853,588.843655355589,5.031067632672121,6.321928094887363,0.01647905777777825,0.0,0.02681752035724762,0.0,OptiMix GPR+LBA (equal-load target),0.2,"{""policy"": ""static""}"
static,gpr+lba,0.2,1.0,1.0,0.5,gwr,0.6,True,equal,nym,4,0.7,23.47308992746667,296.9972440785839,281.83829312644536,537.0317963702527,4.536207806359805,6.321928094887363,0.015922293333332727,0.0,0.0327393605004894,0.0,OptiMix GPR+LBA (equal-load target),0.2,"{""policy"": ""static""}"
static,gpr+lba,0.2,1.0,1.0,0.5,gwr,0.6,True,equal,nym,1,0.7,33.30243888373926,309.0208390889717,281.83829312644536,616.5950018614822,5.031432705748138,6.321928094887363,0.016148924444444157,0.0,0.026889684495836508,0.0,OptiMix GPR+LBA (equal-load target),0.2,"{""policy"": ""static""}"
static,gpr+lba,0.2,1.0,1.0,0.5,gwr,0.6,True,equal,nym,2,0.7,24.20410403936157,299.7935817654597,281.83829312644536,562.341325190349,4.703401544541814,6.321928094887363,0.017151208888889657,0.0,0.03314652417001281,0.0,OptiMix GPR+LBA (equal-load target),0.2,"{""policy"": ""static""}"
static,gpr+lba,0.0,1.0,1.0,0.5,gwr,0.6,True,equal,nym,4,0.7,22.18611121397835,296.04229656737516,281.83829312644536,537.0317963702527,4.343524389933002,6.321928094887363,0.015957511111111655,0.0,0.03568768364693845,0.0,OptiMix GPR+LBA (equal-load target),0.0,"{""policy"": ""static""}"
static,gpr+lba,0.2,1.0,1.0,0.5,gwr,0.6,True,equal,nym,0,0.7,26.584211189203163,300.246449430157,281.83829312644536,537.0317963702527,4.669767730888038,6.321928094887363,0.01574535111111186,0.0,0.036383782369339764,0.0,OptiMix GPR+LBA (equal-load target),0.2,"{""policy"": ""static""}"
static,gpr+lba,0.4,1.0,1.0,0.5,gwr,0.6,True,equal,nym,2,0.7,26.709682659632175,300.8113647480134,281.83829312644536,537.0317963702527,4.942655106705702,6.321928094887363,0.016394337777777768,0.0,0.03128555858944777,0.0,OptiMix GPR+LBA (equal-load target),0.4,"{""policy"": ""static""}"
static,gpr+lba,0.4,1.0,1.0,0.5,gwr,0.6,True,equal,nym,3,0.7,37.23340551560614,310.5666315992196,295.12092266663853,562.341325190349,5.310397439729985,6.321928094887363,0.015786951111110392,0.0,0.023547741964558437,0.0,OptiMix GPR+LBA (equal-load target),0.4,"{""policy"": ""static""}"
static,gpr+lba,0.4,1.0,1.0,0.5,gwr,0.6,True,equal,nym,0,0.7,28.79787335583877,302.4342417452057,281.83829312644536,537.0317963702527,4.915983942030342,6.321928094887363,0.015829262222221807,0.0,0.03271780313483695,0.0,OptiMix GPR+LBA (equal-load target),0.4,"{""policy"": ""static""}"
static,gpr+lba,0.4,1.0,1.0,0.5,gwr,0.6,True,equal,nym,1,0.7,35.68466150150886,310.3136743667552,295.12092266663853,616.5950018614822,5.265055118544902,6.321928094887363,0.01587791999999899,0.0,0.023785429864125313,0.0,OptiMix GPR+LBA (equal-load target),0.4,"{""policy"": ""static""}"
static,gpr+lba,0.6,1.0,1.0,0.5,gwr,0.6,True,equal,nym,1,0.7,39.662878669535566,313.8820055530971,295.12092266663853,588.843655355589,5.5625169504946514,6.321928094887363,0.015851395555554593,0.0,0.020467895699459313,0.0,OptiMix GPR+LBA (equal-load target),0.6,"{""policy"": ""static""}"
static,gpr+lba,0.6,1.0,1.0,0.5,gwr,0.6,True,equal,nym,2,0.7,31.65392243198795,305.02037549355333,281.83829312644536,537.0317963702527,5.2754073581179135,6.321928094887363,0.015794542222220986,0.0,0.028781505549645973,0.0,OptiMix GPR+LBA (equal-load target),0.6,"{""policy"": ""static""}"
static,gpr+lba,0.4,1.0,1.0,0.5,gwr,0.6,True,equal,nym,4,0.7,25.706668417374193,300.273179889152,281.83829312644536,588.843655355589,4.789128614466687,6.321928094887363,0.016170613333332584,0.0,0.02956095009887518,0.0,OptiMix GPR+LBA (equal-load target),0.4,"{""policy"": ""static""}"
static,gpr+lba,0.6,1.0,1.0,0.5,gwr,0.6,True,equal,nym,0,0.7,33.39700719965632,307.33041000024787,295.12092266663853,562.341325190349,5.265704013977223,6.321928094887363,0.01579279111111176,0.0,0.028074181980019673,0.0,OptiMix GPR+LBA (equal-load target),0.6,"{""policy"": ""static""}"
static,gpr+lba,0.8,1.0,1.0,0.5,gwr,0.6,True,equal,nym,0,0.7,45.74246052558078,319.9737872965359,295.12092266663853,616.5950018614822,5.809196502059223,6.321928094887363,0.01578470222222239,0.0,0.02083292702935247,0.0,OptiMix GPR+LBA (equal-load target),0.8,"{""policy"": ""static""}"
static,gpr+lba,0.8,1.0,1.0,0.5,gwr,0.6,True,equal,nym,1,0.7,49.73886803373468,323.95677685213093,309.0295432513591,616.5950018614822,5.946107827683526,6.321928094887363,0.015761831111111402,0.0,0.01505822088006652,0.0,OptiMix GPR+LBA (equal-load target),0.8,"{""policy"": ""static""}"
static,gpr+lba,0.6,1.0,1.0,0.5,gwr,0.6,True,equal,nym,3,0.7,42.003127682132614,315.58883606285445,295.12092266663853,588.843655355589,5.63089165360573,6.321928094887363,0.015869279999998875,0.0,0.020383605255826515,0.0,OptiMix GPR+LBA (equal-load target),0.6,"{""policy"": ""static""}"
static,gpr+lba,0.6,1.0,1.0,0.5,gwr,0.6,True,equal,nym,4,0.7,30.491888496754743,304.65994767946205,281.83829312644536,562.341325190349,5.16136939158199,6.321928094887363,0.01608046222222237,0.0,0.025453671781415103,0.0,OptiMix GPR+LBA (equal-load target),0.6,"{""policy"": ""static""}"
static,gpr+lbacap,0.0,1.0,1.0,0.5,gwr,0.6,True,equal,nym,3,0.7,37.00507908152906,310.62595913968687,295.12092266663853,562.341325190349,5.247478679096554,6.321928094887363,0.015755777777777924,0.0,0.026023171005487296,0.0,OptiMix GPR+LBA (true capacities),0.0,"{""policy"": ""static""}"
static,gpr+lbacap,0.0,1.0,1.0,0.5,gwr,0.6,True,equal,nym,4,0.7,27.963017922377723,301.4774806898198,281.83829312644536,562.341325190349,4.87273053471539,6.321928094887363,0.015898435555555146,0.0,0.03258737269853587,0.0,OptiMix GPR+LBA (true capacities),0.0,"{""policy"": ""static""}"
static,gpr+lba,0.8,1.0,1.0,0.5,gwr,0.6,True,equal,nym,2,0.7,44.36957605374736,317.6721646010321,295.12092266663853,588.843655355589,5.827137499781296,6.321928094887363,0.015665991111112332,0.0,0.022732878507506833,0.0,OptiMix GPR+LBA (equal-load target),0.8,"{""policy"": ""static""}"
static,gpr+lba,0.8,1.0,1.0,0.5,gwr,0.6,True,equal,nym,3,0.7,52.7363555500511,326.2658142569728,309.0295432513591,616.5950018614822,6.001918437886941,6.321928094887363,0.015808524444443695,0.0,0.01555039565375598,0.0,OptiMix GPR+LBA (equal-load target),0.8,"{""policy"": ""static""}"
static,gpr+lba,0.8,1.0,1.0,0.5,gwr,0.6,True,equal,nym,4,0.7,43.73909111923935,318.253430810027,295.12092266663853,616.5950018614822,5.749599126179541,6.321928094887363,0.015925946666666357,0.0,0.020056484739795842,0.0,OptiMix GPR+LBA (equal-load target),0.8,"{""policy"": ""static""}"
static,gpr+lbacap,0.0,1.0,1.0,0.5,gwr,0.6,True,equal,nym,0,0.7,29.06982459820298,303.2164895992549,281.83829312644536,588.843655355589,4.881377932444417,6.321928094887363,0.015736871111111883,0.0,0.0335189116554677,0.0,OptiMix GPR+LBA (true capacities),0.0,"{""policy"": ""static""}"
static,gpr+lbacap,0.0,1.0,1.0,0.5,gwr,0.6,True,equal,nym,1,0.7,35.81163779893778,310.2839354390888,295.12092266663853,588.843655355589,5.208689417309501,6.321928094887363,0.015987697777778642,0.0,0.02636741443136692,0.0,OptiMix GPR+LBA (true capacities),0.0,"{""policy"": ""static""}"
static,gpr+lbacap,0.0,1.0,1.0,0.5,gwr,0.6,True,equal,nym,2,0.7,29.723006983313223,303.68679429453874,281.83829312644536,562.341325190349,4.9620775944523965,6.321928094887363,0.015843066666668015,0.0,0.033572908735941175,0.0,OptiMix GPR+LBA (true capacities),0.0,"{""policy"": ""static""}"
static,gpr+lbacap,0.2,1.0,1.0,0.5,gwr,0.6,True,equal,nym,2,0.7,30.46183044648104,303.7754945839286,281.83829312644536,562.341325190349,5.093074199541215,6.321928094887363,0.015662311111110272,0.0,0.03162635778839746,0.0,OptiMix GPR+LBA (true capacities),0.2,"{""policy"": ""static""}"
static,gpr+lbacap,0.2,1.0,1.0,0.5,gwr,0.6,True,equal,nym,3,0.7,38.09372514204837,311.5338297084857,295.12092266663853,562.341325190349,5.373901262572545,6.321928094887363,0.015789991111110346,0.0,0.023905682735218974,0.0,OptiMix GPR+LBA (true capacities),0.2,"{""policy"": ""static""}"
static,gpr+lbacap,0.4,1.0,1.0,0.5,gwr,0.6,True,equal,nym,1,0.7,38.306152812886836,312.99760625920175,295.12092266663853,616.5950018614822,5.447825934451286,6.321928094887363,0.015796017777777616,0.0,0.02234510918573009,0.0,OptiMix GPR+LBA (true capacities),0.4,"{""policy"": ""static""}"
static,gpr+lbacap,0.4,1.0,1.0,0.5,gwr,0.6,True,equal,nym,2,0.7,32.177671821419075,305.7546096564636,281.83829312644536,562.341325190349,5.269246894599012,6.321928094887363,0.01580740444444495,0.0,0.0297102778251498,0.0,OptiMix GPR+LBA (true capacities),0.4,"{""policy"": ""static""}"
static,gpr+lbacap,0.2,1.0,1.0,0.5,gwr,0.6,True,equal,nym,4,0.7,28.840140781504452,302.61774251703025,281.83829312644536,562.341325190349,5.011989248277983,6.321928094887363,0.01587624888888861,0.0,0.029817165373740528,0.0,OptiMix GPR+LBA (true capacities),0.2,"{""policy"": ""static""}"
static,gpr+lbacap,0.4,1.0,1.0,0.5,gwr,0.6,True,equal,nym,0,0.7,31.17475980466793,305.0694330377941,281.83829312644536,537.0317963702527,5.140532146611679,6.321928094887363,0.015810622222221626,0.0,0.030670031740542482,0.0,OptiMix GPR+LBA (true capacities),0.4,"{""policy"": ""static""}"
static,gpr+lbacap,0.2,1.0,1.0,0.5,gwr,0.6,True,equal,nym,0,0.7,29.560099671703693,303.90422453657027,281.83829312644536,562.341325190349,4.983053767295326,6.321928094887363,0.01581887111111202,0.0,0.03250580413793749,0.0,OptiMix GPR+LBA (true capacities),0.2,"{""policy"": ""static""}"
static,gpr+lbacap,0.2,1.0,1.0,0.5,gwr,0.6,True,equal,nym,1,0.7,36.706532371630864,311.47590895072943,295.12092266663853,616.5950018614822,5.308790765355153,6.321928094887363,0.015902586666665997,0.0,0.024437297359411057,0.0,OptiMix GPR+LBA (true capacities),0.2,"{""policy"": ""static""}"
static,gpr+lbacap,0.4,1.0,1.0,0.5,gwr,0.6,True,equal,nym,3,0.7,40.41983996433998,314.034526796316,295.12092266663853,562.341325190349,5.550744542571534,6.321928094887363,0.015857306666667403,0.0,0.021246547071287883,0.0,OptiMix GPR+LBA (true capacities),0.4,"{""policy"": ""static""}"
static,gpr+lbacap,0.4,1.0,1.0,0.5,gwr,0.6,True,equal,nym,4,0.7,30.714434227206883,304.7142741714782,281.83829312644536,562.341325190349,5.186760046656355,6.321928094887363,0.015906239999999405,0.0,0.026515939295291464,0.0,OptiMix GPR+LBA (true capacities),0.4,"{""policy"": ""static""}"
static,gpr+lbacap,0.6,1.0,1.0,0.5,gwr,0.6,True,equal,nym,2,0.7,36.033063763057804,310.1823624005718,295.12092266663853,588.843655355589,5.512043051801859,6.321928094887363,0.015751573333334434,0.0,0.0271196583101247,0.0,OptiMix GPR+LBA (true capacities),0.6,"{""policy"": ""static""}"
static,gpr+lbacap,0.6,1.0,1.0,0.5,gwr,0.6,True,equal,nym,3,0.7,44.70750737323196,318.06023762141064,295.12092266663853,588.843655355589,5.774567977790197,6.321928094887363,0.015576951111111237,0.0,0.018992612009928335,0.0,OptiMix GPR+LBA (true capacities),0.6,"{""policy"": ""static""}"
static,gpr+lbacap,0.6,1.0,1.0,0.5,gwr,0.6,True,equal,nym,0,0.7,35.204301276676304,309.39297015212094,295.12092266663853,562.341325190349,5.397150261985257,6.321928094887363,0.015830648888889964,0.0,0.026893395508489088,0.0,OptiMix GPR+LBA (true capacities),0.6,"{""policy"": ""static""}"
static,gpr+lbacap,0.6,1.0,1.0,0.5,gwr,0.6,True,equal,nym,1,0.7,41.842647610469584,316.8078202562517,295.12092266663853,616.5950018614822,5.683380723852911,6.321928094887363,0.015928586666666744,0.0,0.019028750599823528,0.0,OptiMix GPR+LBA (true capacities),0.6,"{""policy"": ""static""}"
static,gpr+lbacap,0.6,1.0,1.0,0.5,gwr,0.6,True,equal,nym,4,0.7,34.60059163980878,308.3449002845153,295.12092266663853,562.341325190349,5.4300262116401425,6.321928094887363,0.015945066666666508,0.0,0.02421782587005223,0.0,OptiMix GPR+LBA (true capacities),0.6,"{""policy"": ""static""}"
static,gpr+lbacap,0.8,1.0,1.0,0.5,gwr,0.6,True,equal,nym,0,0.7,46.898043539108166,320.9763502200389,295.12092266663853,616.5950018614822,5.851369449144174,6.321928094887363,0.015786471111111755,0.0,0.020349779219028523,0.0,OptiMix GPR+LBA (true capacities),0.8,"{""policy"": ""static""}"
static,gpr+lbacap,0.8,1.0,1.0,0.5,gwr,0.6,True,equal,nym,3,0.7,54.33000034698892,327.8860362528211,309.0295432513591,616.5950018614822,6.0514755343036395,6.321928094887363,0.01572479111111158,0.0,0.014936180761465162,0.0,OptiMix GPR+LBA (true capacities),0.8,"{""policy"": ""static""}"
static,gpr+lbacap,0.8,1.0,1.0,0.5,gwr,0.6,True,equal,nym,4,0.7,45.848765317962574,320.3096719590245,295.12092266663853,616.5950018614822,5.8407635017495725,6.321928094887363,0.015783511111111315,0.0,0.01950762932155587,0.0,OptiMix GPR+LBA (true capacities),0.8,"{""policy"": ""static""}"
static,gpr+lbacap_noisy,0.0,1.0,1.0,0.5,gwr,0.6,True,equal,nym,0,0.7,29.53396119355546,20470.691907102533,29512.09226666387,61659.50018614822,4.708129764955875,6.321928094887363,0.26165500444444567,0.175,0.0368256968301737,0.0,OptiMix GPR+LBA (noisy capacities σ=0.5),0.0,"{""cap_noise"": 0.5, ""policy"": ""static""}"
static,gpr+lbacap_noisy,0.0,1.0,1.0,0.5,gwr,0.6,True,equal,nym,1,0.7,36.7667343687624,18465.817804085556,1479.1083881682073,61659.50018614822,5.036730613913094,6.321928094887363,0.31203686222222204,0.14375,0.030141749653043393,0.0,OptiMix GPR+LBA (noisy capacities σ=0.5),0.0,"{""cap_noise"": 0.5, ""policy"": ""static""}"
static,gpr+lbacap_noisy,0.0,1.0,1.0,0.5,gwr,0.6,True,equal,nym,2,0.7,30.76371805956219,18881.23566269505,10232.929922807536,61659.50018614822,4.862621984993016,6.321928094887363,0.2298134311111113,0.1625,0.033980876214524676,0.0,OptiMix GPR+LBA (noisy capacities σ=0.5),0.0,"{""cap_noise"": 0.5, ""policy"": ""static""}"
static,gpr+lbacap_noisy,0.0,1.0,1.0,0.5,gwr,0.6,True,equal,nym,3,0.7,42.45155782839999,20354.11435510821,29512.09226666387,61659.50018614822,5.1444368881181575,6.321928094887363,0.29790019555555447,0.16875,0.029872159322606305,0.0,OptiMix GPR+LBA (noisy capacities σ=0.5),0.0,"{""cap_noise"": 0.5, ""policy"": ""static""}"
static,gpr+lbacap_noisy,0.0,1.0,1.0,0.5,gwr,0.6,True,equal,nym,4,0.7,29.828986583414956,19557.066937304466,28183.82931264455,61659.50018614822,4.798861365875942,6.321928094887363,0.2723126311111115,0.1625,0.03411090196100999,0.0,OptiMix GPR+LBA (noisy capacities σ=0.5),0.0,"{""cap_noise"": 0.5, ""policy"": ""static""}"
static,gpr+lbacap_noisy,0.2,1.0,1.0,0.5,gwr,0.6,True,equal,nym,0,0.7,29.922325448624093,20381.196128259522,29512.09226666387,61659.50018614822,4.808037763212039,6.321928094887363,0.2609623377777772,0.175,0.035792190807472334,0.0,OptiMix GPR+LBA (noisy capacities σ=0.5),0.2,"{""cap_noise"": 0.5, ""policy"": ""static""}"
static,gpr+lbacap,0.8,1.0,1.0,0.5,gwr,0.6,True,equal,nym,1,0.7,51.20449927966285,325.680656832669,309.0295432513591,616.5950018614822,6.0009204752237295,6.321928094887363,0.01586616888888992,0.0,0.014448726959734162,0.0,OptiMix GPR+LBA (true capacities),0.8,"{""policy"": ""static""}"
static,gpr+lbacap,0.8,1.0,1.0,0.5,gwr,0.6,True,equal,nym,2,0.7,46.535253864162286,319.6421529886508,295.12092266663853,588.843655355589,5.894799211877634,6.321928094887363,0.015752622222221957,0.0,0.022105905733420545,0.0,OptiMix GPR+LBA (true capacities),0.8,"{""policy"": ""static""}"
static,gpr+lbacap_noisy,0.2,1.0,1.0,0.5,gwr,0.6,True,equal,nym,1,0.7,37.784202202664126,18356.476616347165,1548.8166189124813,61659.50018614822,5.160936701579056,6.321928094887363,0.30338886222222405,0.14375,0.02888109423081276,0.0,OptiMix GPR+LBA (noisy capacities σ=0.5),0.2,"{""cap_noise"": 0.5, ""policy"": ""static""}"
static,gpr+lbacap_noisy,0.2,1.0,1.0,0.5,gwr,0.6,True,equal,nym,2,0.7,31.443380171856244,18517.14818943325,12882.495516931336,61659.50018614822,4.989049907599866,6.321928094887363,0.22968834666666726,0.1625,0.03181890799140229,0.0,OptiMix GPR+LBA (noisy capacities σ=0.5),0.2,"{""cap_noise"": 0.5, ""policy"": ""static""}"
static,gpr+lbacap_noisy,0.4,1.0,1.0,0.5,gwr,0.6,True,equal,nym,2,0.7,33.02863775767747,18495.543919651438,14791.083881682072,61659.50018614822,5.164931170322745,6.321928094887363,0.22992129777777826,0.15625,0.029520013375709354,0.0,OptiMix GPR+LBA (noisy capacities σ=0.5),0.4,"{""cap_noise"": 0.5, ""policy"": ""static""}"
static,gpr+lbacap_noisy,0.4,1.0,1.0,0.5,gwr,0.6,True,equal,nym,3,0.7,45.58368253028963,20314.112906134338,29512.09226666387,61659.50018614822,5.419191179356945,6.321928094887363,0.28883128000000124,0.16875,0.025410934844761403,0.0,OptiMix GPR+LBA (noisy capacities σ=0.5),0.4,"{""cap_noise"": 0.5, ""policy"": ""static""}"
static,gpr+lbacap_noisy,0.2,1.0,1.0,0.5,gwr,0.6,True,equal,nym,3,0.7,43.33301101387251,20319.883214858917,28183.82931264455,61659.50018614822,5.258556504156115,6.321928094887363,0.2940373155555547,0.175,0.027959172961935723,0.0,OptiMix GPR+LBA (noisy capacities σ=0.5),0.2,"{""cap_noise"": 0.5, ""policy"": ""static""}"
static,gpr+lbacap_noisy,0.2,1.0,1.0,0.5,gwr,0.6,True,equal,nym,4,0.7,30.33464267025514,19478.74069120509,26915.348039269167,61659.50018614822,4.910791533753573,6.321928094887363,0.2708846844444439,0.1625,0.03157815836923746,0.0,OptiMix GPR+LBA (noisy capacities σ=0.5),0.2,"{""cap_noise"": 0.5, ""policy"": ""static""}"
static,gpr+lbacap_noisy,0.4,1.0,1.0,0.5,gwr,0.6,True,equal,nym,0,0.7,31.255332873642185,19910.722731607617,28183.82931264455,61659.50018614822,4.955658709792331,6.321928094887363,0.25946214222222275,0.16875,0.033803207768345354,0.0,OptiMix GPR+LBA (noisy capacities σ=0.5),0.4,"{""cap_noise"": 0.5, ""policy"": ""static""}"
static,gpr+lbacap_noisy,0.4,1.0,1.0,0.5,gwr,0.6,True,equal,nym,1,0.7,39.52316677428177,18213.244946069764,1698.2436524617444,61659.50018614822,5.318753998836926,6.321928094887363,0.2935167200000004,0.14375,0.02654547285509052,0.0,OptiMix GPR+LBA (noisy capacities σ=0.5),0.4,"{""cap_noise"": 0.5, ""policy"": ""static""}"
static,gpr+lbacap_noisy,0.4,1.0,1.0,0.5,gwr,0.6,True,equal,nym,4,0.7,31.715836396914533,19577.977022304294,26915.348039269167,61659.50018614822,5.051673466190346,6.321928094887363,0.26977210666666673,0.1625,0.028975262595431907,0.0,OptiMix GPR+LBA (noisy capacities σ=0.5),0.4,"{""cap_noise"": 0.5, ""policy"": ""static""}"
static,gpr+lbacap_noisy,0.6,1.0,1.0,0.5,gwr,0.6,True,equal,nym,0,0.7,34.61153351668723,20299.21655278224,29512.09226666387,61659.50018614822,5.1842209973998,6.321928094887363,0.25636114666666754,0.16875,0.0309425995590762,0.0,OptiMix GPR+LBA (noisy capacities σ=0.5),0.6,"{""cap_noise"": 0.5, ""policy"": ""static""}"
static,gpr+lbacap_noisy,0.6,1.0,1.0,0.5,gwr,0.6,True,equal,nym,1,0.7,43.19927026890824,18915.239948836785,3890.451449942805,61659.50018614822,5.576130135762256,6.321928094887363,0.2844273511111117,0.15625,0.022773327015434684,0.0,OptiMix GPR+LBA (noisy capacities σ=0.5),0.6,"{""cap_noise"": 0.5, ""policy"": ""static""}"
static,gpr+lbacap_noisy,0.6,1.0,1.0,0.5,gwr,0.6,True,equal,nym,2,0.7,36.546285260204705,18255.488649703588,8128.305161640995,61659.50018614822,5.39713790067354,6.321928094887363,0.23220329777777837,0.15625,0.0264083617255897,0.0,OptiMix GPR+LBA (noisy capacities σ=0.5),0.6,"{""cap_noise"": 0.5, ""policy"": ""static""}"
static,gpr+lbacap_noisy,0.6,1.0,1.0,0.5,gwr,0.6,True,equal,nym,3,0.7,49.82793119898888,20129.732623400283,29512.09226666387,61659.50018614822,5.630931466322301,6.321928094887363,0.2846335199999994,0.16875,0.02179342845324203,0.0,OptiMix GPR+LBA (noisy capacities σ=0.5),0.6,"{""cap_noise"": 0.5, ""policy"": ""static""}"
static,gpr+lbacap_noisy,0.6,1.0,1.0,0.5,gwr,0.6,True,equal,nym,4,0.7,35.06299476141546,19369.407116320912,24547.08915685031,61659.50018614822,5.26583544349356,6.321928094887363,0.26577250666666785,0.1625,0.02605379412064201,0.0,OptiMix GPR+LBA (noisy capacities σ=0.5),0.6,"{""cap_noise"": 0.5, ""policy"": ""static""}"
static,gpr+lbacap_noisy,0.8,1.0,1.0,0.5,gwr,0.6,True,equal,nym,0,0.7,45.79788481127384,20051.432842250815,29512.09226666387,61659.50018614822,5.650296115761049,6.321928094887363,0.2508356622222223,0.175,0.023849390755046423,0.0,OptiMix GPR+LBA (noisy capacities σ=0.5),0.8,"{""cap_noise"": 0.5, ""policy"": ""static""}"
static,gpr+lbacap_noisy,0.8,1.0,1.0,0.5,gwr,0.6,True,equal,nym,1,0.7,52.16984351142702,18369.77212304634,5623.413251903491,61659.50018614822,5.896714014391703,6.321928094887363,0.2782071288888879,0.15,0.01735281293629597,0.0,OptiMix GPR+LBA (noisy capacities σ=0.5),0.8,"{""cap_noise"": 0.5, ""policy"": ""static""}"
static,gpr+lbacap_noisy,0.8,1.0,1.0,0.5,gwr,0.6,True,equal,nym,2,0.7,45.68800741779565,18731.088922096147,19498.445997580453,61659.50018614822,5.729270716339796,6.321928094887363,0.23193442666666586,0.1625,0.022432255336988356,0.0,OptiMix GPR+LBA (noisy capacities σ=0.5),0.8,"{""cap_noise"": 0.5, ""policy"": ""static""}"
static,gpr+lbacap_noisy,0.8,1.0,1.0,0.5,gwr,0.6,True,equal,nym,3,0.7,59.90421869682114,19818.778910178866,29512.09226666387,61659.50018614822,5.894629576788347,6.321928094887363,0.2907193066666669,0.1625,0.018227449623330696,0.0,OptiMix GPR+LBA (noisy capacities σ=0.5),0.8,"{""cap_noise"": 0.5, ""policy"": ""static""}"
static,gpr+lbacap_noisy,0.8,1.0,1.0,0.5,gwr,0.6,True,equal,nym,4,0.7,45.68593488311848,19496.828851473078,29512.09226666387,61659.50018614822,5.651574245181185,6.321928094887363,0.2574950044444455,0.1625,0.020656897109692075,0.0,OptiMix GPR+LBA (noisy capacities σ=0.5),0.8,"{""cap_noise"": 0.5, ""policy"": ""static""}"
latref,regretor,0.0,1.0,1.0,0.5,ssr,0.0,True,equal,nym,0,0.7,54.811642200141705,341.11024435144964,309.0295432513591,1071.519305237606,6.016064738875175,6.321928094887363,0.023250933148444286,0.0,0.017434346915848605,4.3339236111111115,"ours: public SSR reference, θ=1.0",0.0,"{""policy"": ""latref"", ""ref_rule"": ""ssr"", ""ref_tau"": 0.0, ""theta"": 1.0}"
latref,regretor,0.0,1.0,1.0,0.5,ssr,0.0,True,equal,nym,3,0.7,52.03054010721883,341.79442332124864,309.0295432513591,1230.2687708123813,5.986381670410582,6.321928094887363,0.02598507649511239,0.0,0.017054331389848652,4.693506944444445,"ours: public SSR reference, θ=1.0",0.0,"{""policy"": ""latref"", ""ref_rule"": ""ssr"", ""ref_tau"": 0.0, ""theta"": 1.0}"
latref,regretor,0.0,1.0,1.0,0.5,ssr,0.0,True,equal,nym,4,0.7,48.96054534401064,340.9953543427815,309.0295432513591,1230.2687708123813,5.951492311706137,6.321928094887363,0.029029149098222184,0.0,0.01795381759316774,4.8615625,"ours: public SSR reference, θ=1.0",0.0,"{""policy"": ""latref"", ""ref_rule"": ""ssr"", ""ref_tau"": 0.0, ""theta"": 1.0}"
latref,regretor,0.0,1.0,1.0,0.5,ssr,0.0,True,equal,nym,1,0.7,52.83419947586896,346.92657920607076,309.0295432513591,1230.2687708123813,6.0086259108417766,6.321928094887363,0.030680411264889074,0.0,0.016411592428529027,4.191440972222223,"ours: public SSR reference, θ=1.0",0.0,"{""policy"": ""latref"", ""ref_rule"": ""ssr"", ""ref_tau"": 0.0, ""theta"": 1.0}"
latref,regretor,0.0,1.0,1.0,0.5,ssr,0.0,True,equal,nym,2,0.7,46.21907901696333,399.20921350143107,323.59365692962825,1412.537544622754,5.918089726350455,6.321928094887363,0.03931001389200017,0.0,0.02054042567285599,5.021770833333333,"ours: public SSR reference, θ=1.0",0.0,"{""policy"": ""latref"", ""ref_rule"": ""ssr"", ""ref_tau"": 0.0, ""theta"": 1.0}"
latref,regretor,0.0,1.0,1.0,0.5,ssr,0.2,True,equal,nym,0,0.7,68.1091277110379,346.34508544840605,323.59365692962825,741.3102413009177,6.224419588282655,6.321928094887363,0.01809802435466712,0.0,0.011867983480140683,2.3377951388888887,"ours: public SSR reference, θ=1.0",0.0,"{""policy"": ""latref"", ""ref_rule"": ""ssr"", ""ref_tau"": 0.2, ""theta"": 1.0}"
latref,regretor,0.0,1.0,1.0,0.5,ssr,0.2,True,equal,nym,1,0.7,64.76465921053587,347.5995332337004,323.59365692962825,977.2372209558107,6.214527125900617,6.321928094887363,0.02094237036844504,0.0,0.011296016459599604,2.3343402777777778,"ours: public SSR reference, θ=1.0",0.0,"{""policy"": ""latref"", ""ref_rule"": ""ssr"", ""ref_tau"": 0.2, ""theta"": 1.0}"
latref,regretor,0.0,1.0,1.0,0.5,ssr,0.2,True,equal,nym,2,0.7,59.8557558924514,340.9905455980119,323.59365692962825,776.2471166286916,6.182526706274468,6.321928094887363,0.020796587797777377,0.0,0.014433727708112413,2.6780902777777778,"ours: public SSR reference, θ=1.0",0.0,"{""policy"": ""latref"", ""ref_rule"": ""ssr"", ""ref_tau"": 0.2, ""theta"": 1.0}"
latref,regretor,0.0,1.0,1.0,0.5,ssr,0.2,True,equal,nym,3,0.7,64.65702420533407,343.3384326428416,323.59365692962825,707.945784384138,6.214043096986634,6.321928094887363,0.018815495831110196,0.0,0.01181322621128618,2.370815972222222,"ours: public SSR reference, θ=1.0",0.0,"{""policy"": ""latref"", ""ref_rule"": ""ssr"", ""ref_tau"": 0.2, ""theta"": 1.0}"
latref,regretor,0.0,1.0,1.0,0.5,ssr,0.2,True,equal,nym,4,0.7,63.697958401387915,345.49484240982497,323.59365692962825,933.2543007969911,6.195078312097792,6.321928094887363,0.01961730422799879,0.0,0.012796180153026568,2.5638541666666663,"ours: public SSR reference, θ=1.0",0.0,"{""policy"": ""latref"", ""ref_rule"": ""ssr"", ""ref_tau"": 0.2, ""theta"": 1.0}"
latref,regretor,0.0,1.0,1.0,0.5,ssr,0.4,True,equal,nym,0,0.7,79.94099446181822,357.71496899032877,338.84415613920254,776.2471166286916,6.3009809381550195,6.321928094887363,0.017477110785332428,0.0,0.008365065821071136,1.2984895833333332,"ours: public SSR reference, θ=1.0",0.0,"{""policy"": ""latref"", ""ref_rule"": ""ssr"", ""ref_tau"": 0.4, ""theta"": 1.0}"
latref,regretor,0.0,1.0,1.0,0.5,ssr,0.4,True,equal,nym,1,0.7,76.85215613835057,354.2902344265318,323.59365692962825,707.945784384138,6.298187256779993,6.321928094887363,0.01753174730622087,0.0,0.008000162914711449,1.302065972222222,"ours: public SSR reference, θ=1.0",0.0,"{""policy"": ""latref"", ""ref_rule"": ""ssr"", ""ref_tau"": 0.4, ""theta"": 1.0}"
latref,regretor,0.0,1.0,1.0,0.5,ssr,0.4,True,equal,nym,2,0.7,74.42937464143179,352.64790682225487,323.59365692962825,741.3102413009177,6.296259522804715,6.321928094887363,0.017581597628888,0.0,0.009427358726446112,1.3192534722222222,"ours: public SSR reference, θ=1.0",0.0,"{""policy"": ""latref"", ""ref_rule"": ""ssr"", ""ref_tau"": 0.4, ""theta"": 1.0}"
latref,regretor,0.0,1.0,1.0,0.5,ssr,0.4,True,equal,nym,3,0.7,76.9450772559705,354.7042635241083,338.84415613920254,741.3102413009177,6.301515663963333,6.321928094887363,0.017427362598667173,0.0,0.008001940220021169,1.2764409722222223,"ours: public SSR reference, θ=1.0",0.0,"{""policy"": ""latref"", ""ref_rule"": ""ssr"", ""ref_tau"": 0.4, ""theta"": 1.0}"
latref,regretor,0.0,1.0,1.0,0.5,ssr,0.4,True,equal,nym,4,0.7,78.40481708256347,356.0747458713076,323.59365692962825,741.3102413009177,6.296966225583121,6.321928094887363,0.017341688783999665,0.0,0.008548484415287366,1.323611111111111,"ours: public SSR reference, θ=1.0",0.0,"{""policy"": ""latref"", ""ref_rule"": ""ssr"", ""ref_tau"": 0.4, ""theta"": 1.0}"
latref,regretor,0.0,1.0,1.0,0.5,ssr,0.6,True,equal,nym,0,0.7,90.53605815902274,368.40655663669753,338.84415613920254,776.2471166286916,6.3196059586171955,6.321928094887363,0.017362176134666285,0.0,0.0057768513404943805,0.8144965277777778,"ours: public SSR reference, θ=1.0",0.0,"{""policy"": ""latref"", ""ref_rule"": ""ssr"", ""ref_tau"": 0.6, ""theta"": 1.0}"
latref,regretor,0.0,1.0,1.0,0.5,ssr,0.6,True,equal,nym,1,0.7,87.46494382318033,364.1703932671493,338.84415613920254,707.945784384138,6.319336469781495,6.321928094887363,0.01727691504133433,0.0,0.005544156221628895,0.8159027777777779,"ours: public SSR reference, θ=1.0",0.0,"{""policy"": ""latref"", ""ref_rule"": ""ssr"", ""ref_tau"": 0.6, ""theta"": 1.0}"
latref,regretor,0.0,1.0,1.0,0.5,ssr,0.6,True,equal,nym,2,0.7,85.43034970924485,363.0611449316475,338.84415613920254,776.2471166286916,6.319043176644436,6.321928094887363,0.01755348826577685,0.0,0.006198032369648107,0.8283506944444443,"ours: public SSR reference, θ=1.0",0.0,"{""policy"": ""latref"", ""ref_rule"": ""ssr"", ""ref_tau"": 0.6, ""theta"": 1.0}"
latref,regretor,0.0,1.0,1.0,0.5,ssr,0.6,True,equal,nym,3,0.7,87.23821426475328,364.93741879704163,338.84415613920254,741.3102413009177,6.319933059377715,6.321928094887363,0.017563678474666222,0.0,0.0054540871860013305,0.8088541666666667,"ours: public SSR reference, θ=1.0",0.0,"{""policy"": ""latref"", ""ref_rule"": ""ssr"", ""ref_tau"": 0.6, ""theta"": 1.0}"
latref,regretor,0.0,1.0,1.0,0.5,ssr,0.6,True,equal,nym,4,0.7,90.39944523394178,368.9080752781546,338.84415613920254,776.2471166286916,6.319590995026255,6.321928094887363,0.01754091440400063,0.0,0.005655687069870792,0.8123437499999999,"ours: public SSR reference, θ=1.0",0.0,"{""policy"": ""latref"", ""ref_rule"": ""ssr"", ""ref_tau"": 0.6, ""theta"": 1.0}"
latref,regretor,0.0,1.0,1.0,0.5,ssr,0.8,True,equal,nym,0,0.7,97.61446906305176,375.3112868218469,354.8133892335755,776.2471166286916,6.32171815387391,6.321928094887363,0.01736140152977894,0.0,0.0044690929797519974,0.6210069444444445,"ours: public SSR reference, θ=1.0",0.0,"{""policy"": ""latref"", ""ref_rule"": ""ssr"", ""ref_tau"": 0.8, ""theta"": 1.0}"
latref,regretor,0.0,1.0,1.0,0.5,ssr,0.8,True,equal,nym,1,0.7,94.52703682982892,373.36311928983287,354.8133892335755,851.1380382023764,6.3217117609483084,6.321928094887363,0.0176899121484424,0.0,0.004474883207511285,0.6249305555555555,"ours: public SSR reference, θ=1.0",0.0,"{""policy"": ""latref"", ""ref_rule"": ""ssr"", ""ref_tau"": 0.8, ""theta"": 1.0}"
latref,regretor,0.0,1.0,1.0,0.5,ssr,0.8,True,equal,nym,2,0.7,93.00076129628978,370.54371390052853,354.8133892335755,776.2471166286916,6.321710289632785,6.321928094887363,0.0175372703231107,0.0,0.004576504051040731,0.6281076388888889,"ours: public SSR reference, θ=1.0",0.0,"{""policy"": ""latref"", ""ref_rule"": ""ssr"", ""ref_tau"": 0.8, ""theta"": 1.0}"
latref,regretor,0.0,1.0,1.0,0.5,ssr,0.8,True,equal,nym,3,0.7,94.30658490648278,371.23899895842214,354.8133892335755,741.3102413009177,6.3217166994110645,6.321928094887363,0.017461865040889313,0.0,0.004408198848890472,0.6218055555555556,"ours: public SSR reference, θ=1.0",0.0,"{""policy"": ""latref"", ""ref_rule"": ""ssr"", ""ref_tau"": 0.8, ""theta"": 1.0}"
latref,regretor,0.0,1.0,1.0,0.5,ssr,0.8,True,equal,nym,4,0.7,98.17218373857355,375.900076646412,354.8133892335755,741.3102413009177,6.321711215857313,6.321928094887363,0.017288208521332837,0.0,0.004526801736425642,0.6281944444444444,"ours: public SSR reference, θ=1.0",0.0,"{""policy"": ""latref"", ""ref_rule"": ""ssr"", ""ref_tau"": 0.8, ""theta"": 1.0}"
latref,regretor,0.0,1.0,2.0,0.5,ssr,0.0,True,equal,nym,0,0.7,69.8835293794215,347.3527909892972,323.59365692962825,741.3102413009177,6.233267025293457,6.321928094887363,0.017588303948890438,0.0,0.01194087739724339,2.5353125,"ours: public SSR reference, θ=2.0",0.0,"{""policy"": ""latref"", ""ref_rule"": ""ssr"", ""ref_tau"": 0.0, ""theta"": 2.0}"
latref,regretor,0.0,1.0,2.0,0.5,ssr,0.0,True,equal,nym,1,0.7,67.40214695197028,345.77636661339824,323.59365692962825,741.3102413009177,6.225842884804488,6.321928094887363,0.01788165960177812,0.0,0.01203928332097775,2.5855208333333333,"ours: public SSR reference, θ=2.0",0.0,"{""policy"": ""latref"", ""ref_rule"": ""ssr"", ""ref_tau"": 0.0, ""theta"": 2.0}"
latref,regretor,0.0,1.0,2.0,0.5,ssr,0.0,True,equal,nym,2,0.7,64.29765218059454,342.3741684873968,323.59365692962825,707.945784384138,6.212616803436428,6.321928094887363,0.017787408324889453,0.0,0.014034290962634286,2.7563715277777776,"ours: public SSR reference, θ=2.0",0.0,"{""policy"": ""latref"", ""ref_rule"": ""ssr"", ""ref_tau"": 0.0, ""theta"": 2.0}"
latref,regretor,0.0,1.0,2.0,0.5,ssr,0.0,True,equal,nym,3,0.7,67.30181060412974,344.4432593428206,323.59365692962825,707.945784384138,6.231615096179932,6.321928094887363,0.017602559315555544,0.0,0.012033682356689727,2.5474479166666666,"ours: public SSR reference, θ=2.0",0.0,"{""policy"": ""latref"", ""ref_rule"": ""ssr"", ""ref_tau"": 0.0, ""theta"": 2.0}"
latref,regretor,0.0,1.0,2.0,0.5,ssr,0.0,True,equal,nym,4,0.7,67.26484084526831,344.46677475463355,323.59365692962825,676.0829753919819,6.214561102899535,6.321928094887363,0.01767566179999913,0.0,0.012602614165917698,2.6896180555555556,"ours: public SSR reference, θ=2.0",0.0,"{""policy"": ""latref"", ""ref_rule"": ""ssr"", ""ref_tau"": 0.0, ""theta"": 2.0}"
latref,regretor,0.0,1.0,2.0,0.5,ssr,0.2,True,equal,nym,0,0.7,77.59859641529883,355.968517292765,323.59365692962825,812.8305161640991,6.289301896590618,6.321928094887363,0.01761293171733236,0.0,0.009493875136562713,1.708628472222222,"ours: public SSR reference, θ=2.0",0.0,"{""policy"": ""latref"", ""ref_rule"": ""ssr"", ""ref_tau"": 0.2, ""theta"": 2.0}"
latref,regretor,0.0,1.0,2.0,0.5,ssr,0.2,True,equal,nym,3,0.7,74.83750276872374,351.6058856001396,323.59365692962825,707.945784384138,6.289205927078962,6.321928094887363,0.017566706311112235,0.0,0.009380878495465837,1.7069791666666667,"ours: public SSR reference, θ=2.0",0.0,"{""policy"": ""latref"", ""ref_rule"": ""ssr"", ""ref_tau"": 0.2, ""theta"": 2.0}"
latref,regretor,0.0,1.0,2.0,0.5,ssr,0.2,True,equal,nym,4,0.7,76.21290765995589,354.162511877442,323.59365692962825,741.3102413009177,6.284199660026935,6.321928094887363,0.01757714418622136,0.0,0.009820616396040763,1.7484201388888887,"ours: public SSR reference, θ=2.0",0.0,"{""policy"": ""latref"", ""ref_rule"": ""ssr"", ""ref_tau"": 0.2, ""theta"": 2.0}"
latref,regretor,0.0,1.0,2.0,0.5,ssr,0.2,True,equal,nym,1,0.7,74.88655634126391,353.25534766593563,323.59365692962825,776.2471166286916,6.283705753958544,6.321928094887363,0.017847734966222495,0.0,0.00949760068207678,1.72421875,"ours: public SSR reference, θ=2.0",0.0,"{""policy"": ""latref"", ""ref_rule"": ""ssr"", ""ref_tau"": 0.2, ""theta"": 2.0}"
latref,regretor,0.0,1.0,2.0,0.5,ssr,0.2,True,equal,nym,2,0.7,73.16719033102824,350.86333931207406,323.59365692962825,707.945784384138,6.286369490725013,6.321928094887363,0.017638510813776653,0.0,0.010539199296032463,1.673923611111111,"ours: public SSR reference, θ=2.0",0.0,"{""policy"": ""latref"", ""ref_rule"": ""ssr"", ""ref_tau"": 0.2, ""theta"": 2.0}"
latref,regretor,0.0,1.0,2.0,0.5,ssr,0.4,True,equal,nym,0,0.7,85.19491528240974,363.2259240604915,338.84415613920254,812.8305161640991,6.312562733080346,6.321928094887363,0.017428105091999102,0.0,0.007365620887465801,1.1807118055555557,"ours: public SSR reference, θ=2.0",0.0,"{""policy"": ""latref"", ""ref_rule"": ""ssr"", ""ref_tau"": 0.4, ""theta"": 2.0}"
latref,regretor,0.0,1.0,2.0,0.5,ssr,0.4,True,equal,nym,1,0.7,81.99203815748746,359.4163547116567,338.84415613920254,741.3102413009177,6.309784770292796,6.321928094887363,0.017577543115111727,0.0,0.00727636186707014,1.2092708333333333,"ours: public SSR reference, θ=2.0",0.0,"{""policy"": ""latref"", ""ref_rule"": ""ssr"", ""ref_tau"": 0.4, ""theta"": 2.0}"
latref,regretor,0.0,1.0,2.0,0.5,ssr,0.4,True,equal,nym,2,0.7,80.44202774056289,359.44810851776987,338.84415613920254,812.8305161640991,6.310708205677467,6.321928094887363,0.01763866262888758,0.0,0.007938989825868036,1.2033333333333334,"ours: public SSR reference, θ=2.0",0.0,"{""policy"": ""latref"", ""ref_rule"": ""ssr"", ""ref_tau"": 0.4, ""theta"": 2.0}"
latref,regretor,0.0,1.0,2.0,0.5,ssr,0.4,True,equal,nym,3,0.7,81.62743482078983,359.0894410955567,338.84415613920254,741.3102413009177,6.312217356509504,6.321928094887363,0.017530467264888827,0.0,0.007132913274820868,1.204201388888889,"ours: public SSR reference, θ=2.0",0.0,"{""policy"": ""latref"", ""ref_rule"": ""ssr"", ""ref_tau"": 0.4, ""theta"": 2.0}"
latref,regretor,0.0,1.0,2.0,0.5,ssr,0.4,True,equal,nym,4,0.7,84.67462325248665,361.8855434495434,338.84415613920254,707.945784384138,6.311411906963791,6.321928094887363,0.01744268747466693,0.0,0.007586872103587758,1.2048784722222223,"ours: public SSR reference, θ=2.0",0.0,"{""policy"": ""latref"", ""ref_rule"": ""ssr"", ""ref_tau"": 0.4, ""theta"": 2.0}"
latref,regretor,0.0,1.0,2.0,0.5,ssr,0.6,True,equal,nym,0,0.7,92.05259793864847,369.8815253714936,338.84415613920254,776.2471166286916,6.320128847577628,6.321928094887363,0.01750002939333206,0.0,0.005644605243139936,0.8519791666666666,"ours: public SSR reference, θ=2.0",0.0,"{""policy"": ""latref"", ""ref_rule"": ""ssr"", ""ref_tau"": 0.6, ""theta"": 2.0}"
latref,regretor,0.0,1.0,2.0,0.5,ssr,0.6,True,equal,nym,1,0.7,89.26959781794538,366.5553630221572,338.84415613920254,741.3102413009177,6.32006970857706,6.321928094887363,0.017515335256888864,0.0,0.0053851320974449305,0.8457465277777778,"ours: public SSR reference, θ=2.0",0.0,"{""policy"": ""latref"", ""ref_rule"": ""ssr"", ""ref_tau"": 0.6, ""theta"": 2.0}"
latref,regretor,0.0,1.0,2.0,0.5,ssr,0.6,True,equal,nym,2,0.7,87.377777862036,364.81452859011546,338.84415613920254,741.3102413009177,6.3198440054458045,6.321928094887363,0.01754253876622247,0.0,0.005844774580550495,0.8679166666666667,"ours: public SSR reference, θ=2.0",0.0,"{""policy"": ""latref"", ""ref_rule"": ""ssr"", ""ref_tau"": 0.6, ""theta"": 2.0}"
latref,regretor,0.0,1.0,2.0,0.5,ssr,0.6,True,equal,nym,3,0.7,88.67986407767319,366.4468356451985,338.84415613920254,741.3102413009177,6.320498889262776,6.321928094887363,0.01748900634355577,0.0,0.0052253453566795584,0.84859375,"ours: public SSR reference, θ=2.0",0.0,"{""policy"": ""latref"", ""ref_rule"": ""ssr"", ""ref_tau"": 0.6, ""theta"": 2.0}"
latref,regretor,0.0,1.0,2.0,0.5,ssr,0.6,True,equal,nym,4,0.7,92.46816529041384,370.12814304602966,338.84415613920254,741.3102413009177,6.320348201796685,6.321928094887363,0.01765799652889055,0.0,0.005467303042113307,0.8426909722222222,"ours: public SSR reference, θ=2.0",0.0,"{""policy"": ""latref"", ""ref_rule"": ""ssr"", ""ref_tau"": 0.6, ""theta"": 2.0}"
latref,regretor,0.0,1.0,2.0,0.5,ssr,0.8,True,equal,nym,2,0.7,93.36478924706051,370.60864258059405,354.8133892335755,776.2471166286916,6.321697674916862,6.321928094887363,0.017525873863999175,0.0,0.004579853683786514,0.6653125,"ours: public SSR reference, θ=2.0",0.0,"{""policy"": ""latref"", ""ref_rule"": ""ssr"", ""ref_tau"": 0.8, ""theta"": 2.0}"
latref,regretor,0.0,1.0,2.0,0.5,ssr,0.8,True,equal,nym,3,0.7,94.42877362486492,371.13283021921455,354.8133892335755,741.3102413009177,6.32171387405408,6.321928094887363,0.017391270492889355,0.0,0.00446221538713292,0.6574305555555555,"ours: public SSR reference, θ=2.0",0.0,"{""policy"": ""latref"", ""ref_rule"": ""ssr"", ""ref_tau"": 0.8, ""theta"": 2.0}"
latref,regretor,0.0,1.0,2.0,0.5,ssr,0.8,True,equal,nym,0,0.7,97.60691600019771,375.62278393018704,354.8133892335755,812.8305161640991,6.3217207272456175,6.321928094887363,0.017420932094666552,0.0,0.004519389522470613,0.6447395833333334,"ours: public SSR reference, θ=2.0",0.0,"{""policy"": ""latref"", ""ref_rule"": ""ssr"", ""ref_tau"": 0.8, ""theta"": 2.0}"
latref,regretor,0.0,1.0,2.0,0.5,ssr,0.8,True,equal,nym,1,0.7,95.11061436514277,372.71142276079064,354.8133892335755,776.2471166286916,6.321698341237238,6.321928094887363,0.017596852061777968,0.0,0.004482889710992125,0.6543576388888889,"ours: public SSR reference, θ=2.0",0.0,"{""policy"": ""latref"", ""ref_rule"": ""ssr"", ""ref_tau"": 0.8, ""theta"": 2.0}"
latref,regretor,0.0,1.0,3.0,0.5,ssr,0.0,True,equal,nym,1,0.7,72.09656363689857,349.6077193757224,323.59365692962825,741.3102413009177,6.262901613891112,6.321928094887363,0.017537943772889086,0.0,0.011002347610501114,2.1090104166666666,"ours: public SSR reference, θ=3.0",0.0,"{""policy"": ""latref"", ""ref_rule"": ""ssr"", ""ref_tau"": 0.0, ""theta"": 3.0}"
latref,regretor,0.0,1.0,3.0,0.5,ssr,0.0,True,equal,nym,2,0.7,69.47517184053585,347.4627489359072,323.59365692962825,707.945784384138,6.261891620870714,6.321928094887363,0.017684042576888492,0.0,0.012117601077043759,2.173402777777778,"ours: public SSR reference, θ=3.0",0.0,"{""policy"": ""latref"", ""ref_rule"": ""ssr"", ""ref_tau"": 0.0, ""theta"": 3.0}"
latref,regretor,0.0,1.0,2.0,0.5,ssr,0.8,True,equal,nym,4,0.7,98.39746190462887,376.6106860219121,354.8133892335755,776.2471166286916,6.321726195405955,6.321928094887363,0.01741427051022204,0.0,0.004496123673975462,0.6594965277777778,"ours: public SSR reference, θ=2.0",0.0,"{""policy"": ""latref"", ""ref_rule"": ""ssr"", ""ref_tau"": 0.8, ""theta"": 2.0}"
latref,regretor,0.0,1.0,3.0,0.5,ssr,0.0,True,equal,nym,0,0.7,74.12379357070641,352.19334069876066,323.59365692962825,776.2471166286916,6.269004011191557,6.321928094887363,0.017714958143110415,0.0,0.010847971406008959,2.11953125,"ours: public SSR reference, θ=3.0",0.0,"{""policy"": ""latref"", ""ref_rule"": ""ssr"", ""ref_tau"": 0.0, ""theta"": 3.0}"
latref,regretor,0.0,1.0,3.0,0.5,ssr,0.0,True,equal,nym,3,0.7,71.75138472221684,349.0270932699275,323.59365692962825,707.945784384138,6.267689478412821,6.321928094887363,0.01755721093377738,0.0,0.010866636567211272,2.126267361111111,"ours: public SSR reference, θ=3.0",0.0,"{""policy"": ""latref"", ""ref_rule"": ""ssr"", ""ref_tau"": 0.0, ""theta"": 3.0}"
latref,regretor,0.0,1.0,3.0,0.5,ssr,0.0,True,equal,nym,4,0.7,72.88907019532927,351.43195116241765,323.59365692962825,776.2471166286916,6.262720742405455,6.321928094887363,0.0177111088528894,0.0,0.011141800264402684,2.128298611111111,"ours: public SSR reference, θ=3.0",0.0,"{""policy"": ""latref"", ""ref_rule"": ""ssr"", ""ref_tau"": 0.0, ""theta"": 3.0}"
latref,regretor,0.0,1.0,3.0,0.5,ssr,0.2,True,equal,nym,0,0.7,79.5672284984063,356.8040394524551,338.84415613920254,741.3102413009177,6.2962196491767175,6.321928094887363,0.017591888913333742,0.0,0.00924298650414565,1.6104687500000001,"ours: public SSR reference, θ=3.0",0.0,"{""policy"": ""latref"", ""ref_rule"": ""ssr"", ""ref_tau"": 0.2, ""theta"": 3.0}"
latref,regretor,0.0,1.0,3.0,0.5,ssr,0.2,True,equal,nym,1,0.7,76.65826689219259,353.92231403574607,323.59365692962825,707.945784384138,6.290442300270177,6.321928094887363,0.01757141886044411,0.0,0.009163682846969097,1.6576041666666665,"ours: public SSR reference, θ=3.0",0.0,"{""policy"": ""latref"", ""ref_rule"": ""ssr"", ""ref_tau"": 0.2, ""theta"": 3.0}"
latref,regretor,0.0,1.0,3.0,0.5,ssr,0.2,True,equal,nym,2,0.7,75.25967933011536,353.15632359140034,323.59365692962825,741.3102413009177,6.293120422623226,6.321928094887363,0.017527880668888773,0.0,0.010091377367164155,1.613888888888889,"ours: public SSR reference, θ=3.0",0.0,"{""policy"": ""latref"", ""ref_rule"": ""ssr"", ""ref_tau"": 0.2, ""theta"": 3.0}"
latref,regretor,0.0,1.0,3.0,0.5,ssr,0.2,True,equal,nym,3,0.7,76.05978277531248,353.2994663302131,338.84415613920254,707.945784384138,6.294776341050754,6.321928094887363,0.017632637119111116,0.0,0.008973036652423397,1.6404166666666664,"ours: public SSR reference, θ=3.0",0.0,"{""policy"": ""latref"", ""ref_rule"": ""ssr"", ""ref_tau"": 0.2, ""theta"": 3.0}"
latref,regretor,0.0,1.0,3.0,0.5,ssr,0.2,True,equal,nym,4,0.7,78.1810180423808,356.7994302016079,323.59365692962825,776.2471166286916,6.29156748728591,6.321928094887363,0.01762365367511287,0.0,0.009526154371686598,1.6872048611111112,"ours: public SSR reference, θ=3.0",0.0,"{""policy"": ""latref"", ""ref_rule"": ""ssr"", ""ref_tau"": 0.2, ""theta"": 3.0}"
latref,regretor,0.0,1.0,3.0,0.5,ssr,0.4,True,equal,nym,0,0.7,85.49621876141963,363.92777325549457,338.84415613920254,776.2471166286916,6.313127131892477,6.321928094887363,0.01773285186044471,0.0,0.007258900597735695,1.1752256944444444,"ours: public SSR reference, θ=3.0",0.0,"{""policy"": ""latref"", ""ref_rule"": ""ssr"", ""ref_tau"": 0.4, ""theta"": 3.0}"
latref,regretor,0.0,1.0,3.0,0.5,ssr,0.4,True,equal,nym,1,0.7,82.46041590525334,360.721637527329,338.84415613920254,776.2471166286916,6.310430576396719,6.321928094887363,0.017619361400444733,0.0,0.00720362987522907,1.2027256944444444,"ours: public SSR reference, θ=3.0",0.0,"{""policy"": ""latref"", ""ref_rule"": ""ssr"", ""ref_tau"": 0.4, ""theta"": 3.0}"
latref,regretor,0.0,1.0,3.0,0.5,ssr,0.4,True,equal,nym,2,0.7,81.02977728239416,358.3884102580921,338.84415613920254,741.3102413009177,6.310684841082434,6.321928094887363,0.017589544606667173,0.0,0.007946175103627991,1.2203819444444446,"ours: public SSR reference, θ=3.0",0.0,"{""policy"": ""latref"", ""ref_rule"": ""ssr"", ""ref_tau"": 0.4, ""theta"": 3.0}"
latref,regretor,0.0,1.0,3.0,0.5,ssr,0.6,True,equal,nym,0,0.7,92.47852865376315,370.1566272126624,338.84415613920254,776.2471166286916,6.320235702780847,6.321928094887363,0.017444940758221783,0.0,0.005515579050036311,0.8476388888888889,"ours: public SSR reference, θ=3.0",0.0,"{""policy"": ""latref"", ""ref_rule"": ""ssr"", ""ref_tau"": 0.6, ""theta"": 3.0}"
latref,regretor,0.0,1.0,3.0,0.5,ssr,0.6,True,equal,nym,1,0.7,89.238116371085,367.5945213250683,338.84415613920254,776.2471166286916,6.319977839752359,6.321928094887363,0.017670761358667297,0.0,0.005417919846525394,0.85578125,"ours: public SSR reference, θ=3.0",0.0,"{""policy"": ""latref"", ""ref_rule"": ""ssr"", ""ref_tau"": 0.6, ""theta"": 3.0}"
latref,regretor,0.0,1.0,3.0,0.5,ssr,0.4,True,equal,nym,3,0.7,82.17555076709726,359.0749623693854,338.84415613920254,707.945784384138,6.313456646348636,6.321928094887363,0.017479845044001907,0.0,0.006901027889805536,1.1865625,"ours: public SSR reference, θ=3.0",0.0,"{""policy"": ""latref"", ""ref_rule"": ""ssr"", ""ref_tau"": 0.4, ""theta"": 3.0}"
latref,regretor,0.0,1.0,3.0,0.5,ssr,0.4,True,equal,nym,4,0.7,85.28721915624726,363.8306009311802,338.84415613920254,776.2471166286916,6.312432356473853,6.321928094887363,0.017498793823110592,0.0,0.007446897866825479,1.1994618055555555,"ours: public SSR reference, θ=3.0",0.0,"{""policy"": ""latref"", ""ref_rule"": ""ssr"", ""ref_tau"": 0.4, ""theta"": 3.0}"
latref,regretor,0.0,1.0,3.0,0.5,ssr,0.6,True,equal,nym,2,0.7,87.4231991135578,364.94438608108635,338.84415613920254,741.3102413009177,6.3198713341871695,6.321928094887363,0.01747776351777741,0.0,0.005794704707527387,0.8656770833333333,"ours: public SSR reference, θ=3.0",0.0,"{""policy"": ""latref"", ""ref_rule"": ""ssr"", ""ref_tau"": 0.6, ""theta"": 3.0}"
latref,regretor,0.0,1.0,3.0,0.5,ssr,0.6,True,equal,nym,3,0.7,88.81439977852526,367.2392182548439,338.84415613920254,776.2471166286916,6.320410998806685,6.321928094887363,0.017590237794222308,0.0,0.005219883220250886,0.855642361111111,"ours: public SSR reference, θ=3.0",0.0,"{""policy"": ""latref"", ""ref_rule"": ""ssr"", ""ref_tau"": 0.6, ""theta"": 3.0}"
latref,regretor,0.0,1.0,3.0,0.5,ssr,0.6,True,equal,nym,4,0.7,92.35691634837413,371.1687093956291,338.84415613920254,812.8305161640991,6.320210254747269,6.321928094887363,0.017469968895112542,0.0,0.005578844646037329,0.8614409722222222,"ours: public SSR reference, θ=3.0",0.0,"{""policy"": ""latref"", ""ref_rule"": ""ssr"", ""ref_tau"": 0.6, ""theta"": 3.0}"
latref,regretor,0.0,1.0,3.0,0.5,ssr,0.8,True,equal,nym,0,0.7,97.68576483961003,375.8459572020559,354.8133892335755,812.8305161640991,6.321702506446214,6.321928094887363,0.01757546512888908,0.0,0.004519620597268055,0.6591666666666667,"ours: public SSR reference, θ=3.0",0.0,"{""policy"": ""latref"", ""ref_rule"": ""ssr"", ""ref_tau"": 0.8, ""theta"": 3.0}"
latref,regretor,0.0,1.0,3.0,0.5,ssr,0.8,True,equal,nym,3,0.7,94.43819474029769,372.43350402619063,354.8133892335755,776.2471166286916,6.3217014299081224,6.321928094887363,0.017620472390221797,0.0,0.0044839276796139246,0.6516666666666666,"ours: public SSR reference, θ=3.0",0.0,"{""policy"": ""latref"", ""ref_rule"": ""ssr"", ""ref_tau"": 0.8, ""theta"": 3.0}"
latref,regretor,0.0,1.0,3.0,0.5,ssr,0.8,True,equal,nym,4,0.7,98.33824129342925,376.50550194102703,354.8133892335755,776.2471166286916,6.321705628071163,6.321928094887363,0.0174432855840001,0.0,0.004555969571385935,0.6635069444444445,"ours: public SSR reference, θ=3.0",0.0,"{""policy"": ""latref"", ""ref_rule"": ""ssr"", ""ref_tau"": 0.8, ""theta"": 3.0}"
latref,regretor,0.0,1.0,3.0,0.5,ssr,0.8,True,equal,nym,1,0.7,94.9803700507359,372.4649731423453,354.8133892335755,741.3102413009177,6.321698269335178,6.321928094887363,0.017567271960444275,0.0,0.004484334899113312,0.6558506944444444,"ours: public SSR reference, θ=3.0",0.0,"{""policy"": ""latref"", ""ref_rule"": ""ssr"", ""ref_tau"": 0.8, ""theta"": 3.0}"
latref,regretor,0.0,1.0,3.0,0.5,ssr,0.8,True,equal,nym,2,0.7,92.89364230393008,370.3450017708667,354.8133892335755,776.2471166286916,6.3216894618604975,6.321928094887363,0.01744417698800027,0.0,0.004622131037358921,0.6593055555555556,"ours: public SSR reference, θ=3.0",0.0,"{""policy"": ""latref"", ""ref_rule"": ""ssr"", ""ref_tau"": 0.8, ""theta"": 3.0}"
latref,regretor,0.0,1.0,1.0,0.5,gwr,0.0,True,equal,nym,0,0.7,12.151812121802367,39481.00024786763,30902.95432513592,61659.50018614822,2.425115128843293,6.321928094887363,0.9287082530791102,0.30625,0.07324698608869495,24.163020833333334,"ours: public GWR reference, θ=1.0",0.0,"{""policy"": ""latref"", ""ref_rule"": ""gwr"", ""ref_tau"": 0.0, ""theta"": 1.0}"
latref,regretor,0.0,1.0,1.0,0.5,gwr,0.0,True,equal,nym,1,0.7,11.655739003077882,34669.11516975817,30902.95432513592,61659.50018614822,2.37183268269968,6.321928094887363,0.9826534272760019,0.275,0.07159924874001067,24.124479166666667,"ours: public GWR reference, θ=1.0",0.0,"{""policy"": ""latref"", ""ref_rule"": ""gwr"", ""ref_tau"": 0.0, ""theta"": 1.0}"
latref,regretor,0.0,1.0,1.0,0.5,gwr,0.0,True,equal,nym,2,0.7,8.666422717582748,37031.029874933614,30902.95432513592,61659.50018614822,2.4025391047956832,6.321928094887363,1.1817985787528893,0.25625,0.07525888087206466,24.160503472222224,"ours: public GWR reference, θ=1.0",0.0,"{""policy"": ""latref"", ""ref_rule"": ""gwr"", ""ref_tau"": 0.0, ""theta"": 1.0}"
latref,regretor,0.0,1.0,1.0,0.5,gwr,0.0,True,equal,nym,3,0.7,8.894111084182537,42771.127665930406,61659.50018614822,61659.50018614822,2.1743442527141243,6.321928094887363,1.759439867345335,0.2625,0.07958101702291269,24.227934027777778,"ours: public GWR reference, θ=1.0",0.0,"{""policy"": ""latref"", ""ref_rule"": ""gwr"", ""ref_tau"": 0.0, ""theta"": 1.0}"
latref,regretor,0.0,1.0,1.0,0.5,gwr,0.0,True,equal,nym,4,0.7,8.548503722950514,33431.25191813743,30902.95432513592,61659.50018614822,2.3889593857245712,6.321928094887363,0.9878048857924435,0.23125,0.07801925060821086,24.309739583333332,"ours: public GWR reference, θ=1.0",0.0,"{""policy"": ""latref"", ""ref_rule"": ""gwr"", ""ref_tau"": 0.0, ""theta"": 1.0}"
latref,regretor,0.0,1.0,1.0,0.5,gwr,0.2,True,equal,nym,0,0.7,13.493217314676414,34402.98903678232,30902.95432513592,61659.50018614822,2.925309783866043,6.321928094887363,0.6032799695568885,0.3,0.058519943597556544,23.136458333333334,"ours: public GWR reference, θ=1.0",0.0,"{""policy"": ""latref"", ""ref_rule"": ""gwr"", ""ref_tau"": 0.2, ""theta"": 1.0}"
latref,regretor,0.0,1.0,1.0,0.5,gwr,0.2,True,equal,nym,1,0.7,13.315701491568849,28668.716131248748,30902.95432513592,61659.50018614822,2.9300277435967446,6.321928094887363,0.5721963875302205,0.225,0.059086160345070984,23.074600694444445,"ours: public GWR reference, θ=1.0",0.0,"{""policy"": ""latref"", ""ref_rule"": ""gwr"", ""ref_tau"": 0.2, ""theta"": 1.0}"
latref,regretor,0.0,1.0,1.0,0.5,gwr,0.2,True,equal,nym,2,0.7,9.75484674430765,31950.188832398722,30902.95432513592,61659.50018614822,2.9127708804437273,6.321928094887363,0.7024090150004441,0.24375,0.06167955045184843,23.13107638888889,"ours: public GWR reference, θ=1.0",0.0,"{""policy"": ""latref"", ""ref_rule"": ""gwr"", ""ref_tau"": 0.2, ""theta"": 1.0}"
latref,regretor,0.0,1.0,1.0,0.5,gwr,0.2,True,equal,nym,3,0.7,10.847381983027297,41326.2104729596,56234.13251903491,61659.50018614822,2.7943536241951414,6.321928094887363,1.0656558797262252,0.30625,0.06316703297057746,23.2196875,"ours: public GWR reference, θ=1.0",0.0,"{""policy"": ""latref"", ""ref_rule"": ""gwr"", ""ref_tau"": 0.2, ""theta"": 1.0}"
latref,regretor,0.0,1.0,1.0,0.5,gwr,0.2,True,equal,nym,4,0.7,9.615787137635204,29774.13861373637,30902.95432513592,61659.50018614822,2.8388455489193127,6.321928094887363,0.6049672015662211,0.2375,0.06556712591031628,23.323072916666668,"ours: public GWR reference, θ=1.0",0.0,"{""policy"": ""latref"", ""ref_rule"": ""gwr"", ""ref_tau"": 0.2, ""theta"": 1.0}"
latref,regretor,0.0,1.0,1.0,0.5,gwr,0.4,True,equal,nym,0,0.7,15.806198903250866,21994.57872608014,30902.95432513592,61659.50018614822,3.5241091132549984,6.321928094887363,0.3703883798173335,0.19375,0.048088003903472724,21.382413194444446,"ours: public GWR reference, θ=1.0",0.0,"{""policy"": ""latref"", ""ref_rule"": ""gwr"", ""ref_tau"": 0.4, ""theta"": 1.0}"
latref,regretor,0.0,1.0,1.0,0.5,gwr,0.4,True,equal,nym,1,0.7,15.66090823649143,21143.545611625515,25703.957827688646,61659.50018614822,3.573042598939563,6.321928094887363,0.2936479191537784,0.19375,0.047934218750954785,21.389774305555555,"ours: public GWR reference, θ=1.0",0.0,"{""policy"": ""latref"", ""ref_rule"": ""gwr"", ""ref_tau"": 0.4, ""theta"": 1.0}"
latref,regretor,0.0,1.0,1.0,0.5,gwr,0.4,True,equal,nym,4,0.7,11.453583719460447,19874.639092962076,1698.2436524617444,61659.50018614822,3.439105803857258,6.321928094887363,0.3320468650902215,0.18125,0.05199636241324351,21.779947916666664,"ours: public GWR reference, θ=1.0",0.0,"{""policy"": ""latref"", ""ref_rule"": ""gwr"", ""ref_tau"": 0.4, ""theta"": 1.0}"
latref,regretor,0.0,1.0,1.0,0.5,gwr,0.6,True,equal,nym,0,0.7,20.70209082263261,16289.033471322895,6760.829753919819,61659.50018614822,4.354347240360349,6.321928094887363,0.2352308838844448,0.1875,0.03895694247740551,17.483871527777776,"ours: public GWR reference, θ=1.0",0.0,"{""policy"": ""latref"", ""ref_rule"": ""gwr"", ""ref_tau"": 0.6, ""theta"": 1.0}"
latref,regretor,0.0,1.0,1.0,0.5,gwr,0.4,True,equal,nym,2,0.7,11.449487442031204,23454.67765502505,25703.957827688646,61659.50018614822,3.4818990607236047,6.321928094887363,0.3523166168684433,0.2,0.04822686525021674,21.540260416666666,"ours: public GWR reference, θ=1.0",0.0,"{""policy"": ""latref"", ""ref_rule"": ""gwr"", ""ref_tau"": 0.4, ""theta"": 1.0}"
latref,regretor,0.0,1.0,1.0,0.5,gwr,0.4,True,equal,nym,3,0.7,14.183509237226781,31290.923101729135,30902.95432513592,61659.50018614822,3.5450376207129466,6.321928094887363,0.5196455250684431,0.3,0.051557318213984814,21.57876736111111,"ours: public GWR reference, θ=1.0",0.0,"{""policy"": ""latref"", ""ref_rule"": ""gwr"", ""ref_tau"": 0.4, ""theta"": 1.0}"
latref,regretor,0.0,1.0,1.0,0.5,gwr,0.6,True,equal,nym,3,0.7,19.905486713167765,10483.27459426294,1288.2495516931335,61659.50018614822,4.444307565934115,6.321928094887363,0.24668914504799888,0.05625,0.038286233262486084,17.774774305555557,"ours: public GWR reference, θ=1.0",0.0,"{""policy"": ""latref"", ""ref_rule"": ""gwr"", ""ref_tau"": 0.6, ""theta"": 1.0}"
latref,regretor,0.0,1.0,1.0,0.5,gwr,0.6,True,equal,nym,4,0.7,15.022226327900322,7296.984870447952,426.57951880159254,58884.3655355589,4.223172696354545,6.321928094887363,0.19083790872044437,0.06875,0.041163967510970935,18.224461805555556,"ours: public GWR reference, θ=1.0",0.0,"{""policy"": ""latref"", ""ref_rule"": ""gwr"", ""ref_tau"": 0.6, ""theta"": 1.0}"
latref,regretor,0.0,1.0,1.0,0.5,gwr,0.6,True,equal,nym,1,0.7,20.036248395305407,7273.977855714186,1230.2687708123813,30902.95432513592,4.358765324558965,6.321928094887363,0.1773471771822237,0.03125,0.03685158269801818,17.60921875,"ours: public GWR reference, θ=1.0",0.0,"{""policy"": ""latref"", ""ref_rule"": ""gwr"", ""ref_tau"": 0.6, ""theta"": 1.0}"
latref,regretor,0.0,1.0,1.0,0.5,gwr,0.6,True,equal,nym,2,0.7,14.924578555677696,10291.060137096581,676.0829753919819,32359.365692962812,4.199936999592902,6.321928094887363,0.2166811212755566,0.11875,0.03760332657734299,18.009496527777777,"ours: public GWR reference, θ=1.0",0.0,"{""policy"": ""latref"", ""ref_rule"": ""gwr"", ""ref_tau"": 0.6, ""theta"": 1.0}"
latref,regretor,0.0,1.0,1.0,0.5,gwr,0.8,True,equal,nym,0,0.7,35.24991120195097,1300.7303797673105,323.59365692962825,22387.2113856834,5.508637401893916,6.321928094887363,0.06553067634000076,0.0,0.02632570523678665,8.77967013888889,"ours: public GWR reference, θ=1.0",0.0,"{""policy"": ""latref"", ""ref_rule"": ""gwr"", ""ref_tau"": 0.8, ""theta"": 1.0}"
latref,regretor,0.0,1.0,1.0,0.5,gwr,0.8,True,equal,nym,1,0.7,34.07580771388389,430.4988615336078,323.59365692962825,1548.8166189124813,5.478436307543312,6.321928094887363,0.06420656268844538,0.0,0.02375220832849682,8.665746527777777,"ours: public GWR reference, θ=1.0",0.0,"{""policy"": ""latref"", ""ref_rule"": ""gwr"", ""ref_tau"": 0.8, ""theta"": 1.0}"
latref,regretor,0.0,1.0,1.0,0.5,gwr,0.8,True,equal,nym,2,0.7,27.07044636439405,6071.359534751933,354.8133892335755,30902.95432513592,5.306152228552826,6.321928094887363,0.12966704939022167,0.025,0.028263150369868345,9.925729166666667,"ours: public GWR reference, θ=1.0",0.0,"{""policy"": ""latref"", ""ref_rule"": ""gwr"", ""ref_tau"": 0.8, ""theta"": 1.0}"
latref,regretor,0.0,1.0,1.0,0.5,gwr,0.8,True,equal,nym,3,0.7,33.36423848059587,2211.974409536714,338.84415613920254,30902.95432513592,5.443238193001769,6.321928094887363,0.08956515336577753,0.00625,0.025429777460734965,9.318559027777777,"ours: public GWR reference, θ=1.0",0.0,"{""policy"": ""latref"", ""ref_rule"": ""gwr"", ""ref_tau"": 0.8, ""theta"": 1.0}"
latref,regretor,0.0,1.0,1.0,0.5,gwr,0.8,True,equal,nym,4,0.7,27.68414605699339,464.8605049530981,323.59365692962825,1949.8445997580457,5.358842947004582,6.321928094887363,0.087807045761777,0.0,0.02637512703883691,9.85310763888889,"ours: public GWR reference, θ=1.0",0.0,"{""policy"": ""latref"", ""ref_rule"": ""gwr"", ""ref_tau"": 0.8, ""theta"": 1.0}"
latref,regretor,0.0,1.0,2.0,0.5,gwr,0.0,True,equal,nym,0,0.7,13.840354859654632,32349.075719065433,30902.95432513592,61659.50018614822,2.713308815541809,6.321928094887363,0.6036826638742223,0.28125,0.06190277089372147,23.79592013888889,"ours: public GWR reference, θ=2.0",0.0,"{""policy"": ""latref"", ""ref_rule"": ""gwr"", ""ref_tau"": 0.0, ""theta"": 2.0}"
latref,regretor,0.0,1.0,2.0,0.5,gwr,0.0,True,equal,nym,1,0.7,13.866202116673879,26936.951886302824,30902.95432513592,61659.50018614822,2.753787384549084,6.321928094887363,0.6696063102448906,0.20625,0.06062433285954024,23.79857638888889,"ours: public GWR reference, θ=2.0",0.0,"{""policy"": ""latref"", ""ref_rule"": ""gwr"", ""ref_tau"": 0.0, ""theta"": 2.0}"
latref,regretor,0.0,1.0,2.0,0.5,gwr,0.0,True,equal,nym,2,0.7,10.199841555314858,28866.71425910436,30902.95432513592,61659.50018614822,2.7158953548010674,6.321928094887363,0.7782627349382218,0.19375,0.06400777301999507,23.845069444444444,"ours: public GWR reference, θ=2.0",0.0,"{""policy"": ""latref"", ""ref_rule"": ""gwr"", ""ref_tau"": 0.0, ""theta"": 2.0}"
latref,regretor,0.0,1.0,2.0,0.5,gwr,0.2,True,equal,nym,0,0.7,15.590484892243389,26301.53804031926,30902.95432513592,61659.50018614822,3.235848899126797,6.321928094887363,0.3693252801768889,0.24375,0.05196736571608016,22.60621527777778,"ours: public GWR reference, θ=2.0",0.0,"{""policy"": ""latref"", ""ref_rule"": ""gwr"", ""ref_tau"": 0.2, ""theta"": 2.0}"
latref,regretor,0.0,1.0,2.0,0.5,gwr,0.2,True,equal,nym,1,0.7,15.919880065228162,19381.416663692653,9332.543007969914,61659.50018614822,3.303490910259016,6.321928094887363,0.3303067113186682,0.1625,0.04992146955359328,22.64692708333333,"ours: public GWR reference, θ=2.0",0.0,"{""policy"": ""latref"", ""ref_rule"": ""gwr"", ""ref_tau"": 0.2, ""theta"": 2.0}"
latref,regretor,0.0,1.0,2.0,0.5,gwr,0.0,True,equal,nym,3,0.7,10.792170006143209,39653.45159756084,51286.138399136486,61659.50018614822,2.5802651608098897,6.321928094887363,1.1939272969897754,0.3,0.06642402423882518,23.89578125,"ours: public GWR reference, θ=2.0",0.0,"{""policy"": ""latref"", ""ref_rule"": ""gwr"", ""ref_tau"": 0.0, ""theta"": 2.0}"
latref,regretor,0.0,1.0,2.0,0.5,gwr,0.0,True,equal,nym,4,0.7,9.695483001669645,26968.96145947507,10715.19305237606,61659.50018614822,2.576928936472965,6.321928094887363,0.6401458563560012,0.2,0.06811511102467856,24.052430555555553,"ours: public GWR reference, θ=2.0",0.0,"{""policy"": ""latref"", ""ref_rule"": ""gwr"", ""ref_tau"": 0.0, ""theta"": 2.0}"
latref,regretor,0.0,1.0,2.0,0.5,gwr,0.2,True,equal,nym,2,0.7,11.51291497810809,21752.932565905532,11748.975549395293,61659.50018614822,3.1862989173584304,6.321928094887363,0.3787695355213323,0.1625,0.05335674576648608,22.74154513888889,"ours: public GWR reference, θ=2.0",0.0,"{""policy"": ""latref"", ""ref_rule"": ""gwr"", ""ref_tau"": 0.2, ""theta"": 2.0}"
latref,regretor,0.0,1.0,2.0,0.5,gwr,0.2,True,equal,nym,3,0.7,14.376738450732006,31287.536351306546,30902.95432513592,61659.50018614822,3.2279365184014948,6.321928094887363,0.5676430190164452,0.3,0.05382237432759668,22.77019097222222,"ours: public GWR reference, θ=2.0",0.0,"{""policy"": ""latref"", ""ref_rule"": ""gwr"", ""ref_tau"": 0.2, ""theta"": 2.0}"
latref,regretor,0.0,1.0,2.0,0.5,gwr,0.2,True,equal,nym,4,0.7,11.138549502738915,20634.84021721474,1230.2687708123813,61659.50018614822,3.0657777296928126,6.321928094887363,0.33220599033600084,0.21875,0.056412505540837786,22.95536458333333,"ours: public GWR reference, θ=2.0",0.0,"{""policy"": ""latref"", ""ref_rule"": ""gwr"", ""ref_tau"": 0.2, ""theta"": 2.0}"
latref,regretor,0.0,1.0,2.0,0.5,gwr,0.4,True,equal,nym,0,0.7,18.767612209123573,14481.007027819014,6165.9500186148225,61659.50018614822,3.778437685347864,6.321928094887363,0.24107783719777842,0.18125,0.04605245316245999,20.62625,"ours: public GWR reference, θ=2.0",0.0,"{""policy"": ""latref"", ""ref_rule"": ""gwr"", ""ref_tau"": 0.4, ""theta"": 2.0}"
latref,regretor,0.0,1.0,2.0,0.5,gwr,0.4,True,equal,nym,1,0.7,18.866562989640396,5364.602916849773,616.5950018614822,32359.365692962812,3.9120769627269567,6.321928094887363,0.17257912027422262,0.0125,0.041865126664027454,20.67876736111111,"ours: public GWR reference, θ=2.0",0.0,"{""policy"": ""latref"", ""ref_rule"": ""gwr"", ""ref_tau"": 0.4, ""theta"": 2.0}"
latref,regretor,0.0,1.0,2.0,0.5,gwr,0.4,True,equal,nym,2,0.7,13.822707986499543,8068.9894997986785,407.38027780411284,32359.365692962812,3.7160511616709684,6.321928094887363,0.19664677248000162,0.1,0.04304597948983043,20.79753472222222,"ours: public GWR reference, θ=2.0",0.0,"{""policy"": ""latref"", ""ref_rule"": ""gwr"", ""ref_tau"": 0.4, ""theta"": 2.0}"
latref,regretor,0.0,1.0,2.0,0.5,gwr,0.4,True,equal,nym,3,0.7,18.631274205501036,12775.596420421747,3548.1338923357534,61659.50018614822,3.9822052501194927,6.321928094887363,0.27735915639377695,0.0875,0.04226610939351973,20.83052083333333,"ours: public GWR reference, θ=2.0",0.0,"{""policy"": ""latref"", ""ref_rule"": ""gwr"", ""ref_tau"": 0.4, ""theta"": 2.0}"
latref,regretor,0.0,1.0,2.0,0.5,gwr,0.4,True,equal,nym,4,0.7,13.616296488123675,2426.7224935389954,371.5352290971726,30902.95432513592,3.6557352353599826,6.321928094887363,0.15593668471377775,0.025,0.045314938421822444,21.174618055555555,"ours: public GWR reference, θ=2.0",0.0,"{""policy"": ""latref"", ""ref_rule"": ""gwr"", ""ref_tau"": 0.4, ""theta"": 2.0}"
latref,regretor,0.0,1.0,2.0,0.5,gwr,0.6,True,equal,nym,0,0.7,25.515698743720655,419.8597123559725,323.59365692962825,1479.1083881682073,4.6919464224234115,6.321928094887363,0.0756647348982209,0.0,0.03552609120787907,15.798124999999999,"ours: public GWR reference, θ=2.0",0.0,"{""policy"": ""latref"", ""ref_rule"": ""gwr"", ""ref_tau"": 0.6, ""theta"": 2.0}"
latref,regretor,0.0,1.0,2.0,0.5,gwr,0.6,True,equal,nym,1,0.7,25.271671770121543,518.2094902965525,338.84415613920254,2238.72113856834,4.802264014428687,6.321928094887363,0.08234883272177851,0.0,0.03062113045224934,15.46314236111111,"ours: public GWR reference, θ=2.0",0.0,"{""policy"": ""latref"", ""ref_rule"": ""gwr"", ""ref_tau"": 0.6, ""theta"": 2.0}"
latref,regretor,0.0,1.0,2.0,0.5,gwr,0.6,True,equal,nym,2,0.7,18.545789150518576,4852.302154911752,338.84415613920254,30902.95432513592,4.517683315749028,6.321928094887363,0.13345635560311164,0.05,0.034333652631934324,16.542447916666667,"ours: public GWR reference, θ=2.0",0.0,"{""policy"": ""latref"", ""ref_rule"": ""gwr"", ""ref_tau"": 0.6, ""theta"": 2.0}"
latref,regretor,0.0,1.0,2.0,0.5,gwr,0.6,True,equal,nym,3,0.7,24.90098528917597,503.2926077982016,338.84415613920254,1949.8445997580457,4.78135680779789,6.321928094887363,0.11558080155199923,0.0,0.02993549936578168,15.846423611111112,"ours: public GWR reference, θ=2.0",0.0,"{""policy"": ""latref"", ""ref_rule"": ""gwr"", ""ref_tau"": 0.6, ""theta"": 2.0}"
latref,regretor,0.0,1.0,2.0,0.5,gwr,0.6,True,equal,nym,4,0.7,18.257467263544115,431.91543328960705,323.59365692962825,1621.8100973589299,4.492110005023088,6.321928094887363,0.10384565749733476,0.0,0.0370317905719338,16.498784722222222,"ours: public GWR reference, θ=2.0",0.0,"{""policy"": ""latref"", ""ref_rule"": ""gwr"", ""ref_tau"": 0.6, ""theta"": 2.0}"
latref,regretor,0.0,1.0,2.0,0.5,gwr,0.8,True,equal,nym,0,0.7,47.55100236495164,325.79780908852587,309.0295432513591,676.0829753919819,5.894166402956069,6.321928094887363,0.019255625164000367,0.0,0.020464506877162288,5.624947916666667,"ours: public GWR reference, θ=2.0",0.0,"{""policy"": ""latref"", ""ref_rule"": ""gwr"", ""ref_tau"": 0.8, ""theta"": 2.0}"
latref,regretor,0.0,1.0,2.0,0.5,gwr,0.8,True,equal,nym,1,0.7,45.987792452829304,333.850091702465,309.0295432513591,1023.2929922807537,5.913728671304696,6.321928094887363,0.025853332839111065,0.0,0.017825349069106093,5.789704861111111,"ours: public GWR reference, θ=2.0",0.0,"{""policy"": ""latref"", ""ref_rule"": ""gwr"", ""ref_tau"": 0.8, ""theta"": 2.0}"
latref,regretor,0.0,1.0,2.0,0.5,gwr,0.8,True,equal,nym,2,0.7,39.17790850198699,334.66194085167047,309.0295432513591,1230.2687708123813,5.774406073486386,6.321928094887363,0.030205747588889276,0.0,0.02436289747547419,6.725659722222223,"ours: public GWR reference, θ=2.0",0.0,"{""policy"": ""latref"", ""ref_rule"": ""gwr"", ""ref_tau"": 0.8, ""theta"": 2.0}"
latref,regretor,0.0,1.0,2.0,0.5,gwr,0.8,True,equal,nym,3,0.7,46.12479443283494,334.0303422166575,309.0295432513591,1023.2929922807537,5.901088068042298,6.321928094887363,0.027360335712890427,0.0,0.018639505106355266,5.921024305555556,"ours: public GWR reference, θ=2.0",0.0,"{""policy"": ""latref"", ""ref_rule"": ""gwr"", ""ref_tau"": 0.8, ""theta"": 2.0}"
latref,regretor,0.0,1.0,2.0,0.5,gwr,0.8,True,equal,nym,4,0.7,41.55096405435205,328.19733812055387,309.0295432513591,977.2372209558107,5.807466837576233,6.321928094887363,0.027128132557776574,0.0,0.02117816004292061,6.444322916666667,"ours: public GWR reference, θ=2.0",0.0,"{""policy"": ""latref"", ""ref_rule"": ""gwr"", ""ref_tau"": 0.8, ""theta"": 2.0}"
latref,regretor,0.0,1.0,3.0,0.5,gwr,0.0,True,equal,nym,4,0.7,10.810102968397146,22486.034328322,1230.2687708123813,61659.50018614822,2.756347623439955,6.321928094887363,0.3972153526688891,0.21875,0.06249011055090185,23.75298611111111,"ours: public GWR reference, θ=3.0",0.0,"{""policy"": ""latref"", ""ref_rule"": ""gwr"", ""ref_tau"": 0.0, ""theta"": 3.0}"
latref,regretor,0.0,1.0,3.0,0.5,gwr,0.2,True,equal,nym,0,0.7,17.945409771994456,14630.33425141896,5623.413251903491,61659.50018614822,3.4188497064440115,6.321928094887363,0.27401502396488886,0.20625,0.050024090442498094,22.149305555555554,"ours: public GWR reference, θ=3.0",0.0,"{""policy"": ""latref"", ""ref_rule"": ""gwr"", ""ref_tau"": 0.2, ""theta"": 3.0}"
latref,regretor,0.0,1.0,3.0,0.5,gwr,0.0,True,equal,nym,0,0.7,15.511223239217996,26319.38452323595,30902.95432513592,61659.50018614822,2.9929038967316313,6.321928094887363,0.42915631400222165,0.30625,0.0558136390381202,23.465017361111112,"ours: public GWR reference, θ=3.0",0.0,"{""policy"": ""latref"", ""ref_rule"": ""gwr"", ""ref_tau"": 0.0, ""theta"": 3.0}"
latref,regretor,0.0,1.0,3.0,0.5,gwr,0.0,True,equal,nym,1,0.7,16.106698852362346,22538.382466245053,19498.445997580453,61659.50018614822,3.008637488876238,6.321928094887363,0.47860118450133426,0.2125,0.05431917256059996,23.46763888888889,"ours: public GWR reference, θ=3.0",0.0,"{""policy"": ""latref"", ""ref_rule"": ""gwr"", ""ref_tau"": 0.0, ""theta"": 3.0}"
latref,regretor,0.0,1.0,3.0,0.5,gwr,0.0,True,equal,nym,2,0.7,11.378209937650377,23392.2193390729,17782.79410038923,61659.50018614822,2.9319245555487643,6.321928094887363,0.5333276627275565,0.14375,0.05744494850539326,23.527795138888887,"ours: public GWR reference, θ=3.0",0.0,"{""policy"": ""latref"", ""ref_rule"": ""gwr"", ""ref_tau"": 0.0, ""theta"": 3.0}"
latref,regretor,0.0,1.0,3.0,0.5,gwr,0.0,True,equal,nym,3,0.7,14.070437093468552,32433.184779854626,30902.95432513592,61659.50018614822,2.897987373025581,6.321928094887363,0.7471847702817791,0.2875,0.058553139100347484,23.548975694444444,"ours: public GWR reference, θ=3.0",0.0,"{""policy"": ""latref"", ""ref_rule"": ""gwr"", ""ref_tau"": 0.0, ""theta"": 3.0}"
latref,regretor,0.0,1.0,3.0,0.5,gwr,0.2,True,equal,nym,1,0.7,18.18427242966244,10248.981127163566,1348.9628825916534,38904.51449942805,3.547714692012401,6.321928094887363,0.21551084997644487,0.075,0.045923254698317525,22.238958333333333,"ours: public GWR reference, θ=3.0",0.0,"{""policy"": ""latref"", ""ref_rule"": ""gwr"", ""ref_tau"": 0.2, ""theta"": 3.0}"
latref,regretor,0.0,1.0,3.0,0.5,gwr,0.2,True,equal,nym,2,0.7,13.224553846185644,14246.344252809233,467.73514128719813,61659.50018614822,3.4071283090192375,6.321928094887363,0.22932630928133468,0.1375,0.04866571249365148,22.258680555555554,"ours: public GWR reference, θ=3.0",0.0,"{""policy"": ""latref"", ""ref_rule"": ""gwr"", ""ref_tau"": 0.2, ""theta"": 3.0}"
latref,regretor,0.0,1.0,3.0,0.5,gwr,0.4,True,equal,nym,0,0.7,22.1292520426187,8457.3033742965,467.73514128719813,30902.95432513592,3.9841652709787154,6.321928094887363,0.17409418911866736,0.0375,0.04314659905827181,19.916666666666664,"ours: public GWR reference, θ=3.0",0.0,"{""policy"": ""latref"", ""ref_rule"": ""gwr"", ""ref_tau"": 0.4, ""theta"": 3.0}"
latref,regretor,0.0,1.0,3.0,0.5,gwr,0.4,True,equal,nym,1,0.7,21.82838999361939,3225.2397867579175,371.5352290971726,29512.09226666387,4.183544022047242,6.321928094887363,0.13400586504088818,0.0,0.03720938558544766,19.700381944444445,"ours: public GWR reference, θ=3.0",0.0,"{""policy"": ""latref"", ""ref_rule"": ""gwr"", ""ref_tau"": 0.4, ""theta"": 3.0}"
latref,regretor,0.0,1.0,3.0,0.5,gwr,0.2,True,equal,nym,3,0.7,17.948764627028986,23213.65627072837,18620.87136662868,61659.50018614822,3.5885265895296667,6.321928094887363,0.35847659469155624,0.24375,0.04597122129039314,22.3278125,"ours: public GWR reference, θ=3.0",0.0,"{""policy"": ""latref"", ""ref_rule"": ""gwr"", ""ref_tau"": 0.2, ""theta"": 3.0}"
latref,regretor,0.0,1.0,3.0,0.5,gwr,0.2,True,equal,nym,4,0.7,12.676891233795205,5395.937569507567,741.3102413009177,32359.365692962812,3.3122886924905766,6.321928094887363,0.20359321662355523,0.025,0.04947092482781411,22.53717013888889,"ours: public GWR reference, θ=3.0",0.0,"{""policy"": ""latref"", ""ref_rule"": ""gwr"", ""ref_tau"": 0.2, ""theta"": 3.0}"
latref,regretor,0.0,1.0,3.0,0.5,gwr,0.4,True,equal,nym,2,0.7,15.585373437579262,5914.997852168453,338.84415613920254,32359.365692962812,3.919967319892413,6.321928094887363,0.1571945691808887,0.0875,0.04112022894219175,19.971753472222222,"ours: public GWR reference, θ=3.0",0.0,"{""policy"": ""latref"", ""ref_rule"": ""gwr"", ""ref_tau"": 0.4, ""theta"": 3.0}"
latref,regretor,0.0,1.0,3.0,0.5,gwr,0.4,True,equal,nym,3,0.7,21.645982022715977,8409.33185555534,1230.2687708123813,46773.51412871981,4.2021620036113685,6.321928094887363,0.21031165124311024,0.0,0.03614286139821406,20.036875000000002,"ours: public GWR reference, θ=3.0",0.0,"{""policy"": ""latref"", ""ref_rule"": ""gwr"", ""ref_tau"": 0.4, ""theta"": 3.0}"
latref,regretor,0.0,1.0,3.0,0.5,gwr,0.4,True,equal,nym,4,0.7,15.217216441744908,504.90658332986766,323.59365692962825,2238.72113856834,3.812114401889938,6.321928094887363,0.11356229519111083,0.0,0.04486559486717941,20.293472222222224,"ours: public GWR reference, θ=3.0",0.0,"{""policy"": ""latref"", ""ref_rule"": ""gwr"", ""ref_tau"": 0.4, ""theta"": 3.0}"
latref,regretor,0.0,1.0,3.0,0.5,gwr,0.6,True,equal,nym,0,0.7,29.431536836220136,322.08826671893416,295.12092266663853,1230.2687708123813,4.974657832372133,6.321928094887363,0.035129512138222685,0.0,0.03220257717720616,13.714045138888888,"ours: public GWR reference, θ=3.0",0.0,"{""policy"": ""latref"", ""ref_rule"": ""gwr"", ""ref_tau"": 0.6, ""theta"": 3.0}"
latref,regretor,0.0,1.0,3.0,0.5,gwr,0.6,True,equal,nym,1,0.7,29.094615604966254,379.99386370125677,309.0295432513591,1348.9628825916534,5.147376096168723,6.321928094887363,0.0545775151368888,0.0,0.02704324767216562,13.330208333333335,"ours: public GWR reference, θ=3.0",0.0,"{""policy"": ""latref"", ""ref_rule"": ""gwr"", ""ref_tau"": 0.6, ""theta"": 3.0}"
latref,regretor,0.0,1.0,3.0,0.5,gwr,0.6,True,equal,nym,2,0.7,21.71017901985378,456.6851590189352,323.59365692962825,1862.0871366628676,4.847777971471482,6.321928094887363,0.07442484131911065,0.0,0.031109384180018972,14.720590277777777,"ours: public GWR reference, θ=3.0",0.0,"{""policy"": ""latref"", ""ref_rule"": ""gwr"", ""ref_tau"": 0.6, ""theta"": 3.0}"
latref,regretor,0.0,1.0,3.0,0.5,gwr,0.6,True,equal,nym,3,0.7,28.96644249530633,419.41701841674103,323.59365692962825,1412.537544622754,5.10093047762338,6.321928094887363,0.08448909695111029,0.0,0.02631730128279598,13.823802083333334,"ours: public GWR reference, θ=3.0",0.0,"{""policy"": ""latref"", ""ref_rule"": ""gwr"", ""ref_tau"": 0.6, ""theta"": 3.0}"
latref,regretor,0.0,1.0,3.0,0.5,gwr,0.6,True,equal,nym,4,0.7,21.321363302145436,370.5036192414214,309.0295432513591,1288.2495516931335,4.806036668492721,6.321928094887363,0.07819399188222276,0.0,0.03345008230000471,14.562916666666666,"ours: public GWR reference, θ=3.0",0.0,"{""policy"": ""latref"", ""ref_rule"": ""gwr"", ""ref_tau"": 0.6, ""theta"": 3.0}"
latref,regretor,0.0,1.0,3.0,0.5,gwr,0.8,True,equal,nym,0,0.7,58.94278684226907,339.1182604340684,309.0295432513591,933.2543007969911,6.12882116118939,6.321928094887363,0.018138582842221584,0.0,0.015707052043832465,3.80625,"ours: public GWR reference, θ=3.0",0.0,"{""policy"": ""latref"", ""ref_rule"": ""gwr"", ""ref_tau"": 0.8, ""theta"": 3.0}"
latref,regretor,0.0,1.0,3.0,0.5,gwr,0.8,True,equal,nym,1,0.7,57.64941150628967,335.14303667080713,309.0295432513591,676.0829753919819,6.129279772455933,6.321928094887363,0.01795561989777683,0.0,0.014427540705533658,3.8503819444444445,"ours: public GWR reference, θ=3.0",0.0,"{""policy"": ""latref"", ""ref_rule"": ""gwr"", ""ref_tau"": 0.8, ""theta"": 3.0}"
latref,regretor,0.0,1.0,3.0,0.5,gwr,0.8,True,equal,nym,2,0.7,53.39040561650241,332.7557484540381,309.0295432513591,812.8305161640991,6.10197971677856,6.321928094887363,0.018258809124000352,0.0,0.01771706549904844,4.179270833333333,"ours: public GWR reference, θ=3.0",0.0,"{""policy"": ""latref"", ""ref_rule"": ""gwr"", ""ref_tau"": 0.8, ""theta"": 3.0}"
latref,regretor,0.0,1.0,3.0,0.5,gwr,0.8,True,equal,nym,3,0.7,58.71516605236431,336.8285803333202,309.0295432513591,707.945784384138,6.14985718627648,6.321928094887363,0.01793068504311246,0.0,0.014683521757580332,3.765902777777778,"ours: public GWR reference, θ=3.0",0.0,"{""policy"": ""latref"", ""ref_rule"": ""gwr"", ""ref_tau"": 0.8, ""theta"": 3.0}"
latref,regretor,0.0,1.0,3.0,0.5,gwr,0.8,True,equal,nym,4,0.7,56.50158773958493,335.2926359817697,309.0295432513591,741.3102413009177,6.106742063493371,6.321928094887363,0.018025020031110728,0.0,0.015528238500940969,3.975277777777778,"ours: public GWR reference, θ=3.0",0.0,"{""policy"": ""latref"", ""ref_rule"": ""gwr"", ""ref_tau"": 0.8, ""theta"": 3.0}"
latbal,regretor,0.0,0.3,2.0,0.5,gwr,0.6,True,equal,nym,0,0.7,74.86972836985984,367.2079707975481,338.84415613920254,1230.2687708123813,6.306639101992887,6.321928094887363,0.02591591238799995,0.0,0.006491944274283966,0.8707291666666667,"ours: delay-LatBal (μ sweep, θ=2)",0.0,"{""mu"": 0.3, ""policy"": ""latbal"", ""theta"": 2.0}"
latbal,regretor,0.0,0.3,2.0,0.5,gwr,0.6,True,equal,nym,1,0.7,73.32099328537846,361.45442758566355,338.84415613920254,1071.519305237606,6.3066124134997485,6.321928094887363,0.024942035673332974,0.0,0.006247280471231751,0.8252951388888888,"ours: delay-LatBal (μ sweep, θ=2)",0.0,"{""mu"": 0.3, ""policy"": ""latbal"", ""theta"": 2.0}"
latbal,regretor,0.0,0.3,2.0,0.5,gwr,0.6,True,equal,nym,2,0.7,71.34713011735816,356.7415124049024,338.84415613920254,977.2372209558107,6.3055308386245645,6.321928094887363,0.023145156634221786,0.0,0.008088528547441905,0.8313194444444445,"ours: delay-LatBal (μ sweep, θ=2)",0.0,"{""mu"": 0.3, ""policy"": ""latbal"", ""theta"": 2.0}"
latbal,regretor,0.0,0.3,2.0,0.5,gwr,0.6,True,equal,nym,3,0.7,74.58830298391997,361.45033410497825,338.84415613920254,1071.519305237606,6.308971036090964,6.321928094887363,0.023086042365777937,0.0,0.006449671417739887,0.7969444444444445,"ours: delay-LatBal (μ sweep, θ=2)",0.0,"{""mu"": 0.3, ""policy"": ""latbal"", ""theta"": 2.0}"
latbal,regretor,0.0,0.3,2.0,0.5,gwr,0.6,True,equal,nym,4,0.7,74.26432729591492,361.92273381587,338.84415613920254,1071.519305237606,6.302538804374921,6.321928094887363,0.02367297628755538,0.0,0.006995714426291079,0.863107638888889,"ours: delay-LatBal (μ sweep, θ=2)",0.0,"{""mu"": 0.3, ""policy"": ""latbal"", ""theta"": 2.0}"
latbal,regretor,0.0,1.0,2.0,0.5,gwr,0.6,True,equal,nym,0,0.7,70.60755024002813,658.0613658549859,371.5352290971726,5370.317963702527,6.297671104489808,6.321928094887363,0.07230033605422159,0.0,0.007441508722338305,2.379045138888889,"ours: delay-LatBal (μ sweep, θ=2)",0.0,"{""mu"": 1.0, ""policy"": ""latbal"", ""theta"": 2.0}"
latbal,regretor,0.0,1.0,2.0,0.5,gwr,0.6,True,equal,nym,1,0.7,64.79903294540685,503.4321315777246,371.5352290971726,2238.72113856834,6.271208461105357,6.321928094887363,0.07136328876311238,0.0,0.00746792361350408,2.486579861111111,"ours: delay-LatBal (μ sweep, θ=2)",0.0,"{""mu"": 1.0, ""policy"": ""latbal"", ""theta"": 2.0}"
latbal,regretor,0.0,1.0,2.0,0.5,gwr,0.6,True,equal,nym,2,0.7,62.942732523836106,479.04640816939275,354.8133892335755,2344.228815319923,6.275032068315707,6.321928094887363,0.05810370931822195,0.0,0.008984363069075196,2.450625,"ours: delay-LatBal (μ sweep, θ=2)",0.0,"{""mu"": 1.0, ""policy"": ""latbal"", ""theta"": 2.0}"
latbal,regretor,0.0,1.0,2.0,0.5,gwr,0.6,True,equal,nym,3,0.7,68.86419385320562,535.7151634504934,354.8133892335755,3548.1338923357534,6.295861662070356,6.321928094887363,0.0612326603244433,0.0,0.007063143018332387,2.2613541666666666,"ours: delay-LatBal (μ sweep, θ=2)",0.0,"{""mu"": 1.0, ""policy"": ""latbal"", ""theta"": 2.0}"
latbal,regretor,0.0,1.0,2.0,0.5,gwr,0.6,True,equal,nym,4,0.7,68.65486441265716,555.2247635449988,371.5352290971726,2951.209226666387,6.287437214164539,6.321928094887363,0.06766409017066755,0.0,0.00727087835791147,2.5027430555555554,"ours: delay-LatBal (μ sweep, θ=2)",0.0,"{""mu"": 1.0, ""policy"": ""latbal"", ""theta"": 2.0}"
latbal,regretor,0.0,3.0,2.0,0.5,gwr,0.6,True,equal,nym,0,0.7,60.6818218364701,1433.2715117514613,467.73514128719813,13489.628825916534,6.2478744001322735,6.321928094887363,0.12414851396933435,0.0,0.009820832223085947,4.383802083333333,"ours: delay-LatBal (μ sweep, θ=2)",0.0,"{""mu"": 3.0, ""policy"": ""latbal"", ""theta"": 2.0}"
latbal,regretor,0.0,3.0,2.0,0.5,gwr,0.6,True,equal,nym,1,0.7,59.60848811149093,1324.2302283696783,446.683592150963,11220.184543019628,6.238198766563492,6.321928094887363,0.12142425642400023,0.0,0.008754228956826494,4.199739583333334,"ours: delay-LatBal (μ sweep, θ=2)",0.0,"{""mu"": 3.0, ""policy"": ""latbal"", ""theta"": 2.0}"
latbal,regretor,0.0,3.0,2.0,0.5,gwr,0.6,True,equal,nym,2,0.7,57.947057669014804,1455.2099681881596,426.57951880159254,17782.79410038923,6.2422520997509,6.321928094887363,0.10900514916533299,0.0,0.009879020663183035,4.460243055555556,"ours: delay-LatBal (μ sweep, θ=2)",0.0,"{""mu"": 3.0, ""policy"": ""latbal"", ""theta"": 2.0}"
latbal,regretor,0.0,3.0,2.0,0.5,gwr,0.6,True,equal,nym,3,0.7,61.73628424034944,1350.1746336921192,426.57951880159254,14125.375446227541,6.244352230833568,6.321928094887363,0.11062434933022347,0.0,0.009076869720182913,4.1959375,"ours: delay-LatBal (μ sweep, θ=2)",0.0,"{""mu"": 3.0, ""policy"": ""latbal"", ""theta"": 2.0}"
latbal,regretor,0.0,3.0,2.0,0.5,gwr,0.6,True,equal,nym,4,0.7,61.02681268600789,1829.0299073957601,489.77881936844614,20417.379446695297,6.258265338229243,6.321928094887363,0.12128775208622256,0.0,0.009237204421737597,4.527395833333333,"ours: delay-LatBal (μ sweep, θ=2)",0.0,"{""mu"": 3.0, ""policy"": ""latbal"", ""theta"": 2.0}"
eexp3,regretor,0.0,1.0,1.0,0.5,gwr,0.6,False,equal,nym,0,0.7,64.28216669707876,380.3054560758468,338.84415613920254,1348.9628825916534,6.2059798197496026,6.321928094887363,0.031159662222222995,0.0,0.01415693912044228,0.0,"ε-EXP3 (Hou'24), no band",0.0,"{""band"": false, ""policy"": ""eexp3""}"
eexp3,regretor,0.0,1.0,1.0,0.5,gwr,0.6,False,equal,nym,1,0.7,64.28384514600654,393.2523969380674,338.84415613920254,1348.9628825916534,6.211531148685717,6.321928094887363,0.034810222222223075,0.0,0.012781358580958437,0.0,"ε-EXP3 (Hou'24), no band",0.0,"{""band"": false, ""policy"": ""eexp3""}"
eexp3,regretor,0.0,1.0,1.0,0.5,gwr,0.6,False,equal,nym,2,0.7,60.00230246426187,381.4509711437492,323.59365692962825,1348.9628825916534,6.189132441613834,6.321928094887363,0.031188640000001433,0.0,0.016337506582031862,0.0,"ε-EXP3 (Hou'24), no band",0.0,"{""band"": false, ""policy"": ""eexp3""}"
eexp3,regretor,0.0,1.0,1.0,0.5,gwr,0.6,False,equal,nym,3,0.7,64.06661548243969,393.27418115487205,338.84415613920254,1348.9628825916534,6.208047618781573,6.321928094887363,0.03340241777777897,0.0,0.013544323627881277,0.0,"ε-EXP3 (Hou'24), no band",0.0,"{""band"": false, ""policy"": ""eexp3""}"
eexp3,regretor,0.0,1.0,1.0,0.5,gwr,0.6,False,equal,nym,4,0.7,60.833860275696416,384.64383154304744,323.59365692962825,1348.9628825916534,6.19319314710101,6.321928094887363,0.033467706666666874,0.0,0.014340503649896539,0.0,"ε-EXP3 (Hou'24), no band",0.0,"{""band"": false, ""policy"": ""eexp3""}"
eexp3,regretor,0.0,1.0,1.0,0.5,gwr,0.6,True,equal,nym,0,0.7,81.91846529041189,25296.02603235882,30902.95432513592,32359.365692962812,4.718978646582557,6.321928094887363,1.6660715111111095,0.1,0.019362884415286715,0.0,ε-EXP3 (Hou'24) + band θ=1,0.0,"{""band"": true, ""policy"": ""eexp3"", ""theta"": 1.0}"
static,uniform,1.0,1.0,1.0,0.5,gwr,0.6,True,equal,nym,0,0.7,101.59352171296275,374.7736891238391,354.8133892335755,741.3102413009177,6.321928094887363,6.321928094887363,0.01562621333333425,0.0,0.003375000000000046,0.0,uniform,1.0,"{""policy"": ""static""}"
static,uniform,1.0,1.0,1.0,0.5,gwr,0.6,True,equal,nym,1,0.7,99.0141710815437,374.0227524341452,354.8133892335755,707.945784384138,6.321928094887363,6.321928094887363,0.01570032888889039,0.0,0.003375000000000046,0.0,uniform,1.0,"{""policy"": ""static""}"
static,uniform,1.0,1.0,1.0,0.5,gwr,0.6,True,equal,nym,2,0.7,97.08770796986045,369.80849015337725,354.8133892335755,676.0829753919819,6.321928094887363,6.321928094887363,0.015564577777778643,0.0,0.003375000000000046,0.0,uniform,1.0,"{""policy"": ""static""}"
static,uniform,1.0,1.0,1.0,0.5,gwr,0.6,True,equal,nym,3,0.7,98.0162662533978,371.9234254221272,354.8133892335755,707.945784384138,6.321928094887363,6.321928094887363,0.01577811555555586,0.0,0.003375000000000046,0.0,uniform,1.0,"{""policy"": ""static""}"
eexp3,regretor,0.0,1.0,1.0,0.5,gwr,0.6,True,equal,nym,1,0.7,77.98847840993807,23467.389411744287,30902.95432513592,30902.95432513592,4.835587673028231,6.321928094887363,1.5785664799999992,0.09375,0.018874847405956397,0.0,ε-EXP3 (Hou'24) + band θ=1,0.0,"{""band"": true, ""policy"": ""eexp3"", ""theta"": 1.0}"
eexp3,regretor,0.0,1.0,1.0,0.5,gwr,0.6,True,equal,nym,2,0.7,73.43005405256488,25855.35237504669,30902.95432513592,32359.365692962812,3.9206591196158924,6.321928094887363,3.9855782933333304,0.0625,0.023545385866566553,0.0,ε-EXP3 (Hou'24) + band θ=1,0.0,"{""band"": true, ""policy"": ""eexp3"", ""theta"": 1.0}"
eexp3,regretor,0.0,1.0,1.0,0.5,gwr,0.6,True,equal,nym,3,0.7,73.91412476588025,24548.02271591561,30902.95432513592,30902.95432513592,3.878954671577941,6.321928094887363,5.498711555555557,0.0625,0.022026713846792192,0.0,ε-EXP3 (Hou'24) + band θ=1,0.0,"{""band"": true, ""policy"": ""eexp3"", ""theta"": 1.0}"
eexp3,regretor,0.0,1.0,1.0,0.5,gwr,0.6,True,equal,nym,4,0.7,80.70778658395403,24477.471366876824,30902.95432513592,30902.95432513592,4.793306575623355,6.321928094887363,1.5621912799999986,0.10625,0.0183345983732846,0.0,ε-EXP3 (Hou'24) + band θ=1,0.0,"{""band"": true, ""policy"": ""eexp3"", ""theta"": 1.0}"
static,uniform,1.0,1.0,1.0,0.5,gwr,0.6,True,equal,nym,4,0.7,102.44056353003246,376.82985234702255,354.8133892335755,707.945784384138,6.321928094887363,6.321928094887363,0.015868071111110993,0.0,0.003375000000000046,0.0,uniform,1.0,"{""policy"": ""static""}"
static,gwr+lba,0.0,1.0,1.0,0.5,gwr,0.6,True,omega,nym,0,0.7,22.9877142299428,25094.273044990277,30902.95432513592,93325.43007969914,3.3171916194828603,6.321928094887363,0.2145224410837121,0.2375,0.05266539005839902,0.0,OptiMix GWR+LBA (equal-load target),0.0,"{""policy"": ""static""}"
static,gwr+lba,0.0,1.0,1.0,0.5,gwr,0.6,True,omega,nym,3,0.7,26.193891340896595,23964.46231763075,30902.95432513592,64565.42290346556,3.584445597765322,6.321928094887363,0.23014654633286713,0.24375,0.050615297545304846,0.0,OptiMix GWR+LBA (equal-load target),0.0,"{""policy"": ""static""}"
static,gwr+lba,0.0,1.0,1.0,0.5,gwr,0.6,True,omega,nym,4,0.7,19.911742588389025,25249.06369809586,30902.95432513592,93325.43007969914,3.0820645619689686,6.321928094887363,0.20212300202118305,0.26875,0.05712640869787974,0.0,OptiMix GWR+LBA (equal-load target),0.0,"{""policy"": ""static""}"
static,gwr+lba,0.0,1.0,1.0,0.5,gwr,0.6,True,omega,nym,1,0.7,25.761577333967132,27071.509014619536,30902.95432513592,93325.43007969914,3.681772554021527,6.321928094887363,0.2630424671272371,0.29375,0.04843008814436708,0.0,OptiMix GWR+LBA (equal-load target),0.0,"{""policy"": ""static""}"
static,gwr+lba,0.0,1.0,1.0,0.5,gwr,0.6,True,omega,nym,2,0.7,18.403678670060618,25490.19221418185,30902.95432513592,93325.43007969914,3.2946694895078137,6.321928094887363,0.25440218925818847,0.2625,0.053562871963361,0.0,OptiMix GWR+LBA (equal-load target),0.0,"{""policy"": ""static""}"
static,gwr+lba,0.2,1.0,1.0,0.5,gwr,0.6,True,omega,nym,2,0.7,21.039858226748702,25147.24658996997,30902.95432513592,93325.43007969914,3.627151304931801,6.321928094887363,0.22337910836024633,0.275,0.04907944379262787,0.0,OptiMix GWR+LBA (equal-load target),0.2,"{""policy"": ""static""}"
static,gwr+lba,0.2,1.0,1.0,0.5,gwr,0.6,True,omega,nym,3,0.7,27.575402520519628,24089.28776516694,30902.95432513592,64565.42290346556,3.9142588189555716,6.321928094887363,0.2197908692171462,0.25,0.04519562131434384,0.0,OptiMix GWR+LBA (equal-load target),0.2,"{""policy"": ""static""}"
static,gwr+lba,0.2,1.0,1.0,0.5,gwr,0.6,True,omega,nym,0,0.7,23.53937561351089,25877.906737182642,30902.95432513592,93325.43007969914,3.6618694026079317,6.321928094887363,0.20991950475965426,0.25625,0.04704515334192956,0.0,OptiMix GWR+LBA (equal-load target),0.2,"{""policy"": ""static""}"
static,gwr+lba,0.2,1.0,1.0,0.5,gwr,0.6,True,omega,nym,1,0.7,28.697601263881197,27071.342139732187,30902.95432513592,93325.43007969914,4.056420506707883,6.321928094887363,0.2382949150476925,0.30625,0.04337976806818604,0.0,OptiMix GWR+LBA (equal-load target),0.2,"{""policy"": ""static""}"
static,gwr+lba,0.2,1.0,1.0,0.5,gwr,0.6,True,omega,nym,4,0.7,19.92137238555537,25250.980741035724,30902.95432513592,93325.43007969914,3.353605952364741,6.321928094887363,0.1983921458788349,0.26875,0.05147246002696082,0.0,OptiMix GWR+LBA (equal-load target),0.2,"{""policy"": ""static""}"
static,gwr+lba,0.4,1.0,1.0,0.5,gwr,0.6,True,omega,nym,0,0.7,24.394678507205235,26435.025157459633,30902.95432513592,93325.43007969914,4.109510812893866,6.321928094887363,0.20865042699057712,0.26875,0.04179808454469047,0.0,OptiMix GWR+LBA (equal-load target),0.4,"{""policy"": ""static""}"
static,gwr+lba,0.6,1.0,1.0,0.5,gwr,0.6,True,omega,nym,0,0.7,26.38840352539421,26482.754825687556,30902.95432513592,93325.43007969914,4.626828486892485,6.321928094887363,0.20864085315622027,0.26875,0.03507294505019061,0.0,OptiMix GWR+LBA (equal-load target),0.6,"{""policy"": ""static""}"
static,gwr+lba,0.6,1.0,1.0,0.5,gwr,0.6,True,omega,nym,1,0.7,32.32017424830072,27274.3005215494,30902.95432513592,93325.43007969914,4.938996771825009,6.321928094887363,0.2376486623610936,0.3125,0.0314201285361007,0.0,OptiMix GWR+LBA (equal-load target),0.6,"{""policy"": ""static""}"
static,gwr+lba,0.4,1.0,1.0,0.5,gwr,0.6,True,omega,nym,3,0.7,29.560314686763395,23910.24408948955,30902.95432513592,64565.42290346556,4.338841347582099,6.321928094887363,0.21867005194912847,0.25,0.038996666663741714,0.0,OptiMix GWR+LBA (equal-load target),0.4,"{""policy"": ""static""}"
static,gwr+lba,0.4,1.0,1.0,0.5,gwr,0.6,True,omega,nym,4,0.7,20.67853946623155,25420.04072728323,30902.95432513592,93325.43007969914,3.8039476117906688,6.321928094887363,0.19745290843893049,0.275,0.04415110606625401,0.0,OptiMix GWR+LBA (equal-load target),0.4,"{""policy"": ""static""}"
static,gwr+lba,0.4,1.0,1.0,0.5,gwr,0.6,True,omega,nym,1,0.7,30.209668705381862,26963.698274167025,30902.95432513592,93325.43007969914,4.497183499424864,6.321928094887363,0.23769735925426239,0.30625,0.03754164682673462,0.0,OptiMix GWR+LBA (equal-load target),0.4,"{""policy"": ""static""}"
static,gwr+lba,0.4,1.0,1.0,0.5,gwr,0.6,True,omega,nym,2,0.7,21.79229801977061,25482.555614858404,30902.95432513592,93325.43007969914,4.006580236486714,6.321928094887363,0.21926751373026887,0.28125,0.04429659882667973,0.0,OptiMix GWR+LBA (equal-load target),0.4,"{""policy"": ""static""}"
static,gwr+lba,0.6,1.0,1.0,0.5,gwr,0.6,True,omega,nym,2,0.7,24.8365920823433,25816.171446851764,30902.95432513592,93325.43007969914,4.641297355345875,6.321928094887363,0.2164808890133303,0.2875,0.03676667176679888,0.0,OptiMix GWR+LBA (equal-load target),0.6,"{""policy"": ""static""}"
static,gwr+lba,0.6,1.0,1.0,0.5,gwr,0.6,True,omega,nym,3,0.7,31.984715896466685,23899.969127919165,30902.95432513592,67608.29753919819,4.873319806288801,6.321928094887363,0.22075879144203192,0.25,0.03137154332415296,0.0,OptiMix GWR+LBA (equal-load target),0.6,"{""policy"": ""static""}"
static,gwr+lba,0.6,1.0,1.0,0.5,gwr,0.6,True,omega,nym,4,0.7,23.394396084311683,25099.860013843478,30902.95432513592,93325.43007969914,4.442694816815001,6.321928094887363,0.19700928484094948,0.26875,0.03708107222472211,0.0,OptiMix GWR+LBA (equal-load target),0.6,"{""policy"": ""static""}"
static,gwr+lba,0.8,1.0,1.0,0.5,gwr,0.6,True,omega,nym,0,0.7,38.19879039568202,26806.34943740718,30902.95432513592,93325.43007969914,5.465806938813779,6.321928094887363,0.20912786952206286,0.275,0.026386847593232142,0.0,OptiMix GWR+LBA (equal-load target),0.8,"{""policy"": ""static""}"
static,gwr+lba,0.8,1.0,1.0,0.5,gwr,0.6,True,omega,nym,1,0.7,39.67232885473605,27196.53986981363,30902.95432513592,93325.43007969914,5.494108061294134,6.321928094887363,0.23774127884125806,0.3125,0.024716878298251657,0.0,OptiMix GWR+LBA (equal-load target),0.8,"{""policy"": ""static""}"
static,gwr+lba,0.8,1.0,1.0,0.5,gwr,0.6,True,omega,nym,2,0.7,35.41401899737497,26057.796479461857,30902.95432513592,93325.43007969914,5.456211358469029,6.321928094887363,0.21595763351351183,0.29375,0.029344278272019637,0.0,OptiMix GWR+LBA (equal-load target),0.8,"{""policy"": ""static""}"
static,gwr+lbacap,0.0,1.0,1.0,0.5,gwr,0.6,True,omega,nym,0,0.7,34.71294647509768,10331.525719142634,389.0451449942807,32359.365692962812,4.794697875021653,6.321928094887363,0.028663139397847148,0.00625,0.04148797958490714,0.0,OptiMix GWR+LBA (true capacities),0.0,"{""policy"": ""static""}"
static,gwr+lbacap,0.0,1.0,1.0,0.5,gwr,0.6,True,omega,nym,1,0.7,39.53930083897292,9899.423266323112,371.5352290971726,56234.13251903491,4.7255834069613085,6.321928094887363,0.029670416146733825,0.0375,0.042301532544707185,0.0,OptiMix GWR+LBA (true capacities),0.0,"{""policy"": ""static""}"
static,gwr+lba,0.8,1.0,1.0,0.5,gwr,0.6,True,omega,nym,3,0.7,40.71966470008881,23955.737562613664,30902.95432513592,93325.43007969914,5.568491180553555,6.321928094887363,0.22124203730287917,0.25,0.024104451874647707,0.0,OptiMix GWR+LBA (equal-load target),0.8,"{""policy"": ""static""}"
static,gwr+lba,0.8,1.0,1.0,0.5,gwr,0.6,True,omega,nym,4,0.7,34.6738350675286,25195.559314216636,30902.95432513592,93325.43007969914,5.377799906494471,6.321928094887363,0.19694850337876613,0.275,0.027626483347043852,0.0,OptiMix GWR+LBA (equal-load target),0.8,"{""policy"": ""static""}"
static,gwr+lbacap,0.2,1.0,1.0,0.5,gwr,0.6,True,omega,nym,1,0.7,37.36477741565125,9916.794930138662,354.8133892335755,58884.3655355589,4.678269966618025,6.321928094887363,0.02865026116986602,0.03125,0.04049722975937857,0.0,OptiMix GWR+LBA (true capacities),0.2,"{""policy"": ""static""}"
static,gwr+lbacap,0.2,1.0,1.0,0.5,gwr,0.6,True,omega,nym,2,0.7,34.59827458381605,9036.339785927836,338.84415613920254,56234.13251903491,4.740607469613239,6.321928094887363,0.028938976663846594,0.01875,0.0400243723258688,0.0,OptiMix GWR+LBA (true capacities),0.2,"{""policy"": ""static""}"
static,gwr+lbacap,0.0,1.0,1.0,0.5,gwr,0.6,True,omega,nym,4,0.7,30.382892571168597,8932.623635046302,338.84415613920254,32359.365692962812,4.4910132353462915,6.321928094887363,0.02740891649216115,0.00625,0.045081063345708015,0.0,OptiMix GWR+LBA (true capacities),0.0,"{""policy"": ""static""}"
static,gwr+lbacap,0.2,1.0,1.0,0.5,gwr,0.6,True,omega,nym,0,0.7,31.93074649604895,9980.729326459434,371.5352290971726,32359.365692962812,4.694150569532908,6.321928094887363,0.02726507380642329,0.0,0.039492397540227396,0.0,OptiMix GWR+LBA (true capacities),0.2,"{""policy"": ""static""}"
static,gwr+lbacap,0.0,1.0,1.0,0.5,gwr,0.6,True,omega,nym,2,0.7,37.28092682554115,9178.375226322352,354.8133892335755,58884.3655355589,4.850386617055314,6.321928094887363,0.031418595487761936,0.01875,0.04108254133687951,0.0,OptiMix GWR+LBA (true capacities),0.0,"{""policy"": ""static""}"
static,gwr+lbacap,0.0,1.0,1.0,0.5,gwr,0.6,True,omega,nym,3,0.7,39.424320545117986,8601.048231968764,354.8133892335755,32359.365692962812,4.957817784274953,6.321928094887363,0.029146195888001047,0.0,0.04035550438746847,0.0,OptiMix GWR+LBA (true capacities),0.0,"{""policy"": ""static""}"
static,gwr+lbacap,0.2,1.0,1.0,0.5,gwr,0.6,True,omega,nym,3,0.7,37.23585710526239,8598.317387542193,354.8133892335755,32359.365692962812,4.876219687681078,6.321928094887363,0.02814560955774348,0.0,0.03834701170861536,0.0,OptiMix GWR+LBA (true capacities),0.2,"{""policy"": ""static""}"
static,gwr+lbacap,0.2,1.0,1.0,0.5,gwr,0.6,True,omega,nym,4,0.7,27.868684690524802,8727.314077047175,338.84415613920254,32359.365692962812,4.4175072341546375,6.321928094887363,0.026807878844479438,0.00625,0.04269111327488463,0.0,OptiMix GWR+LBA (true capacities),0.2,"{""policy"": ""static""}"
static,gwr+lbacap,0.4,1.0,1.0,0.5,gwr,0.6,True,omega,nym,0,0.7,30.4795307942026,9932.829888635819,354.8133892335755,32359.365692962812,4.663964980906036,6.321928094887363,0.02526988909965655,0.0,0.03727091343906558,0.0,OptiMix GWR+LBA (true capacities),0.4,"{""policy"": ""static""}"
static,gwr+lbacap,0.4,1.0,1.0,0.5,gwr,0.6,True,omega,nym,1,0.7,36.36635130459244,9231.448183485985,354.8133892335755,33884.41561392024,4.7491750230456535,6.321928094887363,0.02669486225520501,0.01875,0.03739837154959015,0.0,OptiMix GWR+LBA (true capacities),0.4,"{""policy"": ""static""}"
static,gwr+lbacap,0.6,1.0,1.0,0.5,gwr,0.6,True,omega,nym,1,0.7,36.537288173895604,8866.368256447622,338.84415613920254,32359.365692962812,4.945846469447671,6.321928094887363,0.02387849156925359,0.0125,0.033208727825274335,0.0,OptiMix GWR+LBA (true capacities),0.6,"{""policy"": ""static""}"
static,gwr+lbacap,0.6,1.0,1.0,0.5,gwr,0.6,True,omega,nym,2,0.7,33.63454377761033,8164.258796563124,323.59365692962825,32359.365692962812,4.886893671387645,6.321928094887363,0.0232244310621883,0.0,0.03542696534483666,0.0,OptiMix GWR+LBA (true capacities),0.6,"{""policy"": ""static""}"
static,gwr+lbacap,0.4,1.0,1.0,0.5,gwr,0.6,True,omega,nym,4,0.7,26.4948130579701,8541.521385250593,338.84415613920254,32359.365692962812,4.417798403908478,6.321928094887363,0.025551412721337652,0.0,0.040905731547776505,0.0,OptiMix GWR+LBA (true capacities),0.4,"{""policy"": ""static""}"
static,gwr+lbacap,0.6,1.0,1.0,0.5,gwr,0.6,True,omega,nym,0,0.7,30.901968875791365,9872.399747294285,354.8133892335755,32359.365692962812,4.869078133879716,6.321928094887363,0.023093911749377583,0.0,0.03354594479584654,0.0,OptiMix GWR+LBA (true capacities),0.6,"{""policy"": ""static""}"
static,gwr+lbacap,0.4,1.0,1.0,0.5,gwr,0.6,True,omega,nym,2,0.7,33.15183396746831,8375.635568991289,323.59365692962825,32359.365692962812,4.72084932308977,6.321928094887363,0.02586464296688118,0.00625,0.0391570761060592,0.0,OptiMix GWR+LBA (true capacities),0.4,"{""policy"": ""static""}"
static,gwr+lbacap,0.4,1.0,1.0,0.5,gwr,0.6,True,omega,nym,3,0.7,35.67449173309184,8564.571171619653,354.8133892335755,32359.365692962812,4.889708525725317,6.321928094887363,0.02672583790930183,0.0,0.0354400826806175,0.0,OptiMix GWR+LBA (true capacities),0.4,"{""policy"": ""static""}"
static,gwr+lbacap,0.6,1.0,1.0,0.5,gwr,0.6,True,omega,nym,3,0.7,35.51294974166873,8521.164564709406,338.84415613920254,30902.95432513592,5.038512312585818,6.321928094887363,0.02408832851946996,0.0,0.030800507580838195,0.0,OptiMix GWR+LBA (true capacities),0.6,"{""policy"": ""static""}"
static,gwr+lbacap,0.6,1.0,1.0,0.5,gwr,0.6,True,omega,nym,4,0.7,27.261187614573156,8485.214962568867,323.59365692962825,30902.95432513592,4.659831482086154,6.321928094887363,0.022838243686878812,0.0,0.03711979361849602,0.0,OptiMix GWR+LBA (true capacities),0.6,"{""policy"": ""static""}"
static,gwr+lbacap,0.8,1.0,1.0,0.5,gwr,0.6,True,omega,nym,0,0.7,39.396714971343364,9859.785665455509,371.5352290971726,30902.95432513592,5.442130072160763,6.321928094887363,0.020113514750969008,0.0,0.025920598655988565,0.0,OptiMix GWR+LBA (true capacities),0.8,"{""policy"": ""static""}"
static,gwr+lbacap,0.8,1.0,1.0,0.5,gwr,0.6,True,omega,nym,1,0.7,42.08335138431114,8745.653582101966,354.8133892335755,32359.365692962812,5.390649944493587,6.321928094887363,0.021442376994267764,0.0125,0.02627638753199339,0.0,OptiMix GWR+LBA (true capacities),0.8,"{""policy"": ""static""}"
static,gwr+lbacap,0.8,1.0,1.0,0.5,gwr,0.6,True,omega,nym,2,0.7,39.960219743070056,8101.002536681129,338.84415613920254,30902.95432513592,5.448597534595573,6.321928094887363,0.02014874124112609,0.0,0.028631784949796353,0.0,OptiMix GWR+LBA (true capacities),0.8,"{""policy"": ""static""}"
static,gwr+lbacap,0.8,1.0,1.0,0.5,gwr,0.6,True,omega,nym,3,0.7,40.42679025248651,8506.183096138857,338.84415613920254,30902.95432513592,5.482591720858434,6.321928094887363,0.02053919370959223,0.0,0.025186380380496125,0.0,OptiMix GWR+LBA (true capacities),0.8,"{""policy"": ""static""}"
static,gwr+lbacap,0.8,1.0,1.0,0.5,gwr,0.6,True,omega,nym,4,0.7,33.96272515218208,8464.478545217378,323.59365692962825,30902.95432513592,5.289180173520274,6.321928094887363,0.019750146680476366,0.0,0.029261895715398317,0.0,OptiMix GWR+LBA (true capacities),0.8,"{""policy"": ""static""}"
static,gwr+lbacap_noisy,0.0,1.0,1.0,0.5,gwr,0.6,True,omega,nym,0,0.7,37.77611015208216,30461.07649249266,30902.95432513592,93325.43007969914,4.798475913502764,6.321928094887363,0.2964073614657139,0.16875,0.04329415988801062,0.0,OptiMix GWR+LBA (noisy capacities σ=0.5),0.0,"{""cap_noise"": 0.5, ""policy"": ""static""}"
static,gwr+lbacap_noisy,0.0,1.0,1.0,0.5,gwr,0.6,True,omega,nym,1,0.7,41.61130707303916,28429.482692902973,30902.95432513592,93325.43007969914,4.686290135352529,6.321928094887363,0.3716373952899892,0.15625,0.0479988303226116,0.0,OptiMix GWR+LBA (noisy capacities σ=0.5),0.0,"{""cap_noise"": 0.5, ""policy"": ""static""}"
static,gwr+lbacap_noisy,0.0,1.0,1.0,0.5,gwr,0.6,True,omega,nym,2,0.7,37.58517136407446,28297.23921421985,30902.95432513592,93325.43007969914,4.717725151262142,6.321928094887363,0.2522201208976744,0.1875,0.04392152667816245,0.0,OptiMix GWR+LBA (noisy capacities σ=0.5),0.0,"{""cap_noise"": 0.5, ""policy"": ""static""}"
static,gwr+lbacap_noisy,0.2,1.0,1.0,0.5,gwr,0.6,True,omega,nym,2,0.7,34.89595060014601,28639.106336648325,30902.95432513592,93325.43007969914,4.607647107990383,6.321928094887363,0.25057917171983046,0.19375,0.0443854816025602,0.0,OptiMix GWR+LBA (noisy capacities σ=0.5),0.2,"{""cap_noise"": 0.5, ""policy"": ""static""}"
static,gwr+lbacap_noisy,0.2,1.0,1.0,0.5,gwr,0.6,True,omega,nym,3,0.7,39.014316672012725,30664.806898021816,30902.95432513592,93325.43007969914,4.721345216645274,6.321928094887363,0.36149282336525723,0.175,0.04404154038187483,0.0,OptiMix GWR+LBA (noisy capacities σ=0.5),0.2,"{""cap_noise"": 0.5, ""policy"": ""static""}"
static,gwr+lbacap_noisy,0.0,1.0,1.0,0.5,gwr,0.6,True,omega,nym,3,0.7,41.22728425953961,30773.506076540896,30902.95432513592,93325.43007969914,4.79341481275919,6.321928094887363,0.36464933789657006,0.18125,0.04582431802418169,0.0,OptiMix GWR+LBA (noisy capacities σ=0.5),0.0,"{""cap_noise"": 0.5, ""policy"": ""static""}"
static,gwr+lbacap_noisy,0.0,1.0,1.0,0.5,gwr,0.6,True,omega,nym,4,0.7,32.83750156566868,28262.190177724977,30902.95432513592,93325.43007969914,4.493536238581544,6.321928094887363,0.2808922707132748,0.1625,0.04424094897647479,0.0,OptiMix GWR+LBA (noisy capacities σ=0.5),0.0,"{""cap_noise"": 0.5, ""policy"": ""static""}"
static,gwr+lbacap_noisy,0.2,1.0,1.0,0.5,gwr,0.6,True,omega,nym,0,0.7,34.415610504472376,30017.547625234667,30902.95432513592,93325.43007969914,4.692600012968258,6.321928094887363,0.2928091491958753,0.16875,0.042326635848027386,0.0,OptiMix GWR+LBA (noisy capacities σ=0.5),0.2,"{""cap_noise"": 0.5, ""policy"": ""static""}"
static,gwr+lbacap_noisy,0.2,1.0,1.0,0.5,gwr,0.6,True,omega,nym,1,0.7,38.91612760609528,28753.750109153018,30902.95432513592,93325.43007969914,4.593407413465582,6.321928094887363,0.37713897855675493,0.1625,0.046795001758086124,0.0,OptiMix GWR+LBA (noisy capacities σ=0.5),0.2,"{""cap_noise"": 0.5, ""policy"": ""static""}"
static,gwr+lbacap_noisy,0.2,1.0,1.0,0.5,gwr,0.6,True,omega,nym,4,0.7,29.985716841219276,28797.74871467584,30902.95432513592,93325.43007969914,4.408489207276089,6.321928094887363,0.2828577825730261,0.16875,0.04360850610284553,0.0,OptiMix GWR+LBA (noisy capacities σ=0.5),0.2,"{""cap_noise"": 0.5, ""policy"": ""static""}"
static,gwr+lbacap_noisy,0.4,1.0,1.0,0.5,gwr,0.6,True,omega,nym,0,0.7,32.20471830396267,29623.587904729902,30902.95432513592,93325.43007969914,4.6195155777268555,6.321928094887363,0.28966449826534757,0.1625,0.04123548512864865,0.0,OptiMix GWR+LBA (noisy capacities σ=0.5),0.4,"{""cap_noise"": 0.5, ""policy"": ""static""}"
static,gwr+lbacap_noisy,0.4,1.0,1.0,0.5,gwr,0.6,True,omega,nym,3,0.7,37.758555482293914,31220.111295792383,30902.95432513592,93325.43007969914,4.754412976896992,6.321928094887363,0.35676635412591096,0.1875,0.04104680069773692,0.0,OptiMix GWR+LBA (noisy capacities σ=0.5),0.4,"{""cap_noise"": 0.5, ""policy"": ""static""}"
static,gwr+lbacap_noisy,0.4,1.0,1.0,0.5,gwr,0.6,True,omega,nym,4,0.7,28.24747419625244,28936.421923523223,30902.95432513592,93325.43007969914,4.389534337724161,6.321928094887363,0.28262798442484893,0.16875,0.041967981521753704,0.0,OptiMix GWR+LBA (noisy capacities σ=0.5),0.4,"{""cap_noise"": 0.5, ""policy"": ""static""}"
static,gwr+lbacap_noisy,0.4,1.0,1.0,0.5,gwr,0.6,True,omega,nym,1,0.7,37.19849770057127,27919.7903719333,30902.95432513592,93325.43007969914,4.609933388595602,6.321928094887363,0.3717311689259324,0.15625,0.04482199147856966,0.0,OptiMix GWR+LBA (noisy capacities σ=0.5),0.4,"{""cap_noise"": 0.5, ""policy"": ""static""}"
static,gwr+lbacap_noisy,0.4,1.0,1.0,0.5,gwr,0.6,True,omega,nym,2,0.7,33.30368572992085,27171.983097581775,30902.95432513592,93325.43007969914,4.600346480470394,6.321928094887363,0.2438263698188008,0.175,0.04271321056612492,0.0,OptiMix GWR+LBA (noisy capacities σ=0.5),0.4,"{""cap_noise"": 0.5, ""policy"": ""static""}"
static,gwr+lbacap_noisy,0.6,1.0,1.0,0.5,gwr,0.6,True,omega,nym,0,0.7,31.6685971322124,29751.689214468977,30902.95432513592,93325.43007969914,4.70248450777286,6.321928094887363,0.2834157524936882,0.1625,0.039545793901027006,0.0,OptiMix GWR+LBA (noisy capacities σ=0.5),0.6,"{""cap_noise"": 0.5, ""policy"": ""static""}"
static,gwr+lbacap_noisy,0.6,1.0,1.0,0.5,gwr,0.6,True,omega,nym,1,0.7,37.04317367351752,27456.211175041983,30902.95432513592,93325.43007969914,4.784008367049447,6.321928094887363,0.3466262997316385,0.15625,0.03975357743958767,0.0,OptiMix GWR+LBA (noisy capacities σ=0.5),0.6,"{""cap_noise"": 0.5, ""policy"": ""static""}"
static,gwr+lbacap_noisy,0.8,1.0,1.0,0.5,gwr,0.6,True,omega,nym,1,0.7,42.5172036593142,27158.84758101315,30902.95432513592,93325.43007969914,5.242357621679778,6.321928094887363,0.31791419953420585,0.15625,0.03287348871790029,0.0,OptiMix GWR+LBA (noisy capacities σ=0.5),0.8,"{""cap_noise"": 0.5, ""policy"": ""static""}"
static,gwr+lbacap_noisy,0.8,1.0,1.0,0.5,gwr,0.6,True,omega,nym,2,0.7,40.136661276647814,26162.424467303772,30902.95432513592,93325.43007969914,5.346324346619656,6.321928094887363,0.237568653936163,0.16875,0.029829102579611477,0.0,OptiMix GWR+LBA (noisy capacities σ=0.5),0.8,"{""cap_noise"": 0.5, ""policy"": ""static""}"
static,gwr+lbacap_noisy,0.6,1.0,1.0,0.5,gwr,0.6,True,omega,nym,4,0.7,28.57798285425649,28658.584629480312,30902.95432513592,93325.43007969914,4.6108180959353975,6.321928094887363,0.2703922530610532,0.16875,0.03881675451838647,0.0,OptiMix GWR+LBA (noisy capacities σ=0.5),0.6,"{""cap_noise"": 0.5, ""policy"": ""static""}"
static,gwr+lbacap_noisy,0.8,1.0,1.0,0.5,gwr,0.6,True,omega,nym,0,0.7,40.00122616204384,30172.374734646826,30902.95432513592,93325.43007969914,5.251269630546768,6.321928094887363,0.2687770982394051,0.175,0.03238930997637514,0.0,OptiMix GWR+LBA (noisy capacities σ=0.5),0.8,"{""cap_noise"": 0.5, ""policy"": ""static""}"
static,gwr+lbacap_noisy,0.8,1.0,1.0,0.5,gwr,0.6,True,omega,nym,3,0.7,43.114239028353346,29479.812642668534,30902.95432513592,93325.43007969914,5.309446380139377,6.321928094887363,0.3459793926148147,0.16875,0.03169005817668319,0.0,OptiMix GWR+LBA (noisy capacities σ=0.5),0.8,"{""cap_noise"": 0.5, ""policy"": ""static""}"
static,gwr+lbacap_noisy,0.8,1.0,1.0,0.5,gwr,0.6,True,omega,nym,4,0.7,34.570072491267084,28682.145027006696,30902.95432513592,93325.43007969914,5.174554889556455,6.321928094887363,0.25650114080538255,0.16875,0.03173567680451224,0.0,OptiMix GWR+LBA (noisy capacities σ=0.5),0.8,"{""cap_noise"": 0.5, ""policy"": ""static""}"
static,gwr+lbacap_noisy,0.6,1.0,1.0,0.5,gwr,0.6,True,omega,nym,2,0.7,33.83276863669799,27361.436780992735,30902.95432513592,93325.43007969914,4.807978095864788,6.321928094887363,0.23991820098344063,0.18125,0.03833926209072538,0.0,OptiMix GWR+LBA (noisy capacities σ=0.5),0.6,"{""cap_noise"": 0.5, ""policy"": ""static""}"
static,gwr+lbacap_noisy,0.6,1.0,1.0,0.5,gwr,0.6,True,omega,nym,3,0.7,37.5006611454956,31012.309156011182,30902.95432513592,93325.43007969914,4.87265662460724,6.321928094887363,0.3507906589613903,0.1875,0.03688297237449846,0.0,OptiMix GWR+LBA (noisy capacities σ=0.5),0.6,"{""cap_noise"": 0.5, ""policy"": ""static""}"
static,ssr+lba,0.0,1.0,1.0,0.5,gwr,0.6,True,omega,nym,0,0.7,54.426493318471216,26862.179295361904,30902.95432513592,93325.43007969914,5.921136567577422,6.321928094887363,0.20983914051996755,0.275,0.019401809887775755,0.0,OptiMix SSR+LBA (equal-load target),0.0,"{""policy"": ""static""}"
static,ssr+lba,0.0,1.0,1.0,0.5,gwr,0.6,True,omega,nym,1,0.7,51.50085632343598,27209.837907120203,30902.95432513592,93325.43007969914,5.869696437243429,6.321928094887363,0.23797808404579146,0.3125,0.01967325515143471,0.0,OptiMix SSR+LBA (equal-load target),0.0,"{""policy"": ""static""}"
static,ssr+lba,0.0,1.0,1.0,0.5,gwr,0.6,True,omega,nym,2,0.7,48.81599301143856,26115.704067613806,30902.95432513592,93325.43007969914,5.868754546061036,6.321928094887363,0.216454435489007,0.29375,0.02324156138087652,0.0,OptiMix SSR+LBA (equal-load target),0.0,"{""policy"": ""static""}"
static,ssr+lba,0.0,1.0,1.0,0.5,gwr,0.6,True,omega,nym,3,0.7,51.52817223365332,23989.34155848648,30902.95432513592,93325.43007969914,5.924164732736527,6.321928094887363,0.22024241426479652,0.25,0.01893037107232355,0.0,OptiMix SSR+LBA (equal-load target),0.0,"{""policy"": ""static""}"
static,ssr+lba,0.0,1.0,1.0,0.5,gwr,0.6,True,omega,nym,4,0.7,49.405482458486915,25082.826430914167,30902.95432513592,93325.43007969914,5.861044886344954,6.321928094887363,0.19836226171769433,0.275,0.021008812249689045,0.0,OptiMix SSR+LBA (equal-load target),0.0,"{""policy"": ""static""}"
static,ssr+lba,0.2,1.0,1.0,0.5,gwr,0.6,True,omega,nym,0,0.7,63.09048516723659,26791.72221049848,30902.95432513592,93325.43007969914,6.120967643313308,6.321928094887363,0.2084983227037458,0.275,0.015084892878155856,0.0,OptiMix SSR+LBA (equal-load target),0.2,"{""policy"": ""static""}"
static,ssr+lba,0.2,1.0,1.0,0.5,gwr,0.6,True,omega,nym,1,0.7,59.77774099592514,27322.15040961206,30902.95432513592,93325.43007969914,6.091443615034384,6.321928094887363,0.23891221970500331,0.3125,0.015021271947256947,0.0,OptiMix SSR+LBA (equal-load target),0.2,"{""policy"": ""static""}"
static,ssr+lba,0.2,1.0,1.0,0.5,gwr,0.6,True,omega,nym,2,0.7,57.427748528283736,26114.94080337706,30902.95432513592,93325.43007969914,6.085501728810532,6.321928094887363,0.2153370425756238,0.29375,0.018135591472313417,0.0,OptiMix SSR+LBA (equal-load target),0.2,"{""policy"": ""static""}"
static,ssr+lba,0.2,1.0,1.0,0.5,gwr,0.6,True,omega,nym,3,0.7,59.681048901061885,24038.301202369195,30902.95432513592,93325.43007969914,6.125185148532374,6.321928094887363,0.2209167468865898,0.25,0.014261983050308069,0.0,OptiMix SSR+LBA (equal-load target),0.2,"{""policy"": ""static""}"
static,ssr+lba,0.2,1.0,1.0,0.5,gwr,0.6,True,omega,nym,4,0.7,59.42398087199825,25194.299103363115,30902.95432513592,93325.43007969914,6.09946777338247,6.321928094887363,0.19723445801163564,0.275,0.01586211624558692,0.0,OptiMix SSR+LBA (equal-load target),0.2,"{""policy"": ""static""}"
static,ssr+lba,0.4,1.0,1.0,0.5,gwr,0.6,True,omega,nym,2,0.7,68.38156697063272,26071.48675395984,30902.95432513592,93325.43007969914,6.239843742723744,6.321928094887363,0.2154071082835849,0.29375,0.01258617093177361,0.0,OptiMix SSR+LBA (equal-load target),0.4,"{""policy"": ""static""}"
static,ssr+lba,0.4,1.0,1.0,0.5,gwr,0.6,True,omega,nym,3,0.7,70.27383369213793,23905.51812305091,30902.95432513592,93325.43007969914,6.258581548867089,6.321928094887363,0.22049949333615348,0.24375,0.00993801041350648,0.0,OptiMix SSR+LBA (equal-load target),0.4,"{""policy"": ""static""}"
static,ssr+lba,0.4,1.0,1.0,0.5,gwr,0.6,True,omega,nym,0,0.7,73.65558650403334,26786.888937660515,30902.95432513592,93325.43007969914,6.253064520113125,6.321928094887363,0.20790455126943397,0.275,0.010892074123488976,0.0,OptiMix SSR+LBA (equal-load target),0.4,"{""policy"": ""static""}"
static,ssr+lba,0.4,1.0,1.0,0.5,gwr,0.6,True,omega,nym,1,0.7,70.48049151848893,27318.06546324812,30902.95432513592,93325.43007969914,6.245859168224986,6.321928094887363,0.23989076853066016,0.3125,0.01032409755961532,0.0,OptiMix SSR+LBA (equal-load target),0.4,"{""policy"": ""static""}"
static,ssr+lba,0.4,1.0,1.0,0.5,gwr,0.6,True,omega,nym,4,0.7,71.6423818807424,25228.77324364613,30902.95432513592,93325.43007969914,6.249844744126286,6.321928094887363,0.1968605855764367,0.275,0.01099897615613653,0.0,OptiMix SSR+LBA (equal-load target),0.4,"{""policy"": ""static""}"
static,ssr+lba,0.6,1.0,1.0,0.5,gwr,0.6,True,omega,nym,0,0.7,84.7779736514617,26742.49855628836,30902.95432513592,93325.43007969914,6.309742230810997,6.321928094887363,0.20782049194872365,0.275,0.007331536608089084,0.0,OptiMix SSR+LBA (equal-load target),0.6,"{""policy"": ""static""}"
static,ssr+lba,0.8,1.0,1.0,0.5,gwr,0.6,True,omega,nym,0,0.7,94.45183627826775,26813.636088124545,30902.95432513592,93325.43007969914,6.321390505006944,6.321928094887363,0.20879344943367317,0.26875,0.004919332133606828,0.0,OptiMix SSR+LBA (equal-load target),0.8,"{""policy"": ""static""}"
static,ssr+lba,0.8,1.0,1.0,0.5,gwr,0.6,True,omega,nym,1,0.7,91.89731122948417,27381.44664446495,30902.95432513592,93325.43007969914,6.321438884114959,6.321928094887363,0.24028173643563067,0.3125,0.004707575060710514,0.0,OptiMix SSR+LBA (equal-load target),0.8,"{""policy"": ""static""}"
static,ssr+lba,0.6,1.0,1.0,0.5,gwr,0.6,True,omega,nym,1,0.7,82.06302315890223,27383.736096049633,30902.95432513592,93325.43007969914,6.309880110015233,6.321928094887363,0.24042689048346966,0.3125,0.006875980776003199,0.0,OptiMix SSR+LBA (equal-load target),0.6,"{""policy"": ""static""}"
static,ssr+lba,0.6,1.0,1.0,0.5,gwr,0.6,True,omega,nym,2,0.7,79.8901648037999,26096.029056000476,30902.95432513592,93325.43007969914,6.3076568770917,6.321928094887363,0.21602413514151264,0.29375,0.008088659456510942,0.0,OptiMix SSR+LBA (equal-load target),0.6,"{""policy"": ""static""}"
static,ssr+lba,0.6,1.0,1.0,0.5,gwr,0.6,True,omega,nym,3,0.7,81.5779739230248,23939.43209877236,30902.95432513592,93325.43007969914,6.311488013922961,6.321928094887363,0.21999121666227683,0.25,0.00666995100015662,0.0,OptiMix SSR+LBA (equal-load target),0.6,"{""policy"": ""static""}"
static,ssr+lba,0.6,1.0,1.0,0.5,gwr,0.6,True,omega,nym,4,0.7,84.2827522410853,25096.957683777473,30902.95432513592,93325.43007969914,6.309899223668168,6.321928094887363,0.19660988150158665,0.275,0.007205591794623993,0.0,OptiMix SSR+LBA (equal-load target),0.6,"{""policy"": ""static""}"
static,ssr+lba,0.8,1.0,1.0,0.5,gwr,0.6,True,omega,nym,2,0.7,89.7825661162833,26148.47516333227,30902.95432513592,93325.43007969914,6.321300013494083,6.321928094887363,0.21542211456671212,0.29375,0.005135717878813685,0.0,OptiMix SSR+LBA (equal-load target),0.8,"{""policy"": ""static""}"
static,ssr+lba,0.8,1.0,1.0,0.5,gwr,0.6,True,omega,nym,3,0.7,91.10725349552395,23994.947278347583,30902.95432513592,93325.43007969914,6.321454832679458,6.321928094887363,0.21953517921566457,0.24375,0.004612179356511405,0.0,OptiMix SSR+LBA (equal-load target),0.8,"{""policy"": ""static""}"
static,ssr+lbacap,0.0,1.0,1.0,0.5,gwr,0.6,True,omega,nym,1,0.7,53.528878915429274,8647.31810325556,354.8133892335755,32359.365692962812,5.757952398328934,6.321928094887363,0.020111527426271536,0.0125,0.02104113570529524,0.0,OptiMix SSR+LBA (true capacities),0.0,"{""policy"": ""static""}"
static,ssr+lbacap,0.0,1.0,1.0,0.5,gwr,0.6,True,omega,nym,2,0.7,52.84093401858038,8104.691607343701,354.8133892335755,30902.95432513592,5.823557186176993,6.321928094887363,0.018660103718691312,0.0,0.022604271178423143,0.0,OptiMix SSR+LBA (true capacities),0.0,"{""policy"": ""static""}"
static,ssr+lba,0.8,1.0,1.0,0.5,gwr,0.6,True,omega,nym,4,0.7,94.90091794210363,25107.484527706438,30902.95432513592,93325.43007969914,6.321397257654321,6.321928094887363,0.19761815439717711,0.26875,0.004847127464831803,0.0,OptiMix SSR+LBA (equal-load target),0.8,"{""policy"": ""static""}"
static,ssr+lbacap,0.0,1.0,1.0,0.5,gwr,0.6,True,omega,nym,0,0.7,54.06451463593551,9865.518918013153,389.0451449942807,30902.95432513592,5.852030947066105,6.321928094887363,0.018409900878306074,0.0,0.019039875839414258,0.0,OptiMix SSR+LBA (true capacities),0.0,"{""policy"": ""static""}"
static,ssr+lbacap,0.0,1.0,1.0,0.5,gwr,0.6,True,omega,nym,3,0.7,50.425381571185476,8508.725021652115,354.8133892335755,30902.95432513592,5.818549860179283,6.321928094887363,0.01887878003451715,0.0,0.02026980714834644,0.0,OptiMix SSR+LBA (true capacities),0.0,"{""policy"": ""static""}"
static,ssr+lbacap,0.0,1.0,1.0,0.5,gwr,0.6,True,omega,nym,4,0.7,47.745926057865304,8471.455000170947,354.8133892335755,30902.95432513592,5.760613352786495,6.321928094887363,0.01824460545603368,0.0,0.022837018122199747,0.0,OptiMix SSR+LBA (true capacities),0.0,"{""policy"": ""static""}"
static,ssr+lbacap,0.2,1.0,1.0,0.5,gwr,0.6,True,omega,nym,0,0.7,62.40269155208935,9869.848279006404,389.0451449942807,30902.95432513592,6.0401431362873605,6.321928094887363,0.01740172950575225,0.0,0.015241424930996905,0.0,OptiMix SSR+LBA (true capacities),0.2,"{""policy"": ""static""}"
static,ssr+lbacap,0.2,1.0,1.0,0.5,gwr,0.6,True,omega,nym,1,0.7,61.988350886580214,8295.604667631349,371.5352290971726,30902.95432513592,5.9746439716931565,6.321928094887363,0.017937193166936538,0.00625,0.01661403075211392,0.0,OptiMix SSR+LBA (true capacities),0.2,"{""policy"": ""static""}"
static,ssr+lbacap,0.2,1.0,1.0,0.5,gwr,0.6,True,omega,nym,2,0.7,61.04174278816122,8107.384677846625,354.8133892335755,30902.95432513592,6.014604353142729,6.321928094887363,0.017504941953795816,0.0,0.017670438949752156,0.0,OptiMix SSR+LBA (true capacities),0.2,"{""policy"": ""static""}"
static,ssr+lbacap,0.2,1.0,1.0,0.5,gwr,0.6,True,omega,nym,3,0.7,58.12434997937754,8510.556697668817,354.8133892335755,30902.95432513592,6.013186327773979,6.321928094887363,0.0174210747705299,0.0,0.015918196777185457,0.0,OptiMix SSR+LBA (true capacities),0.2,"{""policy"": ""static""}"
static,ssr+lbacap,0.2,1.0,1.0,0.5,gwr,0.6,True,omega,nym,4,0.7,57.52366973968066,8479.505532054125,354.8133892335755,30902.95432513592,6.002415710998579,6.321928094887363,0.017540549027999397,0.0,0.017631366783611067,0.0,OptiMix SSR+LBA (true capacities),0.2,"{""policy"": ""static""}"
static,ssr+lbacap,0.4,1.0,1.0,0.5,gwr,0.6,True,omega,nym,0,0.7,72.4748615016414,9877.194373907845,407.38027780411284,30902.95432513592,6.161566924204796,6.321928094887363,0.016480938993550076,0.0,0.011950746058836658,0.0,OptiMix SSR+LBA (true capacities),0.4,"{""policy"": ""static""}"
static,ssr+lbacap,0.4,1.0,1.0,0.5,gwr,0.6,True,omega,nym,1,0.7,72.98162640489619,8041.889357252335,371.5352290971726,30902.95432513592,6.122872157686913,6.321928094887363,0.016851243093411794,0.0,0.012674386814149088,0.0,OptiMix SSR+LBA (true capacities),0.4,"{""policy"": ""static""}"
static,ssr+lbacap,0.4,1.0,1.0,0.5,gwr,0.6,True,omega,nym,2,0.7,71.10904543892472,8112.85214458054,371.5352290971726,30902.95432513592,6.147012599475294,6.321928094887363,0.016487571253449795,0.0,0.012450323243987269,0.0,OptiMix SSR+LBA (true capacities),0.4,"{""policy"": ""static""}"
static,ssr+lbacap,0.4,1.0,1.0,0.5,gwr,0.6,True,omega,nym,3,0.7,68.25802592992531,8516.783512392127,371.5352290971726,30902.95432513592,6.1421556817098475,6.321928094887363,0.01624343170735476,0.0,0.011543317538670095,0.0,OptiMix SSR+LBA (true capacities),0.4,"{""policy"": ""static""}"
static,ssr+lbacap,0.4,1.0,1.0,0.5,gwr,0.6,True,omega,nym,4,0.7,69.40217096908272,8488.601651590776,371.5352290971726,30902.95432513592,6.152787207791367,6.321928094887363,0.016535348506878655,0.0,0.012916067509419728,0.0,OptiMix SSR+LBA (true capacities),0.4,"{""policy"": ""static""}"
static,ssr+lbacap,0.6,1.0,1.0,0.5,gwr,0.6,True,omega,nym,2,0.7,81.76895346983707,8123.55941027653,389.0451449942807,30902.95432513592,6.204144680039907,6.321928094887363,0.015959617504019308,0.0,0.00943083375795237,0.0,OptiMix SSR+LBA (true capacities),0.6,"{""policy"": ""static""}"
static,ssr+lbacap,0.6,1.0,1.0,0.5,gwr,0.6,True,omega,nym,3,0.7,79.05415833649607,8527.203469485084,389.0451449942807,30902.95432513592,6.194058128345185,6.321928094887363,0.01595969346763404,0.0,0.00886099082596301,0.0,OptiMix SSR+LBA (true capacities),0.6,"{""policy"": ""static""}"
static,ssr+lbacap,0.6,1.0,1.0,0.5,gwr,0.6,True,omega,nym,0,0.7,83.14871743578729,9887.244788651602,426.57951880159254,30902.95432513592,6.211877757874457,6.321928094887363,0.016110718568173032,0.0,0.009552091887015422,0.0,OptiMix SSR+LBA (true capacities),0.6,"{""policy"": ""static""}"
static,ssr+lbacap,0.6,1.0,1.0,0.5,gwr,0.6,True,omega,nym,1,0.7,84.80961423205267,8044.948446666747,389.0451449942807,30902.95432513592,6.184336798094469,6.321928094887363,0.016047322759577654,0.0,0.010337422667824484,0.0,OptiMix SSR+LBA (true capacities),0.6,"{""policy"": ""static""}"
static,ssr+lbacap,0.6,1.0,1.0,0.5,gwr,0.6,True,omega,nym,4,0.7,81.73492923193002,8500.533118221343,389.0451449942807,30902.95432513592,6.211910689235003,6.321928094887363,0.016169043055140442,0.0,0.009889240876594561,0.0,OptiMix SSR+LBA (true capacities),0.6,"{""policy"": ""static""}"
static,ssr+lbacap,0.8,1.0,1.0,0.5,gwr,0.6,True,omega,nym,0,0.7,92.23720354204916,9895.545525618445,426.57951880159254,30902.95432513592,6.221551824523648,6.321928094887363,0.015808639623891674,0.0,0.008839596882631176,0.0,OptiMix SSR+LBA (true capacities),0.8,"{""policy"": ""static""}"
static,ssr+lbacap_noisy,0.0,1.0,1.0,0.5,gwr,0.6,True,omega,nym,0,0.7,54.85775154625697,29765.03288760228,30902.95432513592,93325.43007969914,5.676118949853927,6.321928094887363,0.25670107533304587,0.175,0.025481146304788344,0.0,OptiMix SSR+LBA (noisy capacities σ=0.5),0.0,"{""cap_noise"": 0.5, ""policy"": ""static""}"
static,ssr+lbacap_noisy,0.0,1.0,1.0,0.5,gwr,0.6,True,omega,nym,1,0.7,53.08235243438363,27048.191894131436,30902.95432513592,93325.43007969914,5.59528825334024,6.321928094887363,0.29621258939640494,0.15625,0.028114514580799933,0.0,OptiMix SSR+LBA (noisy capacities σ=0.5),0.0,"{""cap_noise"": 0.5, ""policy"": ""static""}"
static,ssr+lbacap,0.8,1.0,1.0,0.5,gwr,0.6,True,omega,nym,3,0.7,88.29842445474186,8536.596525216597,389.0451449942807,30902.95432513592,6.204014255829347,6.321928094887363,0.01583010523463524,0.0,0.007848503130535577,0.0,OptiMix SSR+LBA (true capacities),0.8,"{""policy"": ""static""}"
static,ssr+lbacap,0.8,1.0,1.0,0.5,gwr,0.6,True,omega,nym,4,0.7,92.07740475531588,8510.809859015759,407.38027780411284,30902.95432513592,6.222850922254989,6.321928094887363,0.01588818643597656,0.0,0.008345194062322208,0.0,OptiMix SSR+LBA (true capacities),0.8,"{""policy"": ""static""}"
static,ssr+lbacap,0.8,1.0,1.0,0.5,gwr,0.6,True,omega,nym,1,0.7,94.91173120262415,8053.190356362273,407.38027780411284,30902.95432513592,6.195886316040427,6.321928094887363,0.015743500962748902,0.0,0.009470050807529967,0.0,OptiMix SSR+LBA (true capacities),0.8,"{""policy"": ""static""}"
static,ssr+lbacap,0.8,1.0,1.0,0.5,gwr,0.6,True,omega,nym,2,0.7,91.0026141140183,8131.376158918121,389.0451449942807,30902.95432513592,6.215508712785131,6.321928094887363,0.015569074262151705,0.0,0.008460544380978409,0.0,OptiMix SSR+LBA (true capacities),0.8,"{""policy"": ""static""}"
static,ssr+lbacap_noisy,0.0,1.0,1.0,0.5,gwr,0.6,True,omega,nym,2,0.7,52.899774107641385,25961.942372802754,30902.95432513592,93325.43007969914,5.690588272872761,6.321928094887363,0.23662811498018854,0.16875,0.024231596433603095,0.0,OptiMix SSR+LBA (noisy capacities σ=0.5),0.0,"{""cap_noise"": 0.5, ""policy"": ""static""}"
static,ssr+lbacap_noisy,0.0,1.0,1.0,0.5,gwr,0.6,True,omega,nym,3,0.7,53.84732655215045,29320.503967723085,30902.95432513592,93325.43007969914,5.653308495831159,6.321928094887363,0.33744259522742226,0.16875,0.026721869175488876,0.0,OptiMix SSR+LBA (noisy capacities σ=0.5),0.0,"{""cap_noise"": 0.5, ""policy"": ""static""}"
static,ssr+lbacap_noisy,0.0,1.0,1.0,0.5,gwr,0.6,True,omega,nym,4,0.7,47.804065761965816,27633.30065337646,30902.95432513592,93325.43007969914,5.606664812069189,6.321928094887363,0.24714427404975536,0.1625,0.026615624547376288,0.0,OptiMix SSR+LBA (noisy capacities σ=0.5),0.0,"{""cap_noise"": 0.5, ""policy"": ""static""}"
static,ssr+lbacap_noisy,0.2,1.0,1.0,0.5,gwr,0.6,True,omega,nym,0,0.7,62.9259655368682,29337.06126442766,30902.95432513592,93325.43007969914,5.865958615578364,6.321928094887363,0.2538040463557256,0.16875,0.02190378922345818,0.0,OptiMix SSR+LBA (noisy capacities σ=0.5),0.2,"{""cap_noise"": 0.5, ""policy"": ""static""}"
static,ssr+lbacap_noisy,0.2,1.0,1.0,0.5,gwr,0.6,True,omega,nym,3,0.7,61.240928040775046,29217.619143801858,30902.95432513592,93325.43007969914,5.838490633103052,6.321928094887363,0.3266433586855171,0.175,0.023151564981499013,0.0,OptiMix SSR+LBA (noisy capacities σ=0.5),0.2,"{""cap_noise"": 0.5, ""policy"": ""static""}"
static,ssr+lbacap_noisy,0.2,1.0,1.0,0.5,gwr,0.6,True,omega,nym,4,0.7,57.35403042500859,27352.17172916644,30902.95432513592,93325.43007969914,5.828816896225902,6.321928094887363,0.24322275964519813,0.1625,0.02212050638317522,0.0,OptiMix SSR+LBA (noisy capacities σ=0.5),0.2,"{""cap_noise"": 0.5, ""policy"": ""static""}"
static,ssr+lbacap_noisy,0.2,1.0,1.0,0.5,gwr,0.6,True,omega,nym,1,0.7,61.24000592067327,27141.43024993879,30902.95432513592,93325.43007969914,5.813018641538312,6.321928094887363,0.28010248402709936,0.15625,0.02401546138043949,0.0,OptiMix SSR+LBA (noisy capacities σ=0.5),0.2,"{""cap_noise"": 0.5, ""policy"": ""static""}"
static,ssr+lbacap_noisy,0.2,1.0,1.0,0.5,gwr,0.6,True,omega,nym,2,0.7,60.417036715242524,26180.818187151508,30902.95432513592,93325.43007969914,5.865764704878116,6.321928094887363,0.23352209295626603,0.16875,0.02067100107250439,0.0,OptiMix SSR+LBA (noisy capacities σ=0.5),0.2,"{""cap_noise"": 0.5, ""policy"": ""static""}"
static,ssr+lbacap_noisy,0.4,1.0,1.0,0.5,gwr,0.6,True,omega,nym,0,0.7,72.87780973322378,28716.593676509754,30902.95432513592,93325.43007969914,5.990911038646734,6.321928094887363,0.25101725888336457,0.1625,0.018866770567476165,0.0,OptiMix SSR+LBA (noisy capacities σ=0.5),0.4,"{""cap_noise"": 0.5, ""policy"": ""static""}"
static,ssr+lbacap_noisy,0.4,1.0,1.0,0.5,gwr,0.6,True,omega,nym,1,0.7,71.82393181274695,26719.72773455436,30902.95432513592,93325.43007969914,5.968753391988441,6.321928094887363,0.26878143029229906,0.15,0.020652057372891997,0.0,OptiMix SSR+LBA (noisy capacities σ=0.5),0.4,"{""cap_noise"": 0.5, ""policy"": ""static""}"
static,ssr+lbacap_noisy,0.6,1.0,1.0,0.5,gwr,0.6,True,omega,nym,1,0.7,83.22264129982703,25824.271935418383,30902.95432513592,93325.43007969914,6.036676028824431,6.321928094887363,0.2649341208493572,0.15,0.018692516171985467,0.0,OptiMix SSR+LBA (noisy capacities σ=0.5),0.6,"{""cap_noise"": 0.5, ""policy"": ""static""}"
static,ssr+lbacap_noisy,0.6,1.0,1.0,0.5,gwr,0.6,True,omega,nym,2,0.7,79.08611356352976,26452.079714353225,30902.95432513592,93325.43007969914,6.040713431778912,6.321928094887363,0.2287817338019038,0.175,0.01609492133638379,0.0,OptiMix SSR+LBA (noisy capacities σ=0.5),0.6,"{""cap_noise"": 0.5, ""policy"": ""static""}"
static,ssr+lbacap_noisy,0.4,1.0,1.0,0.5,gwr,0.6,True,omega,nym,2,0.7,69.44701772326182,26647.240256277204,30902.95432513592,93325.43007969914,5.986722904503047,6.321928094887363,0.23042431777255068,0.175,0.017968582440598756,0.0,OptiMix SSR+LBA (noisy capacities σ=0.5),0.4,"{""cap_noise"": 0.5, ""policy"": ""static""}"
static,ssr+lbacap_noisy,0.4,1.0,1.0,0.5,gwr,0.6,True,omega,nym,3,0.7,70.86663089132317,28859.262853020693,30902.95432513592,93325.43007969914,5.969520679012239,6.321928094887363,0.3126268320481227,0.16875,0.02006255526011196,0.0,OptiMix SSR+LBA (noisy capacities σ=0.5),0.4,"{""cap_noise"": 0.5, ""policy"": ""static""}"
static,ssr+lbacap_noisy,0.4,1.0,1.0,0.5,gwr,0.6,True,omega,nym,4,0.7,69.0724420751629,27306.91157620756,30902.95432513592,93325.43007969914,5.971220277790678,6.321928094887363,0.24136320278445278,0.15625,0.018674333132896292,0.0,OptiMix SSR+LBA (noisy capacities σ=0.5),0.4,"{""cap_noise"": 0.5, ""policy"": ""static""}"
static,ssr+lbacap_noisy,0.6,1.0,1.0,0.5,gwr,0.6,True,omega,nym,0,0.7,83.59415400637693,28670.02944086745,30902.95432513592,93325.43007969914,6.0438436563702425,6.321928094887363,0.24883362816634214,0.1625,0.01728219346267189,0.0,OptiMix SSR+LBA (noisy capacities σ=0.5),0.6,"{""cap_noise"": 0.5, ""policy"": ""static""}"
static,ssr+lbacap_noisy,0.6,1.0,1.0,0.5,gwr,0.6,True,omega,nym,3,0.7,81.08818512908033,28649.005517415866,30902.95432513592,93325.43007969914,6.027165084361184,6.321928094887363,0.30199704274869177,0.16875,0.018179312615615027,0.0,OptiMix SSR+LBA (noisy capacities σ=0.5),0.6,"{""cap_noise"": 0.5, ""policy"": ""static""}"
static,ssr+lbacap_noisy,0.6,1.0,1.0,0.5,gwr,0.6,True,omega,nym,4,0.7,81.32965203031664,27717.28190742675,30902.95432513592,93325.43007969914,6.028836181276382,6.321928094887363,0.2406211277764514,0.1625,0.0170950202705833,0.0,OptiMix SSR+LBA (noisy capacities σ=0.5),0.6,"{""cap_noise"": 0.5, ""policy"": ""static""}"
static,ssr+lbacap_noisy,0.8,1.0,1.0,0.5,gwr,0.6,True,omega,nym,2,0.7,87.43562834873985,26412.04170571723,30902.95432513592,93325.43007969914,6.053023234995084,6.321928094887363,0.22651054812057914,0.175,0.015065448970135514,0.0,OptiMix SSR+LBA (noisy capacities σ=0.5),0.8,"{""cap_noise"": 0.5, ""policy"": ""static""}"
static,ssr+lbacap_noisy,0.8,1.0,1.0,0.5,gwr,0.6,True,omega,nym,3,0.7,89.93721963764224,28548.406698281877,30902.95432513592,93325.43007969914,6.040335613822019,6.321928094887363,0.29494242223337586,0.1625,0.017344163491120418,0.0,OptiMix SSR+LBA (noisy capacities σ=0.5),0.8,"{""cap_noise"": 0.5, ""policy"": ""static""}"
static,ssr+lbacap_noisy,0.8,1.0,1.0,0.5,gwr,0.6,True,omega,nym,0,0.7,93.12249016747467,28588.745439610313,30902.95432513592,93325.43007969914,6.0547389018489195,6.321928094887363,0.24906919293759877,0.1625,0.016715342978812532,0.0,OptiMix SSR+LBA (noisy capacities σ=0.5),0.8,"{""cap_noise"": 0.5, ""policy"": ""static""}"
static,ssr+lbacap_noisy,0.8,1.0,1.0,0.5,gwr,0.6,True,omega,nym,1,0.7,93.10123098166835,25949.430182112712,30902.95432513592,93325.43007969914,6.051211408104459,6.321928094887363,0.2638028963911241,0.15,0.017855963658680064,0.0,OptiMix SSR+LBA (noisy capacities σ=0.5),0.8,"{""cap_noise"": 0.5, ""policy"": ""static""}"
static,ssr+lbacap_noisy,0.8,1.0,1.0,0.5,gwr,0.6,True,omega,nym,4,0.7,91.87684718617037,28370.284659289955,30902.95432513592,93325.43007969914,6.039907096016105,6.321928094887363,0.2388752127832905,0.175,0.01635894890991372,0.0,OptiMix SSR+LBA (noisy capacities σ=0.5),0.8,"{""cap_noise"": 0.5, ""policy"": ""static""}"
static,gpr+lba,0.0,1.0,1.0,0.5,gwr,0.6,True,omega,nym,0,0.7,25.362254259066155,26500.677206056043,30902.95432513592,93325.43007969914,4.483574801784287,6.321928094887363,0.20890507394393287,0.26875,0.03889469792629888,0.0,OptiMix GPR+LBA (equal-load target),0.0,"{""policy"": ""static""}"
static,gpr+lba,0.0,1.0,1.0,0.5,gwr,0.6,True,omega,nym,1,0.7,31.737891395165224,27342.20179385953,30902.95432513592,93325.43007969914,4.850348736153393,6.321928094887363,0.2413641374254485,0.3125,0.029696898517021182,0.0,OptiMix GPR+LBA (equal-load target),0.0,"{""policy"": ""static""}"
static,gpr+lba,0.0,1.0,1.0,0.5,gwr,0.6,True,omega,nym,2,0.7,22.78845092067618,25402.034143822388,30902.95432513592,93325.43007969914,4.522913106377999,6.321928094887363,0.21838830731446257,0.28125,0.03473362739228332,0.0,OptiMix GPR+LBA (equal-load target),0.0,"{""policy"": ""static""}"
static,gpr+lba,0.0,1.0,1.0,0.5,gwr,0.6,True,omega,nym,3,0.7,32.37043115808202,24038.112855118838,30902.95432513592,89125.0938133746,4.802148430979214,6.321928094887363,0.2191293518932642,0.25,0.03006794702000057,0.0,OptiMix GPR+LBA (equal-load target),0.0,"{""policy"": ""static""}"
static,gpr+lba,0.0,1.0,1.0,0.5,gwr,0.6,True,omega,nym,4,0.7,22.18611121397835,25031.5811085762,30902.95432513592,93325.43007969914,4.343524389933002,6.321928094887363,0.19642778463901145,0.26875,0.03568768364693845,0.0,OptiMix GPR+LBA (equal-load target),0.0,"{""policy"": ""static""}"
static,gpr+lba,0.2,1.0,1.0,0.5,gwr,0.6,True,omega,nym,0,0.7,26.584211189203163,26648.450414760282,30902.95432513592,93325.43007969914,4.669767730888038,6.321928094887363,0.2086256627600378,0.26875,0.036383782369339764,0.0,OptiMix GPR+LBA (equal-load target),0.2,"{""policy"": ""static""}"
static,gpr+lba,0.2,1.0,1.0,0.5,gwr,0.6,True,omega,nym,1,0.7,33.30243888373926,27341.341671877777,30902.95432513592,93325.43007969914,5.031432705748138,6.321928094887363,0.24152159187687028,0.3125,0.026889684495836508,0.0,OptiMix GPR+LBA (equal-load target),0.2,"{""policy"": ""static""}"
static,gpr+lba,0.2,1.0,1.0,0.5,gwr,0.6,True,omega,nym,2,0.7,24.20410403936157,25463.718071973308,30902.95432513592,93325.43007969914,4.703401544541814,6.321928094887363,0.21756993106692768,0.28125,0.03314652417001281,0.0,OptiMix GPR+LBA (equal-load target),0.2,"{""policy"": ""static""}"
static,gpr+lba,0.2,1.0,1.0,0.5,gwr,0.6,True,omega,nym,3,0.7,34.29920937950602,24007.592143403937,30902.95432513592,93325.43007969914,5.031067632672121,6.321928094887363,0.21965148008159296,0.25,0.02681752035724762,0.0,OptiMix GPR+LBA (equal-load target),0.2,"{""policy"": ""static""}"
static,gpr+lba,0.2,1.0,1.0,0.5,gwr,0.6,True,omega,nym,4,0.7,23.47308992746667,25054.550383745707,30902.95432513592,93325.43007969914,4.536207806359805,6.321928094887363,0.1961330617680681,0.26875,0.0327393605004894,0.0,OptiMix GPR+LBA (equal-load target),0.2,"{""policy"": ""static""}"
static,gpr+lba,0.4,1.0,1.0,0.5,gwr,0.6,True,omega,nym,0,0.7,28.79787335583877,26754.943526769388,30902.95432513592,93325.43007969914,4.915983942030342,6.321928094887363,0.2089730595736976,0.275,0.03271780313483695,0.0,OptiMix GPR+LBA (equal-load target),0.4,"{""policy"": ""static""}"
static,gpr+lba,0.4,1.0,1.0,0.5,gwr,0.6,True,omega,nym,1,0.7,35.68466150150886,27332.58789117955,30902.95432513592,93325.43007969914,5.265055118544902,6.321928094887363,0.24008589921885415,0.3125,0.023785429864125313,0.0,OptiMix GPR+LBA (equal-load target),0.4,"{""policy"": ""static""}"
static,gpr+lba,0.4,1.0,1.0,0.5,gwr,0.6,True,omega,nym,2,0.7,26.709682659632175,25539.37354825302,30902.95432513592,93325.43007969914,4.942655106705702,6.321928094887363,0.21714297113467107,0.28125,0.03128555858944777,0.0,OptiMix GPR+LBA (equal-load target),0.4,"{""policy"": ""static""}"
static,gpr+lba,0.6,1.0,1.0,0.5,gwr,0.6,True,omega,nym,0,0.7,33.39700719965632,26603.072368422894,30902.95432513592,93325.43007969914,5.265704013977223,6.321928094887363,0.20891888313097162,0.26875,0.028074181980019673,0.0,OptiMix GPR+LBA (equal-load target),0.6,"{""policy"": ""static""}"
static,gpr+lba,0.6,1.0,1.0,0.5,gwr,0.6,True,omega,nym,1,0.7,39.662878669535566,27310.8670432355,30902.95432513592,93325.43007969914,5.5625169504946514,6.321928094887363,0.24022728607720922,0.3125,0.020467895699459313,0.0,OptiMix GPR+LBA (equal-load target),0.6,"{""policy"": ""static""}"
static,gpr+lba,0.4,1.0,1.0,0.5,gwr,0.6,True,omega,nym,3,0.7,37.23340551560614,23951.142912912852,30902.95432513592,93325.43007969914,5.310397439729985,6.321928094887363,0.219897603236886,0.25,0.023547741964558437,0.0,OptiMix GPR+LBA (equal-load target),0.4,"{""policy"": ""static""}"
static,gpr+lba,0.4,1.0,1.0,0.5,gwr,0.6,True,omega,nym,4,0.7,25.706668417374193,25085.67746495784,30902.95432513592,93325.43007969914,4.789128614466687,6.321928094887363,0.19692045212263598,0.26875,0.02956095009887518,0.0,OptiMix GPR+LBA (equal-load target),0.4,"{""policy"": ""static""}"
static,gpr+lba,0.6,1.0,1.0,0.5,gwr,0.6,True,omega,nym,2,0.7,31.65392243198795,26076.311731443573,30902.95432513592,93325.43007969914,5.2754073581179135,6.321928094887363,0.21657215766517024,0.29375,0.028781505549645973,0.0,OptiMix GPR+LBA (equal-load target),0.6,"{""policy"": ""static""}"
static,gpr+lba,0.6,1.0,1.0,0.5,gwr,0.6,True,omega,nym,3,0.7,42.003127682132614,23944.0712514087,30902.95432513592,93325.43007969914,5.63089165360573,6.321928094887363,0.22057746631084463,0.24375,0.020383605255826515,0.0,OptiMix GPR+LBA (equal-load target),0.6,"{""policy"": ""static""}"
static,gpr+lba,0.8,1.0,1.0,0.5,gwr,0.6,True,omega,nym,3,0.7,52.7363555500511,23917.472160222704,30902.95432513592,93325.43007969914,6.001918437886941,6.321928094887363,0.22088429774092644,0.24375,0.01555039565375598,0.0,OptiMix GPR+LBA (equal-load target),0.8,"{""policy"": ""static""}"
static,gpr+lba,0.8,1.0,1.0,0.5,gwr,0.6,True,omega,nym,4,0.7,43.73909111923935,25193.76983966398,30902.95432513592,93325.43007969914,5.749599126179541,6.321928094887363,0.19716202102480263,0.26875,0.020056484739795842,0.0,OptiMix GPR+LBA (equal-load target),0.8,"{""policy"": ""static""}"
static,gpr+lba,0.6,1.0,1.0,0.5,gwr,0.6,True,omega,nym,4,0.7,30.491888496754743,25059.821434356818,30902.95432513592,93325.43007969914,5.16136939158199,6.321928094887363,0.19706515912078815,0.26875,0.025453671781415103,0.0,OptiMix GPR+LBA (equal-load target),0.6,"{""policy"": ""static""}"
static,gpr+lba,0.8,1.0,1.0,0.5,gwr,0.6,True,omega,nym,0,0.7,45.74246052558078,26817.79239691389,30902.95432513592,93325.43007969914,5.809196502059223,6.321928094887363,0.20885396794772082,0.275,0.02083292702935247,0.0,OptiMix GPR+LBA (equal-load target),0.8,"{""policy"": ""static""}"
static,gpr+lba,0.8,1.0,1.0,0.5,gwr,0.6,True,omega,nym,1,0.7,49.73886803373468,27344.26609040442,30902.95432513592,93325.43007969914,5.946107827683526,6.321928094887363,0.23920489798148004,0.3125,0.01505822088006652,0.0,OptiMix GPR+LBA (equal-load target),0.8,"{""policy"": ""static""}"
static,gpr+lba,0.8,1.0,1.0,0.5,gwr,0.6,True,omega,nym,2,0.7,44.36957605374736,25981.246820503005,30902.95432513592,93325.43007969914,5.827137499781296,6.321928094887363,0.2156006110727653,0.29375,0.022732878507506833,0.0,OptiMix GPR+LBA (equal-load target),0.8,"{""policy"": ""static""}"
static,gpr+lbacap,0.0,1.0,1.0,0.5,gwr,0.6,True,omega,nym,0,0.7,30.77763514869521,9879.7026541961,371.5352290971726,32359.365692962812,4.876449924476505,6.321928094887363,0.02520358131362288,0.0,0.03393061772993846,0.0,OptiMix GPR+LBA (true capacities),0.0,"{""policy"": ""static""}"
static,gpr+lbacap,0.0,1.0,1.0,0.5,gwr,0.6,True,omega,nym,1,0.7,37.5421540418689,8049.980967957104,338.84415613920254,30902.95432513592,5.052267437024287,6.321928094887363,0.022017234799002194,0.0,0.02989884221585818,0.0,OptiMix GPR+LBA (true capacities),0.0,"{""policy"": ""static""}"
static,gpr+lbacap,0.0,1.0,1.0,0.5,gwr,0.6,True,omega,nym,2,0.7,33.10558505177003,8439.323094972295,323.59365692962825,32359.365692962812,4.936916904186813,6.321928094887363,0.02321719791709964,0.00625,0.03411736902324898,0.0,OptiMix GPR+LBA (true capacities),0.0,"{""policy"": ""static""}"
static,gpr+lbacap,0.0,1.0,1.0,0.5,gwr,0.6,True,omega,nym,3,0.7,37.15559917777584,8513.924523235142,338.84415613920254,30902.95432513592,5.159621767705225,6.321928094887363,0.021404921046219494,0.0,0.02794929635144769,0.0,OptiMix GPR+LBA (true capacities),0.0,"{""policy"": ""static""}"
static,gpr+lbacap,0.0,1.0,1.0,0.5,gwr,0.6,True,omega,nym,4,0.7,27.27613065037769,8486.102435308605,323.59365692962825,30902.95432513592,4.752463755828143,6.321928094887363,0.023564733178164765,0.0,0.03323747561721559,0.0,OptiMix GPR+LBA (true capacities),0.0,"{""policy"": ""static""}"
static,gpr+lbacap,0.2,1.0,1.0,0.5,gwr,0.6,True,omega,nym,0,0.7,31.297854657053733,9870.008871985508,354.8133892335755,32359.365692962812,4.992263943977264,6.321928094887363,0.024019240185088275,0.0,0.03181345342211687,0.0,OptiMix GPR+LBA (true capacities),0.2,"{""policy"": ""static""}"
static,gpr+lbacap,0.2,1.0,1.0,0.5,gwr,0.6,True,omega,nym,3,0.7,38.14812883066047,8504.750489502187,338.84415613920254,30902.95432513592,5.294292106928042,6.321928094887363,0.02023145850992636,0.0,0.025320690648229217,0.0,OptiMix GPR+LBA (true capacities),0.2,"{""policy"": ""static""}"
static,gpr+lbacap,0.2,1.0,1.0,0.5,gwr,0.6,True,omega,nym,4,0.7,28.059139312439473,8472.61073182016,323.59365692962825,30902.95432513592,4.889338004170158,6.321928094887363,0.02230336547060463,0.0,0.030551010407026208,0.0,OptiMix GPR+LBA (true capacities),0.2,"{""policy"": ""static""}"
static,gpr+lbacap,0.2,1.0,1.0,0.5,gwr,0.6,True,omega,nym,1,0.7,38.406473871471064,8039.808697079819,338.84415613920254,30902.95432513592,5.156879677029524,6.321928094887363,0.021093398222246318,0.0,0.027964902422908534,0.0,OptiMix GPR+LBA (true capacities),0.2,"{""policy"": ""static""}"
static,gpr+lbacap,0.2,1.0,1.0,0.5,gwr,0.6,True,omega,nym,2,0.7,33.68352753357927,8303.575535490862,323.59365692962825,32359.365692962812,5.0595930849157496,6.321928094887363,0.02193235472551991,0.00625,0.032198157069770035,0.0,OptiMix GPR+LBA (true capacities),0.2,"{""policy"": ""static""}"
static,gpr+lbacap,0.4,1.0,1.0,0.5,gwr,0.6,True,omega,nym,0,0.7,32.873860815828564,9857.48851493293,354.8133892335755,30902.95432513592,5.153065122460513,6.321928094887363,0.02255265780298843,0.0,0.029173232777561876,0.0,OptiMix GPR+LBA (true capacities),0.4,"{""policy"": ""static""}"
static,gpr+lbacap,0.4,1.0,1.0,0.5,gwr,0.6,True,omega,nym,1,0.7,40.145581162676905,8022.319509639013,338.84415613920254,30902.95432513592,5.306648755385433,6.321928094887363,0.01953214906883516,0.0,0.02539503056413126,0.0,OptiMix GPR+LBA (true capacities),0.4,"{""policy"": ""static""}"
static,gpr+lbacap,0.4,1.0,1.0,0.5,gwr,0.6,True,omega,nym,2,0.7,35.14125411365757,8125.937775810305,323.59365692962825,30902.95432513592,5.223031184422602,6.321928094887363,0.020750688513762938,0.0,0.030336844853620027,0.0,OptiMix GPR+LBA (true capacities),0.4,"{""policy"": ""static""}"
static,gpr+lbacap,0.4,1.0,1.0,0.5,gwr,0.6,True,omega,nym,3,0.7,40.17246960424637,8499.460650170633,338.84415613920254,30902.95432513592,5.4630624451523015,6.321928094887363,0.01918528199886982,0.0,0.022217884985403318,0.0,OptiMix GPR+LBA (true capacities),0.4,"{""policy"": ""static""}"
static,gpr+lbacap,0.4,1.0,1.0,0.5,gwr,0.6,True,omega,nym,4,0.7,29.852112282592344,8462.923588698026,323.59365692962825,30902.95432513592,5.071115972189872,6.321928094887363,0.0208737555484233,0.0,0.027885074669182643,0.0,OptiMix GPR+LBA (true capacities),0.4,"{""policy"": ""static""}"
static,gpr+lbacap,0.6,1.0,1.0,0.5,gwr,0.6,True,omega,nym,0,0.7,36.86422462829431,9854.707815493999,354.8133892335755,30902.95432513592,5.391720381725191,6.321928094887363,0.021026590463313788,0.0,0.025348536781510823,0.0,OptiMix GPR+LBA (true capacities),0.6,"{""policy"": ""static""}"
static,gpr+lbacap,0.6,1.0,1.0,0.5,gwr,0.6,True,omega,nym,1,0.7,44.0250999972618,8011.396067874739,338.84415613920254,30902.95432513592,5.559149678743105,6.321928094887363,0.01781499012904275,0.0,0.021649809039499066,0.0,OptiMix GPR+LBA (true capacities),0.6,"{""policy"": ""static""}"
static,gpr+lbacap,0.6,1.0,1.0,0.5,gwr,0.6,True,omega,nym,2,0.7,38.73456066964737,8097.2017451095935,323.59365692962825,30902.95432513592,5.444807135853631,6.321928094887363,0.019038062031296876,0.0,0.02767598984206699,0.0,OptiMix GPR+LBA (true capacities),0.6,"{""policy"": ""static""}"
static,gpr+lbacap,0.8,1.0,1.0,0.5,gwr,0.6,True,omega,nym,2,0.7,49.1767992328417,8093.658623098564,338.84415613920254,30902.95432513592,5.806180923091703,6.321928094887363,0.01695962001710849,0.0,0.021727932744687033,0.0,OptiMix GPR+LBA (true capacities),0.8,"{""policy"": ""static""}"
static,gpr+lbacap,0.8,1.0,1.0,0.5,gwr,0.6,True,omega,nym,3,0.7,52.67513634862629,8503.033695505477,338.84415613920254,30902.95432513592,5.928279889433701,6.321928094887363,0.016718709470513682,0.0,0.01552785552304651,0.0,OptiMix GPR+LBA (true capacities),0.8,"{""policy"": ""static""}"
static,gpr+lbacap,0.8,1.0,1.0,0.5,gwr,0.6,True,omega,nym,4,0.7,44.37878933932809,8467.145057214962,338.84415613920254,30902.95432513592,5.7422563965316895,6.321928094887363,0.01761211294533105,0.0,0.019065074240750546,0.0,OptiMix GPR+LBA (true capacities),0.8,"{""policy"": ""static""}"
static,gpr+lbacap_noisy,0.0,1.0,1.0,0.5,gwr,0.6,True,omega,nym,0,0.7,30.952402623220674,29733.18773168343,30902.95432513592,93325.43007969914,4.620194211633428,6.321928094887363,0.2932829379465054,0.1625,0.04150505342497809,0.0,OptiMix GPR+LBA (noisy capacities σ=0.5),0.0,"{""cap_noise"": 0.5, ""policy"": ""static""}"
static,gpr+lbacap,0.6,1.0,1.0,0.5,gwr,0.6,True,omega,nym,3,0.7,43.942109554396566,8498.784901146071,338.84415613920254,30902.95432513592,5.6708184565521185,6.321928094887363,0.018264335721265068,0.0,0.019326499196695646,0.0,OptiMix GPR+LBA (true capacities),0.6,"{""policy"": ""static""}"
static,gpr+lbacap,0.6,1.0,1.0,0.5,gwr,0.6,True,omega,nym,4,0.7,33.64497862803978,8461.17573239811,323.59365692962825,30902.95432513592,5.326424652524598,6.321928094887363,0.019582068387066887,0.0,0.02447924437397273,0.0,OptiMix GPR+LBA (true capacities),0.6,"{""policy"": ""static""}"
static,gpr+lbacap,0.8,1.0,1.0,0.5,gwr,0.6,True,omega,nym,0,0.7,48.11430757155,9856.546899877168,371.5352290971726,30902.95432513592,5.816157674103634,6.321928094887363,0.01868851413520889,0.0,0.018027364771657478,0.0,OptiMix GPR+LBA (true capacities),0.8,"{""policy"": ""static""}"
static,gpr+lbacap,0.8,1.0,1.0,0.5,gwr,0.6,True,omega,nym,1,0.7,53.751640494391,8013.715006171767,354.8133892335755,30902.95432513592,5.887994081957579,6.321928094887363,0.01643727110591975,0.0,0.016345297269798498,0.0,OptiMix GPR+LBA (true capacities),0.8,"{""policy"": ""static""}"
static,gpr+lbacap_noisy,0.0,1.0,1.0,0.5,gwr,0.6,True,omega,nym,1,0.7,37.88567988782538,27350.28015316449,30902.95432513592,93325.43007969914,4.810301523011779,6.321928094887363,0.34526461598273683,0.15,0.03922143351735495,0.0,OptiMix GPR+LBA (noisy capacities σ=0.5),0.0,"{""cap_noise"": 0.5, ""policy"": ""static""}"
static,gpr+lbacap_noisy,0.0,1.0,1.0,0.5,gwr,0.6,True,omega,nym,2,0.7,33.43215245109309,27468.604576329377,30902.95432513592,93325.43007969914,4.854079532162421,6.321928094887363,0.24113229890750576,0.18125,0.03676165469495625,0.0,OptiMix GPR+LBA (noisy capacities σ=0.5),0.0,"{""cap_noise"": 0.5, ""policy"": ""static""}"
static,gpr+lbacap_noisy,0.0,1.0,1.0,0.5,gwr,0.6,True,omega,nym,3,0.7,39.15638808513562,30789.360500420677,30902.95432513592,93325.43007969914,4.953446693697932,6.321928094887363,0.34590054121727887,0.18125,0.03539928786788513,0.0,OptiMix GPR+LBA (noisy capacities σ=0.5),0.0,"{""cap_noise"": 0.5, ""policy"": ""static""}"
static,gpr+lbacap_noisy,0.0,1.0,1.0,0.5,gwr,0.6,True,omega,nym,4,0.7,28.508669566570976,28815.422757467233,30902.95432513592,93325.43007969914,4.677364236638864,6.321928094887363,0.27281807058011487,0.16875,0.03605140862992023,0.0,OptiMix GPR+LBA (noisy capacities σ=0.5),0.0,"{""cap_noise"": 0.5, ""policy"": ""static""}"
static,gpr+lbacap_noisy,0.2,1.0,1.0,0.5,gwr,0.6,True,omega,nym,0,0.7,31.308007800393952,29673.28641232077,30902.95432513592,93325.43007969914,4.731467023316204,6.321928094887363,0.2898153920367026,0.1625,0.039728562945210384,0.0,OptiMix GPR+LBA (noisy capacities σ=0.5),0.2,"{""cap_noise"": 0.5, ""policy"": ""static""}"
static,gpr+lbacap_noisy,0.2,1.0,1.0,0.5,gwr,0.6,True,omega,nym,1,0.7,38.79407221679065,26909.84650917442,30902.95432513592,93325.43007969914,4.933713942942061,6.321928094887363,0.3288522614613474,0.14375,0.03707497228780834,0.0,OptiMix GPR+LBA (noisy capacities σ=0.5),0.2,"{""cap_noise"": 0.5, ""policy"": ""static""}"
static,gpr+lbacap_noisy,0.2,1.0,1.0,0.5,gwr,0.6,True,omega,nym,2,0.7,33.91960507220306,26754.18810435761,30902.95432513592,93325.43007969914,4.973094055191489,6.321928094887363,0.2380626034181217,0.175,0.03435725878480182,0.0,OptiMix GPR+LBA (noisy capacities σ=0.5),0.2,"{""cap_noise"": 0.5, ""policy"": ""static""}"
static,gpr+lbacap_noisy,0.2,1.0,1.0,0.5,gwr,0.6,True,omega,nym,3,0.7,39.94843113012753,30002.361735492857,30902.95432513592,93325.43007969914,5.062615088692449,6.321928094887363,0.3391645016577214,0.175,0.033307068642168224,0.0,OptiMix GPR+LBA (noisy capacities σ=0.5),0.2,"{""cap_noise"": 0.5, ""policy"": ""static""}"
static,gpr+lbacap_noisy,0.2,1.0,1.0,0.5,gwr,0.6,True,omega,nym,4,0.7,28.945945337798353,28643.779438240224,30902.95432513592,93325.43007969914,4.786005983212731,6.321928094887363,0.2712286016545642,0.16875,0.03372658708965791,0.0,OptiMix GPR+LBA (noisy capacities σ=0.5),0.2,"{""cap_noise"": 0.5, ""policy"": ""static""}"
static,gpr+lbacap_noisy,0.4,1.0,1.0,0.5,gwr,0.6,True,omega,nym,0,0.7,32.704771955487125,29442.578353969737,30902.95432513592,93325.43007969914,4.885323149584405,6.321928094887363,0.28358164215017934,0.1625,0.03740814003474584,0.0,OptiMix GPR+LBA (noisy capacities σ=0.5),0.4,"{""cap_noise"": 0.5, ""policy"": ""static""}"
static,gpr+lbacap_noisy,0.4,1.0,1.0,0.5,gwr,0.6,True,omega,nym,1,0.7,40.58442449797739,26746.119031418355,30902.95432513592,93325.43007969914,5.1020636131388075,6.321928094887363,0.308976385027689,0.14375,0.0345986058367189,0.0,OptiMix GPR+LBA (noisy capacities σ=0.5),0.4,"{""cap_noise"": 0.5, ""policy"": ""static""}"
static,gpr+lbacap_noisy,0.4,1.0,1.0,0.5,gwr,0.6,True,omega,nym,2,0.7,35.3494902725254,26821.852825272523,30902.95432513592,93325.43007969914,5.139000045991727,6.321928094887363,0.2371879734851181,0.175,0.031419432046621606,0.0,OptiMix GPR+LBA (noisy capacities σ=0.5),0.4,"{""cap_noise"": 0.5, ""policy"": ""static""}"
static,gpr+lbacap_noisy,0.4,1.0,1.0,0.5,gwr,0.6,True,omega,nym,3,0.7,41.941593368559076,29824.200182804398,30902.95432513592,93325.43007969914,5.21697047764019,6.321928094887363,0.33035302799064525,0.175,0.030679245633541307,0.0,OptiMix GPR+LBA (noisy capacities σ=0.5),0.4,"{""cap_noise"": 0.5, ""policy"": ""static""}"
static,gpr+lbacap_noisy,0.4,1.0,1.0,0.5,gwr,0.6,True,omega,nym,4,0.7,30.23956120381674,28012.470411466526,30902.95432513592,93325.43007969914,4.9364434088776115,6.321928094887363,0.269702491751207,0.1625,0.030760829550435992,0.0,OptiMix GPR+LBA (noisy capacities σ=0.5),0.4,"{""cap_noise"": 0.5, ""policy"": ""static""}"
static,gpr+lbacap_noisy,0.6,1.0,1.0,0.5,gwr,0.6,True,omega,nym,2,0.7,38.640021737417904,25923.927343458192,30902.95432513592,93325.43007969914,5.36179456545173,6.321928094887363,0.23584840833611276,0.16875,0.027727612033889237,0.0,OptiMix GPR+LBA (noisy capacities σ=0.5),0.6,"{""cap_noise"": 0.5, ""policy"": ""static""}"
static,gpr+lbacap_noisy,0.6,1.0,1.0,0.5,gwr,0.6,True,omega,nym,3,0.7,45.91308556584508,28909.6244592569,30902.95432513592,93325.43007969914,5.441186093410437,6.321928094887363,0.3189100894121091,0.1625,0.026663631635667297,0.0,OptiMix GPR+LBA (noisy capacities σ=0.5),0.6,"{""cap_noise"": 0.5, ""policy"": ""static""}"
static,gpr+lbacap_noisy,0.6,1.0,1.0,0.5,gwr,0.6,True,omega,nym,0,0.7,36.28263709837606,29455.237765726073,30902.95432513592,93325.43007969914,5.11884069641299,6.321928094887363,0.27407253389905284,0.1625,0.03367256241406055,0.0,OptiMix GPR+LBA (noisy capacities σ=0.5),0.6,"{""cap_noise"": 0.5, ""policy"": ""static""}"
static,gpr+lbacap_noisy,0.6,1.0,1.0,0.5,gwr,0.6,True,omega,nym,1,0.7,44.638426690902186,26964.697521156977,30902.95432513592,93325.43007969914,5.3932390993924155,6.321928094887363,0.28438044128631135,0.15,0.029165140939516505,0.0,OptiMix GPR+LBA (noisy capacities σ=0.5),0.6,"{""cap_noise"": 0.5, ""policy"": ""static""}"
static,gpr+lbacap_noisy,0.6,1.0,1.0,0.5,gwr,0.6,True,omega,nym,4,0.7,33.496320873839366,27986.34611898502,30902.95432513592,93325.43007969914,5.166058134299313,6.321928094887363,0.26232215046919394,0.1625,0.027927652204499477,0.0,OptiMix GPR+LBA (noisy capacities σ=0.5),0.6,"{""cap_noise"": 0.5, ""policy"": ""static""}"
static,gpr+lbacap_noisy,0.8,1.0,1.0,0.5,gwr,0.6,True,omega,nym,0,0.7,47.18668831368046,29742.386650297456,30902.95432513592,93325.43007969914,5.571455306255504,6.321928094887363,0.2587660309425879,0.16875,0.026112210751657088,0.0,OptiMix GPR+LBA (noisy capacities σ=0.5),0.8,"{""cap_noise"": 0.5, ""policy"": ""static""}"
static,gpr+lbacap_noisy,0.8,1.0,1.0,0.5,gwr,0.6,True,omega,nym,1,0.7,54.805329657683686,26040.614988907517,30902.95432513592,93325.43007969914,5.7655798722511,6.321928094887363,0.2686758774569262,0.15,0.022212415734488206,0.0,OptiMix GPR+LBA (noisy capacities σ=0.5),0.8,"{""cap_noise"": 0.5, ""policy"": ""static""}"
static,gpr+lbacap_noisy,0.8,1.0,1.0,0.5,gwr,0.6,True,omega,nym,2,0.7,47.68930123288495,26508.94537003923,30902.95432513592,93325.43007969914,5.665204294417322,6.321928094887363,0.23213805674001464,0.175,0.02339492050637954,0.0,OptiMix GPR+LBA (noisy capacities σ=0.5),0.8,"{""cap_noise"": 0.5, ""policy"": ""static""}"
static,gpr+lbacap_noisy,0.8,1.0,1.0,0.5,gwr,0.6,True,omega,nym,3,0.7,55.999951494009444,29082.601676832,30902.95432513592,93325.43007969914,5.756076324114263,6.321928094887363,0.3068537765623549,0.16875,0.021993922650876057,0.0,OptiMix GPR+LBA (noisy capacities σ=0.5),0.8,"{""cap_noise"": 0.5, ""policy"": ""static""}"
static,gpr+lbacap_noisy,0.8,1.0,1.0,0.5,gwr,0.6,True,omega,nym,4,0.7,43.656908271068666,28640.513363451664,30902.95432513592,93325.43007969914,5.55483634536642,6.321928094887363,0.25049013851198954,0.16875,0.023005602267287546,0.0,OptiMix GPR+LBA (noisy capacities σ=0.5),0.8,"{""cap_noise"": 0.5, ""policy"": ""static""}"
latref,regretor,0.0,1.0,1.0,0.5,ssr,0.0,True,omega,nym,2,0.7,46.2726629418173,12467.5349760901,467.73514128719813,61659.50018614822,5.8248412692056935,6.321928094887363,0.08236571450952423,0.0375,0.02156407651776667,5.823194444444445,"ours: public SSR reference, θ=1.0",0.0,"{""policy"": ""latref"", ""ref_rule"": ""ssr"", ""ref_tau"": 0.0, ""theta"": 1.0}"
latref,regretor,0.0,1.0,1.0,0.5,ssr,0.0,True,omega,nym,3,0.7,50.99549098240813,9435.494124039025,371.5352290971726,32359.365692962812,5.9058841626494845,6.321928094887363,0.034613759810104616,0.025,0.01834030008977542,5.164340277777778,"ours: public SSR reference, θ=1.0",0.0,"{""policy"": ""latref"", ""ref_rule"": ""ssr"", ""ref_tau"": 0.0, ""theta"": 1.0}"
latref,regretor,0.0,1.0,1.0,0.5,ssr,0.0,True,omega,nym,0,0.7,54.20987534152608,10347.464367739401,426.57951880159254,32359.365692962812,5.911687515932153,6.321928094887363,0.03394332379996867,0.00625,0.019093595068576486,5.180243055555556,"ours: public SSR reference, θ=1.0",0.0,"{""policy"": ""latref"", ""ref_rule"": ""ssr"", ""ref_tau"": 0.0, ""theta"": 1.0}"
latref,regretor,0.0,1.0,1.0,0.5,ssr,0.0,True,omega,nym,1,0.7,51.37936426758695,8733.385358102048,389.0451449942807,32359.365692962812,5.847052199359071,6.321928094887363,0.05210581450448126,0.0125,0.02017154589701223,5.178020833333333,"ours: public SSR reference, θ=1.0",0.0,"{""policy"": ""latref"", ""ref_rule"": ""ssr"", ""ref_tau"": 0.0, ""theta"": 1.0}"
latref,regretor,0.0,1.0,1.0,0.5,ssr,0.0,True,omega,nym,4,0.7,48.009806934252985,8429.36638443611,354.8133892335755,30902.95432513592,5.8482640061067706,6.321928094887363,0.02886260651977879,0.0,0.021419617047744137,5.467552083333333,"ours: public SSR reference, θ=1.0",0.0,"{""policy"": ""latref"", ""ref_rule"": ""ssr"", ""ref_tau"": 0.0, ""theta"": 1.0}"
latref,regretor,0.0,1.0,1.0,0.5,ssr,0.2,True,omega,nym,0,0.7,65.57105469702758,10046.06558638739,407.38027780411284,30902.95432513592,6.115557802063545,6.321928094887363,0.022593741409289825,0.0,0.014181098368792023,3.3927951388888884,"ours: public SSR reference, θ=1.0",0.0,"{""policy"": ""latref"", ""ref_rule"": ""ssr"", ""ref_tau"": 0.2, ""theta"": 1.0}"
latref,regretor,0.0,1.0,1.0,0.5,ssr,0.2,True,omega,nym,1,0.7,63.11832712949598,8199.978088860213,371.5352290971726,32359.365692962812,6.073910158188296,6.321928094887363,0.03458803799614385,0.0,0.014886449478074007,3.430104166666667,"ours: public SSR reference, θ=1.0",0.0,"{""policy"": ""latref"", ""ref_rule"": ""ssr"", ""ref_tau"": 0.2, ""theta"": 1.0}"
latref,regretor,0.0,1.0,1.0,0.5,ssr,0.2,True,omega,nym,2,0.7,58.87844482861735,8971.919303517987,371.5352290971726,32359.365692962812,6.077421129119853,6.321928094887363,0.03607718645178859,0.025,0.015303452860533376,3.6970312499999998,"ours: public SSR reference, θ=1.0",0.0,"{""policy"": ""latref"", ""ref_rule"": ""ssr"", ""ref_tau"": 0.2, ""theta"": 1.0}"
latref,regretor,0.0,1.0,1.0,0.5,ssr,0.2,True,omega,nym,3,0.7,61.673454371697275,8944.759012521174,371.5352290971726,32359.365692962812,6.099611955969605,6.321928094887363,0.024692927215104854,0.0125,0.013507374248090847,3.2724305555555553,"ours: public SSR reference, θ=1.0",0.0,"{""policy"": ""latref"", ""ref_rule"": ""ssr"", ""ref_tau"": 0.2, ""theta"": 1.0}"
latref,regretor,0.0,1.0,1.0,0.5,ssr,0.2,True,omega,nym,4,0.7,60.51564841271923,8609.075191775288,371.5352290971726,30902.95432513592,6.083638814257308,6.321928094887363,0.021876497699076403,0.00625,0.01580561039049289,3.45703125,"ours: public SSR reference, θ=1.0",0.0,"{""policy"": ""latref"", ""ref_rule"": ""ssr"", ""ref_tau"": 0.2, ""theta"": 1.0}"
latref,regretor,0.0,1.0,1.0,0.5,ssr,0.4,True,omega,nym,0,0.7,77.13818090525264,10045.05162745024,407.38027780411284,30902.95432513592,6.203043891825319,6.321928094887363,0.018690180528467826,0.0,0.01093571480966429,2.304565972222222,"ours: public SSR reference, θ=1.0",0.0,"{""policy"": ""latref"", ""ref_rule"": ""ssr"", ""ref_tau"": 0.4, ""theta"": 1.0}"
latref,regretor,0.0,1.0,1.0,0.5,ssr,0.4,True,omega,nym,1,0.7,75.83594925193354,8129.930511020294,389.0451449942807,30902.95432513592,6.1789869469775525,6.321928094887363,0.023228963563975302,0.0,0.011447658878841317,2.3598090277777777,"ours: public SSR reference, θ=1.0",0.0,"{""policy"": ""latref"", ""ref_rule"": ""ssr"", ""ref_tau"": 0.4, ""theta"": 1.0}"
latref,regretor,0.0,1.0,1.0,0.5,ssr,0.4,True,omega,nym,2,0.7,72.8347854644606,8723.373767210214,371.5352290971726,32359.365692962812,6.197435070438996,6.321928094887363,0.023024938930080507,0.01875,0.011186072072655472,2.3415104166666665,"ours: public SSR reference, θ=1.0",0.0,"{""policy"": ""latref"", ""ref_rule"": ""ssr"", ""ref_tau"": 0.4, ""theta"": 1.0}"
latref,regretor,0.0,1.0,1.0,0.5,ssr,0.4,True,omega,nym,3,0.7,72.91216422890511,8915.327006616475,371.5352290971726,30902.95432513592,6.184478586889472,6.321928094887363,0.019761820715964218,0.0125,0.010210848691201984,2.198072916666667,"ours: public SSR reference, θ=1.0",0.0,"{""policy"": ""latref"", ""ref_rule"": ""ssr"", ""ref_tau"": 0.4, ""theta"": 1.0}"
latref,regretor,0.0,1.0,1.0,0.5,ssr,0.4,True,omega,nym,4,0.7,73.73996372437118,8484.1600735404,389.0451449942807,30902.95432513592,6.192585637447229,6.321928094887363,0.019187034287664773,0.0,0.01166813909723603,2.254548611111111,"ours: public SSR reference, θ=1.0",0.0,"{""policy"": ""latref"", ""ref_rule"": ""ssr"", ""ref_tau"": 0.4, ""theta"": 1.0}"
latref,regretor,0.0,1.0,1.0,0.5,ssr,0.6,True,omega,nym,0,0.7,87.35854728040471,10049.275462974136,426.57951880159254,30902.95432513592,6.222955788988961,6.321928094887363,0.017694893185425054,0.0,0.00952934447688849,1.7447222222222223,"ours: public SSR reference, θ=1.0",0.0,"{""policy"": ""latref"", ""ref_rule"": ""ssr"", ""ref_tau"": 0.6, ""theta"": 1.0}"
latref,regretor,0.0,1.0,1.0,0.5,ssr,0.6,True,omega,nym,1,0.7,87.94284465898437,8106.35159705044,389.0451449942807,30902.95432513592,6.201573991272793,6.321928094887363,0.018538329153368727,0.0,0.009999772089069913,1.828940972222222,"ours: public SSR reference, θ=1.0",0.0,"{""policy"": ""latref"", ""ref_rule"": ""ssr"", ""ref_tau"": 0.6, ""theta"": 1.0}"
latref,regretor,0.0,1.0,1.0,0.5,ssr,0.6,True,omega,nym,2,0.7,84.67363253624102,8197.631382644957,389.0451449942807,30902.95432513592,6.22081646871712,6.321928094887363,0.018834845210663476,0.0,0.00923894109046996,1.7574305555555554,"ours: public SSR reference, θ=1.0",0.0,"{""policy"": ""latref"", ""ref_rule"": ""ssr"", ""ref_tau"": 0.6, ""theta"": 1.0}"
latref,regretor,0.0,1.0,1.0,0.5,ssr,0.6,True,omega,nym,3,0.7,83.24825584964515,8586.179036097097,389.0451449942807,30902.95432513592,6.206388619977131,6.321928094887363,0.018358001561281867,0.0,0.008665158393738631,1.6770486111111111,"ours: public SSR reference, θ=1.0",0.0,"{""policy"": ""latref"", ""ref_rule"": ""ssr"", ""ref_tau"": 0.6, ""theta"": 1.0}"
latref,regretor,0.0,1.0,1.0,0.5,ssr,0.6,True,omega,nym,4,0.7,86.25653047296565,8378.855859661355,407.38027780411284,30902.95432513592,6.220326915338994,6.321928094887363,0.01828205736874211,0.0,0.009368111954079517,1.6789409722222222,"ours: public SSR reference, θ=1.0",0.0,"{""policy"": ""latref"", ""ref_rule"": ""ssr"", ""ref_tau"": 0.6, ""theta"": 1.0}"
latref,regretor,0.0,1.0,1.0,0.5,ssr,0.8,True,omega,nym,0,0.7,94.48084213321663,10055.36771305225,426.57951880159254,30902.95432513592,6.224585414900413,6.321928094887363,0.017723784587590385,0.0,0.008923539329033437,1.50609375,"ours: public SSR reference, θ=1.0",0.0,"{""policy"": ""latref"", ""ref_rule"": ""ssr"", ""ref_tau"": 0.8, ""theta"": 1.0}"
latref,regretor,0.0,1.0,1.0,0.5,ssr,0.8,True,omega,nym,1,0.7,96.95806458158347,8105.374815537775,407.38027780411284,30902.95432513592,6.201043886609737,6.321928094887363,0.01768401971450584,0.0,0.009500312036059331,1.603940972222222,"ours: public SSR reference, θ=1.0",0.0,"{""policy"": ""latref"", ""ref_rule"": ""ssr"", ""ref_tau"": 0.8, ""theta"": 1.0}"
latref,regretor,0.0,1.0,1.0,0.5,ssr,0.8,True,omega,nym,2,0.7,93.08568374100322,8179.64130454646,389.0451449942807,30902.95432513592,6.2206734299242665,6.321928094887363,0.01782092960407966,0.0,0.008510353621223526,1.5123437499999999,"ours: public SSR reference, θ=1.0",0.0,"{""policy"": ""latref"", ""ref_rule"": ""ssr"", ""ref_tau"": 0.8, ""theta"": 1.0}"
latref,regretor,0.0,1.0,1.0,0.5,ssr,0.8,True,omega,nym,3,0.7,90.42494760240677,8547.318808372262,389.0451449942807,30902.95432513592,6.208963900105658,6.321928094887363,0.017876155507517977,0.0,0.00805293969884972,1.449236111111111,"ours: public SSR reference, θ=1.0",0.0,"{""policy"": ""latref"", ""ref_rule"": ""ssr"", ""ref_tau"": 0.8, ""theta"": 1.0}"
latref,regretor,0.0,1.0,1.0,0.5,ssr,0.8,True,omega,nym,4,0.7,94.81026158637363,8373.24338301461,407.38027780411284,30902.95432513592,6.224264166816814,6.321928094887363,0.017903130195822126,0.0,0.008664779234989284,1.4448263888888888,"ours: public SSR reference, θ=1.0",0.0,"{""policy"": ""latref"", ""ref_rule"": ""ssr"", ""ref_tau"": 0.8, ""theta"": 1.0}"
latref,regretor,0.0,1.0,2.0,0.5,ssr,0.0,True,omega,nym,0,0.7,69.4401851990333,10026.59478240608,407.38027780411284,30902.95432513592,6.137395592631634,6.321928094887363,0.01799096562423408,0.0,0.014317822940259881,3.3545138888888886,"ours: public SSR reference, θ=2.0",0.0,"{""policy"": ""latref"", ""ref_rule"": ""ssr"", ""ref_tau"": 0.0, ""theta"": 2.0}"
latref,regretor,0.0,1.0,2.0,0.5,ssr,0.2,True,omega,nym,0,0.7,76.95340080479123,10033.63503900498,407.38027780411284,30902.95432513592,6.192669091188648,6.321928094887363,0.017683528040176144,0.0,0.012044153873694006,2.5751909722222224,"ours: public SSR reference, θ=2.0",0.0,"{""policy"": ""latref"", ""ref_rule"": ""ssr"", ""ref_tau"": 0.2, ""theta"": 2.0}"
latref,regretor,0.0,1.0,2.0,0.5,ssr,0.2,True,omega,nym,1,0.7,76.59287560339516,8081.9286496731875,371.5352290971726,30902.95432513592,6.157191689264296,6.321928094887363,0.018074708864951772,0.0,0.01303957150668244,2.7114756944444443,"ours: public SSR reference, θ=2.0",0.0,"{""policy"": ""latref"", ""ref_rule"": ""ssr"", ""ref_tau"": 0.2, ""theta"": 2.0}"
latref,regretor,0.0,1.0,2.0,0.5,ssr,0.0,True,omega,nym,1,0.7,67.91987965457679,8074.8387700582225,371.5352290971726,30902.95432513592,6.097018204492832,6.321928094887363,0.01858219031424957,0.0,0.014870515501311377,3.5217881944444445,"ours: public SSR reference, θ=2.0",0.0,"{""policy"": ""latref"", ""ref_rule"": ""ssr"", ""ref_tau"": 0.0, ""theta"": 2.0}"
latref,regretor,0.0,1.0,2.0,0.5,ssr,0.0,True,omega,nym,2,0.7,65.84142205921435,8146.034513892768,354.8133892335755,30902.95432513592,6.105431860107866,6.321928094887363,0.017853187815594307,0.0,0.015696903895527865,3.6034374999999996,"ours: public SSR reference, θ=2.0",0.0,"{""policy"": ""latref"", ""ref_rule"": ""ssr"", ""ref_tau"": 0.0, ""theta"": 2.0}"
latref,regretor,0.0,1.0,2.0,0.5,ssr,0.0,True,omega,nym,3,0.7,65.89208074312128,8512.738367086184,371.5352290971726,30902.95432513592,6.113793138398196,6.321928094887363,0.01774242745157495,0.0,0.014612669210124806,3.2831076388888887,"ours: public SSR reference, θ=2.0",0.0,"{""policy"": ""latref"", ""ref_rule"": ""ssr"", ""ref_tau"": 0.0, ""theta"": 2.0}"
latref,regretor,0.0,1.0,2.0,0.5,ssr,0.0,True,omega,nym,4,0.7,64.85666969021402,8338.629230431281,371.5352290971726,30902.95432513592,6.108742809614014,6.321928094887363,0.017860768677619765,0.0,0.016004888441934723,3.4652430555555553,"ours: public SSR reference, θ=2.0",0.0,"{""policy"": ""latref"", ""ref_rule"": ""ssr"", ""ref_tau"": 0.0, ""theta"": 2.0}"
latref,regretor,0.0,1.0,2.0,0.5,ssr,0.2,True,omega,nym,2,0.7,75.3053994296656,8157.141231558837,371.5352290971726,30902.95432513592,6.183081176553602,6.321928094887363,0.017806833321144522,0.0,0.012344716439608043,2.642916666666667,"ours: public SSR reference, θ=2.0",0.0,"{""policy"": ""latref"", ""ref_rule"": ""ssr"", ""ref_tau"": 0.2, ""theta"": 2.0}"
latref,regretor,0.0,1.0,2.0,0.5,ssr,0.2,True,omega,nym,3,0.7,72.65193705648215,8521.56084229929,371.5352290971726,30902.95432513592,6.169583012954915,6.321928094887363,0.017888992150123517,0.0,0.011890239865407142,2.5840625,"ours: public SSR reference, θ=2.0",0.0,"{""policy"": ""latref"", ""ref_rule"": ""ssr"", ""ref_tau"": 0.2, ""theta"": 2.0}"
latref,regretor,0.0,1.0,2.0,0.5,ssr,0.4,True,omega,nym,3,0.7,79.49505570840545,8528.636169744475,389.0451449942807,30902.95432513592,6.19382804623677,6.321928094887363,0.01790539757668963,0.0,0.009752271044113709,2.1611805555555557,"ours: public SSR reference, θ=2.0",0.0,"{""policy"": ""latref"", ""ref_rule"": ""ssr"", ""ref_tau"": 0.4, ""theta"": 2.0}"
latref,regretor,0.0,1.0,2.0,0.5,ssr,0.4,True,omega,nym,4,0.7,81.75143392640344,8355.27730558844,389.0451449942807,30902.95432513592,6.211077768291107,6.321928094887363,0.017683851070140033,0.0,0.010795107506043943,2.1572569444444443,"ours: public SSR reference, θ=2.0",0.0,"{""policy"": ""latref"", ""ref_rule"": ""ssr"", ""ref_tau"": 0.4, ""theta"": 2.0}"
latref,regretor,0.0,1.0,2.0,0.5,ssr,0.4,True,omega,nym,1,0.7,84.48861458756356,8088.169236809931,389.0451449942807,30902.95432513592,6.1859293586962965,6.321928094887363,0.018060095532993703,0.0,0.011138391847059767,2.3042881944444447,"ours: public SSR reference, θ=2.0",0.0,"{""policy"": ""latref"", ""ref_rule"": ""ssr"", ""ref_tau"": 0.4, ""theta"": 2.0}"
latref,regretor,0.0,1.0,2.0,0.5,ssr,0.4,True,omega,nym,2,0.7,82.03097919960835,8162.913000289462,389.0451449942807,30902.95432513592,6.205753359165475,6.321928094887363,0.017824109269093613,0.0,0.01030085807856403,2.226840277777778,"ours: public SSR reference, θ=2.0",0.0,"{""policy"": ""latref"", ""ref_rule"": ""ssr"", ""ref_tau"": 0.4, ""theta"": 2.0}"
latref,regretor,0.0,1.0,2.0,0.5,ssr,0.2,True,omega,nym,4,0.7,73.57455693642028,8347.931050030998,389.0451449942807,30902.95432513592,6.181089172043397,6.321928094887363,0.01772923436812479,0.0,0.013072561754750203,2.6155208333333335,"ours: public SSR reference, θ=2.0",0.0,"{""policy"": ""latref"", ""ref_rule"": ""ssr"", ""ref_tau"": 0.2, ""theta"": 2.0}"
latref,regretor,0.0,1.0,2.0,0.5,ssr,0.4,True,omega,nym,0,0.7,83.51583931055181,10039.622654772153,426.57951880159254,30902.95432513592,6.2127303762584605,6.321928094887363,0.017704972317061918,0.0,0.01050612335578806,2.177326388888889,"ours: public SSR reference, θ=2.0",0.0,"{""policy"": ""latref"", ""ref_rule"": ""ssr"", ""ref_tau"": 0.4, ""theta"": 2.0}"
latref,regretor,0.0,1.0,2.0,0.5,ssr,0.6,True,omega,nym,4,0.7,89.47843764276067,8362.43584663706,407.38027780411284,30902.95432513592,6.220437189479588,6.321928094887363,0.017637505739941384,0.0,0.009231059692975316,1.8685243055555556,"ours: public SSR reference, θ=2.0",0.0,"{""policy"": ""latref"", ""ref_rule"": ""ssr"", ""ref_tau"": 0.6, ""theta"": 2.0}"
latref,regretor,0.0,1.0,2.0,0.5,ssr,0.8,True,omega,nym,0,0.7,95.17318490594721,10052.512247997258,426.57951880159254,30902.95432513592,6.2216756455312225,6.321928094887363,0.01761273206512226,0.0,0.008798452031098495,1.7865104166666665,"ours: public SSR reference, θ=2.0",0.0,"{""policy"": ""latref"", ""ref_rule"": ""ssr"", ""ref_tau"": 0.8, ""theta"": 2.0}"
latref,regretor,0.0,1.0,2.0,0.5,ssr,0.6,True,omega,nym,2,0.7,88.6424719427829,8169.405782186772,389.0451449942807,30902.95432513592,6.214105366493176,6.321928094887363,0.01795082902222145,0.0,0.009012510569676922,1.9581944444444446,"ours: public SSR reference, θ=2.0",0.0,"{""policy"": ""latref"", ""ref_rule"": ""ssr"", ""ref_tau"": 0.6, ""theta"": 2.0}"
latref,regretor,0.0,1.0,2.0,0.5,ssr,0.6,True,omega,nym,3,0.7,85.78576863442672,8533.588175506437,389.0451449942807,30902.95432513592,6.202169516853409,6.321928094887363,0.017738616158411213,0.0,0.008620085508326991,1.8895833333333332,"ours: public SSR reference, θ=2.0",0.0,"{""policy"": ""latref"", ""ref_rule"": ""ssr"", ""ref_tau"": 0.6, ""theta"": 2.0}"
latref,regretor,0.0,1.0,2.0,0.5,ssr,0.6,True,omega,nym,0,0.7,90.08455299031996,10046.03746782253,426.57951880159254,30902.95432513592,6.220445570471853,6.321928094887363,0.017742937243362622,0.0,0.009483867421493153,1.9147569444444443,"ours: public SSR reference, θ=2.0",0.0,"{""policy"": ""latref"", ""ref_rule"": ""ssr"", ""ref_tau"": 0.6, ""theta"": 2.0}"
latref,regretor,0.0,1.0,2.0,0.5,ssr,0.6,True,omega,nym,1,0.7,91.41305654159007,8095.600354029616,389.0451449942807,30902.95432513592,6.194962297417241,6.321928094887363,0.017865931926468903,0.0,0.00998049477292458,2.0648958333333334,"ours: public SSR reference, θ=2.0",0.0,"{""policy"": ""latref"", ""ref_rule"": ""ssr"", ""ref_tau"": 0.6, ""theta"": 2.0}"
latref,regretor,0.0,1.0,2.0,0.5,ssr,0.8,True,omega,nym,1,0.7,97.83639261662886,8103.281260109662,407.38027780411284,30902.95432513592,6.196615877988583,6.321928094887363,0.017973952567057916,0.0,0.009492970623755384,1.9253645833333333,"ours: public SSR reference, θ=2.0",0.0,"{""policy"": ""latref"", ""ref_rule"": ""ssr"", ""ref_tau"": 0.8, ""theta"": 2.0}"
latref,regretor,0.0,1.0,2.0,0.5,ssr,0.8,True,omega,nym,2,0.7,94.0732633596073,8175.149259447269,389.0451449942807,30902.95432513592,6.215628321778823,6.321928094887363,0.01782799205459895,0.0,0.008465247270221436,1.8114409722222224,"ours: public SSR reference, θ=2.0",0.0,"{""policy"": ""latref"", ""ref_rule"": ""ssr"", ""ref_tau"": 0.8, ""theta"": 2.0}"
latref,regretor,0.0,1.0,2.0,0.5,ssr,0.8,True,omega,nym,3,0.7,91.15996250409451,8539.887498389515,389.0451449942807,30902.95432513592,6.203995523521272,6.321928094887363,0.01768872053958348,0.0,0.008199794115173891,1.7383333333333333,"ours: public SSR reference, θ=2.0",0.0,"{""policy"": ""latref"", ""ref_rule"": ""ssr"", ""ref_tau"": 0.8, ""theta"": 2.0}"
latref,regretor,0.0,1.0,2.0,0.5,ssr,0.8,True,omega,nym,4,0.7,95.72872106474951,8368.224156758282,407.38027780411284,30902.95432513592,6.22219298494,6.321928094887363,0.017687484980778656,0.0,0.008539720585281671,1.7274479166666665,"ours: public SSR reference, θ=2.0",0.0,"{""policy"": ""latref"", ""ref_rule"": ""ssr"", ""ref_tau"": 0.8, ""theta"": 2.0}"
latref,regretor,0.0,1.0,3.0,0.5,ssr,0.0,True,omega,nym,0,0.7,74.12119207574206,10031.015170045514,407.38027780411284,30902.95432513592,6.175289550350189,6.321928094887363,0.017849299988009326,0.0,0.013309027274593493,2.9299131944444445,"ours: public SSR reference, θ=3.0",0.0,"{""policy"": ""latref"", ""ref_rule"": ""ssr"", ""ref_tau"": 0.0, ""theta"": 3.0}"
latref,regretor,0.0,1.0,3.0,0.5,ssr,0.0,True,omega,nym,1,0.7,74.03673197360072,8077.890778639398,371.5352290971726,30902.95432513592,6.136232479547777,6.321928094887363,0.01792129711188073,0.0,0.014240801280626126,2.991909722222222,"ours: public SSR reference, θ=3.0",0.0,"{""policy"": ""latref"", ""ref_rule"": ""ssr"", ""ref_tau"": 0.0, ""theta"": 3.0}"
latref,regretor,0.0,1.0,3.0,0.5,ssr,0.0,True,omega,nym,2,0.7,72.3023017405032,8152.94852115494,371.5352290971726,30902.95432513592,6.170157081864175,6.321928094887363,0.017861740244039526,0.0,0.013634804493727068,2.960277777777778,"ours: public SSR reference, θ=3.0",0.0,"{""policy"": ""latref"", ""ref_rule"": ""ssr"", ""ref_tau"": 0.0, ""theta"": 3.0}"
latref,regretor,0.0,1.0,3.0,0.5,ssr,0.0,True,omega,nym,3,0.7,70.16877502007158,8516.980500402446,371.5352290971726,30902.95432513592,6.14941303601416,6.321928094887363,0.01762594551642649,0.0,0.013507840104274433,2.9202777777777778,"ours: public SSR reference, θ=3.0",0.0,"{""policy"": ""latref"", ""ref_rule"": ""ssr"", ""ref_tau"": 0.0, ""theta"": 3.0}"
latref,regretor,0.0,1.0,3.0,0.5,ssr,0.0,True,omega,nym,4,0.7,70.29698611855655,8345.388351792431,371.5352290971726,30902.95432513592,6.155819554264545,6.321928094887363,0.01776296329629834,0.0,0.014731700924666108,3.0017708333333335,"ours: public SSR reference, θ=3.0",0.0,"{""policy"": ""latref"", ""ref_rule"": ""ssr"", ""ref_tau"": 0.0, ""theta"": 3.0}"
latref,regretor,0.0,1.0,3.0,0.5,ssr,0.2,True,omega,nym,0,0.7,78.98063434084229,10035.690542666598,407.38027780411284,30902.95432513592,6.200413287135751,6.321928094887363,0.017919858747394768,0.0,0.011889006972870212,2.4804166666666667,"ours: public SSR reference, θ=3.0",0.0,"{""policy"": ""latref"", ""ref_rule"": ""ssr"", ""ref_tau"": 0.2, ""theta"": 3.0}"
latref,regretor,0.0,1.0,3.0,0.5,ssr,0.2,True,omega,nym,1,0.7,79.09609203279038,8083.733851159903,389.0451449942807,30902.95432513592,6.168798881931778,6.321928094887363,0.017911347850500192,0.0,0.012551053872548781,2.663263888888889,"ours: public SSR reference, θ=3.0",0.0,"{""policy"": ""latref"", ""ref_rule"": ""ssr"", ""ref_tau"": 0.2, ""theta"": 3.0}"
latref,regretor,0.0,1.0,3.0,0.5,ssr,0.2,True,omega,nym,2,0.7,77.9260570128002,8159.356907614391,371.5352290971726,30902.95432513592,6.191479516443954,6.321928094887363,0.018011460137012714,0.0,0.011864030494517591,2.5678819444444443,"ours: public SSR reference, θ=3.0",0.0,"{""policy"": ""latref"", ""ref_rule"": ""ssr"", ""ref_tau"": 0.2, ""theta"": 3.0}"
latref,regretor,0.0,1.0,3.0,0.5,ssr,0.2,True,omega,nym,3,0.7,74.8000109097417,8521.662820590163,371.5352290971726,30902.95432513592,6.176662162343234,6.321928094887363,0.01759377325980882,0.0,0.01179047206034961,2.5090972222222225,"ours: public SSR reference, θ=3.0",0.0,"{""policy"": ""latref"", ""ref_rule"": ""ssr"", ""ref_tau"": 0.2, ""theta"": 3.0}"
latref,regretor,0.0,1.0,3.0,0.5,ssr,0.2,True,omega,nym,4,0.7,76.54206495287899,8350.080502132565,389.0451449942807,30902.95432513592,6.192211757903668,6.321928094887363,0.017730967236811557,0.0,0.012555593701026602,2.5409027777777777,"ours: public SSR reference, θ=3.0",0.0,"{""policy"": ""latref"", ""ref_rule"": ""ssr"", ""ref_tau"": 0.2, ""theta"": 3.0}"
latref,regretor,0.0,1.0,3.0,0.5,ssr,0.4,True,omega,nym,0,0.7,83.90440266653663,10039.75690769768,426.57951880159254,30902.95432513592,6.21294536553363,6.321928094887363,0.017618015669832676,0.0,0.010458338029645103,2.1872743055555555,"ours: public SSR reference, θ=3.0",0.0,"{""policy"": ""latref"", ""ref_rule"": ""ssr"", ""ref_tau"": 0.4, ""theta"": 3.0}"
latref,regretor,0.0,1.0,3.0,0.5,ssr,0.4,True,omega,nym,1,0.7,84.88931594000336,8088.566425545577,389.0451449942807,30902.95432513592,6.185492221305549,6.321928094887363,0.017741295106099342,0.0,0.0109720543121089,2.3345659722222223,"ours: public SSR reference, θ=3.0",0.0,"{""policy"": ""latref"", ""ref_rule"": ""ssr"", ""ref_tau"": 0.4, ""theta"": 3.0}"
latref,regretor,0.0,1.0,3.0,0.5,ssr,0.4,True,omega,nym,2,0.7,83.03881318074741,8164.569419070288,389.0451449942807,30902.95432513592,6.206106112062256,6.321928094887363,0.018000245393999137,0.0,0.010311778506777839,2.2771180555555555,"ours: public SSR reference, θ=3.0",0.0,"{""policy"": ""latref"", ""ref_rule"": ""ssr"", ""ref_tau"": 0.4, ""theta"": 3.0}"
latref,regretor,0.0,1.0,3.0,0.5,ssr,0.4,True,omega,nym,3,0.7,79.89442444604579,8527.920802580846,389.0451449942807,30902.95432513592,6.194539936650287,6.321928094887363,0.01775679816630693,0.0,0.009696461414544421,2.171128472222222,"ours: public SSR reference, θ=3.0",0.0,"{""policy"": ""latref"", ""ref_rule"": ""ssr"", ""ref_tau"": 0.4, ""theta"": 3.0}"
latref,regretor,0.0,1.0,3.0,0.5,ssr,0.4,True,omega,nym,4,0.7,82.67803057374591,8356.138044357735,389.0451449942807,30902.95432513592,6.211696294339521,6.321928094887363,0.017804311498489822,0.0,0.010832996571952924,2.1827604166666665,"ours: public SSR reference, θ=3.0",0.0,"{""policy"": ""latref"", ""ref_rule"": ""ssr"", ""ref_tau"": 0.4, ""theta"": 3.0}"
latref,regretor,0.0,1.0,3.0,0.5,ssr,0.6,True,omega,nym,0,0.7,89.98259026909376,10046.683109781068,426.57951880159254,30902.95432513592,6.220527120819734,6.321928094887363,0.017852565693420308,0.0,0.009390987553275745,1.9655902777777778,"ours: public SSR reference, θ=3.0",0.0,"{""policy"": ""latref"", ""ref_rule"": ""ssr"", ""ref_tau"": 0.6, ""theta"": 3.0}"
latref,regretor,0.0,1.0,3.0,0.5,ssr,0.6,True,omega,nym,1,0.7,91.44266808629828,8095.763459090133,389.0451449942807,30902.95432513592,6.194439524459253,6.321928094887363,0.0177158271725526,0.0,0.009944780174087984,2.092065972222222,"ours: public SSR reference, θ=3.0",0.0,"{""policy"": ""latref"", ""ref_rule"": ""ssr"", ""ref_tau"": 0.6, ""theta"": 3.0}"
latref,regretor,0.0,1.0,3.0,0.5,ssr,0.6,True,omega,nym,2,0.7,88.52398071925418,8169.001592760239,389.0451449942807,30902.95432513592,6.214104801692903,6.321928094887363,0.01770908262535076,0.0,0.00896720974206873,2.0083854166666666,"ours: public SSR reference, θ=3.0",0.0,"{""policy"": ""latref"", ""ref_rule"": ""ssr"", ""ref_tau"": 0.6, ""theta"": 3.0}"
latref,regretor,0.0,1.0,3.0,0.5,ssr,0.6,True,omega,nym,3,0.7,85.83472526356917,8533.9662145719,389.0451449942807,30902.95432513592,6.202241856687015,6.321928094887363,0.017744310609813407,0.0,0.008547342279604195,1.9286979166666665,"ours: public SSR reference, θ=3.0",0.0,"{""policy"": ""latref"", ""ref_rule"": ""ssr"", ""ref_tau"": 0.6, ""theta"": 3.0}"
latref,regretor,0.0,1.0,3.0,0.5,ssr,0.6,True,omega,nym,4,0.7,89.76082430016102,8362.449343813729,407.38027780411284,30902.95432513592,6.221094627004279,6.321928094887363,0.01765541291052064,0.0,0.009221678044137229,1.9128645833333333,"ours: public SSR reference, θ=3.0",0.0,"{""policy"": ""latref"", ""ref_rule"": ""ssr"", ""ref_tau"": 0.6, ""theta"": 3.0}"
latref,regretor,0.0,1.0,3.0,0.5,ssr,0.8,True,omega,nym,0,0.7,95.33455479327844,10051.766149756217,426.57951880159254,30902.95432513592,6.221284889192022,6.321928094887363,0.017624990161317022,0.0,0.008834878778797805,1.8275347222222222,"ours: public SSR reference, θ=3.0",0.0,"{""policy"": ""latref"", ""ref_rule"": ""ssr"", ""ref_tau"": 0.8, ""theta"": 3.0}"
latref,regretor,0.0,1.0,3.0,0.5,ssr,0.8,True,omega,nym,1,0.7,97.68078450385065,8101.284454871924,407.38027780411284,30902.95432513592,6.196810801925811,6.321928094887363,0.017733671378616478,0.0,0.009355596037209701,1.98203125,"ours: public SSR reference, θ=3.0",0.0,"{""policy"": ""latref"", ""ref_rule"": ""ssr"", ""ref_tau"": 0.8, ""theta"": 3.0}"
latref,regretor,0.0,1.0,3.0,0.5,ssr,0.8,True,omega,nym,2,0.7,94.23365666253765,8174.811343329154,389.0451449942807,30902.95432513592,6.2163282169581455,6.321928094887363,0.017687974534677853,0.0,0.008479386283825312,1.8572916666666668,"ours: public SSR reference, θ=3.0",0.0,"{""policy"": ""latref"", ""ref_rule"": ""ssr"", ""ref_tau"": 0.8, ""theta"": 3.0}"
latref,regretor,0.0,1.0,3.0,0.5,ssr,0.8,True,omega,nym,3,0.7,91.10410180079609,8538.11908776102,389.0451449942807,30902.95432513592,6.203450166281401,6.321928094887363,0.017771574463520956,0.0,0.008158718393886738,1.792534722222222,"ours: public SSR reference, θ=3.0",0.0,"{""policy"": ""latref"", ""ref_rule"": ""ssr"", ""ref_tau"": 0.8, ""theta"": 3.0}"
latref,regretor,0.0,1.0,3.0,0.5,ssr,0.8,True,omega,nym,4,0.7,95.65722938360875,8368.952227599546,407.38027780411284,30902.95432513592,6.222524414224918,6.321928094887363,0.017681221074530518,0.0,0.00846948457138088,1.7671875,"ours: public SSR reference, θ=3.0",0.0,"{""policy"": ""latref"", ""ref_rule"": ""ssr"", ""ref_tau"": 0.8, ""theta"": 3.0}"
latref,regretor,0.0,1.0,1.0,0.5,gwr,0.0,True,omega,nym,0,0.7,12.044969075283344,53140.034426061866,61659.50018614822,93325.43007969914,2.420038819419952,6.321928094887363,1.150052254819268,0.3625,0.07329377598908196,24.179913194444445,"ours: public GWR reference, θ=1.0",0.0,"{""policy"": ""latref"", ""ref_rule"": ""gwr"", ""ref_tau"": 0.0, ""theta"": 1.0}"
latref,regretor,0.0,1.0,1.0,0.5,gwr,0.0,True,omega,nym,1,0.7,11.276012590803546,40132.59452393208,32359.365692962812,93325.43007969914,2.3198956917173277,6.321928094887363,1.1815151628148222,0.2375,0.0748308804048074,24.1490625,"ours: public GWR reference, θ=1.0",0.0,"{""policy"": ""latref"", ""ref_rule"": ""gwr"", ""ref_tau"": 0.0, ""theta"": 1.0}"
latref,regretor,0.0,1.0,1.0,0.5,gwr,0.0,True,omega,nym,2,0.7,8.704842439804963,47475.64275040786,56234.13251903491,93325.43007969914,2.361026915867331,6.321928094887363,1.7226502265719112,0.30625,0.07645414195408154,24.13970486111111,"ours: public GWR reference, θ=1.0",0.0,"{""policy"": ""latref"", ""ref_rule"": ""gwr"", ""ref_tau"": 0.0, ""theta"": 1.0}"
latref,regretor,0.0,1.0,1.0,0.5,gwr,0.0,True,omega,nym,3,0.7,8.935064771824155,50605.376785563,61659.50018614822,93325.43007969914,2.147079599406035,6.321928094887363,1.7192042147159246,0.275,0.08055836915158274,24.226510416666667,"ours: public GWR reference, θ=1.0",0.0,"{""policy"": ""latref"", ""ref_rule"": ""gwr"", ""ref_tau"": 0.0, ""theta"": 1.0}"
latref,regretor,0.0,1.0,1.0,0.5,gwr,0.0,True,omega,nym,4,0.7,8.460353691918204,41972.36196564956,32359.365692962812,93325.43007969914,2.3706555970643572,6.321928094887363,1.0609535220847386,0.2375,0.07934065954612954,24.307118055555556,"ours: public GWR reference, θ=1.0",0.0,"{""policy"": ""latref"", ""ref_rule"": ""gwr"", ""ref_tau"": 0.0, ""theta"": 1.0}"
latref,regretor,0.0,1.0,1.0,0.5,gwr,0.2,True,omega,nym,0,0.7,13.521056545247319,48958.825534680516,58884.3655355589,93325.43007969914,2.908733376805383,6.321928094887363,0.8330434317498878,0.375,0.06029691179407182,23.130520833333332,"ours: public GWR reference, θ=1.0",0.0,"{""policy"": ""latref"", ""ref_rule"": ""gwr"", ""ref_tau"": 0.2, ""theta"": 1.0}"
latref,regretor,0.0,1.0,1.0,0.5,gwr,0.2,True,omega,nym,1,0.7,12.566523802332584,35228.10688438053,30902.95432513592,93325.43007969914,2.8435234668052365,6.321928094887363,0.7747127355936823,0.2375,0.062008374319515905,23.10956597222222,"ours: public GWR reference, θ=1.0",0.0,"{""policy"": ""latref"", ""ref_rule"": ""gwr"", ""ref_tau"": 0.2, ""theta"": 1.0}"
latref,regretor,0.0,1.0,1.0,0.5,gwr,0.2,True,omega,nym,2,0.7,9.791716069707457,42299.360972567585,32359.365692962812,93325.43007969914,2.896808560714577,6.321928094887363,0.9399887680827548,0.2875,0.06112300029564501,23.118645833333332,"ours: public GWR reference, θ=1.0",0.0,"{""policy"": ""latref"", ""ref_rule"": ""gwr"", ""ref_tau"": 0.2, ""theta"": 1.0}"
latref,regretor,0.0,1.0,1.0,0.5,gwr,0.2,True,omega,nym,3,0.7,10.779718473059638,47473.08876790236,58884.3655355589,93325.43007969914,2.7359716764167583,6.321928094887363,1.1432931256379608,0.30625,0.06621155784997734,23.205086805555556,"ours: public GWR reference, θ=1.0",0.0,"{""policy"": ""latref"", ""ref_rule"": ""gwr"", ""ref_tau"": 0.2, ""theta"": 1.0}"
latref,regretor,0.0,1.0,1.0,0.5,gwr,0.2,True,omega,nym,4,0.7,9.526004708702715,38785.46121258705,30902.95432513592,93325.43007969914,2.8432506771041504,6.321928094887363,0.5859265908429072,0.25,0.06696809766141724,23.337569444444444,"ours: public GWR reference, θ=1.0",0.0,"{""policy"": ""latref"", ""ref_rule"": ""gwr"", ""ref_tau"": 0.2, ""theta"": 1.0}"
latref,regretor,0.0,1.0,1.0,0.5,gwr,0.4,True,omega,nym,0,0.7,15.890874603240286,37640.2052404663,32359.365692962812,93325.43007969914,3.51864893037139,6.321928094887363,0.5945524111589353,0.28125,0.04965610052765048,21.4334375,"ours: public GWR reference, θ=1.0",0.0,"{""policy"": ""latref"", ""ref_rule"": ""gwr"", ""ref_tau"": 0.4, ""theta"": 1.0}"
latref,regretor,0.0,1.0,1.0,0.5,gwr,0.4,True,omega,nym,1,0.7,14.621233195920075,28140.988984040145,30902.95432513592,93325.43007969914,3.4559063053388157,6.321928094887363,0.41152404135488263,0.225,0.05162110884326863,21.45769097222222,"ours: public GWR reference, θ=1.0",0.0,"{""policy"": ""latref"", ""ref_rule"": ""gwr"", ""ref_tau"": 0.4, ""theta"": 1.0}"
latref,regretor,0.0,1.0,1.0,0.5,gwr,0.4,True,omega,nym,2,0.7,11.52591527264098,35459.06331002642,30902.95432513592,93325.43007969914,3.469093144591406,6.321928094887363,0.521373520442461,0.2625,0.04873781405410432,21.50296875,"ours: public GWR reference, θ=1.0",0.0,"{""policy"": ""latref"", ""ref_rule"": ""gwr"", ""ref_tau"": 0.4, ""theta"": 1.0}"
latref,regretor,0.0,1.0,1.0,0.5,gwr,0.4,True,omega,nym,3,0.7,13.77852795266906,37545.54358896082,32359.365692962812,93325.43007969914,3.435897840382688,6.321928094887363,0.610869059544088,0.275,0.05389193771541186,21.615850694444443,"ours: public GWR reference, θ=1.0",0.0,"{""policy"": ""latref"", ""ref_rule"": ""gwr"", ""ref_tau"": 0.4, ""theta"": 1.0}"
latref,regretor,0.0,1.0,1.0,0.5,gwr,0.4,True,omega,nym,4,0.7,11.247412648217864,31506.50598169855,30902.95432513592,93325.43007969914,3.3949671835403152,6.321928094887363,0.3591378579056552,0.26875,0.05397968322602029,21.85611111111111,"ours: public GWR reference, θ=1.0",0.0,"{""policy"": ""latref"", ""ref_rule"": ""gwr"", ""ref_tau"": 0.4, ""theta"": 1.0}"
latref,regretor,0.0,1.0,1.0,0.5,gwr,0.6,True,omega,nym,0,0.7,21.000953954587402,30014.27209797256,30902.95432513592,93325.43007969914,4.338159872713627,6.321928094887363,0.31467280659099295,0.20625,0.04103608557294904,17.45564236111111,"ours: public GWR reference, θ=1.0",0.0,"{""policy"": ""latref"", ""ref_rule"": ""gwr"", ""ref_tau"": 0.6, ""theta"": 1.0}"
latref,regretor,0.0,1.0,1.0,0.5,gwr,0.6,True,omega,nym,1,0.7,18.97989892828519,19754.867207175077,13489.628825916534,81283.05161640995,4.206875009760219,6.321928094887363,0.27550637260902744,0.1125,0.04168075361776512,17.634496527777777,"ours: public GWR reference, θ=1.0",0.0,"{""policy"": ""latref"", ""ref_rule"": ""gwr"", ""ref_tau"": 0.6, ""theta"": 1.0}"
latref,regretor,0.0,1.0,1.0,0.5,gwr,0.6,True,omega,nym,2,0.7,14.915306699468013,22616.155502559926,30902.95432513592,64565.42290346556,4.140980822858049,6.321928094887363,0.3005410863704856,0.14375,0.040914675418046616,18.169930555555556,"ours: public GWR reference, θ=1.0",0.0,"{""policy"": ""latref"", ""ref_rule"": ""gwr"", ""ref_tau"": 0.6, ""theta"": 1.0}"
latref,regretor,0.0,1.0,1.0,0.5,gwr,0.6,True,omega,nym,3,0.7,20.084312292617454,19127.017225746626,6760.829753919819,85113.80382023768,4.359934312061627,6.321928094887363,0.25744845933919924,0.1125,0.04014096480726913,17.897708333333334,"ours: public GWR reference, θ=1.0",0.0,"{""policy"": ""latref"", ""ref_rule"": ""gwr"", ""ref_tau"": 0.6, ""theta"": 1.0}"
latref,regretor,0.0,1.0,1.0,0.5,gwr,0.6,True,omega,nym,4,0.7,14.944408678280887,17403.30984791837,4265.795188015925,93325.43007969914,4.140241147217703,6.321928094887363,0.1960078639483267,0.0875,0.042623787836147994,18.32989583333333,"ours: public GWR reference, θ=1.0",0.0,"{""policy"": ""latref"", ""ref_rule"": ""gwr"", ""ref_tau"": 0.6, ""theta"": 1.0}"
latref,regretor,0.0,1.0,1.0,0.5,gwr,0.8,True,omega,nym,0,0.7,35.23024139941683,13167.04561205143,1122.018454301963,61659.50018614822,5.421435283270226,6.321928094887363,0.08872987191062731,0.04375,0.0277088118337216,9.27703125,"ours: public GWR reference, θ=1.0",0.0,"{""policy"": ""latref"", ""ref_rule"": ""gwr"", ""ref_tau"": 0.8, ""theta"": 1.0}"
latref,regretor,0.0,1.0,1.0,0.5,gwr,0.8,True,omega,nym,1,0.7,32.951142826933726,10138.219406398748,562.341325190349,58884.3655355589,5.308864255621119,6.321928094887363,0.10731490999228632,0.0375,0.02809327706081179,9.286041666666666,"ours: public GWR reference, θ=1.0",0.0,"{""policy"": ""latref"", ""ref_rule"": ""gwr"", ""ref_tau"": 0.8, ""theta"": 1.0}"
latref,regretor,0.0,1.0,1.0,0.5,gwr,0.8,True,omega,nym,2,0.7,27.347142264894714,16165.918822709507,1862.0871366628676,61659.50018614822,5.214603454032736,6.321928094887363,0.17207552389564196,0.125,0.030113072752332222,10.270069444444445,"ours: public GWR reference, θ=1.0",0.0,"{""policy"": ""latref"", ""ref_rule"": ""gwr"", ""ref_tau"": 0.8, ""theta"": 1.0}"
latref,regretor,0.0,1.0,1.0,0.5,gwr,0.8,True,omega,nym,3,0.7,33.694669655928635,9835.897736491177,371.5352290971726,61659.50018614822,5.415145972493469,6.321928094887363,0.08375100330697194,0.025,0.02627815202778938,9.321336805555555,"ours: public GWR reference, θ=1.0",0.0,"{""policy"": ""latref"", ""ref_rule"": ""gwr"", ""ref_tau"": 0.8, ""theta"": 1.0}"
latref,regretor,0.0,1.0,1.0,0.5,gwr,0.8,True,omega,nym,4,0.7,27.83805066828839,8698.338049837303,426.57951880159254,33884.41561392024,5.278093179239325,6.321928094887363,0.08266228513578788,0.0,0.029082417306819597,10.034149305555555,"ours: public GWR reference, θ=1.0",0.0,"{""policy"": ""latref"", ""ref_rule"": ""gwr"", ""ref_tau"": 0.8, ""theta"": 1.0}"
latref,regretor,0.0,1.0,2.0,0.5,gwr,0.0,True,omega,nym,0,0.7,13.698443184955503,48411.19227087199,51286.138399136486,93325.43007969914,2.6933205400522398,6.321928094887363,0.7436809059314751,0.325,0.065128284178017,23.814913194444443,"ours: public GWR reference, θ=2.0",0.0,"{""policy"": ""latref"", ""ref_rule"": ""gwr"", ""ref_tau"": 0.0, ""theta"": 2.0}"
latref,regretor,0.0,1.0,2.0,0.5,gwr,0.0,True,omega,nym,1,0.7,12.651144524644968,32828.75717880397,30902.95432513592,93325.43007969914,2.635803726553322,6.321928094887363,0.7878489264459023,0.1875,0.06521594436280798,23.853038194444444,"ours: public GWR reference, θ=2.0",0.0,"{""policy"": ""latref"", ""ref_rule"": ""gwr"", ""ref_tau"": 0.0, ""theta"": 2.0}"
latref,regretor,0.0,1.0,2.0,0.5,gwr,0.0,True,omega,nym,2,0.7,10.279957080093778,42167.701010091834,35481.338923357536,93325.43007969914,2.6855071630108376,6.321928094887363,1.0833647171630179,0.2875,0.06390898781346988,23.825086805555554,"ours: public GWR reference, θ=2.0",0.0,"{""policy"": ""latref"", ""ref_rule"": ""gwr"", ""ref_tau"": 0.0, ""theta"": 2.0}"
latref,regretor,0.0,1.0,2.0,0.5,gwr,0.0,True,omega,nym,3,0.7,10.82403551446688,47893.08572848512,58884.3655355589,93325.43007969914,2.5176515984644348,6.321928094887363,1.2025363939360072,0.2875,0.0696420801986162,23.901822916666667,"ours: public GWR reference, θ=2.0",0.0,"{""policy"": ""latref"", ""ref_rule"": ""gwr"", ""ref_tau"": 0.0, ""theta"": 2.0}"
latref,regretor,0.0,1.0,2.0,0.5,gwr,0.2,True,omega,nym,3,0.7,14.070535311977807,37379.61646626421,30902.95432513592,93325.43007969914,3.117250412778424,6.321928094887363,0.6222683795327231,0.2875,0.056484434748709914,22.824114583333333,"ours: public GWR reference, θ=2.0",0.0,"{""policy"": ""latref"", ""ref_rule"": ""gwr"", ""ref_tau"": 0.2, ""theta"": 2.0}"
latref,regretor,0.0,1.0,2.0,0.5,gwr,0.2,True,omega,nym,4,0.7,11.094992635730877,30516.447401074125,30902.95432513592,93325.43007969914,2.9845510804273827,6.321928094887363,0.33555940109074966,0.21875,0.05998862285504525,23.027569444444445,"ours: public GWR reference, θ=2.0",0.0,"{""policy"": ""latref"", ""ref_rule"": ""gwr"", ""ref_tau"": 0.2, ""theta"": 2.0}"
latref,regretor,0.0,1.0,2.0,0.5,gwr,0.2,True,omega,nym,1,0.7,14.654565742752597,32438.576149231816,30902.95432513592,93325.43007969914,3.1648030141677252,6.321928094887363,0.4188496884567736,0.2625,0.05486471388929711,22.708836805555556,"ours: public GWR reference, θ=2.0",0.0,"{""policy"": ""latref"", ""ref_rule"": ""gwr"", ""ref_tau"": 0.2, ""theta"": 2.0}"
latref,regretor,0.0,1.0,2.0,0.5,gwr,0.2,True,omega,nym,2,0.7,11.672084659309755,36848.63389736861,30902.95432513592,93325.43007969914,3.1714304911989397,6.321928094887363,0.5037168496564568,0.2625,0.05376927765349222,22.73671875,"ours: public GWR reference, θ=2.0",0.0,"{""policy"": ""latref"", ""ref_rule"": ""gwr"", ""ref_tau"": 0.2, ""theta"": 2.0}"
latref,regretor,0.0,1.0,2.0,0.5,gwr,0.4,True,omega,nym,0,0.7,18.151682206115186,27008.62571231265,30902.95432513592,61659.50018614822,3.7108528891274575,6.321928094887363,0.2817345956970485,0.175,0.05064336767220562,20.665260416666666,"ours: public GWR reference, θ=2.0",0.0,"{""policy"": ""latref"", ""ref_rule"": ""gwr"", ""ref_tau"": 0.4, ""theta"": 2.0}"
latref,regretor,0.0,1.0,2.0,0.5,gwr,0.4,True,omega,nym,1,0.7,17.80357220342475,18527.29084901179,12302.68770812381,77624.7116628692,3.7537394461384843,6.321928094887363,0.24208396377782493,0.15,0.04691385327990698,20.71,"ours: public GWR reference, θ=2.0",0.0,"{""policy"": ""latref"", ""ref_rule"": ""gwr"", ""ref_tau"": 0.4, ""theta"": 2.0}"
latref,regretor,0.0,1.0,2.0,0.5,gwr,0.0,True,omega,nym,4,0.7,9.64131939438809,36110.12677620001,30902.95432513592,93325.43007969914,2.551558319671397,6.321928094887363,0.5940387677841725,0.2375,0.07206175469066153,24.042586805555555,"ours: public GWR reference, θ=2.0",0.0,"{""policy"": ""latref"", ""ref_rule"": ""gwr"", ""ref_tau"": 0.0, ""theta"": 2.0}"
latref,regretor,0.0,1.0,2.0,0.5,gwr,0.2,True,omega,nym,0,0.7,15.07947592801962,40034.82456490755,30902.95432513592,93325.43007969914,3.1519979113471557,6.321928094887363,0.49854996884566605,0.30625,0.055665560023021275,22.652135416666667,"ours: public GWR reference, θ=2.0",0.0,"{""policy"": ""latref"", ""ref_rule"": ""gwr"", ""ref_tau"": 0.2, ""theta"": 2.0}"
latref,regretor,0.0,1.0,2.0,0.5,gwr,0.4,True,omega,nym,2,0.7,14.117699122151768,22992.91166915496,20417.379446695297,85113.80382023768,3.6837326072066245,6.321928094887363,0.28749215922836946,0.1125,0.0454844239691987,20.939427083333335,"ours: public GWR reference, θ=2.0",0.0,"{""policy"": ""latref"", ""ref_rule"": ""gwr"", ""ref_tau"": 0.4, ""theta"": 2.0}"
latref,regretor,0.0,1.0,2.0,0.5,gwr,0.4,True,omega,nym,3,0.7,18.67335094176544,18283.426440170908,3090.295432513592,85113.80382023768,3.8426218205930835,6.321928094887363,0.25119421878580384,0.06875,0.04482220440131891,20.962430555555557,"ours: public GWR reference, θ=2.0",0.0,"{""policy"": ""latref"", ""ref_rule"": ""gwr"", ""ref_tau"": 0.4, ""theta"": 2.0}"
latref,regretor,0.0,1.0,2.0,0.5,gwr,0.4,True,omega,nym,4,0.7,13.753936414776247,10078.400920806927,1174.897554939529,58884.3655355589,3.584164850511263,6.321928094887363,0.1439765121375891,0.0,0.047335601493623834,21.151215277777776,"ours: public GWR reference, θ=2.0",0.0,"{""policy"": ""latref"", ""ref_rule"": ""gwr"", ""ref_tau"": 0.4, ""theta"": 2.0}"
latref,regretor,0.0,1.0,2.0,0.5,gwr,0.6,True,omega,nym,0,0.7,25.551278734237187,15155.281520562608,5623.413251903491,61659.50018614822,4.60699829938127,6.321928094887363,0.13312512500121754,0.0375,0.03700811387789342,16.083263888888887,"ours: public GWR reference, θ=2.0",0.0,"{""policy"": ""latref"", ""ref_rule"": ""gwr"", ""ref_tau"": 0.6, ""theta"": 2.0}"
latref,regretor,0.0,1.0,2.0,0.5,gwr,0.6,True,omega,nym,1,0.7,24.263452640949346,8739.236968192903,489.77881936844614,33884.41561392024,4.610577188602685,6.321928094887363,0.11108966204282655,0.0125,0.03542862932535365,15.747864583333333,"ours: public GWR reference, θ=2.0",0.0,"{""policy"": ""latref"", ""ref_rule"": ""gwr"", ""ref_tau"": 0.6, ""theta"": 2.0}"
latref,regretor,0.0,1.0,2.0,0.5,gwr,0.6,True,omega,nym,2,0.7,19.446423882050482,13580.685220648578,1071.519305237606,61659.50018614822,4.445688147651792,6.321928094887363,0.1656401452048939,0.0875,0.035938780628469086,16.69782986111111,"ours: public GWR reference, θ=2.0",0.0,"{""policy"": ""latref"", ""ref_rule"": ""gwr"", ""ref_tau"": 0.6, ""theta"": 2.0}"
latref,regretor,0.0,1.0,2.0,0.5,gwr,0.6,True,omega,nym,3,0.7,25.892476404412136,8999.85397403304,389.0451449942807,32359.365692962812,4.7991672124498965,6.321928094887363,0.10173189456353793,0.00625,0.03100907612050898,15.715989583333334,"ours: public GWR reference, θ=2.0",0.0,"{""policy"": ""latref"", ""ref_rule"": ""gwr"", ""ref_tau"": 0.6, ""theta"": 2.0}"
latref,regretor,0.0,1.0,2.0,0.5,gwr,0.6,True,omega,nym,4,0.7,18.27891117396595,8385.97593483776,371.5352290971726,32359.365692962812,4.396008005176659,6.321928094887363,0.0864934572207312,0.0,0.03911551632761517,16.58779513888889,"ours: public GWR reference, θ=2.0",0.0,"{""policy"": ""latref"", ""ref_rule"": ""gwr"", ""ref_tau"": 0.6, ""theta"": 2.0}"
latref,regretor,0.0,1.0,2.0,0.5,gwr,0.8,True,omega,nym,4,0.7,40.75537945940814,8318.355756576873,338.84415613920254,30902.95432513592,5.7112197370026845,6.321928094887363,0.02282111129956621,0.0,0.023116492652317903,6.914739583333334,"ours: public GWR reference, θ=2.0",0.0,"{""policy"": ""latref"", ""ref_rule"": ""gwr"", ""ref_tau"": 0.8, ""theta"": 2.0}"
latref,regretor,0.0,1.0,3.0,0.5,gwr,0.0,True,omega,nym,0,0.7,15.079365548389852,42965.293689732294,32359.365692962812,93325.43007969914,2.8804441150475464,6.321928094887363,0.5324438742493554,0.31875,0.061431289490368426,23.474809027777777,"ours: public GWR reference, θ=3.0",0.0,"{""policy"": ""latref"", ""ref_rule"": ""gwr"", ""ref_tau"": 0.0, ""theta"": 3.0}"
latref,regretor,0.0,1.0,2.0,0.5,gwr,0.8,True,omega,nym,0,0.7,46.50760056545538,10009.225566164236,371.5352290971726,30902.95432513592,5.765889001879977,6.321928094887363,0.02059014404268167,0.0,0.02203359087761378,6.635781249999999,"ours: public GWR reference, θ=2.0",0.0,"{""policy"": ""latref"", ""ref_rule"": ""gwr"", ""ref_tau"": 0.8, ""theta"": 2.0}"
latref,regretor,0.0,1.0,2.0,0.5,gwr,0.8,True,omega,nym,1,0.7,46.54794187957681,8080.521513445733,354.8133892335755,30902.95432513592,5.791775481582016,6.321928094887363,0.04027013011385261,0.0,0.020585966627198898,6.30640625,"ours: public GWR reference, θ=2.0",0.0,"{""policy"": ""latref"", ""ref_rule"": ""gwr"", ""ref_tau"": 0.8, ""theta"": 2.0}"
latref,regretor,0.0,1.0,3.0,0.5,gwr,0.0,True,omega,nym,1,0.7,14.554133211327748,32350.325283525166,30902.95432513592,93325.43007969914,2.88096267290251,6.321928094887363,0.5336429218749175,0.24375,0.0609946403076528,23.55092013888889,"ours: public GWR reference, θ=3.0",0.0,"{""policy"": ""latref"", ""ref_rule"": ""gwr"", ""ref_tau"": 0.0, ""theta"": 3.0}"
latref,regretor,0.0,1.0,3.0,0.5,gwr,0.0,True,omega,nym,2,0.7,11.861135341725156,37365.505059249015,30902.95432513592,93325.43007969914,2.9168331769722307,6.321928094887363,0.6333909797838058,0.21875,0.05813329968374612,23.51083333333333,"ours: public GWR reference, θ=3.0",0.0,"{""policy"": ""latref"", ""ref_rule"": ""gwr"", ""ref_tau"": 0.0, ""theta"": 3.0}"
latref,regretor,0.0,1.0,2.0,0.5,gwr,0.8,True,omega,nym,2,0.7,40.88451630077942,8147.8926143165245,338.84415613920254,30902.95432513592,5.660043925091538,6.321928094887363,0.03498868993274318,0.0,0.025034720207132998,7.429045138888888,"ours: public GWR reference, θ=2.0",0.0,"{""policy"": ""latref"", ""ref_rule"": ""gwr"", ""ref_tau"": 0.8, ""theta"": 2.0}"
latref,regretor,0.0,1.0,2.0,0.5,gwr,0.8,True,omega,nym,3,0.7,46.0644539262571,8507.94298102652,354.8133892335755,30902.95432513592,5.837752432542034,6.321928094887363,0.02936420522399108,0.0,0.019834305592668133,6.18390625,"ours: public GWR reference, θ=2.0",0.0,"{""policy"": ""latref"", ""ref_rule"": ""gwr"", ""ref_tau"": 0.8, ""theta"": 2.0}"
latref,regretor,0.0,1.0,3.0,0.5,gwr,0.0,True,omega,nym,3,0.7,14.248504710105653,40180.55791978887,32359.365692962812,93325.43007969914,2.8178223576010146,6.321928094887363,0.842310758013602,0.3375,0.061993867295121095,23.618541666666665,"ours: public GWR reference, θ=3.0",0.0,"{""policy"": ""latref"", ""ref_rule"": ""gwr"", ""ref_tau"": 0.0, ""theta"": 3.0}"
latref,regretor,0.0,1.0,3.0,0.5,gwr,0.0,True,omega,nym,4,0.7,10.903834653878924,31621.010573807416,30902.95432513592,93325.43007969914,2.719534274917684,6.321928094887363,0.3680012435273927,0.19375,0.06524347463857064,23.790277777777778,"ours: public GWR reference, θ=3.0",0.0,"{""policy"": ""latref"", ""ref_rule"": ""gwr"", ""ref_tau"": 0.0, ""theta"": 3.0}"
latref,regretor,0.0,1.0,3.0,0.5,gwr,0.2,True,omega,nym,0,0.7,17.05637019599645,29546.010548484548,30902.95432513592,61659.50018614822,3.343269090803149,6.321928094887363,0.3267346495470349,0.175,0.05468794876235432,22.217152777777777,"ours: public GWR reference, θ=3.0",0.0,"{""policy"": ""latref"", ""ref_rule"": ""gwr"", ""ref_tau"": 0.2, ""theta"": 3.0}"
latref,regretor,0.0,1.0,3.0,0.5,gwr,0.2,True,omega,nym,1,0.7,16.934138981106777,22066.136550459607,30902.95432513592,93325.43007969914,3.4109328555183596,6.321928094887363,0.24273062219752628,0.18125,0.05106620152806838,22.301145833333333,"ours: public GWR reference, θ=3.0",0.0,"{""policy"": ""latref"", ""ref_rule"": ""gwr"", ""ref_tau"": 0.2, ""theta"": 3.0}"
latref,regretor,0.0,1.0,3.0,0.5,gwr,0.2,True,omega,nym,4,0.7,12.945251587853312,14214.435726825284,4897.7881936844615,61659.50018614822,3.231905440117834,6.321928094887363,0.20966540541855117,0.0,0.05207098739070981,22.538836805555555,"ours: public GWR reference, θ=3.0",0.0,"{""policy"": ""latref"", ""ref_rule"": ""gwr"", ""ref_tau"": 0.2, ""theta"": 3.0}"
latref,regretor,0.0,1.0,3.0,0.5,gwr,0.4,True,omega,nym,0,0.7,21.327970705290326,21806.98089287441,28183.82931264455,61659.50018614822,3.929238757488476,6.321928094887363,0.2097344538815984,0.18125,0.04675137868985434,19.996336805555554,"ours: public GWR reference, θ=3.0",0.0,"{""policy"": ""latref"", ""ref_rule"": ""gwr"", ""ref_tau"": 0.4, ""theta"": 3.0}"
latref,regretor,0.0,1.0,3.0,0.5,gwr,0.2,True,omega,nym,2,0.7,13.807040746967662,24747.372978471998,21379.620895022323,93325.43007969914,3.329639327233591,6.321928094887363,0.3435707031156139,0.14375,0.05100125579926133,22.370121527777776,"ours: public GWR reference, θ=3.0",0.0,"{""policy"": ""latref"", ""ref_rule"": ""gwr"", ""ref_tau"": 0.2, ""theta"": 3.0}"
latref,regretor,0.0,1.0,3.0,0.5,gwr,0.2,True,omega,nym,3,0.7,17.95385316233145,27552.504478281127,28183.82931264455,93325.43007969914,3.3966551973574695,6.321928094887363,0.38472011350485236,0.175,0.048627893526884666,22.472291666666667,"ours: public GWR reference, θ=3.0",0.0,"{""policy"": ""latref"", ""ref_rule"": ""gwr"", ""ref_tau"": 0.2, ""theta"": 3.0}"
latref,regretor,0.0,1.0,3.0,0.5,gwr,0.4,True,omega,nym,3,0.7,22.82364866933468,14984.763049389896,8128.305161640995,58884.3655355589,4.1406510731701065,6.321928094887363,0.18192163380362958,0.0,0.03832998597082405,20.03404513888889,"ours: public GWR reference, θ=3.0",0.0,"{""policy"": ""latref"", ""ref_rule"": ""gwr"", ""ref_tau"": 0.4, ""theta"": 3.0}"
latref,regretor,0.0,1.0,3.0,0.5,gwr,0.4,True,omega,nym,4,0.7,15.168757054423411,8444.560212912935,407.38027780411284,32359.365692962812,3.7702633818436277,6.321928094887363,0.09935222395840682,0.0,0.04470637473696676,20.33767361111111,"ours: public GWR reference, θ=3.0",0.0,"{""policy"": ""latref"", ""ref_rule"": ""gwr"", ""ref_tau"": 0.4, ""theta"": 3.0}"
latref,regretor,0.0,1.0,3.0,0.5,gwr,0.6,True,omega,nym,2,0.7,23.364070212555504,8407.082665151815,407.38027780411284,32359.365692962812,4.710445745401201,6.321928094887363,0.08222392211768503,0.0,0.03324786904544337,15.183211805555555,"ours: public GWR reference, θ=3.0",0.0,"{""policy"": ""latref"", ""ref_rule"": ""gwr"", ""ref_tau"": 0.6, ""theta"": 3.0}"
latref,regretor,0.0,1.0,3.0,0.5,gwr,0.6,True,omega,nym,3,0.7,29.99606914728193,8546.529442138713,354.8133892335755,32359.365692962812,5.1156842374648885,6.321928094887363,0.0742652276618494,0.0,0.027308100979167478,13.46375,"ours: public GWR reference, θ=3.0",0.0,"{""policy"": ""latref"", ""ref_rule"": ""gwr"", ""ref_tau"": 0.6, ""theta"": 3.0}"
latref,regretor,0.0,1.0,3.0,0.5,gwr,0.6,True,omega,nym,0,0.7,29.986409568163054,10039.885768771315,371.5352290971726,32359.365692962812,4.925717738390144,6.321928094887363,0.04669824146881729,0.0,0.03252947183408515,14.091336805555557,"ours: public GWR reference, θ=3.0",0.0,"{""policy"": ""latref"", ""ref_rule"": ""gwr"", ""ref_tau"": 0.6, ""theta"": 3.0}"
latref,regretor,0.0,1.0,3.0,0.5,gwr,0.6,True,omega,nym,1,0.7,28.72865728336244,8105.7117454463,354.8133892335755,32359.365692962812,4.941237146650997,6.321928094887363,0.06188358463344845,0.0,0.031124468488833518,13.880086805555555,"ours: public GWR reference, θ=3.0",0.0,"{""policy"": ""latref"", ""ref_rule"": ""gwr"", ""ref_tau"": 0.6, ""theta"": 3.0}"
latref,regretor,0.0,1.0,3.0,0.5,gwr,0.4,True,omega,nym,1,0.7,20.785702138342952,13191.052923147165,1412.537544622754,61659.50018614822,3.9945048815540574,6.321928094887363,0.1661636660872141,0.0,0.041849229339360756,19.874947916666667,"ours: public GWR reference, θ=3.0",0.0,"{""policy"": ""latref"", ""ref_rule"": ""gwr"", ""ref_tau"": 0.4, ""theta"": 3.0}"
latref,regretor,0.0,1.0,3.0,0.5,gwr,0.4,True,omega,nym,2,0.7,16.922584283553768,19652.182440887307,1230.2687708123813,85113.80382023768,3.845915872848317,6.321928094887363,0.2063955696584645,0.0875,0.04234225038408199,20.08154513888889,"ours: public GWR reference, θ=3.0",0.0,"{""policy"": ""latref"", ""ref_rule"": ""gwr"", ""ref_tau"": 0.4, ""theta"": 3.0}"
latref,regretor,0.0,1.0,3.0,0.5,gwr,0.6,True,omega,nym,4,0.7,20.899797790492812,8354.562275487975,338.84415613920254,30902.95432513592,4.708809590462868,6.321928094887363,0.06758586343702322,0.0,0.03419234941006246,14.707847222222222,"ours: public GWR reference, θ=3.0",0.0,"{""policy"": ""latref"", ""ref_rule"": ""gwr"", ""ref_tau"": 0.6, ""theta"": 3.0}"
latref,regretor,0.0,1.0,3.0,0.5,gwr,0.8,True,omega,nym,0,0.7,59.16432025843436,10015.88291153757,389.0451449942807,30902.95432513592,6.039001922190454,6.321928094887363,0.018142628458327925,0.0,0.017481342558645058,4.479010416666666,"ours: public GWR reference, θ=3.0",0.0,"{""policy"": ""latref"", ""ref_rule"": ""gwr"", ""ref_tau"": 0.8, ""theta"": 3.0}"
latref,regretor,0.0,1.0,3.0,0.5,gwr,0.8,True,omega,nym,1,0.7,57.617960778433186,8064.841600930582,354.8133892335755,30902.95432513592,5.990345988897602,6.321928094887363,0.01901689246614957,0.0,0.017808210649090904,4.721145833333333,"ours: public GWR reference, θ=3.0",0.0,"{""policy"": ""latref"", ""ref_rule"": ""gwr"", ""ref_tau"": 0.8, ""theta"": 3.0}"
latref,regretor,0.0,1.0,3.0,0.5,gwr,0.8,True,omega,nym,2,0.7,55.32808925945466,8136.946770335723,354.8133892335755,30902.95432513592,5.98710146030751,6.321928094887363,0.018131332398197753,0.0,0.0204891179052331,4.888993055555556,"ours: public GWR reference, θ=3.0",0.0,"{""policy"": ""latref"", ""ref_rule"": ""gwr"", ""ref_tau"": 0.8, ""theta"": 3.0}"
latref,regretor,0.0,1.0,3.0,0.5,gwr,0.8,True,omega,nym,3,0.7,57.240738547502424,8507.20799193259,354.8133892335755,30902.95432513592,6.029974119538004,6.321928094887363,0.018380245197140876,0.0,0.017383845395640384,4.380815972222222,"ours: public GWR reference, θ=3.0",0.0,"{""policy"": ""latref"", ""ref_rule"": ""gwr"", ""ref_tau"": 0.8, ""theta"": 3.0}"
latref,regretor,0.0,1.0,3.0,0.5,gwr,0.8,True,omega,nym,4,0.7,54.17967044319238,8327.998312635264,354.8133892335755,30902.95432513592,5.987859422637964,6.321928094887363,0.018117310341386528,0.0,0.019133352124054256,4.69546875,"ours: public GWR reference, θ=3.0",0.0,"{""policy"": ""latref"", ""ref_rule"": ""gwr"", ""ref_tau"": 0.8, ""theta"": 3.0}"
latbal,regretor,0.0,0.3,2.0,0.5,gwr,0.6,True,omega,nym,0,0.7,74.63187982623029,10031.45041122212,407.38027780411284,30902.95432513592,6.197521272534857,6.321928094887363,0.025599755576211747,0.0,0.01110616292635449,2.1582986111111113,"ours: delay-LatBal (μ sweep, θ=2)",0.0,"{""mu"": 0.3, ""policy"": ""latbal"", ""theta"": 2.0}"
latbal,regretor,0.0,0.3,2.0,0.5,gwr,0.6,True,omega,nym,1,0.7,74.89934218531482,8082.780723930665,371.5352290971726,30902.95432513592,6.161442648293431,6.321928094887363,0.026309855055325793,0.0,0.011245088555355805,2.353559027777778,"ours: delay-LatBal (μ sweep, θ=2)",0.0,"{""mu"": 0.3, ""policy"": ""latbal"", ""theta"": 2.0}"
latbal,regretor,0.0,0.3,2.0,0.5,gwr,0.6,True,omega,nym,2,0.7,73.255981973514,8156.5464821512305,371.5352290971726,30902.95432513592,6.186037247027015,6.321928094887363,0.02425542452762741,0.0,0.010952296104173628,2.1714409722222223,"ours: delay-LatBal (μ sweep, θ=2)",0.0,"{""mu"": 0.3, ""policy"": ""latbal"", ""theta"": 2.0}"
latbal,regretor,0.0,0.3,2.0,0.5,gwr,0.6,True,omega,nym,3,0.7,72.53657385397383,8521.182597457428,371.5352290971726,30902.95432513592,6.173738159504117,6.321928094887363,0.02348627728001884,0.0,0.009687638529809,2.0730381944444445,"ours: delay-LatBal (μ sweep, θ=2)",0.0,"{""mu"": 0.3, ""policy"": ""latbal"", ""theta"": 2.0}"
latbal,regretor,0.0,0.3,2.0,0.5,gwr,0.6,True,omega,nym,4,0.7,72.4256631203793,8349.698707938223,371.5352290971726,30902.95432513592,6.189395580267463,6.321928094887363,0.025181028448072018,0.0,0.010710082030231757,2.1519791666666666,"ours: delay-LatBal (μ sweep, θ=2)",0.0,"{""mu"": 0.3, ""policy"": ""latbal"", ""theta"": 2.0}"
latbal,regretor,0.0,1.0,2.0,0.5,gwr,0.6,True,omega,nym,0,0.7,64.26524198887417,10156.663463163692,467.73514128719813,32359.365692962812,6.14357905933735,6.321928094887363,0.07541230410474586,0.0,0.014110299254318759,3.5986284722222224,"ours: delay-LatBal (μ sweep, θ=2)",0.0,"{""mu"": 1.0, ""policy"": ""latbal"", ""theta"": 2.0}"
latbal,regretor,0.0,1.0,2.0,0.5,gwr,0.6,True,omega,nym,1,0.7,65.62297562807652,8219.544173634751,446.683592150963,32359.365692962812,6.140294280350791,6.321928094887363,0.07502735623800838,0.0,0.013937738592694551,3.5757465277777776,"ours: delay-LatBal (μ sweep, θ=2)",0.0,"{""mu"": 1.0, ""policy"": ""latbal"", ""theta"": 2.0}"
latbal,regretor,0.0,1.0,2.0,0.5,gwr,0.6,True,omega,nym,2,0.7,61.97473177911405,8258.797573695061,407.38027780411284,32359.365692962812,6.1434535843699205,6.321928094887363,0.0626003069530654,0.0,0.01355458408593356,3.4924131944444445,"ours: delay-LatBal (μ sweep, θ=2)",0.0,"{""mu"": 1.0, ""policy"": ""latbal"", ""theta"": 2.0}"
latbal,regretor,0.0,1.0,2.0,0.5,gwr,0.6,True,omega,nym,3,0.7,65.75653375103859,8672.473890317724,426.57951880159254,32359.365692962812,6.154544203681587,6.321928094887363,0.06424958036436035,0.0,0.011734593341475665,3.230277777777778,"ours: delay-LatBal (μ sweep, θ=2)",0.0,"{""mu"": 1.0, ""policy"": ""latbal"", ""theta"": 2.0}"
latbal,regretor,0.0,1.0,2.0,0.5,gwr,0.6,True,omega,nym,4,0.7,64.0143390605602,8488.743873172756,446.683592150963,32359.365692962812,6.168753944375432,6.321928094887363,0.06967238856654867,0.0,0.012518302672293563,3.534965277777778,"ours: delay-LatBal (μ sweep, θ=2)",0.0,"{""mu"": 1.0, ""policy"": ""latbal"", ""theta"": 2.0}"
eexp3,regretor,0.0,1.0,1.0,0.5,gwr,0.6,False,omega,nym,1,0.7,76.82934173194906,9646.71711035764,407.38027780411284,61659.50018614822,6.126419460462214,6.321928094887363,0.047120011699425035,0.0375,0.01769095592738943,0.0,"ε-EXP3 (Hou'24), no band",0.0,"{""band"": false, ""policy"": ""eexp3""}"
eexp3,regretor,0.0,1.0,1.0,0.5,gwr,0.6,False,omega,nym,2,0.7,74.95721707527639,9658.5806033634,407.38027780411284,61659.50018614822,6.15012278841827,6.321928094887363,0.05268834873246586,0.03125,0.01728217332069288,0.0,"ε-EXP3 (Hou'24), no band",0.0,"{""band"": false, ""policy"": ""eexp3""}"
latbal,regretor,0.0,3.0,2.0,0.5,gwr,0.6,True,omega,nym,4,0.7,58.50432625798698,9767.53044583772,1348.9628825916534,38904.51449942805,6.152004676745982,6.321928094887363,0.12095744211935333,0.0,0.014392355869660107,5.1334375,"ours: delay-LatBal (μ sweep, θ=2)",0.0,"{""mu"": 3.0, ""policy"": ""latbal"", ""theta"": 2.0}"
eexp3,regretor,0.0,1.0,1.0,0.5,gwr,0.6,False,omega,nym,0,0.7,82.12124529649158,11283.554785393424,446.683592150963,61659.50018614822,6.175954981013577,6.321928094887363,0.04350748674872973,0.03125,0.017089258800116674,0.0,"ε-EXP3 (Hou'24), no band",0.0,"{""band"": false, ""policy"": ""eexp3""}"
latbal,regretor,0.0,3.0,2.0,0.5,gwr,0.6,True,omega,nym,0,0.7,58.37701568879181,10985.303235820658,1348.9628825916534,37153.52290971724,6.1158066524723464,6.321928094887363,0.12534576049076707,0.0,0.015753721475813536,5.118350694444445,"ours: delay-LatBal (μ sweep, θ=2)",0.0,"{""mu"": 3.0, ""policy"": ""latbal"", ""theta"": 2.0}"
latbal,regretor,0.0,3.0,2.0,0.5,gwr,0.6,True,omega,nym,1,0.7,61.6997508466322,9035.24562686682,1288.2495516931335,37153.52290971724,6.138829512920632,6.321928094887363,0.1301394184714053,0.0,0.014592546889905092,4.748125,"ours: delay-LatBal (μ sweep, θ=2)",0.0,"{""mu"": 3.0, ""policy"": ""latbal"", ""theta"": 2.0}"
latbal,regretor,0.0,3.0,2.0,0.5,gwr,0.6,True,omega,nym,2,0.7,60.4234054816172,9920.388386966924,1288.2495516931335,42657.95188015925,6.158552944237388,6.321928094887363,0.1259063032073433,0.0,0.013280027464635464,4.802951388888888,"ours: delay-LatBal (μ sweep, θ=2)",0.0,"{""mu"": 3.0, ""policy"": ""latbal"", ""theta"": 2.0}"
latbal,regretor,0.0,3.0,2.0,0.5,gwr,0.6,True,omega,nym,3,0.7,60.84894992261663,9734.418539346056,1288.2495516931335,38904.51449942805,6.139748956311046,6.321928094887363,0.11792881689016399,0.0,0.013095718664478445,4.740225694444445,"ours: delay-LatBal (μ sweep, θ=2)",0.0,"{""mu"": 3.0, ""policy"": ""latbal"", ""theta"": 2.0}"
eexp3,regretor,0.0,1.0,1.0,0.5,gwr,0.6,False,omega,nym,3,0.7,75.72620325648101,9958.889488908319,389.0451449942807,61659.50018614822,6.139556949033822,6.321928094887363,0.044719652754849015,0.0375,0.015219337493465527,0.0,"ε-EXP3 (Hou'24), no band",0.0,"{""band"": false, ""policy"": ""eexp3""}"
eexp3,regretor,0.0,1.0,1.0,0.5,gwr,0.6,False,omega,nym,4,0.7,76.96258850376744,10372.673535866124,426.57951880159254,61659.50018614822,6.166306086143798,6.321928094887363,0.05419144552279542,0.04375,0.01674319706663124,0.0,"ε-EXP3 (Hou'24), no band",0.0,"{""band"": false, ""policy"": ""eexp3""}"
eexp3,regretor,0.0,1.0,1.0,0.5,gwr,0.6,True,omega,nym,0,0.7,84.73806256279074,47439.65892703003,32359.365692962812,93325.43007969914,2.068346187850506,6.321928094887363,10.023086903783778,0.175,0.02647073489457441,0.0,ε-EXP3 (Hou'24) + band θ=1,0.0,"{""band"": true, ""policy"": ""eexp3"", ""theta"": 1.0}"
eexp3,regretor,0.0,1.0,1.0,0.5,gwr,0.6,True,omega,nym,1,0.7,81.6058658213042,45218.00630615242,30902.95432513592,93325.43007969914,2.223016101533733,6.321928094887363,8.435589276985969,0.18125,0.026506432897765653,0.0,ε-EXP3 (Hou'24) + band θ=1,0.0,"{""band"": true, ""policy"": ""eexp3"", ""theta"": 1.0}"
eexp3,regretor,0.0,1.0,1.0,0.5,gwr,0.6,True,omega,nym,4,0.7,84.31893953538989,43502.899403638534,30902.95432513592,93325.43007969914,3.9994665718108933,6.321928094887363,1.9518503117711208,0.20625,0.0229892772289736,0.0,ε-EXP3 (Hou'24) + band θ=1,0.0,"{""band"": true, ""policy"": ""eexp3"", ""theta"": 1.0}"
static,uniform,1.0,1.0,1.0,0.5,gwr,0.6,True,omega,nym,0,0.7,101.59352171296275,26820.66700593143,30902.95432513592,93325.43007969914,6.321928094887363,6.321928094887363,0.20819375964927822,0.275,0.003375000000000046,0.0,uniform,1.0,"{""policy"": ""static""}"
eexp3,regretor,0.0,1.0,1.0,0.5,gwr,0.6,True,omega,nym,2,0.7,74.80234684280428,44778.30213442465,30902.95432513592,93325.43007969914,0.5076621826339791,6.321928094887363,23.128788979508432,0.1375,0.02724343173836615,0.0,ε-EXP3 (Hou'24) + band θ=1,0.0,"{""band"": true, ""policy"": ""eexp3"", ""theta"": 1.0}"
eexp3,regretor,0.0,1.0,1.0,0.5,gwr,0.6,True,omega,nym,3,0.7,77.56024503745552,42452.597492159344,30902.95432513592,93325.43007969914,2.998152605762314,6.321928094887363,5.062422730508144,0.15625,0.025526502522635146,0.0,ε-EXP3 (Hou'24) + band θ=1,0.0,"{""band"": true, ""policy"": ""eexp3"", ""theta"": 1.0}"
static,uniform,1.0,1.0,1.0,0.5,gwr,0.6,True,omega,nym,1,0.7,99.0141710815437,27341.96902837462,30902.95432513592,93325.43007969914,6.321928094887363,6.321928094887363,0.2390864017702421,0.3125,0.003375000000000046,0.0,uniform,1.0,"{""policy"": ""static""}"
static,uniform,1.0,1.0,1.0,0.5,gwr,0.6,True,omega,nym,2,0.7,97.08770796986045,26163.758995409033,30902.95432513592,93325.43007969914,6.321928094887363,6.321928094887363,0.2157749856612794,0.29375,0.003375000000000046,0.0,uniform,1.0,"{""policy"": ""static""}"
static,uniform,1.0,1.0,1.0,0.5,gwr,0.6,True,omega,nym,3,0.7,98.0162662533978,23982.30323096061,30902.95432513592,93325.43007969914,6.321928094887363,6.321928094887363,0.2193692710086792,0.25,0.003375000000000046,0.0,uniform,1.0,"{""policy"": ""static""}"
static,uniform,1.0,1.0,1.0,0.5,gwr,0.6,True,omega,nym,4,0.7,102.44056353003246,24924.20492274904,30902.95432513592,93325.43007969914,6.321928094887363,6.321928094887363,0.1967665559082583,0.2625,0.003375000000000046,0.0,uniform,1.0,"{""policy"": ""static""}"
