method,tau,theta_crg,capacity,dataset,seed,theta_loc,lat_link_ms,lat_e2e_ms,lat_p50_ms,lat_p99_ms,H_r,H_max,excess,rho_max,frac_overloaded,FCP,dummies_per_node_round,family,rho_bar,W
regretor,0.0,0.0,equal,nym,0,0.0,101.71947075534256,295.00599072438615,281.83829312644536,537.0317963702527,6.321878212651578,6.321928094887363,0.01633970970488985,0.3019817333333333,0.0,0.0040038926746943536,0.36744791666666665,ours (θ_loc tilt),0.3,80
regretor,0.0,0.0,equal,nym,1,0.0,99.16563661572941,292.4555011318024,269.15348039269156,537.0317963702527,6.321875706006714,6.321928094887363,0.016468906867556088,0.30205039999999994,0.0,0.003980761809422842,0.36666666666666664,ours (θ_loc tilt),0.3,80
regretor,0.0,0.0,equal,nym,2,0.0,97.09465920943059,290.38381050906753,281.83829312644536,512.8613839913648,6.3218786071894115,6.321928094887363,0.01642423522311054,0.30187693333333343,0.0,0.003983107859893321,0.3634027777777778,ours (θ_loc tilt),0.3,80
regretor,0.0,0.0,equal,nym,3,0.0,97.81148410231417,291.0998714541634,281.83829312644536,512.8613839913648,6.321886399044621,6.321928094887363,0.01645736601733483,0.3018747999999999,0.0,0.003971792781029033,0.36482638888888885,ours (θ_loc tilt),0.3,80
regretor,0.0,0.0,equal,nym,4,0.0,102.26088761646,295.54673765715313,281.83829312644536,512.8613839913648,6.321881538756246,6.321928094887363,0.016306031290222567,0.3019830666666666,0.0,0.0039825860612747056,0.36828125,ours (θ_loc tilt),0.3,80
regretor,0.0,0.0,equal,nym,0,0.5,89.22345027453058,282.511085856667,257.03957827688635,512.8613839913648,6.319968164054517,6.321928094887363,0.01643252190044464,0.30386639999999987,0.0,0.005627689071322949,0.6127951388888888,ours (θ_loc tilt),0.3,80
regretor,0.0,0.0,equal,nym,1,0.5,87.0326841231253,280.3239093457131,257.03957827688635,512.8613839913648,6.320125845654516,6.321928094887363,0.016561062457334907,0.3041834666666666,0.0,0.005062249906542018,0.6082118055555555,ours (θ_loc tilt),0.3,80
regretor,0.0,0.0,equal,nym,2,0.5,84.18668549130213,277.47513891791743,257.03957827688635,489.77881936844614,6.31927546820593,6.321928094887363,0.01640372583955707,0.30445653333333333,0.0,0.0062707037397343405,0.6163194444444444,ours (θ_loc tilt),0.3,80
regretor,0.0,0.0,equal,nym,3,0.5,86.3934556559583,279.6802822559965,257.03957827688635,489.77881936844614,6.320345446373018,6.321928094887363,0.016398238971555346,0.3037180000000001,0.0,0.0051989837264547895,0.6083333333333333,ours (θ_loc tilt),0.3,80
regretor,0.0,0.0,equal,nym,4,0.5,89.37455941469666,282.6623264730079,257.03957827688635,489.77881936844614,6.319914068063054,6.321928094887363,0.016440145515111304,0.3040266666666667,0.0,0.005237990299719446,0.6177430555555555,ours (θ_loc tilt),0.3,80
regretor,0.0,0.0,equal,nym,0,1.0,75.5895201318838,268.8807707237923,245.470891568503,467.73514128719813,6.293513837868592,6.321928094887363,0.016706031038222102,0.3057831999999999,0.0,0.008929870470962126,1.240329861111111,ours (θ_loc tilt),0.3,80
regretor,0.0,0.0,equal,nym,1,1.0,74.22345485508183,267.5187083566097,245.470891568503,467.73514128719813,6.294926080072006,6.321928094887363,0.016862168420444412,0.30490026666666664,0.0,0.007617732534354951,1.1912847222222223,ours (θ_loc tilt),0.3,80
regretor,0.0,0.0,equal,nym,4,1.0,74.88231209053073,268.1753507384932,245.470891568503,467.73514128719813,6.2913536724072845,6.321928094887363,0.01680876167600065,0.30542466666666673,0.0,0.008449771519750637,1.2666840277777778,ours (θ_loc tilt),0.3,80
regretor,0.0,0.0,equal,nym,0,2.0,56.60117699772277,249.90144133475138,234.4228815319923,407.38027780411284,6.132832129268406,6.321928094887363,0.01745407353288897,0.30701160000000005,0.0,0.015879593799394173,3.0715624999999998,ours (θ_loc tilt),0.3,80
regretor,0.0,0.0,equal,nym,2,1.0,70.61820086528614,263.91384009976616,245.470891568503,467.73514128719813,6.283094906909984,6.321928094887363,0.01688932210222105,0.3062916,0.0,0.010904223316507856,1.32171875,ours (θ_loc tilt),0.3,80
regretor,0.0,0.0,equal,nym,3,1.0,74.39478198456682,267.69044366569295,245.470891568503,467.73514128719813,6.300696541666239,6.321928094887363,0.016954865974667,0.30648186666666666,0.0,0.008216022213450181,1.1641493055555556,ours (θ_loc tilt),0.3,80
regretor,0.0,0.0,equal,nym,1,2.0,56.45110783862898,249.80066608748996,234.4228815319923,407.38027780411284,6.14970190639742,6.321928094887363,0.020390242818221438,0.31226053333333337,0.0,0.013030237249509469,2.8275347222222225,ours (θ_loc tilt),0.3,80
regretor,0.0,0.0,equal,nym,2,2.0,53.06482287807986,246.42454574967476,234.4228815319923,389.0451449942807,6.125292072791053,6.321928094887363,0.02093097576577807,0.31449186666666673,0.0,0.01729987147684054,3.0761111111111115,ours (θ_loc tilt),0.3,80
regretor,0.0,0.0,equal,nym,0,3.0,51.522260081608735,244.8384843966964,234.4228815319923,371.5352290971726,6.046444803888617,6.321928094887363,0.018506848819555888,0.3074559999999999,0.0,0.01770399397186262,4.116215277777778,ours (θ_loc tilt),0.3,80
regretor,0.0,0.0,equal,nym,1,3.0,50.354005969972484,243.79903689520512,234.4228815319923,371.5352290971726,6.0526813408979026,6.321928094887363,0.026905379454666756,0.31778760000000006,0.0,0.014628688444932994,3.914565972222222,ours (θ_loc tilt),0.3,80
regretor,0.0,0.0,equal,nym,2,3.0,48.011710228220686,241.45118074395694,234.4228815319923,371.5352290971726,6.045795171010735,6.321928094887363,0.026296397727555654,0.3194393333333333,0.0,0.019017374730655706,4.01375,ours (θ_loc tilt),0.3,80
regretor,0.0,0.0,equal,nym,3,3.0,52.110791531149175,245.55489474063387,234.4228815319923,371.5352290971726,6.084366582332597,6.321928094887363,0.026829422332444786,0.3193812000000001,0.0,0.014719106229711953,3.7261111111111114,ours (θ_loc tilt),0.3,80
regretor,0.0,0.0,equal,nym,3,2.0,57.58072631012854,250.9548721392102,234.4228815319923,407.38027780411284,6.1768877911193005,6.321928094887363,0.021977051139554504,0.31614439999999994,0.0,0.013608222664830884,2.7668749999999998,ours (θ_loc tilt),0.3,80
regretor,0.0,0.0,equal,nym,4,2.0,53.801707105779286,247.14263791354745,234.4228815319923,407.38027780411284,6.1042212851898885,6.321928094887363,0.019975049945333723,0.3105245333333333,0.0,0.015662615890204255,3.3721354166666666,ours (θ_loc tilt),0.3,80
regretor,0.0,0.0,equal,nym,4,3.0,47.96524453962524,241.39395365471927,234.4228815319923,371.5352290971726,6.009078294017927,6.321928094887363,0.025967858524444498,0.31320279999999995,0.0,0.01730264061208389,4.598836805555555,ours (θ_loc tilt),0.3,80
regretor,0.0,0.0,equal,nym,0,4.0,50.59453545549747,243.91593006757785,234.4228815319923,371.5352290971726,6.029619869094155,6.321928094887363,0.0188310090111099,0.3087650666666667,0.0,0.01787662780347761,4.374739583333334,ours (θ_loc tilt),0.3,80
regretor,0.0,0.0,equal,nym,1,4.0,49.21176596477724,242.6823572466231,234.4228815319923,354.8133892335755,6.02727673335499,6.321928094887363,0.028736963515999303,0.31907679999999994,0.0,0.015160324029607647,4.216111111111111,ours (θ_loc tilt),0.3,80
regretor,0.0,0.0,equal,nym,2,4.0,47.22981324780481,240.68758502186785,234.4228815319923,354.8133892335755,6.032898130404605,6.321928094887363,0.02762650470266692,0.3195941333333333,0.0,0.019218078327847457,4.240034722222222,ours (θ_loc tilt),0.3,80
larmix,0.2,0.0,equal,nym,0,0.0,24.59815453100976,217.87667372328278,204.17379446695296,323.59365692962825,3.8156060729159953,6.321928094887363,0.01591421333333498,0.3050266666666666,0.0,0.04833887861479459,0.0,LARMix,0.3,80
larmix,0.2,0.0,equal,nym,1,0.0,33.20839102413998,226.4873940384272,213.79620895022325,354.8133892335755,4.008987678554164,6.321928094887363,0.01583945777777762,0.30527999999999994,0.0,0.050607269290789805,0.0,LARMix,0.3,80
regretor,0.0,0.0,equal,nym,3,4.0,51.218984146434295,244.68108851942694,234.4228815319923,371.5352290971726,6.06581393133036,6.321928094887363,0.028036782920000558,0.31984786666666665,0.0,0.015175994147743723,3.954184027777778,ours (θ_loc tilt),0.3,80
regretor,0.0,0.0,equal,nym,4,4.0,47.054847109478075,240.50543847278416,234.4228815319923,354.8133892335755,5.993728332188633,6.321928094887363,0.027470082798222828,0.3145334666666668,0.0,0.017370563056814718,4.851631944444444,ours (θ_loc tilt),0.3,80
larmix,0.2,0.0,equal,nym,2,0.0,24.286979108828668,217.5651347662917,204.17379446695296,323.59365692962825,3.8913757455641464,6.321928094887363,0.015873564444444765,0.3053199999999999,0.0,0.047691615996603945,0.0,LARMix,0.3,80
larmix,0.2,0.0,equal,nym,3,0.0,33.10748198832732,226.3833808570733,213.79620895022325,354.8133892335755,3.923433566058992,6.321928094887363,0.015643333333333453,0.3052266666666666,0.0,0.051894586477362704,0.0,LARMix,0.3,80
larmix,0.4,0.0,equal,nym,1,0.0,33.31854100596882,226.59918928974727,213.79620895022325,354.8133892335755,4.545971245262605,6.321928094887363,0.01592262222222174,0.3040533333333333,0.0,0.04152112858533122,0.0,LARMix,0.3,80
larmix,0.4,0.0,equal,nym,2,0.0,25.128356784032878,218.40322480212456,204.17379446695296,338.84415613920254,4.32575629873634,6.321928094887363,0.01567424888888902,0.3049066666666666,0.0,0.04150764599258572,0.0,LARMix,0.3,80
larmix,0.4,0.0,equal,nym,3,0.0,32.9719759063231,226.24836969982644,213.79620895022325,354.8133892335755,4.544371867162971,6.321928094887363,0.01566348444444432,0.30758666666666656,0.0,0.04098696446540957,0.0,LARMix,0.3,80
larmix,0.4,0.0,equal,nym,4,0.0,26.196859817494115,219.47864701742475,204.17379446695296,354.8133892335755,4.339867053606653,6.321928094887363,0.015907057777779565,0.30871999999999994,0.0,0.04252201355144655,0.0,LARMix,0.3,80
larmix,0.2,0.0,equal,nym,4,0.0,27.14936369735836,220.43121485212615,204.17379446695296,354.8133892335755,3.873888311869429,6.321928094887363,0.01590542222222191,0.30566666666666664,0.0,0.049995448794098826,0.0,LARMix,0.3,80
larmix,0.4,0.0,equal,nym,0,0.0,25.937819330951708,219.2138920816644,204.17379446695296,338.84415613920254,4.330453698288717,6.321928094887363,0.015790862222219593,0.3047333333333333,0.0,0.04046096893622424,0.0,LARMix,0.3,80
larmix,0.6,0.0,equal,nym,0,0.0,34.40978411987432,227.68487091975,213.79620895022325,371.5352290971726,5.339493554849506,6.321928094887363,0.01574235555555492,0.30597333333333326,0.0,0.028304605219891543,0.0,LARMix,0.3,80
larmix,0.6,0.0,equal,nym,1,0.0,38.68921087759282,231.96968825895604,213.79620895022325,371.5352290971726,5.41050401978938,6.321928094887363,0.01593648888888799,0.30443999999999993,0.0,0.02708855686314602,0.0,LARMix,0.3,80
larmix,0.6,0.0,equal,nym,2,0.0,34.42330381395711,227.69655634192304,213.79620895022325,354.8133892335755,5.337029956367722,6.321928094887363,0.015583235555555408,0.3049066666666666,0.0,0.029088350544884622,0.0,LARMix,0.3,80
larmix,0.6,0.0,equal,nym,3,0.0,39.65437815067613,232.93187724437408,213.79620895022325,371.5352290971726,5.474769009244429,6.321928094887363,0.015725848888889615,0.3046,0.0,0.02645510462196547,0.0,LARMix,0.3,80
larmix,0.6,0.0,equal,nym,4,0.0,34.063075333973735,227.34267684792874,213.79620895022325,389.0451449942807,5.286701758154325,6.321928094887363,0.0158001688888878,0.30525333333333327,0.0,0.029155090406283328,0.0,LARMix,0.3,80
larmix,0.8,0.0,equal,nym,0,0.0,74.37460586240184,267.65208294167536,245.470891568503,489.77881936844614,6.284530806316617,6.321928094887363,0.01590132444444481,0.3050133333333333,0.0,0.009666645773015719,0.0,LARMix,0.3,80
larmix,0.8,0.0,equal,nym,1,0.0,72.87035960924064,266.1494965437557,245.470891568503,467.73514128719813,6.281990520540345,6.321928094887363,0.015870639999999492,0.30487999999999993,0.0,0.009144642324379346,0.0,LARMix,0.3,80
larmix,0.8,0.0,equal,nym,2,0.0,71.38269015183533,264.65739495250557,245.470891568503,467.73514128719813,6.284381959418323,6.321928094887363,0.015675475555555263,0.3058666666666666,0.0,0.009943634409220936,0.0,LARMix,0.3,80
larmix,0.8,0.0,equal,nym,3,0.0,72.44661105251824,265.72717699647615,245.470891568503,467.73514128719813,6.285983966129399,6.321928094887363,0.015885200000000488,0.30573333333333325,0.0,0.00919549897363078,0.0,LARMix,0.3,80
larmix,0.8,0.0,equal,nym,4,0.0,74.57059603039197,267.8512784399424,245.470891568503,467.73514128719813,6.284367191921173,6.321928094887363,0.015859324444445155,0.3048266666666666,0.0,0.0095863490309069,0.0,LARMix,0.3,80
larmix,1.0,0.0,equal,nym,4,0.0,102.38419220393958,295.666302882592,281.83829312644536,512.8613839913648,6.321928094887363,6.321928094887363,0.01593517333333372,0.3047599999999999,0.0,0.003375000000000046,0.0,LARMix,0.3,80
lamp,0.2,0.0,equal,nym,0,0.0,14.581864873875501,32882.413809817655,30902.95432513592,61659.50018614822,0.4503856151515249,6.321928094887363,4.172718675555557,3.797026666666666,0.08125,0.14452867045116166,0.0,LAMP-SC,0.3,80
larmix,1.0,0.0,equal,nym,2,0.0,97.01516382724128,290.28869211846273,281.83829312644536,512.8613839913648,6.321928094887363,6.321928094887363,0.01561612444444549,0.30669333333333326,0.0,0.003375000000000046,0.0,LARMix,0.3,80
larmix,1.0,0.0,equal,nym,3,0.0,97.92669435677212,291.20732366387995,281.83829312644536,512.8613839913648,6.321928094887363,6.321928094887363,0.0159041599999985,0.30557333333333325,0.0,0.003375000000000046,0.0,LARMix,0.3,80
lamp,0.2,0.0,equal,nym,1,0.0,12.292555001890115,28101.44883259249,30902.95432513592,61659.50018614822,0.5630012887595556,6.321928094887363,4.250563777777774,5.039319999999999,0.06875,0.1423362167008077,0.0,LAMP-SC,0.3,80
lamp,0.2,0.0,equal,nym,2,0.0,7.696442500000002,31575.55022301188,30902.95432513592,61659.50018614822,0.4644546217584784,6.321928094887363,5.123820773333337,5.031559999999999,0.06875,0.14425280962720857,0.0,LAMP-SC,0.3,80
larmix,1.0,0.0,equal,nym,0,0.0,101.70897570215449,294.98265091088376,281.83829312644536,537.0317963702527,6.321928094887363,6.321928094887363,0.015690506666666826,0.3050399999999999,0.0,0.003375000000000046,0.0,LARMix,0.3,80
larmix,1.0,0.0,equal,nym,1,0.0,98.9860037666679,292.26279716457464,269.15348039269156,537.0317963702527,6.321928094887363,6.321928094887363,0.015721146666666685,0.30543999999999993,0.0,0.003375000000000046,0.0,LARMix,0.3,80
lamp,0.2,0.0,equal,nym,3,0.0,7.5919404686298995,35913.56628429698,30902.95432513592,61659.50018614822,0.41292248825435723,6.321928094887363,6.6031096266666705,5.550493333333333,0.06875,0.14590074566544642,0.0,LAMP-SC,0.3,80
lamp,0.2,0.0,equal,nym,4,0.0,6.95614143936568,31522.95414481509,30902.95432513592,61659.50018614822,0.4278177910961434,6.321928094887363,4.527096888888889,4.6704799999999995,0.075,0.14532775731245723,0.0,LAMP-SC,0.3,80
lamp,0.4,0.0,equal,nym,2,0.0,8.154295405537958,24995.9506672373,30902.95432513592,61659.50018614822,1.3821358581435266,6.321928094887363,3.3488644799999996,4.050893333333333,0.0625,0.11902257749108285,0.0,LAMP-SC,0.3,80
lamp,0.4,0.0,equal,nym,3,0.0,8.100487812304529,29178.203143036335,30902.95432513592,61659.50018614822,1.2148687802072509,6.321928094887363,4.452422311111108,4.333639999999999,0.0625,0.12180697976295851,0.0,LAMP-SC,0.3,80
lamp,0.4,0.0,equal,nym,0,0.0,14.668432774184739,24953.275810581046,30902.95432513592,61659.50018614822,1.345905720372928,6.321928094887363,2.783413359999997,2.9441733333333326,0.0625,0.11695520357169358,0.0,LAMP-SC,0.3,80
lamp,0.4,0.0,equal,nym,1,0.0,12.396147048279403,20870.509453975104,1174.897554939529,61659.50018614822,1.4525518749214932,6.321928094887363,2.7639627822222246,3.9837333333333325,0.05625,0.1141784960074466,0.0,LAMP-SC,0.3,80
lamp,0.4,0.0,equal,nym,4,0.0,7.44192214179036,25505.715980882447,30902.95432513592,61659.50018614822,1.3794973557276022,6.321928094887363,2.9999856000000023,3.6789199999999997,0.06875,0.1198863910923748,0.0,LAMP-SC,0.3,80
lamp,0.6,0.0,equal,nym,0,0.0,16.07886743654584,13854.65098287235,257.03957827688635,61659.50018614822,2.799713146800732,6.321928094887363,1.280720462222221,1.7351733333333332,0.04375,0.07442296515192218,0.0,LAMP-SC,0.3,80
lamp,0.6,0.0,equal,nym,1,0.0,13.789892455197155,9672.725968895602,245.470891568503,61659.50018614822,2.901536919044191,6.321928094887363,1.1639071911111114,2.3549199999999995,0.03125,0.0733379825542843,0.0,LAMP-SC,0.3,80
lamp,0.6,0.0,equal,nym,2,0.0,10.081939497304537,12584.116406114688,234.4228815319923,61659.50018614822,2.9354268208703997,6.321928094887363,1.3816519199999973,2.5865066666666663,0.0375,0.07580208609982082,0.0,LAMP-SC,0.3,80
lamp,0.8,0.0,equal,nym,0,0.0,20.666826008785616,5846.424806496554,223.872113856834,61659.50018614822,3.8963627964167244,6.321928094887363,0.5568158666666665,1.1962266666666665,0.025,0.05136576766612694,0.0,LAMP-SC,0.3,80
lamp,0.8,0.0,equal,nym,1,0.0,18.375051356213877,1705.9677115884022,213.79620895022325,30902.95432513592,4.02059692237368,6.321928094887363,0.457603626666667,1.0977599999999998,0.00625,0.049765463521057686,0.0,LAMP-SC,0.3,80
lamp,0.6,0.0,equal,nym,3,0.0,9.82903138950186,19059.746977087798,295.12092266663853,61659.50018614822,2.618930636941596,6.321928094887363,2.1530896711111094,3.350386666666666,0.05,0.07974268329585847,0.0,LAMP-SC,0.3,80
lamp,0.6,0.0,equal,nym,4,0.0,9.266668941696944,15404.798719434093,234.4228815319923,61659.50018614822,2.932383576441823,6.321928094887363,1.3328044088888893,2.1605199999999996,0.05,0.07603270809478099,0.0,LAMP-SC,0.3,80
lamp,0.8,0.0,equal,nym,2,0.0,15.432307944397028,3651.75304450743,213.79620895022325,30902.95432513592,4.12455780046839,6.321928094887363,0.5083356711111144,1.374453333333333,0.0125,0.047078241321458894,0.0,LAMP-SC,0.3,80
lamp,0.8,0.0,equal,nym,3,0.0,14.946401853206854,10251.057877252339,223.872113856834,61659.50018614822,3.7118625619191716,6.321928094887363,1.157683751111108,3.1047999999999996,0.03125,0.053806801442142414,0.0,LAMP-SC,0.3,80
gwr+lba,0.0,0.0,equal,nym,3,0.0,26.151014764926234,219.57828283960666,204.17379446695296,323.59365692962825,3.584445597765322,6.321928094887363,0.02464371555555589,0.33450666666666656,0.0,0.050615297545304846,0.0,OptiMix GWR+LBA,0.3,80
gwr+lba,0.0,0.0,equal,nym,4,0.0,19.89115626313889,213.2719406593201,204.17379446695296,323.59365692962825,3.0820645619689686,6.321928094887363,0.021529937777776675,0.3263066666666666,0.0,0.05712640869787974,0.0,OptiMix GWR+LBA,0.3,80
gwr+lba,0.0,0.0,equal,nym,1,0.0,25.77409389928538,219.35924907883737,204.17379446695296,323.59365692962825,3.681772554021527,6.321928094887363,0.033906693333332516,0.35509333333333326,0.0,0.04843008814436708,0.0,OptiMix GWR+LBA,0.3,80
gwr+lba,0.0,0.0,equal,nym,2,0.0,18.401659632022156,212.0776098537117,204.17379446695296,323.59365692962825,3.2946694895078137,6.321928094887363,0.038664702222221736,0.3784799999999999,0.0,0.053562871963361,0.0,OptiMix GWR+LBA,0.3,80
lamp,0.8,0.0,equal,nym,4,0.0,14.422509749790674,6015.238211071596,213.79620895022325,61659.50018614822,4.14604952321771,6.321928094887363,0.5681796622222237,1.1630266666666664,0.025,0.04704182652021102,0.0,LAMP-SC,0.3,80
gwr+lba,0.0,0.0,equal,nym,0,0.0,22.94303099177763,216.30444431196761,204.17379446695296,323.59365692962825,3.3171916194828603,6.321928094887363,0.02050128888888958,0.3414133333333333,0.0,0.05266539005839902,0.0,OptiMix GWR+LBA,0.3,80
gwr+lba,0.2,0.0,equal,nym,2,0.0,21.05951084757275,214.41094755474364,204.17379446695296,323.59365692962825,3.627151304931801,6.321928094887363,0.01998869333333353,0.32545333333333326,0.0,0.04907944379262787,0.0,OptiMix GWR+LBA,0.3,80
gwr+lba,0.2,0.0,equal,nym,3,0.0,27.555330493276873,220.8733567289762,204.17379446695296,338.84415613920254,3.9142588189555716,6.321928094887363,0.018035626666666582,0.32321333333333324,0.0,0.04519562131434384,0.0,OptiMix GWR+LBA,0.3,80
gwr+lba,0.2,0.0,equal,nym,0,0.0,23.48194101668906,216.78360288741047,204.17379446695296,323.59365692962825,3.6618694026079317,6.321928094887363,0.017220764444445757,0.3174933333333333,0.0,0.04704515334192956,0.0,OptiMix GWR+LBA,0.3,80
gwr+lba,0.2,0.0,equal,nym,1,0.0,28.68492995928471,222.05192322406165,204.17379446695296,354.8133892335755,4.056420506707883,6.321928094887363,0.020994453333332386,0.32229333333333327,0.0,0.04337976806818604,0.0,OptiMix GWR+LBA,0.3,80
gwr+lba,0.2,0.0,equal,nym,4,0.0,19.88387050293481,213.20918369056622,204.17379446695296,309.0295432513591,3.353605952364741,6.321928094887363,0.01835273777777613,0.31971999999999995,0.0,0.05147246002696082,0.0,OptiMix GWR+LBA,0.3,80
gwr+lba,0.4,0.0,equal,nym,0,0.0,24.342389383922804,217.61700926804522,204.17379446695296,323.59365692962825,4.109510812893866,6.321928094887363,0.0157247822222224,0.30972,0.0,0.04179808454469047,0.0,OptiMix GWR+LBA,0.3,80
gwr+lba,0.4,0.0,equal,nym,3,0.0,29.514911001525814,222.79826523680885,204.17379446695296,338.84415613920254,4.338841347582099,6.321928094887363,0.016064515555554548,0.3115866666666666,0.0,0.038996666663741714,0.0,OptiMix GWR+LBA,0.3,80
gwr+lba,0.4,0.0,equal,nym,4,0.0,20.660992321275188,213.95473711015956,204.17379446695296,309.0295432513591,3.8039476117906688,6.321928094887363,0.016595359999999504,0.31581333333333333,0.0,0.04415110606625401,0.0,OptiMix GWR+LBA,0.3,80
gwr+lba,0.4,0.0,equal,nym,1,0.0,30.26748814836415,223.55112364153862,204.17379446695296,354.8133892335755,4.497183499424864,6.321928094887363,0.016108053333333316,0.3114799999999999,0.0,0.03754164682673462,0.0,OptiMix GWR+LBA,0.3,80
gwr+lba,0.4,0.0,equal,nym,2,0.0,21.771996419462507,215.07611195756718,204.17379446695296,323.59365692962825,4.006580236486714,6.321928094887363,0.017319066666667382,0.3146399999999999,0.0,0.04429659882667973,0.0,OptiMix GWR+LBA,0.3,80
gwr+lba,0.6,0.0,equal,nym,2,0.0,24.86074949146215,218.13625472632253,204.17379446695296,323.59365692962825,4.641297355345875,6.321928094887363,0.015714408888889864,0.3063866666666666,0.0,0.03676667176679888,0.0,OptiMix GWR+LBA,0.3,80
gwr+lba,0.6,0.0,equal,nym,3,0.0,31.932164972065554,225.21277181292518,204.17379446695296,354.8133892335755,4.873319806288801,6.321928094887363,0.01589589333333241,0.30419999999999997,0.0,0.03137154332415296,0.0,OptiMix GWR+LBA,0.3,80
gwr+lba,0.6,0.0,equal,nym,0,0.0,26.35070406605034,219.62489388388548,204.17379446695296,323.59365692962825,4.626828486892485,6.321928094887363,0.01569689777777783,0.30487999999999993,0.0,0.03507294505019061,0.0,OptiMix GWR+LBA,0.3,80
gwr+lba,0.6,0.0,equal,nym,1,0.0,32.36445242748903,225.64483611299138,204.17379446695296,371.5352290971726,4.938996771825009,6.321928094887363,0.015922595555555974,0.30499999999999994,0.0,0.0314201285361007,0.0,OptiMix GWR+LBA,0.3,80
gwr+lba,0.6,0.0,equal,nym,4,0.0,23.41960897811787,216.7000602437559,204.17379446695296,338.84415613920254,4.442694816815001,6.321928094887363,0.01584751111111138,0.30589333333333324,0.0,0.03708107222472211,0.0,OptiMix GWR+LBA,0.3,80
gwr+lba,0.8,0.0,equal,nym,0,0.0,38.197133389535146,231.4703426929008,213.79620895022325,389.0451449942807,5.465806938813779,6.321928094887363,0.015656613333332903,0.3050399999999999,0.0,0.026386847593232142,0.0,OptiMix GWR+LBA,0.3,80
gwr+lba,0.8,0.0,equal,nym,3,0.0,40.617211063337486,233.89621823779808,213.79620895022325,389.0451449942807,5.568491180553555,6.321928094887363,0.015815928888887498,0.3043066666666666,0.0,0.024104451874647707,0.0,OptiMix GWR+LBA,0.3,80
gwr+lba,0.8,0.0,equal,nym,4,0.0,34.67639392567224,227.95345853094452,213.79620895022325,389.0451449942807,5.377799906494471,6.321928094887363,0.015667528888889448,0.30691999999999997,0.0,0.027626483347043852,0.0,OptiMix GWR+LBA,0.3,80
gwr+lba,0.8,0.0,equal,nym,1,0.0,39.71513546027221,232.9937787057103,213.79620895022325,389.0451449942807,5.494108061294134,6.321928094887363,0.015815537777777555,0.3043466666666666,0.0,0.024716878298251657,0.0,OptiMix GWR+LBA,0.3,80
gwr+lba,0.8,0.0,equal,nym,2,0.0,35.37408249216463,228.65066867074205,213.79620895022325,371.5352290971726,5.456211358469029,6.321928094887363,0.015792622222221553,0.30550666666666665,0.0,0.029344278272019637,0.0,OptiMix GWR+LBA,0.3,80
gpr+lba,0.0,0.0,equal,nym,0,0.0,25.319999134494505,218.59729344987238,204.17379446695296,323.59365692962825,4.483574801784287,6.321928094887363,0.015870435555555673,0.31023999999999996,0.0,0.03889469792629888,0.0,OptiMix GPR+LBA,0.3,80
gpr+lba,0.0,0.0,equal,nym,1,0.0,31.74437909378997,225.03298451490048,213.79620895022325,354.8133892335755,4.850348736153393,6.321928094887363,0.016386151111110747,0.3107333333333333,0.0,0.029696898517021182,0.0,OptiMix GPR+LBA,0.3,80
gpr+lba,0.2,0.0,equal,nym,1,0.0,33.31984289584536,226.6018820477339,213.79620895022325,371.5352290971726,5.031432705748138,6.321928094887363,0.016016586666665944,0.30766666666666664,0.0,0.026889684495836508,0.0,OptiMix GPR+LBA,0.3,80
gpr+lba,0.2,0.0,equal,nym,2,0.0,24.195925288667286,217.49664420736022,204.17379446695296,323.59365692962825,4.703401544541814,6.321928094887363,0.017136017777776846,0.3125066666666666,0.0,0.03314652417001281,0.0,OptiMix GPR+LBA,0.3,80
gpr+lba,0.0,0.0,equal,nym,2,0.0,22.78758181213857,216.09756142468595,204.17379446695296,323.59365692962825,4.522913106377999,6.321928094887363,0.017654471111111736,0.31559999999999994,0.0,0.03473362739228332,0.0,OptiMix GPR+LBA,0.3,80
gpr+lba,0.0,0.0,equal,nym,3,0.0,32.351845541367425,225.65447762564415,213.79620895022325,338.84415613920254,4.802148430979214,6.321928094887363,0.01714875555555584,0.3143733333333333,0.0,0.03006794702000057,0.0,OptiMix GPR+LBA,0.3,80
gpr+lba,0.0,0.0,equal,nym,4,0.0,22.165274500657063,215.44780937744918,204.17379446695296,323.59365692962825,4.343524389933002,6.321928094887363,0.015947688888888978,0.30711999999999995,0.0,0.03568768364693845,0.0,OptiMix GPR+LBA,0.3,80
gpr+lba,0.2,0.0,equal,nym,0,0.0,26.535235635236084,219.8131631905557,204.17379446695296,323.59365692962825,4.669767730888038,6.321928094887363,0.015904248888888084,0.30911999999999995,0.0,0.036383782369339764,0.0,OptiMix GPR+LBA,0.3,80
gpr+lba,0.4,0.0,equal,nym,0,0.0,28.75877404284317,222.0354554785822,213.79620895022325,338.84415613920254,4.915983942030342,6.321928094887363,0.015828835555555587,0.30543999999999993,0.0,0.03271780313483695,0.0,OptiMix GPR+LBA,0.3,80
gpr+lba,0.4,0.0,equal,nym,1,0.0,35.696799668757976,228.9734321457688,213.79620895022325,371.5352290971726,5.265055118544902,6.321928094887363,0.015705991111110817,0.3054133333333333,0.0,0.023785429864125313,0.0,OptiMix GPR+LBA,0.3,80
gpr+lba,0.2,0.0,equal,nym,3,0.0,34.25924443988972,227.54553005750236,213.79620895022325,354.8133892335755,5.031067632672121,6.321928094887363,0.016231955555555455,0.31189333333333324,0.0,0.02681752035724762,0.0,OptiMix GPR+LBA,0.3,80
gpr+lba,0.2,0.0,equal,nym,4,0.0,23.450936246776518,216.7341148284176,204.17379446695296,338.84415613920254,4.536207806359805,6.321928094887363,0.015986524444443706,0.3071333333333333,0.0,0.0327393605004894,0.0,OptiMix GPR+LBA,0.3,80
gpr+lba,0.4,0.0,equal,nym,2,0.0,26.69009287102312,219.97710172601907,213.79620895022325,323.59365692962825,4.942655106705702,6.321928094887363,0.016376791111111455,0.3091733333333333,0.0,0.03128555858944777,0.0,OptiMix GPR+LBA,0.3,80
gpr+lba,0.4,0.0,equal,nym,3,0.0,37.18349601479602,230.46612488664272,213.79620895022325,371.5352290971726,5.310397439729985,6.321928094887363,0.016022213333333202,0.30802666666666656,0.0,0.023547741964558437,0.0,OptiMix GPR+LBA,0.3,80
gpr+lba,0.4,0.0,equal,nym,4,0.0,25.711954211069834,218.99382052391644,204.17379446695296,338.84415613920254,4.789128614466687,6.321928094887363,0.015927893333334442,0.3072133333333333,0.0,0.02956095009887518,0.0,OptiMix GPR+LBA,0.3,80
gpr+lba,0.6,0.0,equal,nym,0,0.0,33.354356420573104,226.63174177456014,213.79620895022325,354.8133892335755,5.265704013977223,6.321928094887363,0.015875831111110683,0.3050266666666666,0.0,0.028074181980019673,0.0,OptiMix GPR+LBA,0.3,80
gpr+lba,0.6,0.0,equal,nym,3,0.0,42.031952544817116,235.30982218257827,223.872113856834,371.5352290971726,5.63089165360573,6.321928094887363,0.015757111111111,0.3053199999999999,0.0,0.020383605255826515,0.0,OptiMix GPR+LBA,0.3,80
gpr+lba,0.6,0.0,equal,nym,4,0.0,30.49534034719893,223.77393330672453,213.79620895022325,354.8133892335755,5.16136939158199,6.321928094887363,0.015740320000000585,0.3046,0.0,0.025453671781415103,0.0,OptiMix GPR+LBA,0.3,80
gpr+lba,0.6,0.0,equal,nym,1,0.0,39.643893651546804,232.9199138788987,213.79620895022325,389.0451449942807,5.5625169504946514,6.321928094887363,0.015680657777778162,0.3051866666666666,0.0,0.020467895699459313,0.0,OptiMix GPR+LBA,0.3,80
gpr+lba,0.6,0.0,equal,nym,2,0.0,31.628200139508508,224.90688360058812,213.79620895022325,354.8133892335755,5.2754073581179135,6.321928094887363,0.01589807111111141,0.30704,0.0,0.028781505549645973,0.0,OptiMix GPR+LBA,0.3,80
gpr+lba,0.8,0.0,equal,nym,2,0.0,44.330968173479675,237.6088419945552,223.872113856834,389.0451449942807,5.827137499781296,6.321928094887363,0.015846204444445178,0.30555999999999994,0.0,0.022732878507506833,0.0,OptiMix GPR+LBA,0.3,80
gpr+lba,0.8,0.0,equal,nym,3,0.0,52.74722297944622,246.02869645881373,234.4228815319923,426.57951880159254,6.001918437886941,6.321928094887363,0.015939342222222708,0.3056266666666666,0.0,0.01555039565375598,0.0,OptiMix GPR+LBA,0.3,80
gpr+lba,0.8,0.0,equal,nym,4,0.0,43.74367510070292,237.02320853607054,223.872113856834,407.38027780411284,5.749599126179541,6.321928094887363,0.015795511111111216,0.30587999999999993,0.0,0.020056484739795842,0.0,OptiMix GPR+LBA,0.3,80
ssr+lba,0.0,0.0,equal,nym,0,0.0,54.285742972946636,247.56292193732375,223.872113856834,467.73514128719813,5.921136567577422,6.321928094887363,0.01585525333333404,0.3043333333333333,0.0,0.019401809887775755,0.0,OptiMix SSR+LBA,0.3,80
gpr+lba,0.8,0.0,equal,nym,0,0.0,45.71983589213286,238.99664460466377,223.872113856834,389.0451449942807,5.809196502059223,6.321928094887363,0.015855502222222873,0.3073066666666666,0.0,0.02083292702935247,0.0,OptiMix GPR+LBA,0.3,80
gpr+lba,0.8,0.0,equal,nym,1,0.0,49.76143301833472,243.03961919873666,223.872113856834,407.38027780411284,5.946107827683526,6.321928094887363,0.015801688888888776,0.3050133333333333,0.0,0.01505822088006652,0.0,OptiMix GPR+LBA,0.3,80
ssr+lba,0.0,0.0,equal,nym,1,0.0,51.48815578815956,244.76549567782428,223.872113856834,446.683592150963,5.869696437243429,6.321928094887363,0.015748444444444898,0.3046533333333333,0.0,0.01967325515143471,0.0,OptiMix SSR+LBA,0.3,80
ssr+lba,0.0,0.0,equal,nym,2,0.0,48.73175806569153,242.00912036893564,223.872113856834,426.57951880159254,5.868754546061036,6.321928094887363,0.015814355555555437,0.3044799999999999,0.0,0.02324156138087652,0.0,OptiMix SSR+LBA,0.3,80
ssr+lba,0.0,0.0,equal,nym,3,0.0,51.49891338868848,244.77794512501123,223.872113856834,426.57951880159254,5.924164732736527,6.321928094887363,0.015814808888888976,0.3061866666666666,0.0,0.01893037107232355,0.0,OptiMix SSR+LBA,0.3,80
ssr+lba,0.0,0.0,equal,nym,4,0.0,49.4154038007218,242.69577705737532,223.872113856834,446.683592150963,5.861044886344954,6.321928094887363,0.01584768000000003,0.30471999999999994,0.0,0.021008812249689045,0.0,OptiMix SSR+LBA,0.3,80
ssr+lba,0.2,0.0,equal,nym,0,0.0,63.001636505473215,256.2774046963574,234.4228815319923,467.73514128719813,6.120967643313308,6.321928094887363,0.015795555555556007,0.30527999999999994,0.0,0.015084892878155856,0.0,OptiMix SSR+LBA,0.3,80
ssr+lba,0.2,0.0,equal,nym,1,0.0,59.80786550264156,253.08639592415955,234.4228815319923,446.683592150963,6.091443615034384,6.321928094887363,0.01580850666666689,0.3054933333333333,0.0,0.015021271947256947,0.0,OptiMix SSR+LBA,0.3,80
ssr+lba,0.2,0.0,equal,nym,4,0.0,59.38057554375622,252.6591429863625,234.4228815319923,467.73514128719813,6.09946777338247,6.321928094887363,0.015745626666665125,0.30539999999999995,0.0,0.01586211624558692,0.0,OptiMix SSR+LBA,0.3,80
ssr+lba,0.4,0.0,equal,nym,0,0.0,73.49832231699945,266.77316716185175,245.470891568503,489.77881936844614,6.253064520113125,6.321928094887363,0.01574550222222104,0.30569333333333326,0.0,0.010892074123488976,0.0,OptiMix SSR+LBA,0.3,80
ssr+lba,0.4,0.0,equal,nym,1,0.0,70.52697285378511,263.8050934625973,245.470891568503,467.73514128719813,6.245859168224986,6.321928094887363,0.015774462222221786,0.30671999999999994,0.0,0.01032409755961532,0.0,OptiMix SSR+LBA,0.3,80
ssr+lba,0.4,0.0,equal,nym,2,0.0,68.3892256187747,261.6636100360433,245.470891568503,467.73514128719813,6.239843742723744,6.321928094887363,0.01565696000000072,0.30555999999999994,0.0,0.01258617093177361,0.0,OptiMix SSR+LBA,0.3,80
ssr+lba,0.2,0.0,equal,nym,2,0.0,57.416385413327646,250.69526435791,223.872113856834,446.683592150963,6.085501728810532,6.321928094887363,0.01591222222222277,0.30529333333333325,0.0,0.018135591472313417,0.0,OptiMix SSR+LBA,0.3,80
ssr+lba,0.2,0.0,equal,nym,3,0.0,59.58025109854854,252.86229948711014,234.4228815319923,446.683592150963,6.125185148532374,6.321928094887363,0.015952817777777684,0.3050266666666666,0.0,0.014261983050308069,0.0,OptiMix SSR+LBA,0.3,80
ssr+lba,0.4,0.0,equal,nym,3,0.0,70.2550920361085,263.53428431924885,245.470891568503,467.73514128719813,6.258581548867089,6.321928094887363,0.01580435555555515,0.3055999999999999,0.0,0.00993801041350648,0.0,OptiMix SSR+LBA,0.3,80
ssr+lba,0.4,0.0,equal,nym,4,0.0,71.59555795588615,264.8758541843448,245.470891568503,489.77881936844614,6.249844744126286,6.321928094887363,0.01585619555555562,0.30495999999999995,0.0,0.01099897615613653,0.0,OptiMix SSR+LBA,0.3,80
ssr+lba,0.6,0.0,equal,nym,2,0.0,79.86850734854958,273.1450662494849,257.03957827688635,489.77881936844614,6.3076568770917,6.321928094887363,0.015771057777779207,0.3053199999999999,0.0,0.008088659456510942,0.0,OptiMix SSR+LBA,0.3,80
ssr+lba,0.6,0.0,equal,nym,3,0.0,81.56138749216171,274.84257767394547,257.03957827688635,489.77881936844614,6.311488013922961,6.321928094887363,0.015916826666666495,0.3044666666666666,0.0,0.00666995100015662,0.0,OptiMix SSR+LBA,0.3,80
ssr+lba,0.8,0.0,equal,nym,1,0.0,91.967036931664,285.24281980954845,269.15348039269156,512.8613839913648,6.321438884114959,6.321928094887363,0.015677208888887906,0.3043599999999999,0.0,0.004707575060710514,0.0,OptiMix SSR+LBA,0.3,80
ssr+lba,0.8,0.0,equal,nym,2,0.0,89.81630159420281,283.0912351123235,269.15348039269156,512.8613839913648,6.321300013494083,6.321928094887363,0.015694257777776777,0.30483999999999994,0.0,0.005135717878813685,0.0,OptiMix SSR+LBA,0.3,80
ssr+lba,0.6,0.0,equal,nym,0,0.0,84.72304416921058,277.9951009483569,257.03957827688635,512.8613839913648,6.309742230810997,6.321928094887363,0.015612186666667416,0.30527999999999994,0.0,0.007331536608089084,0.0,OptiMix SSR+LBA,0.3,80
ssr+lba,0.6,0.0,equal,nym,1,0.0,82.11799862589048,275.39453652374124,257.03957827688635,489.77881936844614,6.309880110015233,6.321928094887363,0.015713786666666563,0.30451999999999996,0.0,0.006875980776003199,0.0,OptiMix SSR+LBA,0.3,80
ssr+lba,0.6,0.0,equal,nym,4,0.0,84.28728337387527,277.5706778392443,257.03957827688635,489.77881936844614,6.309899223668168,6.321928094887363,0.015997351111111557,0.3054666666666666,0.0,0.007205591794623993,0.0,OptiMix SSR+LBA,0.3,80
ssr+lba,0.8,0.0,equal,nym,0,0.0,94.41684341655284,287.6912021329649,269.15348039269156,537.0317963702527,6.321390505006944,6.321928094887363,0.01570519999999953,0.30479999999999996,0.0,0.004919332133606828,0.0,OptiMix SSR+LBA,0.3,80
gwr+lba+crg,0.0,0.05,equal,nym,0,0.0,66.22106699406075,260.19902553920997,234.4228815319923,489.77881936844614,6.120811499475373,6.321928094887363,0.05121122666666844,0.4350933333333333,0.0,0.014519246252044768,0.0,OptiMix GWR+LBA+CRG(θ=.05),0.3,80
gwr+lba+crg,0.0,0.05,equal,nym,1,0.0,65.43642174998693,259.5770314143595,234.4228815319923,489.77881936844614,6.142853973987342,6.321928094887363,0.058014079999999746,0.44891999999999993,0.0,0.013472985307243085,0.0,OptiMix GWR+LBA+CRG(θ=.05),0.3,80
gwr+lba+crg,0.0,0.05,equal,nym,2,0.0,60.830330321902814,255.43111307155309,234.4228815319923,467.73514128719813,6.092479621007688,6.321928094887363,0.07805798222222382,0.47501333333333323,0.0,0.014641435426830282,0.0,OptiMix GWR+LBA+CRG(θ=.05),0.3,80
gwr+lba+crg,0.0,0.05,equal,nym,3,0.0,65.25402225073147,259.3817239201447,234.4228815319923,467.73514128719813,6.125959567644394,6.321928094887363,0.05841331555555751,0.46005333333333326,0.0,0.012911149723930978,0.0,OptiMix GWR+LBA+CRG(θ=.05),0.3,80
ssr+lba,0.8,0.0,equal,nym,3,0.0,91.10183263703642,284.3823876994079,269.15348039269156,512.8613839913648,6.321454832679458,6.321928094887363,0.015894977777778818,0.3048666666666666,0.0,0.004612179356511405,0.0,OptiMix SSR+LBA,0.3,80
ssr+lba,0.8,0.0,equal,nym,4,0.0,94.84228934048022,288.121042361878,269.15348039269156,489.77881936844614,6.321397257654321,6.321928094887363,0.01575883555555513,0.30525333333333327,0.0,0.004847127464831803,0.0,OptiMix SSR+LBA,0.3,80
gwr+lba+crg,0.2,0.05,equal,nym,1,0.0,65.13898154668685,259.18844345729764,234.4228815319923,467.73514128719813,6.13877519887765,6.321928094887363,0.05365553777777854,0.4452266666666666,0.0,0.012934932291286524,0.0,OptiMix GWR+LBA+CRG(θ=.05),0.3,80
gwr+lba+crg,0.2,0.05,equal,nym,2,0.0,61.217601287024486,255.36289672945972,234.4228815319923,467.73514128719813,6.101199040924474,6.321928094887363,0.05911537777777642,0.4378666666666666,0.0,0.01459667236318093,0.0,OptiMix GWR+LBA+CRG(θ=.05),0.3,80
gwr+lba+crg,0.2,0.05,equal,nym,3,0.0,64.18501733002725,258.31906662851776,234.4228815319923,467.73514128719813,6.111798392998635,6.321928094887363,0.059176026666667436,0.45150666666666656,0.0,0.013177015200760759,0.0,OptiMix GWR+LBA+CRG(θ=.05),0.3,80
gwr+lba+crg,0.2,0.05,equal,nym,4,0.0,64.45348504140617,258.91573800510804,234.4228815319923,467.73514128719813,6.087369150590869,6.321928094887363,0.07168951111111022,0.47033333333333327,0.0,0.015805472422906787,0.0,OptiMix GWR+LBA+CRG(θ=.05),0.3,80
gwr+lba+crg,0.0,0.05,equal,nym,4,0.0,65.55429799236444,260.0781317607646,234.4228815319923,467.73514128719813,6.093352824234037,6.321928094887363,0.07460963555555611,0.4735066666666666,0.0,0.015615519707244115,0.0,OptiMix GWR+LBA+CRG(θ=.05),0.3,80
gwr+lba+crg,0.2,0.05,equal,nym,0,0.0,64.78245628783145,258.71668217409854,234.4228815319923,489.77881936844614,6.116159080153989,6.321928094887363,0.04938633777777768,0.4304933333333333,0.0,0.01464796138378428,0.0,OptiMix GWR+LBA+CRG(θ=.05),0.3,80
gwr+lba+crg,0.4,0.05,equal,nym,2,0.0,59.4844349721119,253.49103105263333,234.4228815319923,467.73514128719813,6.094919424290339,6.321928094887363,0.05283255999999947,0.43059999999999987,0.0,0.014665725845419086,0.0,OptiMix GWR+LBA+CRG(θ=.05),0.3,80
gwr+lba+crg,0.4,0.05,equal,nym,3,0.0,63.1282466470537,257.1835551358413,234.4228815319923,467.73514128719813,6.100249837033121,6.321928094887363,0.05590783999999993,0.4329999999999999,0.0,0.012785779328920669,0.0,OptiMix GWR+LBA+CRG(θ=.05),0.3,80
gwr+lba+crg,0.4,0.05,equal,nym,0,0.0,62.361759095224166,256.23565766350885,234.4228815319923,467.73514128719813,6.10743582908492,6.321928094887363,0.0470364977777773,0.41641333333333325,0.0,0.014967103683460017,0.0,OptiMix GWR+LBA+CRG(θ=.05),0.3,80
gwr+lba+crg,0.4,0.05,equal,nym,1,0.0,63.966496373089576,257.8719994480059,234.4228815319923,467.73514128719813,6.134017919657279,6.321928094887363,0.0475315466666677,0.4277866666666666,0.0,0.01235678380591712,0.0,OptiMix GWR+LBA+CRG(θ=.05),0.3,80
gwr+lba+crg,0.4,0.05,equal,nym,4,0.0,62.8644112714711,257.14279949477526,234.4228815319923,467.73514128719813,6.087540892795302,6.321928094887363,0.06384150222222229,0.4583466666666666,0.0,0.015492376728847648,0.0,OptiMix GWR+LBA+CRG(θ=.05),0.3,80
gwr+lba+crg,0.6,0.05,equal,nym,0,0.0,60.28443647278779,254.0372164661432,234.4228815319923,467.73514128719813,6.105260973145796,6.321928094887363,0.041581742222223106,0.3998533333333333,0.0,0.015383758528973761,0.0,OptiMix GWR+LBA+CRG(θ=.05),0.3,80
gwr+lba+crg,0.8,0.05,equal,nym,0,0.0,62.24878290193003,255.79336575577958,234.4228815319923,467.73514128719813,6.150539064572106,6.321928094887363,0.03076358222222364,0.3685066666666666,0.0,0.013716487175108727,0.0,OptiMix GWR+LBA+CRG(θ=.05),0.3,80
gwr+lba+crg,0.8,0.05,equal,nym,1,0.0,63.37382274912398,256.98404833406613,234.4228815319923,467.73514128719813,6.167882142984017,6.321928094887363,0.03415755555555666,0.37533333333333324,0.0,0.011193327863148495,0.0,OptiMix GWR+LBA+CRG(θ=.05),0.3,80
gwr+lba+crg,0.6,0.05,equal,nym,1,0.0,62.2974442373641,256.0623352177609,234.4228815319923,467.73514128719813,6.1311845556196705,6.321928094887363,0.04130866666666755,0.4043999999999999,0.0,0.012006657763075508,0.0,OptiMix GWR+LBA+CRG(θ=.05),0.3,80
gwr+lba+crg,0.6,0.05,equal,nym,2,0.0,57.49706224834092,251.28792775288898,223.872113856834,446.683592150963,6.106577055501374,6.321928094887363,0.04268827555555621,0.40931999999999996,0.0,0.014508276821690005,0.0,OptiMix GWR+LBA+CRG(θ=.05),0.3,80
gwr+lba+crg,0.6,0.05,equal,nym,3,0.0,62.08461537149244,255.91772222263452,234.4228815319923,467.73514128719813,6.10901307041353,6.321928094887363,0.0454840977777784,0.40585333333333323,0.0,0.012114959666122851,0.0,OptiMix GWR+LBA+CRG(θ=.05),0.3,80
gwr+lba+crg,0.6,0.05,equal,nym,4,0.0,61.15999393482752,255.09641253468754,234.4228815319923,467.73514128719813,6.101033594954883,6.321928094887363,0.049194062222222446,0.42598666666666657,0.0,0.014748779810950605,0.0,OptiMix GWR+LBA+CRG(θ=.05),0.3,80
gwr+lba+crg,0.8,0.05,equal,nym,4,0.0,63.2180461898912,256.8670477587229,234.4228815319923,467.73514128719813,6.156187778347736,6.321928094887363,0.035664746666667746,0.3861199999999999,0.0,0.01337307170730206,0.0,OptiMix GWR+LBA+CRG(θ=.05),0.3,80
gwr,0.0,0.0,equal,nym,0,0.0,10.581800847677224,19131.517773357653,30902.95432513592,61659.50018614822,1.9233504805351884,6.321928094887363,1.7744255022222197,2.0670799999999994,0.0625,0.09128785266754628,0.0,OptiMix GWR (no LBA),0.3,80
gwr+lba+crg,0.8,0.05,equal,nym,2,0.0,59.3813803741654,252.96441959373078,234.4228815319923,446.683592150963,6.15460486056039,6.321928094887363,0.032586711111109556,0.38099999999999995,0.0,0.013182349538188578,0.0,OptiMix GWR+LBA+CRG(θ=.05),0.3,80
gwr+lba+crg,0.8,0.05,equal,nym,3,0.0,63.804646415918576,257.4043637113268,234.4228815319923,467.73514128719813,6.1679772524362795,6.321928094887363,0.033834800000000165,0.36973333333333325,0.0,0.011194128600768346,0.0,OptiMix GWR+LBA+CRG(θ=.05),0.3,80
gwr,0.0,0.0,equal,nym,1,0.0,10.092632463843168,17772.883721670503,426.57951880159254,61659.50018614822,1.8656487705755906,6.321928094887363,1.7866637688888867,2.8087999999999993,0.05625,0.09335561522862976,0.0,OptiMix GWR (no LBA),0.3,80
gwr,0.0,0.0,equal,nym,2,0.0,7.483624697952586,18445.130442694615,295.12092266663853,61659.50018614822,1.8664016679292992,6.321928094887363,2.0909783733333343,2.9105199999999996,0.05,0.09707295352184353,0.0,OptiMix GWR (no LBA),0.3,80
gwr,0.0,0.0,equal,nym,3,0.0,7.882161971223052,26881.7138169097,30902.95432513592,61659.50018614822,1.6846563520703668,6.321928094887363,2.787726906666669,3.123293333333333,0.075,0.1004306181587608,0.0,OptiMix GWR (no LBA),0.3,80
gwr,0.0,0.0,equal,nym,4,0.0,7.452132796780218,19614.97766530855,407.38027780411284,61659.50018614822,1.9628441565112063,6.321928094887363,1.8358824088888888,2.5310933333333328,0.0625,0.09554320151205067,0.0,OptiMix GWR (no LBA),0.3,80
gwr,0.2,0.0,equal,nym,0,0.0,11.514285474543486,15017.305775956478,323.59365692962825,61659.50018614822,2.429809797807641,6.321928094887363,1.2878654222222226,1.5158266666666664,0.05625,0.07405481875835407,0.0,OptiMix GWR (no LBA),0.3,80
gwr,0.2,0.0,equal,nym,1,0.0,10.863848730370378,12532.511628714637,257.03957827688635,61659.50018614822,2.3786977729948586,6.321928094887363,1.2321273866666642,2.0465999999999998,0.04375,0.07722230944339295,0.0,OptiMix GWR (no LBA),0.3,80
gwr,0.2,0.0,equal,nym,2,0.0,8.216892181931179,13894.025163895005,245.470891568503,61659.50018614822,2.3889489889143793,6.321928094887363,1.4315170933333317,2.1716399999999996,0.04375,0.0794162413671931,0.0,OptiMix GWR (no LBA),0.3,80
gwr,0.2,0.0,equal,nym,3,0.0,8.819209402643457,22971.340641358896,30902.95432513592,61659.50018614822,2.2001591062294024,6.321928094887363,1.9872560444444498,2.8161199999999997,0.075,0.08156022872951363,0.0,OptiMix GWR (no LBA),0.3,80
gwr,0.4,0.0,equal,nym,3,0.0,10.641792561046325,13869.045226263677,269.15348039269156,61659.50018614822,2.866615875192479,6.321928094887363,1.295442053333332,2.441573333333333,0.05,0.06555775887166104,0.0,OptiMix GWR (no LBA),0.3,80
gwr,0.4,0.0,equal,nym,4,0.0,9.677805434305986,8024.882085166323,234.4228815319923,61659.50018614822,3.078410859141438,6.321928094887363,0.9018865777777789,1.479133333333333,0.03125,0.06437948083160558,0.0,OptiMix GWR (no LBA),0.3,80
gwr,0.4,0.0,equal,nym,1,0.0,12.300755357574289,7314.555375545208,223.872113856834,61659.50018614822,3.0091191435608806,6.321928094887363,0.7753572266666668,1.3077466666666664,0.03125,0.06262462737840338,0.0,OptiMix GWR (no LBA),0.3,80
gwr,0.4,0.0,equal,nym,2,0.0,9.525622967133195,9319.61859435088,223.872113856834,61659.50018614822,3.011810556460116,6.321928094887363,0.8963718755555554,1.448493333333333,0.0375,0.06441498669612829,0.0,OptiMix GWR (no LBA),0.3,80
gwr,0.2,0.0,equal,nym,4,0.0,8.248567515369617,14404.864507236778,257.03957827688635,61659.50018614822,2.4660626842319355,6.321928094887363,1.3085083911111135,1.8553199999999996,0.05,0.07854201902310624,0.0,OptiMix GWR (no LBA),0.3,80
gwr,0.4,0.0,equal,nym,0,0.0,13.348096277196579,6070.90653500137,245.470891568503,30902.95432513592,3.0575563535879198,6.321928094887363,0.8991590222222221,1.2356533333333333,0.01875,0.061401157095663184,0.0,OptiMix GWR (no LBA),0.3,80
gwr,0.6,0.0,equal,nym,4,0.0,12.70010403503971,3418.522511029927,213.79620895022325,30902.95432513592,3.863201175608979,6.321928094887363,0.6377007911111108,1.2905466666666663,0.0125,0.052251679328043255,0.0,OptiMix GWR (no LBA),0.3,80
gwr,0.8,0.0,equal,nym,0,0.0,28.464141436262015,238.0632278562679,213.79620895022325,446.683592150963,5.037028698431063,6.321928094887363,0.3772101066666669,0.8730266666666665,0.0,0.03402090841079995,0.0,OptiMix GWR (no LBA),0.3,80
gwr,0.6,0.0,equal,nym,0,0.0,17.373127538465184,1753.7475177755996,223.872113856834,30902.95432513592,3.885055785007814,6.321928094887363,0.6262999022222215,1.0779066666666666,0.00625,0.04828454885496288,0.0,OptiMix GWR (no LBA),0.3,80
gwr,0.6,0.0,equal,nym,1,0.0,15.438467612906054,266.34616496557703,213.79620895022325,1230.2687708123813,3.8082821724909506,6.321928094887363,0.47543958222222393,0.9558933333333332,0.0,0.04974673606424821,0.0,OptiMix GWR (no LBA),0.3,80
gwr,0.6,0.0,equal,nym,2,0.0,12.375345569407811,1468.0064807754281,213.79620895022325,30902.95432513592,3.7785125480226514,6.321928094887363,0.5524489511111113,1.0097999999999998,0.00625,0.04920182322781121,0.0,OptiMix GWR (no LBA),0.3,80
gwr,0.6,0.0,equal,nym,3,0.0,14.688819137835974,4007.3158918439326,223.872113856834,30902.95432513592,3.7612528683937,6.321928094887363,0.7554150755555546,1.8784666666666663,0.0125,0.05176484538447844,0.0,OptiMix GWR (no LBA),0.3,80
uniform,1.0,0.0,equal,nym,0,0.0,101.70897570215449,294.98265091088376,281.83829312644536,537.0317963702527,6.321928094887363,6.321928094887363,0.015690506666666826,0.3050399999999999,0.0,0.003375000000000046,0.0,uniform (Nym default),0.3,80
uniform,1.0,0.0,equal,nym,1,0.0,98.9860037666679,292.26279716457464,269.15348039269156,537.0317963702527,6.321928094887363,6.321928094887363,0.015721146666666685,0.30543999999999993,0.0,0.003375000000000046,0.0,uniform (Nym default),0.3,80
gwr,0.8,0.0,equal,nym,1,0.0,24.728966736133543,225.75157845305606,213.79620895022325,338.84415613920254,4.89669875024423,6.321928094887363,0.3067931199999989,0.8209733333333331,0.0,0.035979552717724496,0.0,OptiMix GWR (no LBA),0.3,80
gwr,0.8,0.0,equal,nym,2,0.0,20.941978685663504,223.32093847300982,213.79620895022325,354.8133892335755,4.82043161572778,6.321928094887363,0.3871288177777772,0.7162533333333332,0.0,0.03636038320396791,0.0,OptiMix GWR (no LBA),0.3,80
gwr,0.8,0.0,equal,nym,3,0.0,25.682611004293445,562.6609596007089,213.79620895022325,10715.19305237606,4.9944835562855125,6.321928094887363,0.38590550222222153,1.0022666666666664,0.00625,0.03490522996163287,0.0,OptiMix GWR (no LBA),0.3,80
gwr,0.8,0.0,equal,nym,4,0.0,21.81839088607817,249.64623488511842,213.79620895022325,1174.897554939529,4.951245237290763,6.321928094887363,0.42262584888888743,0.9276533333333332,0.0,0.036418574376428536,0.0,OptiMix GWR (no LBA),0.3,80
uniform,1.0,0.0,equal,nym,4,0.0,102.38419220393958,295.666302882592,281.83829312644536,512.8613839913648,6.321928094887363,6.321928094887363,0.01593517333333372,0.3047599999999999,0.0,0.003375000000000046,0.0,uniform (Nym default),0.3,80
regretor,0.0,0.0,omega,nym,0,0.0,99.12821055489682,300.9199329501522,281.83829312644536,562.341325190349,6.2277236231614115,6.321928094887363,0.017039096423413502,0.3436885504075878,0.0,0.008837908616761623,1.00078125,ours (θ_loc tilt),0.3,80
uniform,1.0,0.0,equal,nym,2,0.0,97.01516382724128,290.28869211846273,281.83829312644536,512.8613839913648,6.321928094887363,6.321928094887363,0.01561612444444549,0.30669333333333326,0.0,0.003375000000000046,0.0,uniform (Nym default),0.3,80
uniform,1.0,0.0,equal,nym,3,0.0,97.92669435677212,291.20732366387995,281.83829312644536,512.8613839913648,6.321928094887363,6.321928094887363,0.0159041599999985,0.30557333333333325,0.0,0.003375000000000046,0.0,uniform (Nym default),0.3,80
regretor,0.0,0.0,omega,nym,1,0.0,102.2408505645021,306.7624560808417,281.83829312644536,645.6542290346556,6.204187478715663,6.321928094887363,0.017153712435937996,0.33508612032848584,0.0,0.00927036282429516,1.0857291666666666,ours (θ_loc tilt),0.3,80
regretor,0.0,0.0,omega,nym,2,0.0,97.70109310761075,312.55786968169787,281.83829312644536,1230.2687708123813,6.221327594600885,6.321928094887363,0.016941235398915788,0.34318073076949335,0.0,0.008328350994466358,1.0152256944444444,ours (θ_loc tilt),0.3,80
regretor,0.0,0.0,omega,nym,3,0.0,95.03458911906114,302.9797294442306,281.83829312644536,645.6542290346556,6.214070583404739,6.321928094887363,0.017302751106029524,0.35891184027975875,0.0,0.00785489693774703,0.9655034722222222,ours (θ_loc tilt),0.3,80
regretor,0.0,0.0,omega,nym,4,0.0,99.7347458523612,308.9833494572681,281.83829312644536,812.8305161640991,6.227264362468493,6.321928094887363,0.017042584065580124,0.33786938934783683,0.0,0.008210822272312505,0.9709027777777777,ours (θ_loc tilt),0.3,80
regretor,0.0,0.0,omega,nym,0,0.5,87.4227572377305,289.29456418479185,269.15348039269156,562.341325190349,6.231993270189759,6.321928094887363,0.018557778256520052,0.4500392187383092,0.0,0.008993527617519283,1.2733506944444444,ours (θ_loc tilt),0.3,80
regretor,0.0,0.0,omega,nym,1,0.5,89.61948555365059,294.1777777558641,269.15348039269156,616.5950018614822,6.207962932383741,6.321928094887363,0.01867664509853162,0.3904980544897337,0.0,0.00962229238788844,1.2893576388888888,ours (θ_loc tilt),0.3,80
regretor,0.0,0.0,omega,nym,2,0.5,85.17287600973518,300.06789275871455,269.15348039269156,1230.2687708123813,6.22633557770213,6.321928094887363,0.018600253684417423,0.38024156682400034,0.0,0.008838142338793886,1.2345833333333334,ours (θ_loc tilt),0.3,80
regretor,0.0,0.0,omega,nym,3,0.5,83.57081024328625,291.5459132532142,269.15348039269156,616.5950018614822,6.210468660393517,6.321928094887363,0.018491976099061613,0.4548703750260376,0.0,0.008178583059180733,1.2393750000000001,ours (θ_loc tilt),0.3,80
regretor,0.0,0.0,omega,nym,4,0.5,87.05035195485637,296.33570536431256,269.15348039269156,812.8305161640991,6.2289012038252976,6.321928094887363,0.018490090280874005,0.4281065488578981,0.0,0.008524577577111595,1.2113368055555556,ours (θ_loc tilt),0.3,80
regretor,0.0,0.0,omega,nym,0,1.0,74.6664826092138,276.57413356153097,257.03957827688635,512.8613839913648,6.218104274521015,6.321928094887363,0.02167689213838142,0.51454253347965,0.0,0.01013055296465544,1.9149479166666665,ours (θ_loc tilt),0.3,80
regretor,0.0,0.0,omega,nym,1,1.0,75.7470269656696,280.3956313865151,257.03957827688635,562.341325190349,6.199941777224252,6.321928094887363,0.022793407654771558,0.4462767620939909,0.0,0.01005153825270207,1.8694618055555554,ours (θ_loc tilt),0.3,80
regretor,0.0,0.0,omega,nym,2,1.0,71.02725887065132,286.08444255027075,245.470891568503,1230.2687708123813,6.208542660499736,6.321928094887363,0.025593680564232058,0.47014804531442234,0.0,0.010947850739501244,1.9132291666666668,ours (θ_loc tilt),0.3,80
regretor,0.0,0.0,omega,nym,3,1.0,71.99005489070042,280.03359276692356,257.03957827688635,588.843655355589,6.1994537406197185,6.321928094887363,0.020903256286192606,0.4744178778284229,0.0,0.009505678042092982,1.8017708333333335,ours (θ_loc tilt),0.3,80
regretor,0.0,0.0,omega,nym,4,1.0,72.60251165651486,281.9624422179482,245.470891568503,776.2471166286916,6.203607719916633,6.321928094887363,0.021297404214085436,0.4845006635871672,0.0,0.00989407421271891,1.8747569444444445,ours (θ_loc tilt),0.3,80
regretor,0.0,0.0,omega,nym,0,2.0,56.789750700317,258.8020449654481,245.470891568503,446.683592150963,6.078082909171028,6.321928094887363,0.025466670243062817,0.5306744679003831,0.0,0.014368640595161252,3.653628472222222,ours (θ_loc tilt),0.3,80
regretor,0.0,0.0,omega,nym,1,2.0,56.64890847129071,261.4882205846456,245.470891568503,512.8613839913648,6.063051010507674,6.321928094887363,0.03369503443255106,0.4813263796513246,0.0,0.012755253478323717,3.444027777777778,ours (θ_loc tilt),0.3,80
regretor,0.0,0.0,omega,nym,2,2.0,53.21753945008697,268.7372956474759,234.4228815319923,1230.2687708123813,6.073570901876169,6.321928094887363,0.04389248593828321,0.562655313612684,0.0,0.016160665464979025,3.6236805555555556,ours (θ_loc tilt),0.3,80
regretor,0.0,0.0,omega,nym,3,2.0,55.9535547720733,264.1987064046585,245.470891568503,537.0317963702527,6.091731024926687,6.321928094887363,0.030816217012324953,0.560512040618662,0.0,0.012481407877743348,3.365920138888889,ours (θ_loc tilt),0.3,80
regretor,0.0,0.0,omega,nym,4,2.0,52.49626813782381,261.9852291180847,234.4228815319923,741.3102413009177,6.031639719940777,6.321928094887363,0.027412488711462846,0.5096819729075287,0.0,0.014555314581228227,3.8658506944444446,ours (θ_loc tilt),0.3,80
regretor,0.0,0.0,omega,nym,0,3.0,51.606173642397216,253.60056064837175,234.4228815319923,407.38027780411284,5.989437819559521,6.321928094887363,0.026778200622315174,0.539751273526679,0.0,0.01658385283618592,4.670052083333333,ours (θ_loc tilt),0.3,80
regretor,0.0,0.0,omega,nym,1,3.0,50.36065860753298,255.3176467341703,234.4228815319923,467.73514128719813,5.957145146257962,6.321928094887363,0.04153219808343489,0.4952243914152343,0.0,0.01395479551186457,4.528506944444445,ours (θ_loc tilt),0.3,80
regretor,0.0,0.0,omega,nym,2,3.0,48.386254093787805,264.0227736382625,234.4228815319923,1230.2687708123813,6.001188667358172,6.321928094887363,0.05315782354389409,0.5814947764402203,0.0,0.01827414983437825,4.516145833333334,ours (θ_loc tilt),0.3,80
regretor,0.0,0.0,omega,nym,3,3.0,50.92206553208799,259.2819950376667,245.470891568503,512.8613839913648,6.010832618035449,6.321928094887363,0.037341023763189485,0.5828583900167615,0.0,0.014090152344952186,4.327673611111111,ours (θ_loc tilt),0.3,80
regretor,0.0,0.0,omega,nym,4,3.0,46.94502741725935,256.5246286439275,234.4228815319923,707.945784384138,5.93857103364485,6.321928094887363,0.03234680669194079,0.5341993297373208,0.0,0.015740198978914047,4.988489583333333,ours (θ_loc tilt),0.3,80
regretor,0.0,0.0,omega,nym,0,4.0,50.820264800793986,252.85332067233344,234.4228815319923,407.38027780411284,5.973358095549535,6.321928094887363,0.027123172821950314,0.5418876994174502,0.0,0.016881721576319765,4.901493055555556,ours (θ_loc tilt),0.3,80
regretor,0.0,0.0,omega,nym,1,4.0,49.20147937975423,254.17944295087975,234.4228815319923,467.73514128719813,5.9325592596018275,6.321928094887363,0.04350579050823211,0.48919089446706704,0.0,0.014219459757208836,4.813298611111111,ours (θ_loc tilt),0.3,80
regretor,0.0,0.0,omega,nym,4,4.0,45.97049474863457,255.56516487802776,234.4228815319923,707.945784384138,5.919729941263953,6.321928094887363,0.033686987922995515,0.535204649078264,0.0,0.016238783492773495,5.2567361111111115,ours (θ_loc tilt),0.3,80
larmix,0.2,0.0,omega,nym,0,0.0,24.59815453100976,242.9098098290246,223.872113856834,933.2543007969911,3.8156060729159953,6.321928094887363,0.20799482532314162,0.8646108989633439,0.0,0.04833887861479459,0.0,LARMix,0.3,80
larmix,0.2,0.0,omega,nym,3,0.0,33.10748198832732,289.09907559079306,223.872113856834,1348.9628825916534,3.923433566058992,6.321928094887363,0.2191411778451564,0.9359310106415417,0.0,0.051894586477362704,0.0,LARMix,0.3,80
larmix,0.2,0.0,omega,nym,4,0.0,27.14936369735836,249.3510990496636,213.79620895022325,1174.897554939529,3.873888311869429,6.321928094887363,0.19691349337295327,0.8444841921250201,0.0,0.049995448794098826,0.0,LARMix,0.3,80
regretor,0.0,0.0,omega,nym,2,4.0,47.67926757680634,263.36154665324034,234.4228815319923,1230.2687708123813,5.989578664858584,6.321928094887363,0.055237844773142974,0.5873384638752711,0.0,0.01834871744084129,4.7056249999999995,ours (θ_loc tilt),0.3,80
regretor,0.0,0.0,omega,nym,3,4.0,49.82925374301794,258.2275391378381,245.470891568503,512.8613839913648,5.98751101773243,6.321928094887363,0.03841615781827956,0.5805284227585441,0.0,0.01451463857958929,4.547604166666667,ours (θ_loc tilt),0.3,80
larmix,0.2,0.0,omega,nym,1,0.0,33.20839102413998,254.18794727188902,223.872113856834,1174.897554939529,4.008987678554164,6.321928094887363,0.2391226209155124,0.8571567966005045,0.0,0.050607269290789805,0.0,LARMix,0.3,80
larmix,0.2,0.0,omega,nym,2,0.0,24.286979108828668,254.6065144646975,213.79620895022325,1230.2687708123813,3.8913757455641464,6.321928094887363,0.21588467873244244,0.8771201268916267,0.0,0.047691615996603945,0.0,LARMix,0.3,80
larmix,0.4,0.0,omega,nym,0,0.0,25.937819330951708,243.65892869241893,223.872113856834,812.8305161640991,4.330453698288717,6.321928094887363,0.2084534840360499,0.8680611240455185,0.0,0.04046096893622424,0.0,LARMix,0.3,80
larmix,0.4,0.0,omega,nym,1,0.0,33.31854100596882,254.285740708898,223.872113856834,1174.897554939529,4.545971245262605,6.321928094887363,0.23928026109849232,0.8456546265550492,0.0,0.04152112858533122,0.0,LARMix,0.3,80
larmix,0.4,0.0,omega,nym,4,0.0,26.196859817494115,248.10458783309087,213.79620895022325,1174.897554939529,4.339867053606653,6.321928094887363,0.1977600543701381,0.8448578907674331,0.0,0.04252201355144655,0.0,LARMix,0.3,80
larmix,0.6,0.0,omega,nym,0,0.0,34.40978411987432,251.52014462797226,223.872113856834,776.2471166286916,5.339493554849506,6.321928094887363,0.20784823738947344,0.8753492399494376,0.0,0.028304605219891543,0.0,LARMix,0.3,80
larmix,0.4,0.0,omega,nym,2,0.0,25.128356784032878,254.47051552895198,223.872113856834,1230.2687708123813,4.32575629873634,6.321928094887363,0.21522324119988556,0.8811882932028575,0.0,0.04150764599258572,0.0,LARMix,0.3,80
larmix,0.4,0.0,omega,nym,3,0.0,32.9719759063231,284.95318794424713,223.872113856834,1348.9628825916534,4.544371867162971,6.321928094887363,0.22035887966648238,0.9428358159716068,0.0,0.04098696446540957,0.0,LARMix,0.3,80
larmix,0.6,0.0,omega,nym,1,0.0,38.68921087759282,259.47254776745007,234.4228815319923,1174.897554939529,5.41050401978938,6.321928094887363,0.2391058622169322,0.8481059086958839,0.0,0.02708855686314602,0.0,LARMix,0.3,80
larmix,0.6,0.0,omega,nym,2,0.0,34.42330381395711,264.7315730538358,223.872113856834,1230.2687708123813,5.337029956367722,6.321928094887363,0.21456932487125102,0.8841220669849951,0.0,0.029088350544884622,0.0,LARMix,0.3,80
larmix,0.6,0.0,omega,nym,3,0.0,39.65437815067613,297.6077168803459,234.4228815319923,1479.1083881682073,5.474769009244429,6.321928094887363,0.22081218990917484,0.9439257026519937,0.0,0.02645510462196547,0.0,LARMix,0.3,80
larmix,0.6,0.0,omega,nym,4,0.0,34.063075333973735,255.13582509731418,223.872113856834,1174.897554939529,5.286701758154325,6.321928094887363,0.19739071249686257,0.8398129590948569,0.0,0.029155090406283328,0.0,LARMix,0.3,80
larmix,0.8,0.0,omega,nym,2,0.0,71.38269015183533,300.0290350367571,257.03957827688635,1230.2687708123813,6.284381959418323,6.321928094887363,0.21507534369341563,0.882244451764427,0.0,0.009943634409220936,0.0,LARMix,0.3,80
larmix,0.8,0.0,omega,nym,3,0.0,72.44661105251824,337.7795612450859,269.15348039269156,1778.2794100389228,6.285983966129399,6.321928094887363,0.2215214599886659,0.960777027479514,0.0,0.00919549897363078,0.0,LARMix,0.3,80
larmix,0.8,0.0,omega,nym,0,0.0,74.37460586240184,291.15312170741026,257.03957827688635,812.8305161640991,6.284530806316617,6.321928094887363,0.20768252870924786,0.8771325023514603,0.0,0.009666645773015719,0.0,LARMix,0.3,80
larmix,0.8,0.0,omega,nym,1,0.0,72.87035960924064,293.27990449355946,269.15348039269156,1174.897554939529,6.281990520540345,6.321928094887363,0.239188742824485,0.8495012539145129,0.0,0.009144642324379346,0.0,LARMix,0.3,80
larmix,1.0,0.0,omega,nym,1,0.0,98.9860037666679,319.732345391164,295.12092266663853,1174.897554939529,6.321928094887363,6.321928094887363,0.23913286455051974,0.842034271393201,0.0,0.003375000000000046,0.0,LARMix,0.3,80
larmix,1.0,0.0,omega,nym,2,0.0,97.01516382724128,325.4324349364684,295.12092266663853,1288.2495516931335,6.321928094887363,6.321928094887363,0.21426348390204875,0.8727781416940629,0.0,0.003375000000000046,0.0,LARMix,0.3,80
larmix,0.8,0.0,omega,nym,4,0.0,74.57059603039197,295.7158597456404,257.03957827688635,1230.2687708123813,6.284367191921173,6.321928094887363,0.19685353320805343,0.8433630961977809,0.0,0.0095863490309069,0.0,LARMix,0.3,80
larmix,1.0,0.0,omega,nym,0,0.0,101.70897570215449,319.6150036160235,295.12092266663853,933.2543007969911,6.321928094887363,6.321928094887363,0.20919669572210675,0.8758144388369217,0.0,0.003375000000000046,0.0,LARMix,0.3,80
larmix,1.0,0.0,omega,nym,3,0.0,97.92669435677212,357.01212554818443,295.12092266663853,1548.8166189124813,6.321928094887363,6.321928094887363,0.22131199444644345,0.9409075549216916,0.0,0.003375000000000046,0.0,LARMix,0.3,80
larmix,1.0,0.0,omega,nym,4,0.0,102.38419220393958,323.78063778290243,295.12092266663853,1230.2687708123813,6.321928094887363,6.321928094887363,0.1965038396848724,0.845428119520877,0.0,0.003375000000000046,0.0,LARMix,0.3,80
lamp,0.2,0.0,omega,nym,0,0.0,14.581864873875501,36275.352696975366,30902.95432513592,61659.50018614822,0.4503856151515249,6.321928094887363,4.684411353060651,6.209680083789331,0.1,0.14452867045116166,0.0,LAMP-SC,0.3,80
lamp,0.2,0.0,omega,nym,1,0.0,12.292555001890115,31862.08056871791,30902.95432513592,61659.50018614822,0.5630012887595556,6.321928094887363,3.850291979184397,3.370602418549279,0.1,0.1423362167008077,0.0,LAMP-SC,0.3,80
lamp,0.2,0.0,omega,nym,2,0.0,7.696442500000002,38699.68925220321,30902.95432513592,61659.50018614822,0.4644546217584784,6.321928094887363,7.713403021590235,11.745174821007986,0.11875,0.14425280962720857,0.0,LAMP-SC,0.3,80
lamp,0.2,0.0,omega,nym,3,0.0,7.5919404686298995,34418.18281910183,30902.95432513592,61659.50018614822,0.41292248825435723,6.321928094887363,6.014363339328591,5.413328670188136,0.08125,0.14590074566544642,0.0,LAMP-SC,0.3,80
lamp,0.2,0.0,omega,nym,4,0.0,6.95614143936568,31215.32434956838,30902.95432513592,61659.50018614822,0.4278177910961434,6.321928094887363,5.182623941451378,5.551753029609023,0.075,0.14532775731245723,0.0,LAMP-SC,0.3,80
lamp,0.4,0.0,omega,nym,0,0.0,14.668432774184739,29641.896984696712,30902.95432513592,61659.50018614822,1.345905720372928,6.321928094887363,3.267065683036445,5.149776171355155,0.09375,0.11695520357169358,0.0,LAMP-SC,0.3,80
lamp,0.4,0.0,omega,nym,1,0.0,12.396147048279403,25547.9580722454,30902.95432513592,61659.50018614822,1.4525518749214932,6.321928094887363,2.671797600505163,2.6645621250860665,0.09375,0.1141784960074466,0.0,LAMP-SC,0.3,80
lamp,0.4,0.0,omega,nym,2,0.0,8.154295405537958,26683.9114604411,30902.95432513592,61659.50018614822,1.3821358581435266,6.321928094887363,5.012880109019884,9.186740421428686,0.1,0.11902257749108285,0.0,LAMP-SC,0.3,80
lamp,0.4,0.0,omega,nym,3,0.0,8.100487812304529,29106.621994133813,30902.95432513592,61659.50018614822,1.2148687802072509,6.321928094887363,4.255858703065981,4.240640481205192,0.08125,0.12180697976295851,0.0,LAMP-SC,0.3,80
lamp,0.4,0.0,omega,nym,4,0.0,7.44192214179036,25437.663894425077,30902.95432513592,61659.50018614822,1.3794973557276022,6.321928094887363,3.519682666826462,4.373095539578208,0.075,0.1198863910923748,0.0,LAMP-SC,0.3,80
lamp,0.6,0.0,omega,nym,0,0.0,16.07886743654584,18577.24955839742,1288.2495516931335,61659.50018614822,2.799713146800732,6.321928094887363,1.7310933129738313,3.902732335511283,0.08125,0.07442296515192218,0.0,LAMP-SC,0.3,80
lamp,0.6,0.0,omega,nym,1,0.0,13.789892455197155,18156.291384459648,512.8613839913648,61659.50018614822,2.901536919044191,6.321928094887363,1.4010176957193319,2.0417173208409567,0.0875,0.0733379825542843,0.0,LAMP-SC,0.3,80
lamp,0.6,0.0,omega,nym,2,0.0,10.081939497304537,16348.538177890152,407.38027780411284,61659.50018614822,2.9354268208703997,6.321928094887363,2.1286077835468724,5.1010650681867,0.075,0.07580208609982082,0.0,LAMP-SC,0.3,80
lamp,0.6,0.0,omega,nym,3,0.0,9.82903138950186,20995.26499427472,30902.95432513592,61659.50018614822,2.618930636941596,6.321928094887363,2.25397252560322,2.870124501708975,0.06875,0.07974268329585847,0.0,LAMP-SC,0.3,80
lamp,0.6,0.0,omega,nym,4,0.0,9.266668941696944,17035.982458965045,269.15348039269156,61659.50018614822,2.932383576441823,6.321928094887363,1.6933088922816073,2.8591419006573147,0.0625,0.07603270809478099,0.0,LAMP-SC,0.3,80
lamp,0.8,0.0,omega,nym,0,0.0,20.666826008785616,9324.562965286448,223.872113856834,61659.50018614822,3.8963627964167244,6.321928094887363,0.9264120623196219,2.8082940304882253,0.05,0.05136576766612694,0.0,LAMP-SC,0.3,80
lamp,0.8,0.0,omega,nym,3,0.0,14.946401853206854,11869.232905228073,245.470891568503,61659.50018614822,3.7118625619191716,6.321928094887363,1.3074393368905888,2.650095461012209,0.05,0.053806801442142414,0.0,LAMP-SC,0.3,80
lamp,0.8,0.0,omega,nym,4,0.0,14.422509749790674,9164.850178260134,223.872113856834,61659.50018614822,4.14604952321771,6.321928094887363,0.913993560227778,2.895255001435303,0.04375,0.04704182652021102,0.0,LAMP-SC,0.3,80
gwr+lba,0.0,0.0,omega,nym,0,0.0,22.94303099177763,257.506073907604,213.79620895022325,1174.897554939529,3.3171916194828603,6.321928094887363,0.21330122333774382,0.952804854715557,0.0,0.05266539005839902,0.0,OptiMix GWR+LBA,0.3,80
gwr+lba,0.0,0.0,omega,nym,1,0.0,25.77409389928538,260.8701437786187,213.79620895022325,1230.2687708123813,3.681772554021527,6.321928094887363,0.26376216811937603,0.9087468576568418,0.0,0.04843008814436708,0.0,OptiMix GWR+LBA,0.3,80
lamp,0.8,0.0,omega,nym,1,0.0,18.375051356213877,6439.815443620469,234.4228815319923,61659.50018614822,4.02059692237368,6.321928094887363,0.7719485431318842,1.8063410844687633,0.04375,0.049765463521057686,0.0,LAMP-SC,0.3,80
lamp,0.8,0.0,omega,nym,2,0.0,15.432307944397028,10115.3877452077,234.4228815319923,61659.50018614822,4.12455780046839,6.321928094887363,0.9449164313770515,2.3394895106945683,0.0625,0.047078241321458894,0.0,LAMP-SC,0.3,80
gwr+lba,0.2,0.0,omega,nym,1,0.0,28.68492995928471,252.80138160606913,223.872113856834,1174.897554939529,4.056420506707883,6.321928094887363,0.239020217849639,0.8845357325119816,0.0,0.04337976806818604,0.0,OptiMix GWR+LBA,0.3,80
gwr+lba,0.2,0.0,omega,nym,2,0.0,21.05951084757275,251.98577695080752,213.79620895022325,1230.2687708123813,3.627151304931801,6.321928094887363,0.2224355604674968,0.8611995145005598,0.0,0.04907944379262787,0.0,OptiMix GWR+LBA,0.3,80
gwr+lba,0.0,0.0,omega,nym,4,0.0,19.89115626313889,249.68014959022045,213.79620895022325,1230.2687708123813,3.0820645619689686,6.321928094887363,0.2021702607652367,0.8811440289457406,0.0,0.05712640869787974,0.0,OptiMix GWR+LBA,0.3,80
gwr+lba,0.2,0.0,omega,nym,0,0.0,23.48194101668906,242.72902578446647,213.79620895022325,1023.2929922807537,3.6618694026079317,6.321928094887363,0.20876953730119596,0.892677898508224,0.0,0.04704515334192956,0.0,OptiMix GWR+LBA,0.3,80
gwr+lba,0.0,0.0,omega,nym,2,0.0,18.401659632022156,295.98466351895814,213.79620895022325,1949.8445997580457,3.2946694895078137,6.321928094887363,0.2523868710388799,0.9635518326895411,0.0,0.053562871963361,0.0,OptiMix GWR+LBA,0.3,80
gwr+lba,0.0,0.0,omega,nym,3,0.0,26.151014764926234,331.755965470052,223.872113856834,2454.708915685031,3.584445597765322,6.321928094887363,0.23063096024624485,0.982372919628021,0.0,0.050615297545304846,0.0,OptiMix GWR+LBA,0.3,80
gwr+lba,0.2,0.0,omega,nym,3,0.0,27.555330493276873,280.21137064300797,223.872113856834,1288.2495516931335,3.9142588189555716,6.321928094887363,0.2194221166752628,0.9322722989155494,0.0,0.04519562131434384,0.0,OptiMix GWR+LBA,0.3,80
gwr+lba,0.2,0.0,omega,nym,4,0.0,19.88387050293481,243.95822642336285,213.79620895022325,1174.897554939529,3.353605952364741,6.321928094887363,0.19837621629796343,0.8669434805340446,0.0,0.05147246002696082,0.0,OptiMix GWR+LBA,0.3,80
gwr+lba,0.4,0.0,omega,nym,2,0.0,21.771996419462507,251.0181001223818,213.79620895022325,1230.2687708123813,4.006580236486714,6.321928094887363,0.21847765994670265,0.8673408809511679,0.0,0.04429659882667973,0.0,OptiMix GWR+LBA,0.3,80
gwr+lba,0.4,0.0,omega,nym,3,0.0,29.514911001525814,285.05407960729474,223.872113856834,1412.537544622754,4.338841347582099,6.321928094887363,0.21927250360635564,0.9459797198573383,0.0,0.038996666663741714,0.0,OptiMix GWR+LBA,0.3,80
gwr+lba,0.4,0.0,omega,nym,4,0.0,20.660992321275188,243.10912604231865,213.79620895022325,1174.897554939529,3.8039476117906688,6.321928094887363,0.19768651066647736,0.8470365351097364,0.0,0.04415110606625401,0.0,OptiMix GWR+LBA,0.3,80
gwr+lba,0.6,0.0,omega,nym,0,0.0,26.35070406605034,243.10478813315245,223.872113856834,676.0829753919819,4.626828486892485,6.321928094887363,0.20753329272466514,0.8729844789380595,0.0,0.03507294505019061,0.0,OptiMix GWR+LBA,0.3,80
gwr+lba,0.4,0.0,omega,nym,0,0.0,24.342389383922804,241.39344265154583,213.79620895022325,741.3102413009177,4.109510812893866,6.321928094887363,0.20786538915347075,0.8736047441213718,0.0,0.04179808454469047,0.0,OptiMix GWR+LBA,0.3,80
gwr+lba,0.4,0.0,omega,nym,1,0.0,30.26748814836415,252.3204890621367,223.872113856834,1174.897554939529,4.497183499424864,6.321928094887363,0.23869513588589686,0.8586652779179412,0.0,0.03754164682673462,0.0,OptiMix GWR+LBA,0.3,80
gwr+lba,0.6,0.0,omega,nym,1,0.0,32.36445242748903,252.85327211310045,223.872113856834,1174.897554939529,4.938996771825009,6.321928094887363,0.23878992341929428,0.8496143900133206,0.0,0.0314201285361007,0.0,OptiMix GWR+LBA,0.3,80
gwr+lba,0.6,0.0,omega,nym,2,0.0,24.86074949146215,253.60935319118911,213.79620895022325,1230.2687708123813,4.641297355345875,6.321928094887363,0.21490449196650063,0.8859605652218013,0.0,0.03676667176679888,0.0,OptiMix GWR+LBA,0.3,80
gwr+lba,0.6,0.0,omega,nym,3,0.0,31.932164972065554,290.3868649189588,223.872113856834,1548.8166189124813,4.873319806288801,6.321928094887363,0.22066559314851908,0.9414905829691579,0.0,0.03137154332415296,0.0,OptiMix GWR+LBA,0.3,80
gwr+lba,0.6,0.0,omega,nym,4,0.0,23.41960897811787,246.11591353000122,213.79620895022325,1174.897554939529,4.442694816815001,6.321928094887363,0.19721209461569056,0.8505900114107046,0.0,0.03708107222472211,0.0,OptiMix GWR+LBA,0.3,80
gwr+lba,0.8,0.0,omega,nym,0,0.0,38.197133389535146,257.13434496936856,223.872113856834,891.2509381337454,5.465806938813779,6.321928094887363,0.20772236029720914,0.876395937446277,0.0,0.026386847593232142,0.0,OptiMix GWR+LBA,0.3,80
gwr+lba,0.8,0.0,omega,nym,1,0.0,39.71513546027221,260.64066426854623,223.872113856834,1174.897554939529,5.494108061294134,6.321928094887363,0.2394075911448037,0.8604000314329935,0.0,0.024716878298251657,0.0,OptiMix GWR+LBA,0.3,80
gwr+lba,0.8,0.0,omega,nym,2,0.0,35.37408249216463,265.95763007964143,223.872113856834,1230.2687708123813,5.456211358469029,6.321928094887363,0.21454041486146203,0.887720829491084,0.0,0.029344278272019637,0.0,OptiMix GWR+LBA,0.3,80
gwr+lba,0.8,0.0,omega,nym,3,0.0,40.617211063337486,305.30730359006293,234.4228815319923,1698.2436524617444,5.568491180553555,6.321928094887363,0.22210660969109242,0.9481594932181121,0.0,0.024104451874647707,0.0,OptiMix GWR+LBA,0.3,80
gwr+lba,0.8,0.0,omega,nym,4,0.0,34.67639392567224,255.93246707623774,223.872113856834,1174.897554939529,5.377799906494471,6.321928094887363,0.19747653938152632,0.8379471167819966,0.0,0.027626483347043852,0.0,OptiMix GWR+LBA,0.3,80
gpr+lba,0.0,0.0,omega,nym,0,0.0,25.319999134494505,243.44025731173124,213.79620895022325,851.1380382023764,4.483574801784287,6.321928094887363,0.20730669078598685,0.8767448366118902,0.0,0.03889469792629888,0.0,OptiMix GPR+LBA,0.3,80
gpr+lba,0.0,0.0,omega,nym,1,0.0,31.74437909378997,253.19581495691003,223.872113856834,1174.897554939529,4.850348736153393,6.321928094887363,0.24048136282621146,0.8766539176283746,0.0,0.029696898517021182,0.0,OptiMix GPR+LBA,0.3,80
gpr+lba,0.0,0.0,omega,nym,2,0.0,22.78758181213857,252.85048171351877,223.872113856834,1230.2687708123813,4.522913106377999,6.321928094887363,0.21688191025920212,0.8917498788185529,0.0,0.03473362739228332,0.0,OptiMix GPR+LBA,0.3,80
gpr+lba,0.0,0.0,omega,nym,3,0.0,32.351845541367425,299.4399981162946,223.872113856834,1548.8166189124813,4.802148430979214,6.321928094887363,0.2194581744606554,0.9615315644120896,0.0,0.03006794702000057,0.0,OptiMix GPR+LBA,0.3,80
gpr+lba,0.0,0.0,omega,nym,4,0.0,22.165274500657063,243.23003760271052,213.79620895022325,1174.897554939529,4.343524389933002,6.321928094887363,0.19705695604926055,0.8416440824426809,0.0,0.03568768364693845,0.0,OptiMix GPR+LBA,0.3,80
gpr+lba,0.2,0.0,omega,nym,0,0.0,26.535235635236084,244.6237412505018,223.872113856834,851.1380382023764,4.669767730888038,6.321928094887363,0.2073203971640667,0.8744188421744692,0.0,0.036383782369339764,0.0,OptiMix GPR+LBA,0.3,80
gpr+lba,0.2,0.0,omega,nym,1,0.0,33.31984289584536,254.21148999817697,223.872113856834,1122.018454301963,5.031432705748138,6.321928094887363,0.23981704131866222,0.8648500513194319,0.0,0.026889684495836508,0.0,OptiMix GPR+LBA,0.3,80
gpr+lba,0.2,0.0,omega,nym,4,0.0,23.450936246776518,245.02917852223192,213.79620895022325,1174.897554939529,4.536207806359805,6.321928094887363,0.1965054468968297,0.8397382193663743,0.0,0.0327393605004894,0.0,OptiMix GPR+LBA,0.3,80
gpr+lba,0.4,0.0,omega,nym,0,0.0,28.75877404284317,246.7465663739078,223.872113856834,812.8305161640991,4.915983942030342,6.321928094887363,0.20754139511786662,0.8744188421744692,0.0,0.03271780313483695,0.0,OptiMix GPR+LBA,0.3,80
gpr+lba,0.2,0.0,omega,nym,2,0.0,24.195925288667286,253.98683884881177,223.872113856834,1230.2687708123813,4.703401544541814,6.321928094887363,0.21710771496276582,0.887486127588513,0.0,0.03314652417001281,0.0,OptiMix GPR+LBA,0.3,80
gpr+lba,0.2,0.0,omega,nym,3,0.0,34.25924443988972,290.44990062994964,223.872113856834,1412.537544622754,5.031067632672121,6.321928094887363,0.21895209701069263,0.9505069414527916,0.0,0.02681752035724762,0.0,OptiMix GPR+LBA,0.3,80
gpr+lba,0.4,0.0,omega,nym,1,0.0,35.696799668757976,256.9863691694274,223.872113856834,1174.897554939529,5.265055118544902,6.321928094887363,0.23954043742274367,0.8562139957771066,0.0,0.023785429864125313,0.0,OptiMix GPR+LBA,0.3,80
gpr+lba,0.4,0.0,omega,nym,2,0.0,26.69009287102312,255.5400623917629,223.872113856834,1230.2687708123813,4.942655106705702,6.321928094887363,0.21498248744975101,0.8818532819268087,0.0,0.03128555858944777,0.0,OptiMix GPR+LBA,0.3,80
gpr+lba,0.4,0.0,omega,nym,3,0.0,37.18349601479602,301.3967892944423,234.4228815319923,1621.8100973589299,5.310397439729985,6.321928094887363,0.21951216199761192,0.9442191336813287,0.0,0.023547741964558437,0.0,OptiMix GPR+LBA,0.3,80
gpr+lba,0.4,0.0,omega,nym,4,0.0,25.711954211069834,246.5462345059246,213.79620895022325,1174.897554939529,4.789128614466687,6.321928094887363,0.19586244114628437,0.832862164345974,0.0,0.02956095009887518,0.0,OptiMix GPR+LBA,0.3,80
gpr+lba,0.6,0.0,omega,nym,0,0.0,33.354356420573104,251.99220917700274,223.872113856834,1071.519305237606,5.265704013977223,6.321928094887363,0.20725699130166597,0.8726743463464034,0.0,0.028074181980019673,0.0,OptiMix GPR+LBA,0.3,80
gpr+lba,0.6,0.0,omega,nym,1,0.0,39.643893651546804,260.42178817082663,234.4228815319923,1174.897554939529,5.5625169504946514,6.321928094887363,0.24015413799302454,0.8504440547379108,0.0,0.020467895699459313,0.0,OptiMix GPR+LBA,0.3,80
gpr+lba,0.6,0.0,omega,nym,4,0.0,30.49534034719893,250.97141896408067,223.872113856834,1174.897554939529,5.16136939158199,6.321928094887363,0.1961361657638896,0.8401119180087874,0.0,0.025453671781415103,0.0,OptiMix GPR+LBA,0.3,80
gpr+lba,0.8,0.0,omega,nym,0,0.0,45.71983589213286,262.9280826613923,234.4228815319923,812.8305161640991,5.809196502059223,6.321928094887363,0.2086590883357886,0.8674408588622062,0.0,0.02083292702935247,0.0,OptiMix GPR+LBA,0.3,80
gpr+lba,0.6,0.0,omega,nym,2,0.0,31.628200139508508,260.34712478816283,223.872113856834,1230.2687708123813,5.2754073581179135,6.321928094887363,0.21520474493846087,0.8821662177969034,0.0,0.028781505549645973,0.0,OptiMix GPR+LBA,0.3,80
gpr+lba,0.6,0.0,omega,nym,3,0.0,42.031952544817116,304.37036284423203,234.4228815319923,1621.8100973589299,5.63089165360573,6.321928094887363,0.22104334279251447,0.9468411488182922,0.0,0.020383605255826515,0.0,OptiMix GPR+LBA,0.3,80
ssr+lba,0.0,0.0,omega,nym,0,0.0,54.285742972946636,271.67316712846986,234.4228815319923,851.1380382023764,5.921136567577422,6.321928094887363,0.20863242944794935,0.873992409860942,0.0,0.019401809887775755,0.0,OptiMix SSR+LBA,0.3,80
ssr+lba,0.0,0.0,omega,nym,1,0.0,51.48815578815956,272.08200617720195,234.4228815319923,1174.897554939529,5.869696437243429,6.321928094887363,0.2398056130911994,0.8551203468219649,0.0,0.01967325515143471,0.0,OptiMix SSR+LBA,0.3,80
gpr+lba,0.8,0.0,omega,nym,1,0.0,49.76143301833472,269.3946647038182,245.470891568503,1023.2929922807537,5.946107827683526,6.321928094887363,0.23889741807769083,0.8393567170547507,0.0,0.01505822088006652,0.0,OptiMix GPR+LBA,0.3,80
gpr+lba,0.8,0.0,omega,nym,2,0.0,44.330968173479675,272.91262036606645,234.4228815319923,1230.2687708123813,5.827137499781296,6.321928094887363,0.2152207407295701,0.882479153666998,0.0,0.022732878507506833,0.0,OptiMix GPR+LBA,0.3,80
gpr+lba,0.8,0.0,omega,nym,3,0.0,52.74722297944622,318.6723955138698,245.470891568503,1778.2794100389228,6.001918437886941,6.321928094887363,0.22124542366615385,0.9515968281331784,0.0,0.01555039565375598,0.0,OptiMix GPR+LBA,0.3,80
gpr+lba,0.8,0.0,omega,nym,4,0.0,43.74367510070292,264.89252230039773,234.4228815319923,1174.897554939529,5.749599126179541,6.321928094887363,0.19701517114623246,0.8348053972865219,0.0,0.020056484739795842,0.0,OptiMix GPR+LBA,0.3,80
ssr+lba,0.0,0.0,omega,nym,2,0.0,48.73175806569153,278.4023378116293,234.4228815319923,1230.2687708123813,5.868754546061036,6.321928094887363,0.21501781484532567,0.8887769880526535,0.0,0.02324156138087652,0.0,OptiMix SSR+LBA,0.3,80
ssr+lba,0.0,0.0,omega,nym,3,0.0,51.49891338868848,307.7893368516053,245.470891568503,1412.537544622754,5.924164732736527,6.321928094887363,0.22132928002557462,0.9423684101787815,0.0,0.01893037107232355,0.0,OptiMix SSR+LBA,0.3,80
ssr+lba,0.0,0.0,omega,nym,4,0.0,49.4154038007218,270.44965893748036,234.4228815319923,1174.897554939529,5.861044886344954,6.321928094887363,0.19745546057443297,0.8421672605420591,0.0,0.021008812249689045,0.0,OptiMix SSR+LBA,0.3,80
ssr+lba,0.2,0.0,omega,nym,0,0.0,63.001636505473215,280.1806627661495,245.470891568503,851.1380382023764,6.120967643313308,6.321928094887363,0.20799581750946539,0.8728681792161884,0.0,0.015084892878155856,0.0,OptiMix SSR+LBA,0.3,80
ssr+lba,0.2,0.0,omega,nym,1,0.0,59.80786550264156,281.31253314528436,245.470891568503,1174.897554939529,6.091443615034384,6.321928094887363,0.2401585067482097,0.8435427527106377,0.0,0.015021271947256947,0.0,OptiMix SSR+LBA,0.3,80
ssr+lba,0.2,0.0,omega,nym,2,0.0,57.416385413327646,286.9891635487761,245.470891568503,1230.2687708123813,6.085501728810532,6.321928094887363,0.2144506430078863,0.8821662177969034,0.0,0.018135591472313417,0.0,OptiMix SSR+LBA,0.3,80
ssr+lba,0.2,0.0,omega,nym,3,0.0,59.58025109854854,321.46675661655644,257.03957827688635,1621.8100973589299,6.125185148532374,6.321928094887363,0.22143394535348615,0.9441772149628523,0.0,0.014261983050308069,0.0,OptiMix SSR+LBA,0.3,80
ssr+lba,0.2,0.0,omega,nym,4,0.0,59.38057554375622,279.8517214173124,245.470891568503,1174.897554939529,6.09946777338247,6.321928094887363,0.1968478990876006,0.840074548144546,0.0,0.01586211624558692,0.0,OptiMix SSR+LBA,0.3,80
ssr+lba,0.4,0.0,omega,nym,2,0.0,68.3892256187747,297.0453990469381,257.03957827688635,1230.2687708123813,6.239843742723744,6.321928094887363,0.21555497925034883,0.8773548287941976,0.0,0.01258617093177361,0.0,OptiMix SSR+LBA,0.3,80
ssr+lba,0.4,0.0,omega,nym,3,0.0,70.2550920361085,332.27383299093543,269.15348039269156,1621.8100973589299,6.258581548867089,6.321928094887363,0.2213674850069065,0.9474468750040129,0.0,0.00993801041350648,0.0,OptiMix SSR+LBA,0.3,80
ssr+lba,0.4,0.0,omega,nym,0,0.0,73.49832231699945,290.81808206765334,257.03957827688635,812.8305161640991,6.253064520113125,6.321928094887363,0.20794583595378358,0.8745351418963402,0.0,0.010892074123488976,0.0,OptiMix SSR+LBA,0.3,80
ssr+lba,0.4,0.0,omega,nym,1,0.0,70.52697285378511,292.07961633311214,257.03957827688635,1174.897554939529,6.245859168224986,6.321928094887363,0.24016521049569484,0.854554666327926,0.0,0.01032409755961532,0.0,OptiMix SSR+LBA,0.3,80
ssr+lba,0.4,0.0,omega,nym,4,0.0,71.59555795588615,292.71546656109496,257.03957827688635,1174.897554939529,6.249844744126286,6.321928094887363,0.19692300335956658,0.8376478766724414,0.0,0.01099897615613653,0.0,OptiMix SSR+LBA,0.3,80
ssr+lba,0.6,0.0,omega,nym,0,0.0,84.72304416921058,302.78370988282853,269.15348039269156,977.2372209558107,6.309742230810997,6.321928094887363,0.2090525847148621,0.8722091474589192,0.0,0.007331536608089084,0.0,OptiMix SSR+LBA,0.3,80
ssr+lba,0.6,0.0,omega,nym,3,0.0,81.56138749216171,341.93870324466764,281.83829312644536,1548.8166189124813,6.311488013922961,6.321928094887363,0.22025991392941102,0.9336319393782418,0.0,0.00666995100015662,0.0,OptiMix SSR+LBA,0.3,80
ssr+lba,0.6,0.0,omega,nym,4,0.0,84.28728337387527,305.4579107585757,269.15348039269156,1230.2687708123813,6.309899223668168,6.321928094887363,0.19635867558103293,0.8414257830555761,0.0,0.007205591794623993,0.0,OptiMix SSR+LBA,0.3,80
ssr+lba,0.6,0.0,omega,nym,1,0.0,82.11799862589048,302.9093235458793,269.15348039269156,1174.897554939529,6.309880110015233,6.321928094887363,0.2400623532827717,0.8466728514443189,0.0,0.006875980776003199,0.0,OptiMix SSR+LBA,0.3,80
ssr+lba,0.6,0.0,omega,nym,2,0.0,79.86850734854958,308.6078522655032,269.15348039269156,1230.2687708123813,6.3076568770917,6.321928094887363,0.21538135825538496,0.8770027759403412,0.0,0.008088659456510942,0.0,OptiMix SSR+LBA,0.3,80
ssr+lba,0.8,0.0,omega,nym,0,0.0,94.41684341655284,312.05965251392223,281.83829312644536,891.2509381337454,6.321390505006944,6.321928094887363,0.20904603507753228,0.8746126750442542,0.0,0.004919332133606828,0.0,OptiMix SSR+LBA,0.3,80
ssr+lba,0.8,0.0,omega,nym,1,0.0,91.967036931664,313.0664364244644,281.83829312644536,1230.2687708123813,6.321438884114959,6.321928094887363,0.238816280568934,0.8370185710127237,0.0,0.004707575060710514,0.0,OptiMix SSR+LBA,0.3,80
ssr+lba,0.8,0.0,omega,nym,2,0.0,89.81630159420281,318.4333593972912,281.83829312644536,1288.2495516931335,6.321300013494083,6.321928094887363,0.2151455032354861,0.8798191987711932,0.0,0.005135717878813685,0.0,OptiMix SSR+LBA,0.3,80
ssr+lba,0.8,0.0,omega,nym,3,0.0,91.10183263703642,346.05787372381275,295.12092266663853,1479.1083881682073,6.321454832679458,6.321928094887363,0.22107805055565488,0.9363384146077621,0.0,0.004612179356511405,0.0,OptiMix SSR+LBA,0.3,80
ssr+lba,0.8,0.0,omega,nym,4,0.0,94.84228934048022,316.77377807004206,281.83829312644536,1230.2687708123813,6.321397257654321,6.321928094887363,0.19603833943861226,0.8439236441614004,0.0,0.004847127464831803,0.0,OptiMix SSR+LBA,0.3,80
gwr+lba+crg,0.0,0.05,omega,nym,0,0.0,66.22106699406075,291.6223716240327,257.03957827688635,1174.897554939529,6.120811499475373,6.321928094887363,0.24991833806952313,0.9143571537348414,0.0,0.014519246252044768,0.0,OptiMix GWR+LBA+CRG(θ=.05),0.3,80
gwr+lba+crg,0.0,0.05,omega,nym,3,0.0,65.25402225073147,1583.5353478437946,257.03957827688635,30902.95432513592,6.125959567644394,6.321928094887363,0.26050178995372875,1.0590103880497408,0.01875,0.012911149723930978,0.0,OptiMix GWR+LBA+CRG(θ=.05),0.3,80
gwr+lba+crg,0.0,0.05,omega,nym,4,0.0,65.55429799236444,1278.3156910602586,257.03957827688635,30902.95432513592,6.093352824234037,6.321928094887363,0.25092706506777707,1.0525215515894044,0.0125,0.015615519707244115,0.0,OptiMix GWR+LBA+CRG(θ=.05),0.3,80
gwr+lba+crg,0.2,0.05,omega,nym,0,0.0,64.78245628783145,291.1104389306413,257.03957827688635,1230.2687708123813,6.116159080153989,6.321928094887363,0.2463248919136205,0.9037917198940975,0.0,0.01464796138378428,0.0,OptiMix GWR+LBA+CRG(θ=.05),0.3,80
gwr+lba+crg,0.2,0.05,omega,nym,1,0.0,65.13898154668685,1305.2856037755316,257.03957827688635,30902.95432513592,6.13877519887765,6.321928094887363,0.295397400752315,1.076903488812248,0.0125,0.012934932291286524,0.0,OptiMix GWR+LBA+CRG(θ=.05),0.3,80
gwr+lba+crg,0.0,0.05,omega,nym,1,0.0,65.43642174998693,1348.5312573881417,257.03957827688635,30902.95432513592,6.142853973987342,6.321928094887363,0.3030670412442593,1.0847948678215151,0.0125,0.013472985307243085,0.0,OptiMix GWR+LBA+CRG(θ=.05),0.3,80
gwr+lba+crg,0.0,0.05,omega,nym,2,0.0,60.830330321902814,2700.347134405392,257.03957827688635,30902.95432513592,6.092479621007688,6.321928094887363,0.33389068908407094,1.2107321509277582,0.025,0.014641435426830282,0.0,OptiMix GWR+LBA+CRG(θ=.05),0.3,80
gwr+lba+crg,0.2,0.05,omega,nym,2,0.0,61.217601287024486,2459.7584849814307,257.03957827688635,30902.95432513592,6.101199040924474,6.321928094887363,0.3029358095465913,1.110601551619305,0.025,0.01459667236318093,0.0,OptiMix GWR+LBA+CRG(θ=.05),0.3,80
gwr+lba+crg,0.2,0.05,omega,nym,3,0.0,64.18501733002725,1614.9054549638695,257.03957827688635,30902.95432513592,6.111798392998635,6.321928094887363,0.2639409643143844,1.101617901595819,0.01875,0.013177015200760759,0.0,OptiMix GWR+LBA+CRG(θ=.05),0.3,80
gwr+lba+crg,0.4,0.05,omega,nym,1,0.0,63.966496373089576,1383.0577800695598,257.03957827688635,30902.95432513592,6.134017919657279,6.321928094887363,0.2950987391637021,1.0632604316878744,0.0125,0.01235678380591712,0.0,OptiMix GWR+LBA+CRG(θ=.05),0.3,80
gwr+lba+crg,0.4,0.05,omega,nym,2,0.0,59.4844349721119,2292.8759036195706,257.03957827688635,30902.95432513592,6.094919424290339,6.321928094887363,0.29238783300365023,1.0948022562366189,0.025,0.014665725845419086,0.0,OptiMix GWR+LBA+CRG(θ=.05),0.3,80
gwr+lba+crg,0.2,0.05,omega,nym,4,0.0,64.45348504140617,1239.4912469806843,257.03957827688635,30902.95432513592,6.087369150590869,6.321928094887363,0.24803993895617915,1.0351038540754716,0.0125,0.015805472422906787,0.0,OptiMix GWR+LBA+CRG(θ=.05),0.3,80
gwr+lba+crg,0.4,0.05,omega,nym,0,0.0,62.361759095224166,292.8907128536135,245.470891568503,1230.2687708123813,6.10743582908492,6.321928094887363,0.24363796634690882,0.9272928128935309,0.0,0.014967103683460017,0.0,OptiMix GWR+LBA+CRG(θ=.05),0.3,80
gwr+lba+crg,0.4,0.05,omega,nym,3,0.0,63.1282466470537,1406.216232099563,257.03957827688635,30902.95432513592,6.100249837033121,6.321928094887363,0.262603425927906,1.1366487455820047,0.0125,0.012785779328920669,0.0,OptiMix GWR+LBA+CRG(θ=.05),0.3,80
gwr+lba+crg,0.4,0.05,omega,nym,4,0.0,62.8644112714711,752.1892279931658,245.470891568503,21379.620895022323,6.087540892795302,6.321928094887363,0.2412980822834998,1.0095338305642438,0.0125,0.015492376728847648,0.0,OptiMix GWR+LBA+CRG(θ=.05),0.3,80
gwr+lba+crg,0.6,0.05,omega,nym,0,0.0,60.28443647278779,287.5130042248269,245.470891568503,1230.2687708123813,6.105260973145796,6.321928094887363,0.2410231998043868,0.9287058794505484,0.0,0.015383758528973761,0.0,OptiMix GWR+LBA+CRG(θ=.05),0.3,80
gwr+lba+crg,0.6,0.05,omega,nym,1,0.0,62.2974442373641,1275.5536378495751,257.03957827688635,30902.95432513592,6.1311845556196705,6.321928094887363,0.28919173651236396,1.0545792890200407,0.0125,0.012006657763075508,0.0,OptiMix GWR+LBA+CRG(θ=.05),0.3,80
gwr+lba+crg,0.6,0.05,omega,nym,2,0.0,57.49706224834092,1576.191331761202,245.470891568503,30902.95432513592,6.106577055501374,6.321928094887363,0.2728727271695328,1.0438820163560565,0.01875,0.014508276821690005,0.0,OptiMix GWR+LBA+CRG(θ=.05),0.3,80
gwr+lba+crg,0.6,0.05,omega,nym,3,0.0,62.08461537149244,1247.4870425804136,257.03957827688635,30902.95432513592,6.10901307041353,6.321928094887363,0.24707450676498488,1.1050604575383058,0.0125,0.012114959666122851,0.0,OptiMix GWR+LBA+CRG(θ=.05),0.3,80
gwr+lba+crg,0.8,0.05,omega,nym,1,0.0,63.37382274912398,346.9523996128899,257.03957827688635,2344.228815319923,6.167882142984017,6.321928094887363,0.2732909233354628,0.9766662289744319,0.0,0.011193327863148495,0.0,OptiMix GWR+LBA+CRG(θ=.05),0.3,80
gwr+lba+crg,0.8,0.05,omega,nym,2,0.0,59.3813803741654,354.66295521695736,245.470891568503,2691.534803926917,6.15460486056039,6.321928094887363,0.2537738688988398,0.9712120971175102,0.0,0.013182349538188578,0.0,OptiMix GWR+LBA+CRG(θ=.05),0.3,80
gwr+lba+crg,0.6,0.05,omega,nym,4,0.0,61.15999393482752,343.83324001615466,245.470891568503,2570.395782768865,6.101033594954883,6.321928094887363,0.23139316077197658,0.9735780233322919,0.0,0.014748779810950605,0.0,OptiMix GWR+LBA+CRG(θ=.05),0.3,80
gwr+lba+crg,0.8,0.05,omega,nym,0,0.0,62.24878290193003,285.5954921357225,245.470891568503,1174.897554939529,6.150539064572106,6.321928094887363,0.22778010296359796,0.8929104979519661,0.0,0.013716487175108727,0.0,OptiMix GWR+LBA+CRG(θ=.05),0.3,80
gwr,0.0,0.0,omega,nym,0,0.0,10.581800847677224,25317.863871281053,30902.95432513592,61659.50018614822,1.9233504805351884,6.321928094887363,2.252066224469943,3.862851087967839,0.10625,0.09128785266754628,0.0,OptiMix GWR (no LBA),0.3,80
gwr,0.0,0.0,omega,nym,1,0.0,10.092632463843168,24835.623962870483,30902.95432513592,61659.50018614822,1.8656487705755906,6.321928094887363,2.1219216637185387,2.584974120868746,0.10625,0.09335561522862976,0.0,OptiMix GWR (no LBA),0.3,80
gwr,0.0,0.0,omega,nym,2,0.0,7.483624697952586,20406.380865403553,13489.628825916534,61659.50018614822,1.8664016679292992,6.321928094887363,2.9897635186333047,6.198223287180037,0.08125,0.09707295352184353,0.0,OptiMix GWR (no LBA),0.3,80
gwr,0.0,0.0,omega,nym,3,0.0,7.882161971223052,27581.958054841623,30902.95432513592,61659.50018614822,1.6846563520703668,6.321928094887363,3.1197063902403075,4.3729802443344505,0.09375,0.1004306181587608,0.0,OptiMix GWR (no LBA),0.3,80
gwr+lba+crg,0.8,0.05,omega,nym,3,0.0,63.804646415918576,856.8272800733491,257.03957827688635,29512.09226666387,6.1679772524362795,6.321928094887363,0.23674369016543362,1.0393114220653137,0.00625,0.011194128600768346,0.0,OptiMix GWR+LBA+CRG(θ=.05),0.3,80
gwr+lba+crg,0.8,0.05,omega,nym,4,0.0,63.2180461898912,306.5688016049038,245.470891568503,1348.9628825916534,6.156187778347736,6.321928094887363,0.2209628583475458,0.9284160583941707,0.0,0.01337307170730206,0.0,OptiMix GWR+LBA+CRG(θ=.05),0.3,80
gwr,0.0,0.0,omega,nym,4,0.0,7.452132796780218,22059.666896635048,2818.3829312644552,61659.50018614822,1.9628441565112063,6.321928094887363,2.2233689097072613,3.0086854202472844,0.08125,0.09554320151205067,0.0,OptiMix GWR (no LBA),0.3,80
gwr,0.2,0.0,omega,nym,0,0.0,11.514285474543486,17883.52471338462,30902.95432513592,61659.50018614822,2.429809797807641,6.321928094887363,1.7215929886038426,3.335588285272016,0.0875,0.07405481875835407,0.0,OptiMix GWR (no LBA),0.3,80
gwr,0.2,0.0,omega,nym,1,0.0,10.863848730370378,21282.320159517836,30902.95432513592,61659.50018614822,2.3786977729948586,6.321928094887363,1.6866833792420315,2.444882160250018,0.09375,0.07722230944339295,0.0,OptiMix GWR (no LBA),0.3,80
gwr,0.2,0.0,omega,nym,2,0.0,8.216892181931179,18733.791377077367,1230.2687708123813,61659.50018614822,2.3889489889143793,6.321928094887363,2.0484404722392577,4.5041897568398985,0.09375,0.0794162413671931,0.0,OptiMix GWR (no LBA),0.3,80
gwr,0.2,0.0,omega,nym,3,0.0,8.819209402643457,24008.297251949858,30902.95432513592,61659.50018614822,2.2001591062294024,6.321928094887363,2.3425966526349318,3.9601767797083274,0.09375,0.08156022872951363,0.0,OptiMix GWR (no LBA),0.3,80
gwr,0.2,0.0,omega,nym,4,0.0,8.248567515369617,17890.202551423223,323.59365692962825,61659.50018614822,2.4660626842319355,6.321928094887363,1.5833023150300494,2.205400393727029,0.075,0.07854201902310624,0.0,OptiMix GWR (no LBA),0.3,80
gwr,0.4,0.0,omega,nym,2,0.0,9.525622967133195,13076.085860656922,281.83829312644536,61659.50018614822,3.011810556460116,6.321928094887363,1.338066490391931,2.8696414698779993,0.06875,0.06441498669612829,0.0,OptiMix GWR (no LBA),0.3,80
gwr,0.4,0.0,omega,nym,3,0.0,10.641792561046325,16057.04900416661,295.12092266663853,61659.50018614822,2.866615875192479,6.321928094887363,1.5733922476670519,3.011046028803305,0.075,0.06555775887166104,0.0,OptiMix GWR (no LBA),0.3,80
gwr,0.4,0.0,omega,nym,0,0.0,13.348096277196579,10359.046033700406,257.03957827688635,61659.50018614822,3.0575563535879198,6.321928094887363,1.2881181121720342,2.9147908003479284,0.0625,0.061401157095663184,0.0,OptiMix GWR (no LBA),0.3,80
gwr,0.4,0.0,omega,nym,1,0.0,12.300755357574289,13544.853724188062,281.83829312644536,61659.50018614822,3.0091191435608806,6.321928094887363,1.2478144890937077,1.930780897643036,0.08125,0.06262462737840338,0.0,OptiMix GWR (no LBA),0.3,80
gwr,0.4,0.0,omega,nym,4,0.0,9.677805434305986,11560.378280171863,269.15348039269156,61659.50018614822,3.078410859141438,6.321928094887363,1.0546658612854563,1.6454695385735347,0.0625,0.06437948083160558,0.0,OptiMix GWR (no LBA),0.3,80
gwr,0.6,0.0,omega,nym,0,0.0,17.373127538465184,6763.153633132198,234.4228815319923,61659.50018614822,3.885055785007814,6.321928094887363,0.9672483350611631,2.542681147598329,0.04375,0.04828454885496288,0.0,OptiMix GWR (no LBA),0.3,80
gwr,0.6,0.0,omega,nym,1,0.0,15.438467612906054,9706.966495782945,234.4228815319923,61659.50018614822,3.8082821724909506,6.321928094887363,0.8934778128775025,1.8109637252336708,0.06875,0.04974673606424821,0.0,OptiMix GWR (no LBA),0.3,80
gwr,0.6,0.0,omega,nym,2,0.0,12.375345569407811,7934.895135422468,245.470891568503,32359.365692962812,3.7785125480226514,6.321928094887363,0.9281670622262712,1.7189850610203707,0.05625,0.04920182322781121,0.0,OptiMix GWR (no LBA),0.3,80
gwr,0.6,0.0,omega,nym,3,0.0,14.688819137835974,10081.242561797122,234.4228815319923,61659.50018614822,3.7612528683937,6.321928094887363,0.9545482635841018,1.9998093960338765,0.05625,0.05176484538447844,0.0,OptiMix GWR (no LBA),0.3,80
gwr,0.6,0.0,omega,nym,4,0.0,12.70010403503971,4598.900820027438,234.4228815319923,61659.50018614822,3.863201175608979,6.321928094887363,0.7318300507148359,1.3301689049105512,0.03125,0.052251679328043255,0.0,OptiMix GWR (no LBA),0.3,80
gwr,0.8,0.0,omega,nym,0,0.0,28.464141436262015,5150.133303116083,234.4228815319923,61659.50018614822,5.037028698431063,6.321928094887363,0.6554058226406689,2.059388363881793,0.0375,0.03402090841079995,0.0,OptiMix GWR (no LBA),0.3,80
gwr,0.8,0.0,omega,nym,1,0.0,24.728966736133543,5844.138189027933,234.4228815319923,32359.365692962812,4.89669875024423,6.321928094887363,0.6609203398478884,1.5553544252331195,0.05,0.035979552717724496,0.0,OptiMix GWR (no LBA),0.3,80
gwr,0.8,0.0,omega,nym,2,0.0,20.941978685663504,6342.511458922572,245.470891568503,32359.365692962812,4.82043161572778,6.321928094887363,0.7710193536546515,1.5631594824407036,0.05,0.03636038320396791,0.0,OptiMix GWR (no LBA),0.3,80
gwr,0.8,0.0,omega,nym,3,0.0,25.682611004293445,4135.809346460987,234.4228815319923,30902.95432513592,4.9944835562855125,6.321928094887363,0.5451158109463268,1.4451369877273377,0.0375,0.03490522996163287,0.0,OptiMix GWR (no LBA),0.3,80
gwr,0.8,0.0,omega,nym,4,0.0,21.81839088607817,2561.413470863728,223.872113856834,30902.95432513592,4.951245237290763,6.321928094887363,0.5412213161052994,1.1227954902994048,0.025,0.036418574376428536,0.0,OptiMix GWR (no LBA),0.3,80
uniform,1.0,0.0,omega,nym,0,0.0,101.70897570215449,319.6150036160235,295.12092266663853,933.2543007969911,6.321928094887363,6.321928094887363,0.20919669572210675,0.8758144388369217,0.0,0.003375000000000046,0.0,uniform (Nym default),0.3,80
uniform,1.0,0.0,omega,nym,1,0.0,98.9860037666679,319.732345391164,295.12092266663853,1174.897554939529,6.321928094887363,6.321928094887363,0.23913286455051974,0.842034271393201,0.0,0.003375000000000046,0.0,uniform (Nym default),0.3,80
uniform,1.0,0.0,omega,nym,2,0.0,97.01516382724128,325.4324349364684,295.12092266663853,1288.2495516931335,6.321928094887363,6.321928094887363,0.21426348390204875,0.8727781416940629,0.0,0.003375000000000046,0.0,uniform (Nym default),0.3,80
uniform,1.0,0.0,omega,nym,3,0.0,97.92669435677212,357.01212554818443,295.12092266663853,1548.8166189124813,6.321928094887363,6.321928094887363,0.22131199444644345,0.9409075549216916,0.0,0.003375000000000046,0.0,uniform (Nym default),0.3,80
uniform,1.0,0.0,omega,nym,4,0.0,102.38419220393958,323.78063778290243,295.12092266663853,1230.2687708123813,6.321928094887363,6.321928094887363,0.1965038396848724,0.845428119520877,0.0,0.003375000000000046,0.0,uniform (Nym default),0.3,80
regretor,0.0,0.0,equal,nym,0,0.0,101.89801049192492,380.31518786084456,354.8133892335755,851.1380382023764,6.321876678716086,6.321928094887363,0.017464205654221576,0.7030734666666666,0.0,0.004048736448634102,0.41987847222222224,ours (θ_loc tilt),0.7,80
regretor,0.0,0.0,equal,nym,1,0.0,98.98804589148945,376.0279624256002,354.8133892335755,741.3102413009177,6.321869536840747,6.321928094887363,0.017340705550667135,0.7028566222222222,0.0,0.004049599248399483,0.4228298611111111,ours (θ_loc tilt),0.7,80
regretor,0.0,0.0,equal,nym,2,0.0,97.07065739390352,374.51602037023156,354.8133892335755,776.2471166286916,6.32187286845451,6.321928094887363,0.01722056738977784,0.7030408,0.0,0.004031385647634799,0.4152430555555555,ours (θ_loc tilt),0.7,80
regretor,0.0,0.0,equal,nym,3,0.0,97.93451377483214,375.3329930019414,354.8133892335755,776.2471166286916,6.321869132808068,6.321928094887363,0.017357005866666997,0.7035382666666667,0.0,0.004029449674814611,0.4181423611111111,ours (θ_loc tilt),0.7,80
regretor,0.0,0.0,equal,nym,4,0.0,102.21615457100563,378.5692769274948,354.8133892335755,707.945784384138,6.321874025886274,6.321928094887363,0.017208027284889793,0.7035995555555552,0.0,0.004038234665449039,0.41918402777777775,ours (θ_loc tilt),0.7,80
regretor,0.0,0.0,equal,nym,0,0.5,88.95929403939178,367.74878012008276,338.84415613920254,851.1380382023764,6.319763793559227,6.321928094887363,0.017423202659110792,0.7047260888888889,0.0,0.00566621297315321,0.6560416666666666,ours (θ_loc tilt),0.7,80
regretor,0.0,0.0,equal,nym,1,0.5,86.55178537595468,363.84853013781435,338.84415613920254,741.3102413009177,6.319815456458319,6.321928094887363,0.01741419685866652,0.7042261333333333,0.0,0.005148424614198938,0.6565104166666667,ours (θ_loc tilt),0.7,80
regretor,0.0,0.0,equal,nym,2,0.5,83.86120560975789,360.563785513059,338.84415613920254,707.945784384138,6.318932444061562,6.321928094887363,0.017285372942666966,0.7056308,0.0,0.00656423843706357,0.6598611111111111,ours (θ_loc tilt),0.7,80
regretor,0.0,0.0,equal,nym,3,0.5,86.23371292406996,363.34390215681856,338.84415613920254,741.3102413009177,6.320163210060747,6.321928094887363,0.017396804647999753,0.7043241333333331,0.0,0.005394817809626045,0.638454861111111,ours (θ_loc tilt),0.7,80
regretor,0.0,0.0,equal,nym,4,0.5,89.07290921602063,365.6611948116402,338.84415613920254,707.945784384138,6.319642419241854,6.321928094887363,0.01730655028355521,0.7051053333333335,0.0,0.0054180182912529715,0.6590451388888889,ours (θ_loc tilt),0.7,80
regretor,0.0,0.0,equal,nym,0,1.0,75.13431038933005,353.4039456193262,323.59365692962825,776.2471166286916,6.290912964219214,6.321928094887363,0.017532699525333317,0.7063323555555558,0.0,0.009129026198921874,1.2899131944444444,ours (θ_loc tilt),0.7,80
regretor,0.0,0.0,equal,nym,1,1.0,73.6163918410758,350.97604989201056,323.59365692962825,707.945784384138,6.291032563105283,6.321928094887363,0.017537491397777938,0.7056799555555556,0.0,0.00818286979606376,1.2452083333333333,ours (θ_loc tilt),0.7,80
regretor,0.0,0.0,equal,nym,2,1.0,70.4374675129792,348.8819514271996,323.59365692962825,741.3102413009177,6.281000324619801,6.321928094887363,0.017713470276889742,0.707492177777778,0.0,0.011253791517482879,1.3638020833333333,ours (θ_loc tilt),0.7,80
regretor,0.0,0.0,equal,nym,3,1.0,74.20443784392592,352.05154365487346,323.59365692962825,707.945784384138,6.298979724246534,6.321928094887363,0.017658487935555467,0.7086379999999999,0.0,0.008443576584490495,1.2141666666666668,ours (θ_loc tilt),0.7,80
regretor,0.0,0.0,equal,nym,4,1.0,74.78463827475476,351.3101282865323,323.59365692962825,676.0829753919819,6.289050989551044,6.321928094887363,0.017431742666667027,0.7061982666666669,0.0,0.008868699438395857,1.3065625,ours (θ_loc tilt),0.7,80
regretor,0.0,0.0,equal,nym,0,2.0,56.61176435171722,334.84952242010996,309.0295432513591,707.945784384138,6.130345441473215,6.321928094887363,0.018194444980443425,0.7082220444444446,0.0,0.015849257221190165,3.1013194444444445,ours (θ_loc tilt),0.7,80
regretor,0.0,0.0,equal,nym,1,2.0,56.41189393441051,337.19812193367284,309.0295432513591,741.3102413009177,6.144810466522319,6.321928094887363,0.02079025012444391,0.7233090666666667,0.0,0.013144583701850496,2.8595833333333336,ours (θ_loc tilt),0.7,80
regretor,0.0,0.0,equal,nym,2,2.0,53.316077997837546,335.08870624189774,309.0295432513591,891.2509381337454,6.124892552783078,6.321928094887363,0.020886727719554132,0.7281561777777777,0.0,0.017622964797195818,3.0971875,ours (θ_loc tilt),0.7,80
regretor,0.0,0.0,equal,nym,3,2.0,57.72672481211757,340.05211340465627,323.59365692962825,851.1380382023764,6.174482156854471,6.321928094887363,0.02196812792844627,0.7351689333333331,0.0,0.01365773906541325,2.787309027777778,ours (θ_loc tilt),0.7,80
regretor,0.0,0.0,equal,nym,4,2.0,53.67170185467166,333.73393920601654,309.0295432513591,707.945784384138,6.097395127765133,6.321928094887363,0.02025654114844455,0.7174163111111113,0.0,0.016088870745804732,3.3878298611111113,ours (θ_loc tilt),0.7,80
regretor,0.0,0.0,equal,nym,0,3.0,51.707566873782646,332.30926260594447,309.0295432513591,933.2543007969911,6.050757121336406,6.321928094887363,0.019091896838666855,0.7129534222222221,0.0,0.017589925963183435,4.118402777777778,ours (θ_loc tilt),0.7,80
regretor,0.0,0.0,equal,nym,1,3.0,50.44638257491715,336.25091867051316,309.0295432513591,977.2372209558107,6.0498186003296714,6.321928094887363,0.027230496704000018,0.7360101777777778,0.0,0.01485826119664497,3.943333333333333,ours (θ_loc tilt),0.7,80
regretor,0.0,0.0,equal,nym,2,3.0,48.327377850459854,335.2416241057336,309.0295432513591,1071.519305237606,6.048171334497985,6.321928094887363,0.026194405580000746,0.7445277777777779,0.0,0.019007236228812424,4.029427083333333,ours (θ_loc tilt),0.7,80
regretor,0.0,0.0,equal,nym,3,3.0,52.327830903554144,339.82696324649487,309.0295432513591,1071.519305237606,6.084308702551651,6.321928094887363,0.02716146950444509,0.741734,0.0,0.014884460730931536,3.7158506944444447,ours (θ_loc tilt),0.7,80
regretor,0.0,0.0,equal,nym,4,3.0,48.115950857880954,334.28096925265913,309.0295432513591,977.2372209558107,6.006717283006142,6.321928094887363,0.026447243872445902,0.7253994222222225,0.0,0.017472973343992608,4.591388888888889,ours (θ_loc tilt),0.7,80
regretor,0.0,0.0,equal,nym,0,4.0,50.56161915027722,331.8549910711419,309.0295432513591,933.2543007969911,6.03112436193771,6.321928094887363,0.0198978928648883,0.7864919999999997,0.0,0.017728309807458764,4.385347222222222,ours (θ_loc tilt),0.7,80
regretor,0.0,0.0,equal,nym,1,4.0,49.324575231806286,336.72723505821347,309.0295432513591,977.2372209558107,6.026766772882611,6.321928094887363,0.029234828322665773,0.7392550666666667,0.0,0.015259443477061905,4.225520833333333,ours (θ_loc tilt),0.7,80
regretor,0.0,0.0,equal,nym,2,4.0,47.4936170812223,336.41298619661836,309.0295432513591,1174.897554939529,6.033008697145202,6.321928094887363,0.027566050890666993,0.7422890222222223,0.0,0.01928990929676841,4.247135416666667,ours (θ_loc tilt),0.7,80
larmix,0.2,0.0,equal,nym,0,0.0,24.59815453100976,299.60021921929274,281.83829312644536,616.5950018614822,3.8156060729159953,6.321928094887363,0.01591421333333276,0.7117288888888889,0.0,0.04833887861479459,0.0,LARMix,0.7,80
larmix,0.2,0.0,equal,nym,1,0.0,33.20839102413998,307.42446035901065,281.83829312644536,588.843655355589,4.008987678554164,6.321928094887363,0.015839457777777177,0.71232,0.0,0.050607269290789805,0.0,LARMix,0.7,80
regretor,0.0,0.0,equal,nym,3,4.0,51.438147984992945,354.79218926457264,309.0295432513591,1122.018454301963,6.067754474576089,6.321928094887363,0.028201063389332814,0.7462040444444444,0.0,0.014964129535688781,3.9508680555555555,ours (θ_loc tilt),0.7,80
regretor,0.0,0.0,equal,nym,4,4.0,47.16696820780174,333.66235884687967,309.0295432513591,977.2372209558107,5.9908137132508354,6.321928094887363,0.027885526455111442,0.7265405777777778,0.0,0.01767730367776709,4.858767361111111,ours (θ_loc tilt),0.7,80
larmix,0.2,0.0,equal,nym,2,0.0,24.286979108828668,297.4978120875821,281.83829312644536,537.0317963702527,3.8913757455641464,6.321928094887363,0.015873564444444543,0.7124133333333333,0.0,0.047691615996603945,0.0,LARMix,0.7,80
larmix,0.2,0.0,equal,nym,3,0.0,33.10748198832732,306.7428149669905,281.83829312644536,562.341325190349,3.923433566058992,6.321928094887363,0.015643333333333453,0.7121955555555555,0.0,0.051894586477362704,0.0,LARMix,0.7,80
larmix,0.2,0.0,equal,nym,4,0.0,27.14936369735836,301.7598348623491,281.83829312644536,588.843655355589,3.873888311869429,6.321928094887363,0.015905422222222354,0.7132222222222222,0.0,0.049995448794098826,0.0,LARMix,0.7,80
larmix,0.4,0.0,equal,nym,0,0.0,25.937819330951708,299.8631091136893,281.83829312644536,562.341325190349,4.330453698288717,6.321928094887363,0.0157908622222227,0.7110444444444445,0.0,0.04046096893622424,0.0,LARMix,0.7,80
larmix,0.4,0.0,equal,nym,1,0.0,33.31854100596882,307.7271298149133,281.83829312644536,588.843655355589,4.545971245262605,6.321928094887363,0.015922622222222627,0.7094577777777777,0.0,0.04152112858533122,0.0,LARMix,0.7,80
larmix,0.4,0.0,equal,nym,2,0.0,25.128356784032878,298.10395167064956,281.83829312644536,537.0317963702527,4.32575629873634,6.321928094887363,0.015674248888888354,0.7114488888888889,0.0,0.04150764599258572,0.0,LARMix,0.7,80
larmix,0.4,0.0,equal,nym,3,0.0,32.9719759063231,306.45592159545174,281.83829312644536,562.341325190349,4.544371867162971,6.321928094887363,0.015663484444444542,0.7177022222222221,0.0,0.04098696446540957,0.0,LARMix,0.7,80
larmix,0.4,0.0,equal,nym,4,0.0,26.196859817494115,300.95007614247726,281.83829312644536,616.5950018614822,4.339867053606653,6.321928094887363,0.015907057777778455,0.7203466666666666,0.0,0.04252201355144655,0.0,LARMix,0.7,80
larmix,0.6,0.0,equal,nym,0,0.0,34.40978411987432,308.0347656029474,295.12092266663853,588.843655355589,5.339493554849506,6.321928094887363,0.01574235555555603,0.7139377777777778,0.0,0.028304605219891543,0.0,LARMix,0.7,80
larmix,0.6,0.0,equal,nym,1,0.0,38.68921087759282,312.4573342938468,295.12092266663853,562.341325190349,5.41050401978938,6.321928094887363,0.015936488888889766,0.7103599999999999,0.0,0.02708855686314602,0.0,LARMix,0.7,80
larmix,0.6,0.0,equal,nym,2,0.0,34.42330381395711,307.1845014208766,281.83829312644536,562.341325190349,5.337029956367722,6.321928094887363,0.01558323555555563,0.7114488888888889,0.0,0.029088350544884622,0.0,LARMix,0.7,80
larmix,0.6,0.0,equal,nym,3,0.0,39.65437815067613,313.2331021760112,295.12092266663853,562.341325190349,5.474769009244429,6.321928094887363,0.01572584888888917,0.7107333333333333,0.0,0.02645510462196547,0.0,LARMix,0.7,80
larmix,0.8,0.0,equal,nym,1,0.0,72.87035960924064,346.12178659663533,323.59365692962825,645.6542290346556,6.281990520540345,6.321928094887363,0.015870639999999936,0.7113866666666666,0.0,0.009144642324379346,0.0,LARMix,0.7,80
larmix,0.8,0.0,equal,nym,2,0.0,71.38269015183533,344.7354934010172,323.59365692962825,645.6542290346556,6.284381959418323,6.321928094887363,0.015675475555555485,0.7136888888888888,0.0,0.009943634409220936,0.0,LARMix,0.7,80
larmix,0.8,0.0,equal,nym,3,0.0,72.44661105251824,346.6427651730042,323.59365692962825,645.6542290346556,6.285983966129399,6.321928094887363,0.01588519999999982,0.7133777777777777,0.0,0.00919549897363078,0.0,LARMix,0.7,80
larmix,0.8,0.0,equal,nym,4,0.0,74.57059603039197,348.61366215883777,323.59365692962825,645.6542290346556,6.284367191921173,6.321928094887363,0.01585932444444471,0.7112622222222221,0.0,0.0095863490309069,0.0,LARMix,0.7,80
larmix,0.6,0.0,equal,nym,4,0.0,34.063075333973735,307.69815497377124,281.83829312644536,588.843655355589,5.286701758154325,6.321928094887363,0.0158001688888898,0.7122577777777777,0.0,0.029155090406283328,0.0,LARMix,0.7,80
larmix,0.8,0.0,equal,nym,0,0.0,74.37460586240184,347.3626683448631,323.59365692962825,645.6542290346556,6.284530806316617,6.321928094887363,0.015901324444445475,0.7116977777777778,0.0,0.009666645773015719,0.0,LARMix,0.7,80
larmix,1.0,0.0,equal,nym,0,0.0,101.70897570215449,374.9194350042486,354.8133892335755,741.3102413009177,6.321928094887363,6.321928094887363,0.01569050666666638,0.71176,0.0,0.003375000000000046,0.0,LARMix,0.7,80
larmix,1.0,0.0,equal,nym,1,0.0,98.9860037666679,372.54289109995193,354.8133892335755,707.945784384138,6.321928094887363,6.321928094887363,0.01572114666666735,0.7126933333333333,0.0,0.003375000000000046,0.0,LARMix,0.7,80
larmix,1.0,0.0,equal,nym,2,0.0,97.01516382724128,369.5771542524297,354.8133892335755,676.0829753919819,6.321928094887363,6.321928094887363,0.015616124444443935,0.7156177777777778,0.0,0.003375000000000046,0.0,LARMix,0.7,80
larmix,1.0,0.0,equal,nym,3,0.0,97.92669435677212,371.99035739926194,354.8133892335755,707.945784384138,6.321928094887363,6.321928094887363,0.015904159999998946,0.7130044444444444,0.0,0.003375000000000046,0.0,LARMix,0.7,80
larmix,1.0,0.0,equal,nym,4,0.0,102.38419220393958,376.30490387719016,354.8133892335755,676.0829753919819,6.321928094887363,6.321928094887363,0.015935173333331942,0.7111066666666667,0.0,0.003375000000000046,0.0,LARMix,0.7,80
lamp,0.2,0.0,equal,nym,0,0.0,14.581864873875501,52001.17749163229,61659.50018614822,61659.50018614822,0.4503856151515249,6.321928094887363,4.172718675555554,8.859728888888888,0.2,0.14452867045116166,0.0,LAMP-SC,0.7,80
lamp,0.2,0.0,equal,nym,3,0.0,7.5919404686298995,51608.54011392964,61659.50018614822,61659.50018614822,0.41292248825435723,6.321928094887363,6.603109626666675,12.95115111111111,0.1875,0.14590074566544642,0.0,LAMP-SC,0.7,80
lamp,0.2,0.0,equal,nym,4,0.0,6.95614143936568,48962.96568345902,61659.50018614822,61659.50018614822,0.4278177910961434,6.321928094887363,4.527096888888895,10.897786666666665,0.20625,0.14532775731245723,0.0,LAMP-SC,0.7,80
lamp,0.2,0.0,equal,nym,1,0.0,12.292555001890115,48270.10179290271,61659.50018614822,61659.50018614822,0.5630012887595556,6.321928094887363,4.250563777777782,11.758413333333333,0.2125,0.1423362167008077,0.0,LAMP-SC,0.7,80
lamp,0.2,0.0,equal,nym,2,0.0,7.696442500000002,49442.989254687294,61659.50018614822,61659.50018614822,0.4644546217584784,6.321928094887363,5.1238207733333265,11.740306666666665,0.18125,0.14425280962720857,0.0,LAMP-SC,0.7,80
lamp,0.4,0.0,equal,nym,0,0.0,14.668432774184739,46854.955607436525,61659.50018614822,61659.50018614822,1.345905720372928,6.321928094887363,2.783413359999998,6.869737777777777,0.21875,0.11695520357169358,0.0,LAMP-SC,0.7,80
lamp,0.4,0.0,equal,nym,1,0.0,12.396147048279403,43761.19141598988,61659.50018614822,61659.50018614822,1.4525518749214932,6.321928094887363,2.763962782222219,9.295377777777777,0.225,0.1141784960074466,0.0,LAMP-SC,0.7,80
lamp,0.6,0.0,equal,nym,1,0.0,13.789892455197155,35281.38704086427,30902.95432513592,61659.50018614822,2.901536919044191,6.321928094887363,1.163907191111111,5.494813333333333,0.225,0.0733379825542843,0.0,LAMP-SC,0.7,80
lamp,0.6,0.0,equal,nym,2,0.0,10.081939497304537,35109.07778001354,30902.95432513592,61659.50018614822,2.9354268208703997,6.321928094887363,1.3816519199999995,6.035182222222223,0.2125,0.07580208609982082,0.0,LAMP-SC,0.7,80
lamp,0.4,0.0,equal,nym,2,0.0,8.154295405537958,44951.44692561227,61659.50018614822,61659.50018614822,1.3821358581435266,6.321928094887363,3.348864480000005,9.452084444444443,0.20625,0.11902257749108285,0.0,LAMP-SC,0.7,80
lamp,0.4,0.0,equal,nym,3,0.0,8.100487812304529,48369.17012232477,61659.50018614822,61659.50018614822,1.2148687802072509,6.321928094887363,4.452422311111114,10.111826666666666,0.20625,0.12180697976295851,0.0,LAMP-SC,0.7,80
lamp,0.4,0.0,equal,nym,4,0.0,7.44192214179036,44655.96130500649,61659.50018614822,61659.50018614822,1.3794973557276022,6.321928094887363,2.9999856000000027,8.584146666666667,0.225,0.1198863910923748,0.0,LAMP-SC,0.7,80
lamp,0.6,0.0,equal,nym,0,0.0,16.07886743654584,35274.84885305715,30902.95432513592,61659.50018614822,2.799713146800732,6.321928094887363,1.2807204622222192,4.048737777777778,0.2,0.07442296515192218,0.0,LAMP-SC,0.7,80
lamp,0.6,0.0,equal,nym,3,0.0,9.82903138950186,39584.842647226316,30902.95432513592,61659.50018614822,2.618930636941596,6.321928094887363,2.153089671111111,7.817568888888889,0.2125,0.07974268329585847,0.0,LAMP-SC,0.7,80
lamp,0.6,0.0,equal,nym,4,0.0,9.266668941696944,33774.081422172014,30902.95432513592,61659.50018614822,2.932383576441823,6.321928094887363,1.3328044088888875,5.041213333333333,0.19375,0.07603270809478099,0.0,LAMP-SC,0.7,80
lamp,0.8,0.0,equal,nym,0,0.0,20.666826008785616,25260.51606978967,30902.95432513592,61659.50018614822,3.8963627964167244,6.321928094887363,0.5568158666666685,2.7911955555555554,0.1875,0.05136576766612694,0.0,LAMP-SC,0.7,80
lamp,0.8,0.0,equal,nym,1,0.0,18.375051356213877,24523.476845336856,30902.95432513592,61659.50018614822,4.02059692237368,6.321928094887363,0.45760362666666765,2.5614399999999997,0.18125,0.049765463521057686,0.0,LAMP-SC,0.7,80
lamp,0.8,0.0,equal,nym,2,0.0,15.432307944397028,23612.02519806307,30902.95432513592,61659.50018614822,4.12455780046839,6.321928094887363,0.5083356711111129,3.2070577777777776,0.18125,0.047078241321458894,0.0,LAMP-SC,0.7,80
lamp,0.8,0.0,equal,nym,3,0.0,14.946401853206854,26504.377044809095,30902.95432513592,61659.50018614822,3.7118625619191716,6.321928094887363,1.157683751111111,7.244533333333333,0.1625,0.053806801442142414,0.0,LAMP-SC,0.7,80
gwr+lba,0.0,0.0,equal,nym,1,0.0,25.77409389928538,336.70698347976213,295.12092266663853,1288.2495516931335,3.681772554021527,6.321928094887363,0.033906693333333626,0.828551111111111,0.0,0.04843008814436708,0.0,OptiMix GWR+LBA,0.7,80
gwr+lba,0.0,0.0,equal,nym,2,0.0,18.401659632022156,374.8960012999976,295.12092266663853,1479.1083881682073,3.2946694895078137,6.321928094887363,0.03866470222222351,0.8831199999999999,0.0,0.053562871963361,0.0,OptiMix GWR+LBA,0.7,80
gwr+lba,0.0,0.0,equal,nym,3,0.0,26.151014764926234,313.54478851746035,281.83829312644536,1023.2929922807537,3.584445597765322,6.321928094887363,0.024643715555554557,0.7805155555555554,0.0,0.050615297545304846,0.0,OptiMix GWR+LBA,0.7,80
gwr+lba,0.0,0.0,equal,nym,4,0.0,19.89115626313889,305.7622652498946,281.83829312644536,977.2372209558107,3.0820645619689686,6.321928094887363,0.021529937777778674,0.7613822222222222,0.0,0.05712640869787974,0.0,OptiMix GWR+LBA,0.7,80
gwr+lba,0.2,0.0,equal,nym,0,0.0,23.48194101668906,300.35689673136267,281.83829312644536,645.6542290346556,3.6618694026079317,6.321928094887363,0.01722076444444509,0.7408177777777777,0.0,0.04704515334192956,0.0,OptiMix GWR+LBA,0.7,80
gwr+lba,0.2,0.0,equal,nym,1,0.0,28.68492995928471,310.52426619294823,281.83829312644536,776.2471166286916,4.056420506707883,6.321928094887363,0.020994453333333718,0.7520177777777778,0.0,0.04337976806818604,0.0,OptiMix GWR+LBA,0.7,80
lamp,0.8,0.0,equal,nym,4,0.0,14.422509749790674,24334.670144449836,30902.95432513592,61659.50018614822,4.14604952321771,6.321928094887363,0.5681796622222224,2.713728888888889,0.18125,0.04704182652021102,0.0,LAMP-SC,0.7,80
gwr+lba,0.0,0.0,equal,nym,0,0.0,22.94303099177763,308.4396102713029,281.83829312644536,1023.2929922807537,3.3171916194828603,6.321928094887363,0.02050128888888847,0.7966311111111111,0.0,0.05266539005839902,0.0,OptiMix GWR+LBA,0.7,80
gwr+lba,0.2,0.0,equal,nym,2,0.0,21.05951084757275,302.8738082248119,281.83829312644536,776.2471166286916,3.627151304931801,6.321928094887363,0.019988693333331087,0.759391111111111,0.0,0.04907944379262787,0.0,OptiMix GWR+LBA,0.7,80
gwr+lba,0.2,0.0,equal,nym,3,0.0,27.555330493276873,304.90952940335234,281.83829312644536,616.5950018614822,3.9142588189555716,6.321928094887363,0.018035626666665028,0.7541644444444444,0.0,0.04519562131434384,0.0,OptiMix GWR+LBA,0.7,80
gwr+lba,0.2,0.0,equal,nym,4,0.0,19.88387050293481,299.22252354192295,281.83829312644536,676.0829753919819,3.353605952364741,6.321928094887363,0.018352737777778128,0.7460133333333333,0.0,0.05147246002696082,0.0,OptiMix GWR+LBA,0.7,80
gwr+lba,0.4,0.0,equal,nym,0,0.0,24.342389383922804,297.635290085411,281.83829312644536,537.0317963702527,4.109510812893866,6.321928094887363,0.015724782222221956,0.72268,0.0,0.04179808454469047,0.0,OptiMix GWR+LBA,0.7,80
gwr+lba,0.4,0.0,equal,nym,1,0.0,30.26748814836415,304.54658223762885,281.83829312644536,588.843655355589,4.497183499424864,6.321928094887363,0.016108053333335315,0.7267866666666666,0.0,0.03754164682673462,0.0,OptiMix GWR+LBA,0.7,80
gwr+lba,0.4,0.0,equal,nym,2,0.0,21.771996419462507,298.37552776688307,281.83829312644536,616.5950018614822,4.006580236486714,6.321928094887363,0.017319066666666716,0.7341599999999999,0.0,0.04429659882667973,0.0,OptiMix GWR+LBA,0.7,80
gwr+lba,0.4,0.0,equal,nym,3,0.0,29.514911001525814,303.14788300302854,281.83829312644536,537.0317963702527,4.338841347582099,6.321928094887363,0.01606451555555677,0.7270355555555555,0.0,0.038996666663741714,0.0,OptiMix GWR+LBA,0.7,80
gwr+lba,0.4,0.0,equal,nym,4,0.0,20.660992321275188,295.66814900015595,281.83829312644536,588.843655355589,3.8039476117906688,6.321928094887363,0.01659536000000017,0.7368977777777778,0.0,0.04415110606625401,0.0,OptiMix GWR+LBA,0.7,80
gwr+lba,0.6,0.0,equal,nym,0,0.0,26.35070406605034,299.9060538819133,281.83829312644536,537.0317963702527,4.626828486892485,6.321928094887363,0.015696897777776275,0.7113866666666666,0.0,0.03507294505019061,0.0,OptiMix GWR+LBA,0.7,80
gwr+lba,0.6,0.0,equal,nym,1,0.0,32.36445242748903,306.1648755928956,281.83829312644536,562.341325190349,4.938996771825009,6.321928094887363,0.015922595555556196,0.7116666666666666,0.0,0.0314201285361007,0.0,OptiMix GWR+LBA,0.7,80
gwr+lba,0.6,0.0,equal,nym,2,0.0,24.86074949146215,297.8786997686126,281.83829312644536,537.0317963702527,4.641297355345875,6.321928094887363,0.015714408888889198,0.7149022222222222,0.0,0.03676667176679888,0.0,OptiMix GWR+LBA,0.7,80
gwr+lba,0.6,0.0,equal,nym,3,0.0,31.932164972065554,305.8710893408149,281.83829312644536,562.341325190349,4.873319806288801,6.321928094887363,0.01589589333333352,0.7098,0.0,0.03137154332415296,0.0,OptiMix GWR+LBA,0.7,80
gwr+lba,0.6,0.0,equal,nym,4,0.0,23.41960897811787,296.91033078444,281.83829312644536,537.0317963702527,4.442694816815001,6.321928094887363,0.015847511111110713,0.713751111111111,0.0,0.03708107222472211,0.0,OptiMix GWR+LBA,0.7,80
gwr+lba,0.8,0.0,equal,nym,0,0.0,38.197133389535146,311.2518929081962,295.12092266663853,562.341325190349,5.465806938813779,6.321928094887363,0.015656613333333125,0.71176,0.0,0.026386847593232142,0.0,OptiMix GWR+LBA,0.7,80
gwr+lba,0.8,0.0,equal,nym,1,0.0,39.71513546027221,313.5893072096447,295.12092266663853,588.843655355589,5.494108061294134,6.321928094887363,0.01581553777777911,0.7101422222222222,0.0,0.024716878298251657,0.0,OptiMix GWR+LBA,0.7,80
gwr+lba,0.8,0.0,equal,nym,2,0.0,35.37408249216463,308.37484710903027,281.83829312644536,562.341325190349,5.456211358469029,6.321928094887363,0.01579262222222222,0.7128488888888889,0.0,0.029344278272019637,0.0,OptiMix GWR+LBA,0.7,80
gwr+lba,0.8,0.0,equal,nym,3,0.0,40.617211063337486,313.66458421097246,295.12092266663853,562.341325190349,5.568491180553555,6.321928094887363,0.015815928888888386,0.7100488888888888,0.0,0.024104451874647707,0.0,OptiMix GWR+LBA,0.7,80
gwr+lba,0.8,0.0,equal,nym,4,0.0,34.67639392567224,307.8549644436613,281.83829312644536,588.843655355589,5.377799906494471,6.321928094887363,0.015667528888889448,0.7161466666666667,0.0,0.027626483347043852,0.0,OptiMix GWR+LBA,0.7,80
gpr+lba,0.0,0.0,equal,nym,0,0.0,25.319999134494505,298.701529410956,281.83829312644536,562.341325190349,4.483574801784287,6.321928094887363,0.015870435555555007,0.7238933333333334,0.0,0.03889469792629888,0.0,OptiMix GPR+LBA,0.7,80
gpr+lba,0.0,0.0,equal,nym,1,0.0,31.74437909378997,306.6522843537244,281.83829312644536,588.843655355589,4.850348736153393,6.321928094887363,0.01638615111111097,0.7250444444444444,0.0,0.029696898517021182,0.0,OptiMix GPR+LBA,0.7,80
gpr+lba,0.0,0.0,equal,nym,2,0.0,22.78758181213857,300.3388152088735,281.83829312644536,645.6542290346556,4.522913106377999,6.321928094887363,0.017654471111111514,0.7363999999999999,0.0,0.03473362739228332,0.0,OptiMix GPR+LBA,0.7,80
gpr+lba,0.0,0.0,equal,nym,3,0.0,32.351845541367425,308.4127506204379,281.83829312644536,616.5950018614822,4.802148430979214,6.321928094887363,0.017148755555555395,0.7335377777777777,0.0,0.03006794702000057,0.0,OptiMix GPR+LBA,0.7,80
gpr+lba,0.0,0.0,equal,nym,4,0.0,22.165274500657063,296.4399089005954,281.83829312644536,562.341325190349,4.343524389933002,6.321928094887363,0.015947688888888978,0.7166133333333333,0.0,0.03568768364693845,0.0,OptiMix GPR+LBA,0.7,80
gpr+lba,0.2,0.0,equal,nym,0,0.0,26.535235635236084,300.2575911334305,281.83829312644536,562.341325190349,4.669767730888038,6.321928094887363,0.015904248888888528,0.72128,0.0,0.036383782369339764,0.0,OptiMix GPR+LBA,0.7,80
gpr+lba,0.2,0.0,equal,nym,1,0.0,33.31984289584536,307.40840992142876,281.83829312644536,588.843655355589,5.031432705748138,6.321928094887363,0.016016586666666832,0.7178888888888889,0.0,0.026889684495836508,0.0,OptiMix GPR+LBA,0.7,80
gpr+lba,0.2,0.0,equal,nym,2,0.0,24.195925288667286,300.09955769652237,281.83829312644536,616.5950018614822,4.703401544541814,6.321928094887363,0.017136017777779067,0.7291822222222222,0.0,0.03314652417001281,0.0,OptiMix GPR+LBA,0.7,80
gpr+lba,0.2,0.0,equal,nym,3,0.0,34.25924443988972,308.5933607241957,295.12092266663853,588.843655355589,5.031067632672121,6.321928094887363,0.016231955555555455,0.727751111111111,0.0,0.02681752035724762,0.0,OptiMix GPR+LBA,0.7,80
gpr+lba,0.2,0.0,equal,nym,4,0.0,23.450936246776518,297.78232972485705,281.83829312644536,588.843655355589,4.536207806359805,6.321928094887363,0.015986524444443484,0.7166444444444444,0.0,0.0327393605004894,0.0,OptiMix GPR+LBA,0.7,80
gpr+lba,0.4,0.0,equal,nym,0,0.0,28.75877404284317,303.0917814274232,281.83829312644536,588.843655355589,4.915983942030342,6.321928094887363,0.015828835555556253,0.7126933333333333,0.0,0.03271780313483695,0.0,OptiMix GPR+LBA,0.7,80
gpr+lba,0.4,0.0,equal,nym,1,0.0,35.696799668757976,309.44685054313044,295.12092266663853,588.843655355589,5.265055118544902,6.321928094887363,0.01570599111111215,0.7126311111111111,0.0,0.023785429864125313,0.0,OptiMix GPR+LBA,0.7,80
gpr+lba,0.4,0.0,equal,nym,2,0.0,26.69009287102312,300.67279832262716,281.83829312644536,537.0317963702527,4.942655106705702,6.321928094887363,0.016376791111111677,0.7214044444444444,0.0,0.03128555858944777,0.0,OptiMix GPR+LBA,0.7,80
gpr+lba,0.4,0.0,equal,nym,3,0.0,37.18349601479602,310.5661335456806,295.12092266663853,562.341325190349,5.310397439729985,6.321928094887363,0.016022213333334534,0.7187288888888888,0.0,0.023547741964558437,0.0,OptiMix GPR+LBA,0.7,80
gpr+lba,0.4,0.0,equal,nym,4,0.0,25.711954211069834,299.6328089925913,281.83829312644536,562.341325190349,4.789128614466687,6.321928094887363,0.015927893333333554,0.7168311111111111,0.0,0.02956095009887518,0.0,OptiMix GPR+LBA,0.7,80
gpr+lba,0.6,0.0,equal,nym,0,0.0,33.354356420573104,307.43628082287813,281.83829312644536,588.843655355589,5.265704013977223,6.321928094887363,0.015875831111112015,0.7117288888888889,0.0,0.028074181980019673,0.0,OptiMix GPR+LBA,0.7,80
gpr+lba,0.6,0.0,equal,nym,1,0.0,39.643893651546804,313.0017327213803,295.12092266663853,562.341325190349,5.5625169504946514,6.321928094887363,0.015680657777777496,0.7121022222222222,0.0,0.020467895699459313,0.0,OptiMix GPR+LBA,0.7,80
gpr+lba,0.6,0.0,equal,nym,2,0.0,31.628200139508508,304.9651319170345,281.83829312644536,537.0317963702527,5.2754073581179135,6.321928094887363,0.01589807111111141,0.7164266666666667,0.0,0.028781505549645973,0.0,OptiMix GPR+LBA,0.7,80
gpr+lba,0.6,0.0,equal,nym,3,0.0,42.031952544817116,314.7457165599933,295.12092266663853,562.341325190349,5.63089165360573,6.321928094887363,0.015757111111111666,0.7124133333333333,0.0,0.020383605255826515,0.0,OptiMix GPR+LBA,0.7,80
gpr+lba,0.6,0.0,equal,nym,4,0.0,30.49534034719893,304.604824355593,281.83829312644536,616.5950018614822,5.16136939158199,6.321928094887363,0.015740319999999253,0.7107333333333333,0.0,0.025453671781415103,0.0,OptiMix GPR+LBA,0.7,80
gpr+lba,0.8,0.0,equal,nym,2,0.0,44.330968173479675,317.6719387317679,295.12092266663853,562.341325190349,5.827137499781296,6.321928094887363,0.01584620444444429,0.7129733333333332,0.0,0.022732878507506833,0.0,OptiMix GPR+LBA,0.7,80
gpr+lba,0.8,0.0,equal,nym,3,0.0,52.74722297944622,327.2243578184452,309.0295432513591,616.5950018614822,6.001918437886941,6.321928094887363,0.015939342222223152,0.7131288888888888,0.0,0.01555039565375598,0.0,OptiMix GPR+LBA,0.7,80
gpr+lba,0.8,0.0,equal,nym,0,0.0,45.71983589213286,319.2742830433589,295.12092266663853,588.843655355589,5.809196502059223,6.321928094887363,0.01585550222222265,0.7170488888888888,0.0,0.02083292702935247,0.0,OptiMix GPR+LBA,0.7,80
gpr+lba,0.8,0.0,equal,nym,1,0.0,49.76143301833472,323.37024251558046,309.0295432513591,588.843655355589,5.946107827683526,6.321928094887363,0.01580168888889033,0.7116977777777778,0.0,0.01505822088006652,0.0,OptiMix GPR+LBA,0.7,80
gpr+lba,0.8,0.0,equal,nym,4,0.0,43.74367510070292,317.6421830191584,295.12092266663853,616.5950018614822,5.749599126179541,6.321928094887363,0.015795511111111438,0.71372,0.0,0.020056484739795842,0.0,OptiMix GPR+LBA,0.7,80
ssr+lba,0.0,0.0,equal,nym,0,0.0,54.285742972946636,328.57735711846965,309.0295432513591,645.6542290346556,5.921136567577422,6.321928094887363,0.01585525333333404,0.710111111111111,0.0,0.019401809887775755,0.0,OptiMix SSR+LBA,0.7,80
ssr+lba,0.0,0.0,equal,nym,3,0.0,51.49891338868848,324.72863839616707,309.0295432513591,588.843655355589,5.924164732736527,6.321928094887363,0.015814808888887866,0.7144355555555555,0.0,0.01893037107232355,0.0,OptiMix SSR+LBA,0.7,80
ssr+lba,0.0,0.0,equal,nym,4,0.0,49.4154038007218,323.6736939900849,295.12092266663853,616.5950018614822,5.861044886344954,6.321928094887363,0.015847679999999587,0.7110133333333333,0.0,0.021008812249689045,0.0,OptiMix SSR+LBA,0.7,80
ssr+lba,0.0,0.0,equal,nym,1,0.0,51.48815578815956,325.53708305135405,309.0295432513591,616.5950018614822,5.869696437243429,6.321928094887363,0.015748444444443788,0.7108577777777777,0.0,0.01967325515143471,0.0,OptiMix SSR+LBA,0.7,80
ssr+lba,0.0,0.0,equal,nym,2,0.0,48.73175806569153,321.9514384737213,295.12092266663853,588.843655355589,5.868754546061036,6.321928094887363,0.01581435555555566,0.7104533333333333,0.0,0.02324156138087652,0.0,OptiMix SSR+LBA,0.7,80
ssr+lba,0.2,0.0,equal,nym,0,0.0,63.001636505473215,337.0020650166425,309.0295432513591,645.6542290346556,6.120967643313308,6.321928094887363,0.015795555555556673,0.71232,0.0,0.015084892878155856,0.0,OptiMix SSR+LBA,0.7,80
ssr+lba,0.2,0.0,equal,nym,1,0.0,59.80786550264156,334.0504926082003,309.0295432513591,645.6542290346556,6.091443615034384,6.321928094887363,0.015808506666666666,0.7128177777777778,0.0,0.015021271947256947,0.0,OptiMix SSR+LBA,0.7,80
ssr+lba,0.2,0.0,equal,nym,2,0.0,57.416385413327646,331.0028006884479,309.0295432513591,616.5950018614822,6.085501728810532,6.321928094887363,0.015912222222222994,0.712351111111111,0.0,0.018135591472313417,0.0,OptiMix SSR+LBA,0.7,80
ssr+lba,0.2,0.0,equal,nym,3,0.0,59.58025109854854,334.263183601725,309.0295432513591,645.6542290346556,6.125185148532374,6.321928094887363,0.015952817777779016,0.7117288888888889,0.0,0.014261983050308069,0.0,OptiMix SSR+LBA,0.7,80
ssr+lba,0.2,0.0,equal,nym,4,0.0,59.38057554375622,332.8869921861281,309.0295432513591,616.5950018614822,6.09946777338247,6.321928094887363,0.015745626666666235,0.7125999999999999,0.0,0.01586211624558692,0.0,OptiMix SSR+LBA,0.7,80
ssr+lba,0.4,0.0,equal,nym,0,0.0,73.49832231699945,346.9768885752439,323.59365692962825,676.0829753919819,6.253064520113125,6.321928094887363,0.01574550222222304,0.7132844444444444,0.0,0.010892074123488976,0.0,OptiMix SSR+LBA,0.7,80
ssr+lba,0.4,0.0,equal,nym,1,0.0,70.52697285378511,344.61472096370034,323.59365692962825,645.6542290346556,6.245859168224986,6.321928094887363,0.015774462222221564,0.71568,0.0,0.01032409755961532,0.0,OptiMix SSR+LBA,0.7,80
ssr+lba,0.4,0.0,equal,nym,2,0.0,68.3892256187747,341.49534289838334,323.59365692962825,616.5950018614822,6.239843742723744,6.321928094887363,0.01565696000000072,0.7129733333333332,0.0,0.01258617093177361,0.0,OptiMix SSR+LBA,0.7,80
ssr+lba,0.4,0.0,equal,nym,3,0.0,70.2550920361085,344.15701706960147,323.59365692962825,645.6542290346556,6.258581548867089,6.321928094887363,0.015804355555555816,0.7130666666666666,0.0,0.00993801041350648,0.0,OptiMix SSR+LBA,0.7,80
ssr+lba,0.4,0.0,equal,nym,4,0.0,71.59555795588615,345.248025867126,323.59365692962825,645.6542290346556,6.249844744126286,6.321928094887363,0.01585619555555673,0.7115733333333333,0.0,0.01099897615613653,0.0,OptiMix SSR+LBA,0.7,80
ssr+lba,0.6,0.0,equal,nym,0,0.0,84.72304416921058,357.3899881639676,338.84415613920254,676.0829753919819,6.309742230810997,6.321928094887363,0.015612186666666306,0.71232,0.0,0.007331536608089084,0.0,OptiMix SSR+LBA,0.7,80
ssr+lba,0.6,0.0,equal,nym,1,0.0,82.11799862589048,355.3727229518562,338.84415613920254,645.6542290346556,6.309880110015233,6.321928094887363,0.01571378666666856,0.7105466666666667,0.0,0.006875980776003199,0.0,OptiMix SSR+LBA,0.7,80
ssr+lba,0.6,0.0,equal,nym,2,0.0,79.86850734854958,353.66037923829356,338.84415613920254,645.6542290346556,6.3076568770917,6.321928094887363,0.01577105777777743,0.7124133333333333,0.0,0.008088659456510942,0.0,OptiMix SSR+LBA,0.7,80
ssr+lba,0.6,0.0,equal,nym,3,0.0,81.56138749216171,356.043601103153,338.84415613920254,676.0829753919819,6.311488013922961,6.321928094887363,0.015916826666666273,0.7104222222222222,0.0,0.00666995100015662,0.0,OptiMix SSR+LBA,0.7,80
ssr+lba,0.6,0.0,equal,nym,4,0.0,84.28728337387527,359.01574288239385,338.84415613920254,676.0829753919819,6.309899223668168,6.321928094887363,0.015997351111112,0.7127555555555555,0.0,0.007205591794623993,0.0,OptiMix SSR+LBA,0.7,80
ssr+lba,0.8,0.0,equal,nym,0,0.0,94.41684341655284,368.37048841091735,338.84415613920254,741.3102413009177,6.321390505006944,6.321928094887363,0.0157051999999982,0.7111999999999999,0.0,0.004919332133606828,0.0,OptiMix SSR+LBA,0.7,80
ssr+lba,0.8,0.0,equal,nym,1,0.0,91.967036931664,365.76836630328995,338.84415613920254,676.0829753919819,6.321438884114959,6.321928094887363,0.015677208888888794,0.7101733333333332,0.0,0.004707575060710514,0.0,OptiMix SSR+LBA,0.7,80
ssr+lba,0.8,0.0,equal,nym,2,0.0,89.81630159420281,362.881436722775,338.84415613920254,676.0829753919819,6.321300013494083,6.321928094887363,0.015694257777778775,0.7112933333333333,0.0,0.005135717878813685,0.0,OptiMix SSR+LBA,0.7,80
ssr+lba,0.8,0.0,equal,nym,3,0.0,91.10183263703642,364.95320143770925,338.84415613920254,676.0829753919819,6.321454832679458,6.321928094887363,0.015894977777776598,0.7113555555555555,0.0,0.004612179356511405,0.0,OptiMix SSR+LBA,0.7,80
ssr+lba,0.8,0.0,equal,nym,4,0.0,94.84228934048022,368.732551154753,338.84415613920254,676.0829753919819,6.321397257654321,6.321928094887363,0.015758835555556017,0.7122577777777777,0.0,0.004847127464831803,0.0,OptiMix SSR+LBA,0.7,80
gwr+lba+crg,0.0,0.05,equal,nym,0,0.0,66.22106699406075,4578.117241939859,371.5352290971726,30902.95432513592,6.120811499475373,6.321928094887363,0.051211226666666,1.0152177777777778,0.05,0.014519246252044768,0.0,OptiMix GWR+LBA+CRG(θ=.05),0.7,80
gwr+lba+crg,0.0,0.05,equal,nym,1,0.0,65.43642174998693,7371.116021961045,371.5352290971726,32359.365692962812,6.142853973987342,6.321928094887363,0.0580140799999993,1.04748,0.08125,0.013472985307243085,0.0,OptiMix GWR+LBA+CRG(θ=.05),0.7,80
gwr+lba+crg,0.0,0.05,equal,nym,2,0.0,60.830330321902814,9611.120328934443,371.5352290971726,33884.41561392024,6.092479621007688,6.321928094887363,0.07805798222222293,1.1083644444444443,0.09375,0.014641435426830282,0.0,OptiMix GWR+LBA+CRG(θ=.05),0.7,80
gwr+lba+crg,0.0,0.05,equal,nym,3,0.0,65.25402225073147,5455.167413365443,371.5352290971726,30902.95432513592,6.125959567644394,6.321928094887363,0.058413315555554846,1.0734577777777778,0.05625,0.012911149723930978,0.0,OptiMix GWR+LBA+CRG(θ=.05),0.7,80
gwr+lba+crg,0.0,0.05,equal,nym,4,0.0,65.55429799236444,9444.51130746327,389.0451449942807,32359.365692962812,6.093352824234037,6.321928094887363,0.07460963555555566,1.1048488888888888,0.09375,0.015615519707244115,0.0,OptiMix GWR+LBA+CRG(θ=.05),0.7,80
gwr+lba+crg,0.2,0.05,equal,nym,0,0.0,64.78245628783145,1785.2635571394874,354.8133892335755,20417.379446695297,6.116159080153989,6.321928094887363,0.0493863377777779,1.0044844444444445,0.0125,0.01464796138378428,0.0,OptiMix GWR+LBA+CRG(θ=.05),0.7,80
gwr+lba+crg,0.2,0.05,equal,nym,1,0.0,65.13898154668685,6881.438506442438,371.5352290971726,30902.95432513592,6.13877519887765,6.321928094887363,0.05365553777777632,1.0388622222222221,0.075,0.012934932291286524,0.0,OptiMix GWR+LBA+CRG(θ=.05),0.7,80
gwr+lba+crg,0.2,0.05,equal,nym,2,0.0,61.217601287024486,6393.683089859884,371.5352290971726,30902.95432513592,6.101199040924474,6.321928094887363,0.05911537777777709,1.0216888888888889,0.06875,0.01459667236318093,0.0,OptiMix GWR+LBA+CRG(θ=.05),0.7,80
gwr+lba+crg,0.2,0.05,equal,nym,3,0.0,64.18501733002725,5154.346833773284,371.5352290971726,30902.95432513592,6.111798392998635,6.321928094887363,0.05917602666666766,1.0535155555555553,0.05,0.013177015200760759,0.0,OptiMix GWR+LBA+CRG(θ=.05),0.7,80
gwr+lba+crg,0.2,0.05,equal,nym,4,0.0,64.45348504140617,10245.345500098612,371.5352290971726,32359.365692962812,6.087369150590869,6.321928094887363,0.07168951111111066,1.0974444444444444,0.10625,0.015805472422906787,0.0,OptiMix GWR+LBA+CRG(θ=.05),0.7,80
gwr+lba+crg,0.4,0.05,equal,nym,2,0.0,59.4844349721119,1764.9695048355316,354.8133892335755,21379.620895022323,6.094919424290339,6.321928094887363,0.05283256000000014,1.0047333333333333,0.00625,0.014665725845419086,0.0,OptiMix GWR+LBA+CRG(θ=.05),0.7,80
gwr+lba+crg,0.4,0.05,equal,nym,3,0.0,63.1282466470537,2734.9959634140223,371.5352290971726,30902.95432513592,6.100249837033121,6.321928094887363,0.05590783999999993,1.0103333333333333,0.03125,0.012785779328920669,0.0,OptiMix GWR+LBA+CRG(θ=.05),0.7,80
gwr+lba+crg,0.4,0.05,equal,nym,0,0.0,62.361759095224166,671.6914575375882,354.8133892335755,4265.795188015925,6.10743582908492,6.321928094887363,0.047036497777777075,0.9716311111111111,0.0,0.014967103683460017,0.0,OptiMix GWR+LBA+CRG(θ=.05),0.7,80
gwr+lba+crg,0.4,0.05,equal,nym,1,0.0,63.966496373089576,1100.626321018493,354.8133892335755,10232.929922807536,6.134017919657279,6.321928094887363,0.04753154666666837,0.9981688888888888,0.0,0.01235678380591712,0.0,OptiMix GWR+LBA+CRG(θ=.05),0.7,80
gwr+lba+crg,0.4,0.05,equal,nym,4,0.0,62.8644112714711,9420.398638819912,371.5352290971726,32359.365692962812,6.087540892795302,6.321928094887363,0.06384150222222384,1.0694755555555555,0.1,0.015492376728847648,0.0,OptiMix GWR+LBA+CRG(θ=.05),0.7,80
gwr+lba+crg,0.6,0.05,equal,nym,0,0.0,60.28443647278779,493.16628460614163,338.84415613920254,2238.72113856834,6.105260973145796,6.321928094887363,0.04158174222222222,0.932991111111111,0.0,0.015383758528973761,0.0,OptiMix GWR+LBA+CRG(θ=.05),0.7,80
gwr+lba+crg,0.6,0.05,equal,nym,1,0.0,62.2974442373641,547.6730748101867,354.8133892335755,2951.209226666387,6.1311845556196705,6.321928094887363,0.041308666666666216,0.9435999999999999,0.0,0.012006657763075508,0.0,OptiMix GWR+LBA+CRG(θ=.05),0.7,80
gwr+lba+crg,0.6,0.05,equal,nym,2,0.0,57.49706224834092,571.2510698943657,338.84415613920254,3235.936569296281,6.106577055501374,6.321928094887363,0.04268827555555532,0.95508,0.0,0.014508276821690005,0.0,OptiMix GWR+LBA+CRG(θ=.05),0.7,80
gwr+lba+crg,0.6,0.05,equal,nym,3,0.0,62.08461537149244,548.8035187294198,354.8133892335755,2951.209226666387,6.10901307041353,6.321928094887363,0.045484097777779064,0.946991111111111,0.0,0.012114959666122851,0.0,OptiMix GWR+LBA+CRG(θ=.05),0.7,80
gwr+lba+crg,0.6,0.05,equal,nym,4,0.0,61.15999393482752,1040.2853828255206,354.8133892335755,8511.380382023768,6.101033594954883,6.321928094887363,0.049194062222224,0.9939688888888888,0.0,0.014748779810950605,0.0,OptiMix GWR+LBA+CRG(θ=.05),0.7,80
gwr+lba+crg,0.8,0.05,equal,nym,0,0.0,62.24878290193003,390.32318788545166,323.59365692962825,1348.9628825916534,6.150539064572106,6.321928094887363,0.03076358222222164,0.8598488888888889,0.0,0.013716487175108727,0.0,OptiMix GWR+LBA+CRG(θ=.05),0.7,80
gwr+lba+crg,0.8,0.05,equal,nym,1,0.0,63.37382274912398,413.05144366258605,338.84415613920254,1479.1083881682073,6.167882142984017,6.321928094887363,0.03415755555555511,0.8757777777777777,0.0,0.011193327863148495,0.0,OptiMix GWR+LBA+CRG(θ=.05),0.7,80
gwr+lba+crg,0.8,0.05,equal,nym,2,0.0,59.3813803741654,409.5047098600281,338.84415613920254,1548.8166189124813,6.15460486056039,6.321928094887363,0.032586711111110445,0.8889999999999999,0.0,0.013182349538188578,0.0,OptiMix GWR+LBA+CRG(θ=.05),0.7,80
gwr+lba+crg,0.8,0.05,equal,nym,3,0.0,63.804646415918576,402.2572852122706,338.84415613920254,1412.537544622754,6.1679772524362795,6.321928094887363,0.03383479999999972,0.862711111111111,0.0,0.011194128600768346,0.0,OptiMix GWR+LBA+CRG(θ=.05),0.7,80
gwr,0.0,0.0,equal,nym,1,0.0,10.092632463843168,41082.14978719194,33884.41561392024,61659.50018614822,1.8656487705755906,6.321928094887363,1.7866637688888876,6.553866666666666,0.2375,0.09335561522862976,0.0,OptiMix GWR (no LBA),0.7,80
gwr,0.0,0.0,equal,nym,2,0.0,7.483624697952586,43181.20217911523,61659.50018614822,61659.50018614822,1.8664016679292992,6.321928094887363,2.0909783733333356,6.791213333333333,0.23125,0.09707295352184353,0.0,OptiMix GWR (no LBA),0.7,80
gwr+lba+crg,0.8,0.05,equal,nym,4,0.0,63.2180461898912,443.3550088031745,338.84415613920254,1778.2794100389228,6.156187778347736,6.321928094887363,0.03566474666666708,0.9009466666666666,0.0,0.01337307170730206,0.0,OptiMix GWR+LBA+CRG(θ=.05),0.7,80
gwr,0.0,0.0,equal,nym,0,0.0,10.581800847677224,43028.35597907265,58884.3655355589,61659.50018614822,1.9233504805351884,6.321928094887363,1.7744255022222237,4.8231866666666665,0.225,0.09128785266754628,0.0,OptiMix GWR (no LBA),0.7,80
gwr,0.0,0.0,equal,nym,3,0.0,7.882161971223052,45229.677450496165,61659.50018614822,61659.50018614822,1.6846563520703668,6.321928094887363,2.7877269066666703,7.287684444444444,0.2125,0.1004306181587608,0.0,OptiMix GWR (no LBA),0.7,80
gwr,0.0,0.0,equal,nym,4,0.0,7.452132796780218,38882.61217340938,32359.365692962812,61659.50018614822,1.9628441565112063,6.321928094887363,1.8358824088888874,5.905884444444444,0.20625,0.09554320151205067,0.0,OptiMix GWR (no LBA),0.7,80
gwr,0.2,0.0,equal,nym,0,0.0,11.514285474543486,40880.3562159597,32359.365692962812,61659.50018614822,2.429809797807641,6.321928094887363,1.28786542222222,3.536928888888889,0.25,0.07405481875835407,0.0,OptiMix GWR (no LBA),0.7,80
gwr,0.2,0.0,equal,nym,1,0.0,10.863848730370378,37477.131104084925,30902.95432513592,61659.50018614822,2.3786977729948586,6.321928094887363,1.2321273866666638,4.775399999999999,0.23125,0.07722230944339295,0.0,OptiMix GWR (no LBA),0.7,80
gwr,0.2,0.0,equal,nym,2,0.0,8.216892181931179,39924.527815826754,30902.95432513592,61659.50018614822,2.3889489889143793,6.321928094887363,1.4315170933333308,5.067159999999999,0.2375,0.0794162413671931,0.0,OptiMix GWR (no LBA),0.7,80
gwr,0.2,0.0,equal,nym,3,0.0,8.819209402643457,42493.708152034524,61659.50018614822,61659.50018614822,2.2001591062294024,6.321928094887363,1.987256044444444,6.570946666666667,0.225,0.08156022872951363,0.0,OptiMix GWR (no LBA),0.7,80
gwr,0.2,0.0,equal,nym,4,0.0,8.248567515369617,36584.83742971805,30902.95432513592,61659.50018614822,2.4660626842319355,6.321928094887363,1.3085083911111117,4.329079999999999,0.2125,0.07854201902310624,0.0,OptiMix GWR (no LBA),0.7,80
gwr,0.4,0.0,equal,nym,0,0.0,13.348096277196579,38463.41879056915,30902.95432513592,61659.50018614822,3.0575563535879198,6.321928094887363,0.8991590222222232,2.883191111111111,0.26875,0.061401157095663184,0.0,OptiMix GWR (no LBA),0.7,80
gwr,0.4,0.0,equal,nym,1,0.0,12.300755357574289,33932.04055809622,30902.95432513592,61659.50018614822,3.0091191435608806,6.321928094887363,0.7753572266666668,3.051408888888888,0.24375,0.06262462737840338,0.0,OptiMix GWR (no LBA),0.7,80
gwr,0.4,0.0,equal,nym,2,0.0,9.525622967133195,36960.40312027945,30902.95432513592,61659.50018614822,3.011810556460116,6.321928094887363,0.8963718755555545,3.3798177777777774,0.25625,0.06441498669612829,0.0,OptiMix GWR (no LBA),0.7,80
gwr,0.4,0.0,equal,nym,3,0.0,10.641792561046325,39053.54347714295,30902.95432513592,61659.50018614822,2.866615875192479,6.321928094887363,1.2954420533333355,5.697004444444444,0.24375,0.06555775887166104,0.0,OptiMix GWR (no LBA),0.7,80
gwr,0.4,0.0,equal,nym,4,0.0,9.677805434305986,33361.22974812302,30902.95432513592,61659.50018614822,3.078410859141438,6.321928094887363,0.9018865777777796,3.451311111111111,0.21875,0.06437948083160558,0.0,OptiMix GWR (no LBA),0.7,80
gwr,0.6,0.0,equal,nym,0,0.0,17.373127538465184,33334.31892229601,30902.95432513592,61659.50018614822,3.885055785007814,6.321928094887363,0.626299902222224,2.5151155555555555,0.25625,0.04828454885496288,0.0,OptiMix GWR (no LBA),0.7,80
gwr,0.6,0.0,equal,nym,1,0.0,15.438467612906054,29768.81338934404,30902.95432513592,61659.50018614822,3.8082821724909506,6.321928094887363,0.47543958222222393,2.230417777777778,0.24375,0.04974673606424821,0.0,OptiMix GWR (no LBA),0.7,80
gwr,0.6,0.0,equal,nym,2,0.0,12.375345569407811,32893.13106236752,30902.95432513592,61659.50018614822,3.7785125480226514,6.321928094887363,0.5524489511111121,2.3562,0.2625,0.04920182322781121,0.0,OptiMix GWR (no LBA),0.7,80
gwr,0.6,0.0,equal,nym,3,0.0,14.688819137835974,33734.29733811927,30902.95432513592,61659.50018614822,3.7612528683937,6.321928094887363,0.7554150755555569,4.383088888888889,0.25,0.05176484538447844,0.0,OptiMix GWR (no LBA),0.7,80
gwr,0.6,0.0,equal,nym,4,0.0,12.70010403503971,32040.437670559168,30902.95432513592,61659.50018614822,3.863201175608979,6.321928094887363,0.6377007911111108,3.0112755555555553,0.24375,0.052251679328043255,0.0,OptiMix GWR (no LBA),0.7,80
gwr,0.8,0.0,equal,nym,0,0.0,28.464141436262015,24435.99279519961,30902.95432513592,61659.50018614822,5.037028698431063,6.321928094887363,0.37721010666666754,2.037062222222222,0.20625,0.03402090841079995,0.0,OptiMix GWR (no LBA),0.7,80
gwr,0.8,0.0,equal,nym,1,0.0,24.728966736133543,20710.380015033315,30902.95432513592,61659.50018614822,4.89669875024423,6.321928094887363,0.3067931199999998,1.9156044444444442,0.18125,0.035979552717724496,0.0,OptiMix GWR (no LBA),0.7,80
gwr,0.8,0.0,equal,nym,2,0.0,20.941978685663504,29432.094703806233,30902.95432513592,61659.50018614822,4.82043161572778,6.321928094887363,0.3871288177777781,1.6712577777777775,0.2625,0.03636038320396791,0.0,OptiMix GWR (no LBA),0.7,80
gwr,0.8,0.0,equal,nym,3,0.0,25.682611004293445,27474.107334935226,30902.95432513592,61659.50018614822,4.9944835562855125,6.321928094887363,0.3859055022222233,2.338622222222222,0.2375,0.03490522996163287,0.0,OptiMix GWR (no LBA),0.7,80
gwr,0.8,0.0,equal,nym,4,0.0,21.81839088607817,26600.192487293523,30902.95432513592,61659.50018614822,4.951245237290763,6.321928094887363,0.422625848888889,2.1645244444444445,0.225,0.036418574376428536,0.0,OptiMix GWR (no LBA),0.7,80
uniform,1.0,0.0,equal,nym,2,0.0,97.01516382724128,369.5771542524297,354.8133892335755,676.0829753919819,6.321928094887363,6.321928094887363,0.015616124444443935,0.7156177777777778,0.0,0.003375000000000046,0.0,uniform (Nym default),0.7,80
uniform,1.0,0.0,equal,nym,3,0.0,97.92669435677212,371.99035739926194,354.8133892335755,707.945784384138,6.321928094887363,6.321928094887363,0.015904159999998946,0.7130044444444444,0.0,0.003375000000000046,0.0,uniform (Nym default),0.7,80
uniform,1.0,0.0,equal,nym,0,0.0,101.70897570215449,374.9194350042486,354.8133892335755,741.3102413009177,6.321928094887363,6.321928094887363,0.01569050666666638,0.71176,0.0,0.003375000000000046,0.0,uniform (Nym default),0.7,80
uniform,1.0,0.0,equal,nym,1,0.0,98.9860037666679,372.54289109995193,354.8133892335755,707.945784384138,6.321928094887363,6.321928094887363,0.01572114666666735,0.7126933333333333,0.0,0.003375000000000046,0.0,uniform (Nym default),0.7,80
uniform,1.0,0.0,equal,nym,4,0.0,102.38419220393958,376.30490387719016,354.8133892335755,676.0829753919819,6.321928094887363,6.321928094887363,0.015935173333331942,0.7111066666666667,0.0,0.003375000000000046,0.0,uniform (Nym default),0.7,80
regretor,0.0,0.0,omega,nym,0,0.0,99.14907714080444,10066.343745499662,446.683592150963,30902.95432513592,6.225310924179294,6.321928094887363,0.017692662938991077,0.7984727977982364,0.0,0.00891675386702798,1.0634895833333333,ours (θ_loc tilt),0.7,80
regretor,0.0,0.0,omega,nym,3,0.0,95.1141119938677,8671.95103792317,407.38027780411284,30902.95432513592,6.210711657734118,6.321928094887363,0.018106309260001563,0.8304714335340125,0.0,0.007965951593918032,1.0250868055555555,ours (θ_loc tilt),0.7,80
regretor,0.0,0.0,omega,nym,4,0.0,99.55223410035293,8506.712796107964,426.57951880159254,30902.95432513592,6.224900009597434,6.321928094887363,0.017486920237513637,0.7805320223529468,0.0,0.008387811364679957,1.0324305555555555,ours (θ_loc tilt),0.7,80
regretor,0.0,0.0,omega,nym,1,0.0,102.20068634161706,8204.602172743203,407.38027780411284,30902.95432513592,6.201139620805402,6.321928094887363,0.01781521041275247,0.7709817843792945,0.0,0.009371594012427523,1.1546875,ours (θ_loc tilt),0.7,80
regretor,0.0,0.0,omega,nym,2,0.0,97.60024987435766,8262.89516584764,407.38027780411284,30902.95432513592,6.218574141238254,6.321928094887363,0.017738478232367738,0.7990874814443839,0.0,0.00846780572870078,1.0784201388888888,ours (θ_loc tilt),0.7,80
regretor,0.0,0.0,omega,nym,0,0.5,87.45388821631944,10273.088207692439,426.57951880159254,32359.365692962812,6.228840176453635,6.321928094887363,0.018869823723147716,1.0395914546112175,0.00625,0.009171396454141766,1.318420138888889,ours (θ_loc tilt),0.7,80
regretor,0.0,0.0,omega,nym,1,0.5,89.61437824340427,8290.986637421911,407.38027780411284,32359.365692962812,6.205201787101465,6.321928094887363,0.019098263116029468,0.9219098205633235,0.0,0.00981274075968684,1.3435069444444445,ours (θ_loc tilt),0.7,80
regretor,0.0,0.0,omega,nym,2,0.5,85.07954078213405,8374.704400003244,389.0451449942807,32359.365692962812,6.223293733413364,6.321928094887363,0.01919837682384995,0.8753345806081294,0.0,0.008997567048916588,1.2856423611111112,ours (θ_loc tilt),0.7,80
regretor,0.0,0.0,omega,nym,3,0.5,83.51042321016733,8858.112003600387,389.0451449942807,30902.95432513592,6.208855311181298,6.321928094887363,0.019111775662802977,1.0685393600550193,0.00625,0.008338078756343155,1.2969270833333333,ours (θ_loc tilt),0.7,80
regretor,0.0,0.0,omega,nym,4,0.5,86.94189013422846,8684.946839599854,407.38027780411284,30902.95432513592,6.22520477279223,6.321928094887363,0.01907164719408927,1.0080735132980454,0.00625,0.008755252036205152,1.2626909722222224,ours (θ_loc tilt),0.7,80
regretor,0.0,0.0,omega,nym,0,1.0,74.5058482721529,10437.911413332115,407.38027780411284,32359.365692962812,6.214308151374526,6.321928094887363,0.021946870432873133,1.216032734765791,0.00625,0.010440996146350679,1.9583680555555556,ours (θ_loc tilt),0.7,80
regretor,0.0,0.0,omega,nym,1,1.0,75.64940684058219,8814.492527382974,389.0451449942807,32359.365692962812,6.196109250721216,6.321928094887363,0.022650008013730405,1.0435243433122632,0.01875,0.010317938034688914,1.8942361111111112,ours (θ_loc tilt),0.7,80
regretor,0.0,0.0,omega,nym,2,1.0,71.07417601784648,9536.364657858294,389.0451449942807,56234.13251903491,6.206413174114315,6.321928094887363,0.025723778089617566,1.0890366533422404,0.03125,0.011082460377778854,1.9411631944444445,ours (θ_loc tilt),0.7,80
regretor,0.0,0.0,omega,nym,3,1.0,71.86124949525006,9298.956788389673,371.5352290971726,32359.365692962812,6.1963491761420855,6.321928094887363,0.021220382148276817,1.1123383738833836,0.01875,0.009813766940193567,1.8411979166666665,ours (θ_loc tilt),0.7,80
regretor,0.0,0.0,omega,nym,4,1.0,72.41012881774967,9166.200559366107,389.0451449942807,32359.365692962812,6.1976287684536615,6.321928094887363,0.021471610211187597,1.1178441262190986,0.025,0.01030323682446349,1.9218402777777779,ours (θ_loc tilt),0.7,80
regretor,0.0,0.0,omega,nym,0,2.0,56.67162480924608,10706.885940744936,389.0451449942807,33884.41561392024,6.072514353154391,6.321928094887363,0.02571700313537706,1.2343490364070888,0.01875,0.01469203823825754,3.707604166666667,ours (θ_loc tilt),0.7,80
regretor,0.0,0.0,omega,nym,1,2.0,56.477105091699336,9285.812552232168,371.5352290971726,40738.027780411256,6.058576261558224,6.321928094887363,0.033815502421033594,1.1572681873768766,0.025,0.013144962096060165,3.4862499999999996,ours (θ_loc tilt),0.7,80
regretor,0.0,0.0,omega,nym,2,2.0,53.172221081958284,10353.147512490188,371.5352290971726,61659.50018614822,6.069745777414033,6.321928094887363,0.04372073929986331,1.3177384949830622,0.04375,0.016319671244650658,3.6739062500000004,ours (θ_loc tilt),0.7,80
regretor,0.0,0.0,omega,nym,3,2.0,55.65802813138165,9856.064839605251,354.8133892335755,58884.3655355589,6.086303976792439,6.321928094887363,0.03152837066719694,1.3238242952035277,0.03125,0.012887938608810032,3.408229166666667,ours (θ_loc tilt),0.7,80
regretor,0.0,0.0,omega,nym,4,2.0,52.219707001802334,9466.652506623554,354.8133892335755,32359.365692962812,6.0201531601173714,6.321928094887363,0.027349809934255953,1.1871905499467994,0.025,0.01509375619650885,3.8927951388888884,ours (θ_loc tilt),0.7,80
regretor,0.0,0.0,omega,nym,0,3.0,51.640338231904984,10744.005433105984,371.5352290971726,33884.41561392024,5.986955724356443,6.321928094887363,0.026762882372441066,1.2606181714737557,0.01875,0.016936142386962692,4.70421875,ours (θ_loc tilt),0.7,80
regretor,0.0,0.0,omega,nym,1,3.0,50.320354597307215,9363.963089926137,371.5352290971726,46773.51412871981,5.954077768770551,6.321928094887363,0.04169211451354893,1.1604863082745953,0.025,0.01425592551129271,4.556163194444444,ours (θ_loc tilt),0.7,80
regretor,0.0,0.0,omega,nym,2,3.0,48.534356846638154,10799.469764273113,371.5352290971726,61659.50018614822,6.001544200274154,6.321928094887363,0.05308924477116239,1.368931544321273,0.05,0.0180141723695696,4.5369270833333335,ours (θ_loc tilt),0.7,80
regretor,0.0,0.0,omega,nym,3,3.0,51.010758172468286,9899.691409898609,354.8133892335755,58884.3655355589,6.016146731779965,6.321928094887363,0.03856109780182382,1.3858962269665231,0.03125,0.01402445158752573,4.353472222222222,ours (θ_loc tilt),0.7,80
regretor,0.0,0.0,omega,nym,4,3.0,46.793876669082515,9589.526518701596,354.8133892335755,35481.338923357536,5.928669016362731,6.321928094887363,0.03217641191794929,1.2445186877060432,0.025,0.015979377797516247,5.034461805555556,ours (θ_loc tilt),0.7,80
regretor,0.0,0.0,omega,nym,0,4.0,50.76647978562393,10804.705513469842,371.5352290971726,35481.338923357536,5.969551976056215,6.321928094887363,0.027461029649243685,1.2791361885215433,0.01875,0.016944962945753213,4.9475,ours (θ_loc tilt),0.7,80
regretor,0.0,0.0,omega,nym,1,4.0,49.13666444402179,9369.047408591245,354.8133892335755,48977.88193684461,5.928774115637691,6.321928094887363,0.04338594913673277,1.152263940182777,0.03125,0.014514931875687764,4.864774305555556,ours (θ_loc tilt),0.7,80
regretor,0.0,0.0,omega,nym,4,4.0,45.73162320622457,9603.376760628396,354.8133892335755,35481.338923357536,5.908930820703214,6.321928094887363,0.03346783936164721,1.2574070884376884,0.025,0.01660413799561629,5.300486111111111,ours (θ_loc tilt),0.7,80
larmix,0.2,0.0,omega,nym,0,0.0,24.59815453100976,26915.940178301506,30902.95432513592,93325.43007969914,3.8156060729159953,6.321928094887363,0.2079948253231414,2.0174254309144692,0.28125,0.04833887861479459,0.0,LARMix,0.7,80
regretor,0.0,0.0,omega,nym,2,4.0,47.866968974817844,10856.201811994695,371.5352290971726,61659.50018614822,5.99285970805669,6.321928094887363,0.05569035602971062,1.3827383131141595,0.05,0.018295549938872592,4.7153125000000005,ours (θ_loc tilt),0.7,80
regretor,0.0,0.0,omega,nym,3,4.0,49.828793390067965,10224.554159749357,354.8133892335755,61659.50018614822,5.988810530310313,6.321928094887363,0.039391268008386326,1.4020303391503115,0.0375,0.01464802286196446,4.562413194444444,ours (θ_loc tilt),0.7,80
larmix,0.2,0.0,omega,nym,1,0.0,33.20839102413998,27326.4158136712,30902.95432513592,93325.43007969914,4.008987678554164,6.321928094887363,0.2391226209155104,2.000032525401177,0.3125,0.050607269290789805,0.0,LARMix,0.7,80
larmix,0.2,0.0,omega,nym,2,0.0,24.286979108828668,26005.9841535342,30902.95432513592,89125.0938133746,3.8913757455641464,6.321928094887363,0.2158846787324391,2.0466136294137955,0.29375,0.047691615996603945,0.0,LARMix,0.7,80
larmix,0.2,0.0,omega,nym,3,0.0,33.10748198832732,23970.88789629749,30902.95432513592,93325.43007969914,3.923433566058992,6.321928094887363,0.2191411778451573,2.183839024830264,0.25,0.051894586477362704,0.0,LARMix,0.7,80
larmix,0.2,0.0,omega,nym,4,0.0,27.14936369735836,24770.469398075737,30902.95432513592,93325.43007969914,3.873888311869429,6.321928094887363,0.19691349337295505,1.97046311495838,0.275,0.049995448794098826,0.0,LARMix,0.7,80
larmix,0.4,0.0,omega,nym,0,0.0,25.937819330951708,26977.504092102055,30902.95432513592,93325.43007969914,4.330453698288717,6.321928094887363,0.20845348403604924,2.02547595610621,0.275,0.04046096893622424,0.0,LARMix,0.7,80
larmix,0.4,0.0,omega,nym,1,0.0,33.31854100596882,27321.28390112691,30902.95432513592,93325.43007969914,4.545971245262605,6.321928094887363,0.23928026109849343,1.973194128628448,0.3125,0.04152112858533122,0.0,LARMix,0.7,80
larmix,0.4,0.0,omega,nym,2,0.0,25.128356784032878,25959.592117785363,30902.95432513592,93325.43007969914,4.32575629873634,6.321928094887363,0.2152232411998869,2.056106017473334,0.2875,0.04150764599258572,0.0,LARMix,0.7,80
larmix,0.4,0.0,omega,nym,3,0.0,32.9719759063231,23842.628406823234,30902.95432513592,93325.43007969914,4.544371867162971,6.321928094887363,0.2203588796664826,2.1999502372670827,0.24375,0.04098696446540957,0.0,LARMix,0.7,80
larmix,0.4,0.0,omega,nym,4,0.0,26.196859817494115,24852.231197718702,30902.95432513592,93325.43007969914,4.339867053606653,6.321928094887363,0.19776005437013744,1.9713350784573436,0.26875,0.04252201355144655,0.0,LARMix,0.7,80
larmix,0.6,0.0,omega,nym,0,0.0,34.40978411987432,26695.435662844284,30902.95432513592,93325.43007969914,5.339493554849506,6.321928094887363,0.20784823738947455,2.042481559882021,0.275,0.028304605219891543,0.0,LARMix,0.7,80
larmix,0.6,0.0,omega,nym,1,0.0,38.68921087759282,27355.73724291349,30902.95432513592,93325.43007969914,5.41050401978938,6.321928094887363,0.2391058622169313,1.978913786957062,0.3125,0.02708855686314602,0.0,LARMix,0.7,80
larmix,0.6,0.0,omega,nym,2,0.0,34.42330381395711,26097.091289636184,30902.95432513592,93325.43007969914,5.337029956367722,6.321928094887363,0.2145693248712517,2.062951489631655,0.29375,0.029088350544884622,0.0,LARMix,0.7,80
larmix,0.6,0.0,omega,nym,3,0.0,39.65437815067613,23969.152350002278,30902.95432513592,93325.43007969914,5.474769009244429,6.321928094887363,0.2208121899091755,2.2024933061879857,0.25,0.02645510462196547,0.0,LARMix,0.7,80
larmix,0.6,0.0,omega,nym,4,0.0,34.063075333973735,24853.783868425322,30902.95432513592,93325.43007969914,5.286701758154325,6.321928094887363,0.19739071249686324,1.9595635712213324,0.26875,0.029155090406283328,0.0,LARMix,0.7,80
larmix,0.8,0.0,omega,nym,0,0.0,74.37460586240184,26872.23093679018,30902.95432513592,93325.43007969914,6.284530806316617,6.321928094887363,0.20768252870924742,2.046642505486741,0.28125,0.009666645773015719,0.0,LARMix,0.7,80
larmix,0.8,0.0,omega,nym,1,0.0,72.87035960924064,27358.011698655573,30902.95432513592,93325.43007969914,6.281990520540345,6.321928094887363,0.23918874282448543,1.9821695924671967,0.3125,0.009144642324379346,0.0,LARMix,0.7,80
larmix,0.8,0.0,omega,nym,2,0.0,71.38269015183533,26034.519373089242,30902.95432513592,93325.43007969914,6.284381959418323,6.321928094887363,0.2150753436934143,2.0585703874503296,0.29375,0.009943634409220936,0.0,LARMix,0.7,80
larmix,0.8,0.0,omega,nym,3,0.0,72.44661105251824,23876.244784324637,30902.95432513592,93325.43007969914,6.285983966129399,6.321928094887363,0.22152145998866546,2.2418130641188663,0.24375,0.00919549897363078,0.0,LARMix,0.7,80
larmix,0.8,0.0,omega,nym,4,0.0,74.57059603039197,24716.665006201416,30902.95432513592,93325.43007969914,6.284367191921173,6.321928094887363,0.1968535332080532,1.9678472244614886,0.26875,0.0095863490309069,0.0,LARMix,0.7,80
larmix,1.0,0.0,omega,nym,0,0.0,101.70897570215449,26979.963955937925,30902.95432513592,93325.43007969914,6.321928094887363,6.321928094887363,0.20919669572210742,2.0435670239528174,0.275,0.003375000000000046,0.0,LARMix,0.7,80
larmix,1.0,0.0,omega,nym,1,0.0,98.9860037666679,27376.014211127997,30902.95432513592,93325.43007969914,6.321928094887363,6.321928094887363,0.2391328645505204,1.9647466332508021,0.3125,0.003375000000000046,0.0,LARMix,0.7,80
larmix,1.0,0.0,omega,nym,2,0.0,97.01516382724128,25965.487663063042,30902.95432513592,93325.43007969914,6.321928094887363,6.321928094887363,0.21426348390205163,2.03648233061948,0.29375,0.003375000000000046,0.0,LARMix,0.7,80
larmix,1.0,0.0,omega,nym,3,0.0,97.92669435677212,23996.285511105452,30902.95432513592,93325.43007969914,6.321928094887363,6.321928094887363,0.22131199444644345,2.1954509614839472,0.25,0.003375000000000046,0.0,LARMix,0.7,80
larmix,1.0,0.0,omega,nym,4,0.0,102.38419220393958,24576.200531223454,30902.95432513592,93325.43007969914,6.321928094887363,6.321928094887363,0.1965038396848724,1.9726656122153803,0.2625,0.003375000000000046,0.0,LARMix,0.7,80
lamp,0.2,0.0,omega,nym,0,0.0,14.581864873875501,62616.72118986886,61659.50018614822,93325.43007969914,0.4503856151515249,6.321928094887363,4.684411353060651,14.489253528841774,0.21875,0.14452867045116166,0.0,LAMP-SC,0.7,80
lamp,0.2,0.0,omega,nym,1,0.0,12.292555001890115,57417.22453203199,61659.50018614822,93325.43007969914,0.5630012887595556,6.321928094887363,3.850291979184399,7.864738976614985,0.2375,0.1423362167008077,0.0,LAMP-SC,0.7,80
lamp,0.2,0.0,omega,nym,2,0.0,7.696442500000002,58292.84456244973,61659.50018614822,93325.43007969914,0.4644546217584784,6.321928094887363,7.713403021590235,27.4054079156853,0.20625,0.14425280962720857,0.0,LAMP-SC,0.7,80
lamp,0.2,0.0,omega,nym,3,0.0,7.5919404686298995,61628.35930933616,61659.50018614822,93325.43007969914,0.41292248825435723,6.321928094887363,6.014363339328575,12.631100230438985,0.2125,0.14590074566544642,0.0,LAMP-SC,0.7,80
lamp,0.4,0.0,omega,nym,1,0.0,12.396147048279403,52813.573364768636,61659.50018614822,93325.43007969914,1.4525518749214932,6.321928094887363,2.6717976005051676,6.217311625200821,0.2625,0.1141784960074466,0.0,LAMP-SC,0.7,80
lamp,0.4,0.0,omega,nym,2,0.0,8.154295405537958,53267.15317501838,61659.50018614822,93325.43007969914,1.3821358581435266,6.321928094887363,5.012880109019884,21.435727650000263,0.23125,0.11902257749108285,0.0,LAMP-SC,0.7,80
lamp,0.2,0.0,omega,nym,4,0.0,6.95614143936568,57797.79429707405,61659.50018614822,93325.43007969914,0.4278177910961434,6.321928094887363,5.182623941451379,12.954090402421057,0.24375,0.14532775731245723,0.0,LAMP-SC,0.7,80
lamp,0.4,0.0,omega,nym,0,0.0,14.668432774184739,56393.769594955585,61659.50018614822,93325.43007969914,1.345905720372928,6.321928094887363,3.2670656830364377,12.016144399828697,0.23125,0.11695520357169358,0.0,LAMP-SC,0.7,80
lamp,0.4,0.0,omega,nym,3,0.0,8.100487812304529,57806.89858246101,61659.50018614822,93325.43007969914,1.2148687802072509,6.321928094887363,4.255858703065985,9.894827789478782,0.23125,0.12180697976295851,0.0,LAMP-SC,0.7,80
lamp,0.4,0.0,omega,nym,4,0.0,7.44192214179036,51889.47335620937,61659.50018614822,93325.43007969914,1.3794973557276022,6.321928094887363,3.519682666826471,10.203889592349155,0.24375,0.1198863910923748,0.0,LAMP-SC,0.7,80
lamp,0.6,0.0,omega,nym,0,0.0,16.07886743654584,44987.92060354172,32359.365692962812,93325.43007969914,2.799713146800732,6.321928094887363,1.7310933129738277,9.106375449526327,0.23125,0.07442296515192218,0.0,LAMP-SC,0.7,80
lamp,0.6,0.0,omega,nym,1,0.0,13.789892455197155,44170.262274671775,32359.365692962812,93325.43007969914,2.901536919044191,6.321928094887363,1.4010176957193372,4.764007081962233,0.2625,0.0733379825542843,0.0,LAMP-SC,0.7,80
lamp,0.6,0.0,omega,nym,2,0.0,10.081939497304537,44454.07885665089,32359.365692962812,93325.43007969914,2.9354268208703997,6.321928094887363,2.128607783546875,11.9024851591023,0.25625,0.07580208609982082,0.0,LAMP-SC,0.7,80
lamp,0.6,0.0,omega,nym,3,0.0,9.82903138950186,47753.880951066385,61659.50018614822,93325.43007969914,2.618930636941596,6.321928094887363,2.253972525603224,6.696957170654275,0.23125,0.07974268329585847,0.0,LAMP-SC,0.7,80
lamp,0.6,0.0,omega,nym,4,0.0,9.266668941696944,44778.96766007718,33884.41561392024,93325.43007969914,2.932383576441823,6.321928094887363,1.693308892281605,6.671331101533735,0.2625,0.07603270809478099,0.0,LAMP-SC,0.7,80
lamp,0.8,0.0,omega,nym,0,0.0,20.666826008785616,37103.80999432339,30902.95432513592,93325.43007969914,3.8963627964167244,6.321928094887363,0.9264120623196224,6.552686071139193,0.25,0.05136576766612694,0.0,LAMP-SC,0.7,80
lamp,0.8,0.0,omega,nym,1,0.0,18.375051356213877,38528.98995546728,30902.95432513592,93325.43007969914,4.02059692237368,6.321928094887363,0.7719485431318844,4.214795863760448,0.3,0.049765463521057686,0.0,LAMP-SC,0.7,80
lamp,0.8,0.0,omega,nym,2,0.0,15.432307944397028,37827.5714637916,30902.95432513592,93325.43007969914,4.12455780046839,6.321928094887363,0.9449164313770524,5.458808858287326,0.30625,0.047078241321458894,0.0,LAMP-SC,0.7,80
lamp,0.8,0.0,omega,nym,3,0.0,14.946401853206854,37689.088788842724,30902.95432513592,93325.43007969914,3.7118625619191716,6.321928094887363,1.307439336890591,6.183556075695155,0.23125,0.053806801442142414,0.0,LAMP-SC,0.7,80
lamp,0.8,0.0,omega,nym,4,0.0,14.422509749790674,36671.426786684504,30902.95432513592,93325.43007969914,4.14604952321771,6.321928094887363,0.9139935602277791,6.7555950033490415,0.26875,0.04704182652021102,0.0,LAMP-SC,0.7,80
gwr+lba,0.0,0.0,omega,nym,0,0.0,22.94303099177763,25165.314329950234,30902.95432513592,93325.43007969914,3.3171916194828603,6.321928094887363,0.21330122333774426,2.2232113276696333,0.2375,0.05266539005839902,0.0,OptiMix GWR+LBA,0.7,80
gwr+lba,0.0,0.0,omega,nym,1,0.0,25.77409389928538,27098.93795824966,30902.95432513592,93325.43007969914,3.681772554021527,6.321928094887363,0.2637621681193778,2.120409334532631,0.29375,0.04843008814436708,0.0,OptiMix GWR+LBA,0.7,80
gwr+lba,0.0,0.0,omega,nym,2,0.0,18.401659632022156,25258.12541908397,30902.95432513592,93325.43007969914,3.2946694895078137,6.321928094887363,0.252386871038879,2.2482876096089295,0.2625,0.053562871963361,0.0,OptiMix GWR+LBA,0.7,80
gwr+lba,0.0,0.0,omega,nym,3,0.0,26.151014764926234,24009.226260409458,30902.95432513592,64565.42290346556,3.584445597765322,6.321928094887363,0.23063096024624485,2.292203479132049,0.24375,0.050615297545304846,0.0,OptiMix GWR+LBA,0.7,80
gwr+lba,0.0,0.0,omega,nym,4,0.0,19.89115626313889,25061.073598356466,30902.95432513592,93325.43007969914,3.0820645619689686,6.321928094887363,0.2021702607652347,2.056002734206728,0.26875,0.05712640869787974,0.0,OptiMix GWR+LBA,0.7,80
gwr+lba,0.2,0.0,omega,nym,0,0.0,23.48194101668906,26029.360598403506,30902.95432513592,93325.43007969914,3.6618694026079317,6.321928094887363,0.20876953730119685,2.08291509651919,0.2625,0.04704515334192956,0.0,OptiMix GWR+LBA,0.7,80
gwr+lba,0.2,0.0,omega,nym,1,0.0,28.68492995928471,27045.3739870612,30902.95432513592,93325.43007969914,4.056420506707883,6.321928094887363,0.239020217849639,2.0639167091946238,0.3,0.04337976806818604,0.0,OptiMix GWR+LBA,0.7,80
gwr+lba,0.2,0.0,omega,nym,2,0.0,21.05951084757275,25042.075340450436,30902.95432513592,93325.43007969914,3.627151304931801,6.321928094887363,0.22243556046749746,2.0094655338346397,0.275,0.04907944379262787,0.0,OptiMix GWR+LBA,0.7,80
gwr+lba,0.2,0.0,omega,nym,3,0.0,27.555330493276873,24118.04479042027,30902.95432513592,64565.42290346556,3.9142588189555716,6.321928094887363,0.2194221166752648,2.175302030802949,0.25625,0.04519562131434384,0.0,OptiMix GWR+LBA,0.7,80
gwr+lba,0.2,0.0,omega,nym,4,0.0,19.88387050293481,25078.611360195093,30902.95432513592,93325.43007969914,3.353605952364741,6.321928094887363,0.19837621629796254,2.0228681212461037,0.26875,0.05147246002696082,0.0,OptiMix GWR+LBA,0.7,80
gwr+lba,0.4,0.0,omega,nym,0,0.0,24.342389383922804,26457.32345842524,30902.95432513592,93325.43007969914,4.109510812893866,6.321928094887363,0.20786538915347075,2.0384110696165343,0.2625,0.04179808454469047,0.0,OptiMix GWR+LBA,0.7,80
gwr+lba,0.4,0.0,omega,nym,1,0.0,30.26748814836415,27077.9321860721,30902.95432513592,93325.43007969914,4.497183499424864,6.321928094887363,0.2386951358858984,2.003552315141863,0.30625,0.03754164682673462,0.0,OptiMix GWR+LBA,0.7,80
gwr+lba,0.4,0.0,omega,nym,2,0.0,21.771996419462507,25378.884850319257,30902.95432513592,93325.43007969914,4.006580236486714,6.321928094887363,0.21847765994670265,2.0237953888860583,0.28125,0.04429659882667973,0.0,OptiMix GWR+LBA,0.7,80
gwr+lba,0.4,0.0,omega,nym,3,0.0,29.514911001525814,23812.924899989433,30902.95432513592,64565.42290346556,4.338841347582099,6.321928094887363,0.21927250360635742,2.207286013000456,0.24375,0.038996666663741714,0.0,OptiMix GWR+LBA,0.7,80
gwr+lba,0.4,0.0,omega,nym,4,0.0,20.660992321275188,25160.65526822474,30902.95432513592,93325.43007969914,3.8039476117906688,6.321928094887363,0.1976865106664789,1.9764185819227187,0.275,0.04415110606625401,0.0,OptiMix GWR+LBA,0.7,80
gwr+lba,0.6,0.0,omega,nym,0,0.0,26.35070406605034,26751.8201115124,30902.95432513592,93325.43007969914,4.626828486892485,6.321928094887363,0.2075332927246627,2.036963784188806,0.275,0.03507294505019061,0.0,OptiMix GWR+LBA,0.7,80
gwr+lba,0.6,0.0,omega,nym,1,0.0,32.36445242748903,27255.75039769125,30902.95432513592,93325.43007969914,4.938996771825009,6.321928094887363,0.23878992341929162,1.9824335766977481,0.3125,0.0314201285361007,0.0,OptiMix GWR+LBA,0.7,80
gwr+lba,0.6,0.0,omega,nym,2,0.0,24.86074949146215,25753.134691586558,30902.95432513592,93325.43007969914,4.641297355345875,6.321928094887363,0.21490449196650152,2.06724131885087,0.2875,0.03676667176679888,0.0,OptiMix GWR+LBA,0.7,80
gwr+lba,0.6,0.0,omega,nym,3,0.0,31.932164972065554,23862.191103242913,30902.95432513592,70794.57843841381,4.873319806288801,6.321928094887363,0.22066559314852152,2.1968113602613686,0.24375,0.03137154332415296,0.0,OptiMix GWR+LBA,0.7,80
gwr+lba,0.6,0.0,omega,nym,4,0.0,23.41960897811787,24722.401253463846,30902.95432513592,93325.43007969914,4.442694816815001,6.321928094887363,0.197212094615689,1.9847100266249778,0.26875,0.03708107222472211,0.0,OptiMix GWR+LBA,0.7,80
gwr+lba,0.8,0.0,omega,nym,0,0.0,38.197133389535146,26817.646560402525,30902.95432513592,93325.43007969914,5.465806938813779,6.321928094887363,0.20772236029721047,2.0449238540413135,0.275,0.026386847593232142,0.0,OptiMix GWR+LBA,0.7,80
gwr+lba,0.8,0.0,omega,nym,1,0.0,39.71513546027221,27313.086995544974,30902.95432513592,93325.43007969914,5.494108061294134,6.321928094887363,0.2394075911448026,2.007600073343651,0.3125,0.024716878298251657,0.0,OptiMix GWR+LBA,0.7,80
gwr+lba,0.8,0.0,omega,nym,2,0.0,35.37408249216463,26056.162956027827,30902.95432513592,93325.43007969914,5.456211358469029,6.321928094887363,0.21454041486146114,2.0713486021458625,0.29375,0.029344278272019637,0.0,OptiMix GWR+LBA,0.7,80
gwr+lba,0.8,0.0,omega,nym,3,0.0,40.617211063337486,24041.170757008786,30902.95432513592,93325.43007969914,5.568491180553555,6.321928094887363,0.2221066096910922,2.2123721508422616,0.25,0.024104451874647707,0.0,OptiMix GWR+LBA,0.7,80
gwr+lba,0.8,0.0,omega,nym,4,0.0,34.67639392567224,24632.720696186094,30902.95432513592,93325.43007969914,5.377799906494471,6.321928094887363,0.19747653938152454,1.9552099391579925,0.26875,0.027626483347043852,0.0,OptiMix GWR+LBA,0.7,80
gpr+lba,0.0,0.0,omega,nym,0,0.0,25.319999134494505,26587.490579744666,30902.95432513592,93325.43007969914,4.483574801784287,6.321928094887363,0.2073066907859884,2.045737952094411,0.26875,0.03889469792629888,0.0,OptiMix GPR+LBA,0.7,80
gpr+lba,0.0,0.0,omega,nym,1,0.0,31.74437909378997,27395.23884128291,30902.95432513592,93325.43007969914,4.850348736153393,6.321928094887363,0.24048136282620924,2.0455258077995406,0.3125,0.029696898517021182,0.0,OptiMix GPR+LBA,0.7,80
gpr+lba,0.0,0.0,omega,nym,2,0.0,22.78758181213857,25378.453022039346,30902.95432513592,93325.43007969914,4.522913106377999,6.321928094887363,0.216881910259203,2.08074971724329,0.28125,0.03473362739228332,0.0,OptiMix GPR+LBA,0.7,80
gpr+lba,0.0,0.0,omega,nym,3,0.0,32.351845541367425,24146.18617626417,30902.95432513592,89125.0938133746,4.802148430979214,6.321928094887363,0.21945817446065563,2.2435736502948758,0.25625,0.03006794702000057,0.0,OptiMix GPR+LBA,0.7,80
gpr+lba,0.0,0.0,omega,nym,4,0.0,22.165274500657063,24766.365785642207,30902.95432513592,93325.43007969914,4.343524389933002,6.321928094887363,0.19705695604926055,1.963836192366255,0.26875,0.03568768364693845,0.0,OptiMix GPR+LBA,0.7,80
gpr+lba,0.2,0.0,omega,nym,0,0.0,26.535235635236084,26550.21089397829,30902.95432513592,93325.43007969914,4.669767730888038,6.321928094887363,0.2073203971640678,2.0403106317404283,0.275,0.036383782369339764,0.0,OptiMix GPR+LBA,0.7,80
gpr+lba,0.2,0.0,omega,nym,1,0.0,33.31984289584536,27343.43280594972,30902.95432513592,93325.43007969914,5.031432705748138,6.321928094887363,0.23981704131866,2.017983453078674,0.3125,0.026889684495836508,0.0,OptiMix GPR+LBA,0.7,80
gpr+lba,0.2,0.0,omega,nym,2,0.0,24.195925288667286,25445.053826841766,30902.95432513592,93325.43007969914,4.703401544541814,6.321928094887363,0.21710771496276537,2.070800964373197,0.28125,0.03314652417001281,0.0,OptiMix GPR+LBA,0.7,80
gpr+lba,0.2,0.0,omega,nym,3,0.0,34.25924443988972,23997.047384465874,30902.95432513592,93325.43007969914,5.031067632672121,6.321928094887363,0.2189520970106924,2.217849530056514,0.25,0.02681752035724762,0.0,OptiMix GPR+LBA,0.7,80
gpr+lba,0.2,0.0,omega,nym,4,0.0,23.450936246776518,24717.35405461158,30902.95432513592,93325.43007969914,4.536207806359805,6.321928094887363,0.19650544689682925,1.9593891785215398,0.26875,0.0327393605004894,0.0,OptiMix GPR+LBA,0.7,80
gpr+lba,0.4,0.0,omega,nym,0,0.0,28.75877404284317,26711.979810755878,30902.95432513592,93325.43007969914,4.915983942030342,6.321928094887363,0.20754139511786662,2.0403106317404283,0.275,0.03271780313483695,0.0,OptiMix GPR+LBA,0.7,80
gpr+lba,0.4,0.0,omega,nym,1,0.0,35.696799668757976,27363.9823286348,30902.95432513592,93325.43007969914,5.265055118544902,6.321928094887363,0.2395404374227439,1.9978326568132485,0.3125,0.023785429864125313,0.0,OptiMix GPR+LBA,0.7,80
gpr+lba,0.4,0.0,omega,nym,2,0.0,26.69009287102312,25565.603518917567,30902.95432513592,93325.43007969914,4.942655106705702,6.321928094887363,0.2149824874497528,2.0576576578292203,0.28125,0.03128555858944777,0.0,OptiMix GPR+LBA,0.7,80
gpr+lba,0.4,0.0,omega,nym,3,0.0,37.18349601479602,23972.220839554873,30902.95432513592,93325.43007969914,5.310397439729985,6.321928094887363,0.21951216199761192,2.203177978589767,0.25,0.023547741964558437,0.0,OptiMix GPR+LBA,0.7,80
gpr+lba,0.4,0.0,omega,nym,4,0.0,25.711954211069834,24641.917910528307,30902.95432513592,93325.43007969914,4.789128614466687,6.321928094887363,0.19586244114628282,1.943345050140606,0.26875,0.02956095009887518,0.0,OptiMix GPR+LBA,0.7,80
gpr+lba,0.6,0.0,omega,nym,0,0.0,33.354356420573104,26671.7496051526,30902.95432513592,93325.43007969914,5.265704013977223,6.321928094887363,0.20725699130166664,2.036240141474942,0.26875,0.028074181980019673,0.0,OptiMix GPR+LBA,0.7,80
gpr+lba,0.6,0.0,omega,nym,1,0.0,39.643893651546804,27375.460614820688,30902.95432513592,93325.43007969914,5.5625169504946514,6.321928094887363,0.24015413799302499,1.9843694610551252,0.3125,0.020467895699459313,0.0,OptiMix GPR+LBA,0.7,80
gpr+lba,0.6,0.0,omega,nym,4,0.0,30.49534034719893,24793.58937864957,30902.95432513592,93325.43007969914,5.16136939158199,6.321928094887363,0.19613616576388915,1.9602611420205036,0.26875,0.025453671781415103,0.0,OptiMix GPR+LBA,0.7,80
gpr+lba,0.8,0.0,omega,nym,0,0.0,45.71983589213286,26878.705586245796,30902.95432513592,93325.43007969914,5.809196502059223,6.321928094887363,0.20865908833578906,2.0240286706784816,0.275,0.02083292702935247,0.0,OptiMix GPR+LBA,0.7,80
gpr+lba,0.6,0.0,omega,nym,2,0.0,31.628200139508508,25998.565194033556,30902.95432513592,93325.43007969914,5.2754073581179135,6.321928094887363,0.2152047449384613,2.0583878415261077,0.29375,0.028781505549645973,0.0,OptiMix GPR+LBA,0.7,80
gpr+lba,0.6,0.0,omega,nym,3,0.0,42.031952544817116,24051.392314357257,30902.95432513592,93325.43007969914,5.63089165360573,6.321928094887363,0.22104334279251403,2.2092960139093485,0.25,0.020383605255826515,0.0,OptiMix GPR+LBA,0.7,80
gpr+lba,0.8,0.0,omega,nym,1,0.0,49.76143301833472,27411.081983594588,30902.95432513592,93325.43007969914,5.946107827683526,6.321928094887363,0.2388974180776915,1.9584990064610848,0.3125,0.01505822088006652,0.0,OptiMix GPR+LBA,0.7,80
gpr+lba,0.8,0.0,omega,nym,2,0.0,44.330968173479675,25971.337134648966,30902.95432513592,93325.43007969914,5.827137499781296,6.321928094887363,0.2152207407295712,2.0591180252229955,0.29375,0.022732878507506833,0.0,OptiMix GPR+LBA,0.7,80
gpr+lba,0.8,0.0,omega,nym,3,0.0,52.74722297944622,23995.35263636227,30902.95432513592,93325.43007969914,6.001918437886941,6.321928094887363,0.22124542366615496,2.2203925989774165,0.25,0.01555039565375598,0.0,OptiMix GPR+LBA,0.7,80
gpr+lba,0.8,0.0,omega,nym,4,0.0,43.74367510070292,24731.535538477758,30902.95432513592,93325.43007969914,5.749599126179541,6.321928094887363,0.1970151711462318,1.9478792603352177,0.26875,0.020056484739795842,0.0,OptiMix GPR+LBA,0.7,80
ssr+lba,0.0,0.0,omega,nym,2,0.0,48.73175806569153,26056.510234200538,30902.95432513592,93325.43007969914,5.868754546061036,6.321928094887363,0.21501781484532367,2.073812972122858,0.29375,0.02324156138087652,0.0,OptiMix SSR+LBA,0.7,80
ssr+lba,0.0,0.0,omega,nym,3,0.0,51.49891338868848,24024.249732430268,30902.95432513592,93325.43007969914,5.924164732736527,6.321928094887363,0.22132928002557617,2.19885962375049,0.25,0.01893037107232355,0.0,OptiMix SSR+LBA,0.7,80
ssr+lba,0.0,0.0,omega,nym,4,0.0,49.4154038007218,24577.587722155444,30902.95432513592,93325.43007969914,5.861044886344954,6.321928094887363,0.19745546057443275,1.9650569412648045,0.26875,0.021008812249689045,0.0,OptiMix SSR+LBA,0.7,80
ssr+lba,0.2,0.0,omega,nym,0,0.0,63.001636505473215,26690.92701245483,30902.95432513592,93325.43007969914,6.120967643313308,6.321928094887363,0.20799581750946516,2.0366924181711066,0.275,0.015084892878155856,0.0,OptiMix SSR+LBA,0.7,80
ssr+lba,0.2,0.0,omega,nym,1,0.0,59.80786550264156,27348.685755346105,30902.95432513592,93325.43007969914,6.091443615034384,6.321928094887363,0.24015850674820993,1.9682664229914877,0.3125,0.015021271947256947,0.0,OptiMix SSR+LBA,0.7,80
ssr+lba,0.2,0.0,omega,nym,2,0.0,57.416385413327646,25984.261872276566,30902.95432513592,93325.43007969914,6.085501728810532,6.321928094887363,0.2144506430078852,2.0583878415261077,0.29375,0.018135591472313417,0.0,OptiMix SSR+LBA,0.7,80
ssr+lba,0.0,0.0,omega,nym,0,0.0,54.285742972946636,26761.04461172222,30902.95432513592,93325.43007969914,5.921136567577422,6.321928094887363,0.2086324294479489,2.0393156230088647,0.275,0.019401809887775755,0.0,OptiMix SSR+LBA,0.7,80
ssr+lba,0.0,0.0,omega,nym,1,0.0,51.48815578815956,27365.973492476995,30902.95432513592,93325.43007969914,5.869696437243429,6.321928094887363,0.23980561309119874,1.9952808092512513,0.3125,0.01967325515143471,0.0,OptiMix SSR+LBA,0.7,80
ssr+lba,0.4,0.0,omega,nym,0,0.0,73.49832231699945,26770.435578291497,30902.95432513592,93325.43007969914,6.253064520113125,6.321928094887363,0.20794583595378469,2.0405819977581277,0.275,0.010892074123488976,0.0,OptiMix SSR+LBA,0.7,80
ssr+lba,0.4,0.0,omega,nym,1,0.0,70.52697285378511,27292.89498559533,30902.95432513592,93325.43007969914,6.245859168224986,6.321928094887363,0.24016521049569572,1.9939608880984938,0.3125,0.01032409755961532,0.0,OptiMix SSR+LBA,0.7,80
ssr+lba,0.4,0.0,omega,nym,2,0.0,68.3892256187747,26042.10245317725,30902.95432513592,93325.43007969914,6.239843742723744,6.321928094887363,0.21555497925034706,2.047161267186461,0.29375,0.01258617093177361,0.0,OptiMix SSR+LBA,0.7,80
ssr+lba,0.4,0.0,omega,nym,3,0.0,70.2550920361085,23992.80294457635,30902.95432513592,93325.43007969914,6.258581548867089,6.321928094887363,0.2213674850069065,2.2107093750093636,0.25,0.00993801041350648,0.0,OptiMix SSR+LBA,0.7,80
ssr+lba,0.2,0.0,omega,nym,3,0.0,59.58025109854854,23937.745609654958,30902.95432513592,93325.43007969914,6.125185148532374,6.321928094887363,0.2214339453534866,2.2030801682466556,0.25,0.014261983050308069,0.0,OptiMix SSR+LBA,0.7,80
ssr+lba,0.2,0.0,omega,nym,4,0.0,59.38057554375622,24824.121075578274,30902.95432513592,93325.43007969914,6.09946777338247,6.321928094887363,0.19684789908760258,1.960173945670607,0.26875,0.01586211624558692,0.0,OptiMix SSR+LBA,0.7,80
ssr+lba,0.4,0.0,omega,nym,4,0.0,71.59555795588615,24850.44013564391,30902.95432513592,93325.43007969914,6.249844744126286,6.321928094887363,0.19692300335956658,1.9545117122356972,0.26875,0.01099897615613653,0.0,OptiMix SSR+LBA,0.7,80
ssr+lba,0.6,0.0,omega,nym,0,0.0,84.72304416921058,26851.464669920566,30902.95432513592,93325.43007969914,6.309742230810997,6.321928094887363,0.209052584714861,2.035154677404145,0.275,0.007331536608089084,0.0,OptiMix SSR+LBA,0.7,80
ssr+lba,0.6,0.0,omega,nym,3,0.0,81.56138749216171,24082.560003664516,30902.95432513592,93325.43007969914,6.311488013922961,6.321928094887363,0.2202599139294099,2.1784745252158975,0.25,0.00666995100015662,0.0,OptiMix SSR+LBA,0.7,80
ssr+lba,0.6,0.0,omega,nym,4,0.0,84.28728337387527,24783.338502318013,30902.95432513592,93325.43007969914,6.309899223668168,6.321928094887363,0.19635867558103404,1.963326827129678,0.26875,0.007205591794623993,0.0,OptiMix SSR+LBA,0.7,80
ssr+lba,0.6,0.0,omega,nym,1,0.0,82.11799862589048,27366.865600193083,30902.95432513592,93325.43007969914,6.309880110015233,6.321928094887363,0.24006235328277148,1.9755699867034107,0.3125,0.006875980776003199,0.0,OptiMix SSR+LBA,0.7,80
ssr+lba,0.6,0.0,omega,nym,2,0.0,79.86850734854958,26061.845233636377,30902.95432513592,93325.43007969914,6.3076568770917,6.321928094887363,0.21538135825538407,2.0463398105274626,0.29375,0.008088659456510942,0.0,OptiMix SSR+LBA,0.7,80
ssr+lba,0.8,0.0,omega,nym,0,0.0,94.41684341655284,27038.817886807377,30902.95432513592,93325.43007969914,6.321390505006944,6.321928094887363,0.2090460350775305,2.0407629084365935,0.275,0.004919332133606828,0.0,OptiMix SSR+LBA,0.7,80
ssr+lba,0.8,0.0,omega,nym,1,0.0,91.967036931664,27356.92989629871,30902.95432513592,93325.43007969914,6.321438884114959,6.321928094887363,0.238816280568934,1.9530433323630219,0.3125,0.004707575060710514,0.0,OptiMix SSR+LBA,0.7,80
ssr+lba,0.8,0.0,omega,nym,2,0.0,89.81630159420281,26031.00971904764,30902.95432513592,93325.43007969914,6.321300013494083,6.321928094887363,0.2151455032354861,2.0529114637994508,0.29375,0.005135717878813685,0.0,OptiMix SSR+LBA,0.7,80
ssr+lba,0.8,0.0,omega,nym,3,0.0,91.10183263703642,24104.017423130586,30902.95432513592,93325.43007969914,6.321454832679458,6.321928094887363,0.22107805055565555,2.1847896340847783,0.25,0.004612179356511405,0.0,OptiMix SSR+LBA,0.7,80
ssr+lba,0.8,0.0,omega,nym,4,0.0,94.84228934048022,24567.01517006552,30902.95432513592,93325.43007969914,6.321397257654321,6.321928094887363,0.19603833943861382,1.9691551697099343,0.2625,0.004847127464831803,0.0,OptiMix SSR+LBA,0.7,80
gwr+lba+crg,0.0,0.05,omega,nym,0,0.0,66.22106699406075,30002.59462893025,30902.95432513592,93325.43007969914,6.120811499475373,6.321928094887363,0.24991833806952402,2.133500025381297,0.29375,0.014519246252044768,0.0,OptiMix GWR+LBA+CRG(θ=.05),0.7,80
gwr+lba+crg,0.0,0.05,omega,nym,1,0.0,65.43642174998693,27996.384629240525,30902.95432513592,93325.43007969914,6.142853973987342,6.321928094887363,0.3030670412442604,2.5311880249168683,0.3,0.013472985307243085,0.0,OptiMix GWR+LBA+CRG(θ=.05),0.7,80
gwr+lba+crg,0.0,0.05,omega,nym,2,0.0,60.830330321902814,28957.019530584887,30902.95432513592,93325.43007969914,6.092479621007688,6.321928094887363,0.33389068908406916,2.825041685498103,0.28125,0.014641435426830282,0.0,OptiMix GWR+LBA+CRG(θ=.05),0.7,80
gwr+lba+crg,0.0,0.05,omega,nym,3,0.0,65.25402225073147,24127.911965891362,30902.95432513592,93325.43007969914,6.125959567644394,6.321928094887363,0.26050178995372786,2.471024238782729,0.2375,0.012911149723930978,0.0,OptiMix GWR+LBA+CRG(θ=.05),0.7,80
gwr+lba+crg,0.0,0.05,omega,nym,4,0.0,65.55429799236444,25574.777755193078,30902.95432513592,93325.43007969914,6.093352824234037,6.321928094887363,0.25092706506777596,2.4558836203752765,0.25,0.015615519707244115,0.0,OptiMix GWR+LBA+CRG(θ=.05),0.7,80
gwr+lba+crg,0.2,0.05,omega,nym,2,0.0,61.217601287024486,27885.212063861094,30902.95432513592,93325.43007969914,6.101199040924474,6.321928094887363,0.3029358095465928,2.5914036204450452,0.2875,0.01459667236318093,0.0,OptiMix GWR+LBA+CRG(θ=.05),0.7,80
gwr+lba+crg,0.2,0.05,omega,nym,3,0.0,64.18501733002725,24150.780591076975,30902.95432513592,93325.43007969914,6.111798392998635,6.321928094887363,0.26394096431438396,2.570441770390244,0.2375,0.013177015200760759,0.0,OptiMix GWR+LBA+CRG(θ=.05),0.7,80
gwr+lba+crg,0.2,0.05,omega,nym,4,0.0,64.45348504140617,25677.244266466983,30902.95432513592,93325.43007969914,6.087369150590869,6.321928094887363,0.2480399389561807,2.4152423261761005,0.25,0.015805472422906787,0.0,OptiMix GWR+LBA+CRG(θ=.05),0.7,80
gwr+lba+crg,0.4,0.05,omega,nym,0,0.0,62.361759095224166,29926.774876602372,30902.95432513592,93325.43007969914,6.10743582908492,6.321928094887363,0.2436379663469075,2.1636832300849056,0.3,0.014967103683460017,0.0,OptiMix GWR+LBA+CRG(θ=.05),0.7,80
gwr+lba+crg,0.2,0.05,omega,nym,0,0.0,64.78245628783145,30104.989801175703,30902.95432513592,93325.43007969914,6.116159080153989,6.321928094887363,0.24632489191361895,2.108847346419561,0.3,0.01464796138378428,0.0,OptiMix GWR+LBA+CRG(θ=.05),0.7,80
gwr+lba+crg,0.2,0.05,omega,nym,1,0.0,65.13898154668685,28250.72017507642,30902.95432513592,93325.43007969914,6.13877519887765,6.321928094887363,0.2953974007523137,2.512774807228578,0.30625,0.012934932291286524,0.0,OptiMix GWR+LBA+CRG(θ=.05),0.7,80
gwr+lba+crg,0.4,0.05,omega,nym,1,0.0,63.966496373089576,28173.846109657872,30902.95432513592,93325.43007969914,6.134017919657279,6.321928094887363,0.29509873916370055,2.480941007271707,0.30625,0.01235678380591712,0.0,OptiMix GWR+LBA+CRG(θ=.05),0.7,80
gwr+lba+crg,0.4,0.05,omega,nym,2,0.0,59.4844349721119,27649.368975608108,30902.95432513592,93325.43007969914,6.094919424290339,6.321928094887363,0.2923878330036487,2.5545385978854442,0.2875,0.014665725845419086,0.0,OptiMix GWR+LBA+CRG(θ=.05),0.7,80
gwr+lba+crg,0.4,0.05,omega,nym,3,0.0,63.1282466470537,24235.924777165797,30902.95432513592,93325.43007969914,6.100249837033121,6.321928094887363,0.2626034259279071,2.652180406358011,0.24375,0.012785779328920669,0.0,OptiMix GWR+LBA+CRG(θ=.05),0.7,80
gwr+lba+crg,0.4,0.05,omega,nym,4,0.0,62.8644112714711,25905.429579358064,30902.95432513592,93325.43007969914,6.087540892795302,6.321928094887363,0.2412980822835029,2.3555789379832355,0.2625,0.015492376728847648,0.0,OptiMix GWR+LBA+CRG(θ=.05),0.7,80
gwr+lba+crg,0.6,0.05,omega,nym,4,0.0,61.15999393482752,25163.93396008638,30902.95432513592,93325.43007969914,6.101033594954883,6.321928094887363,0.2313931607719748,2.271682054442014,0.25625,0.014748779810950605,0.0,OptiMix GWR+LBA+CRG(θ=.05),0.7,80
gwr+lba+crg,0.8,0.05,omega,nym,0,0.0,62.24878290193003,28321.31776879537,30902.95432513592,93325.43007969914,6.150539064572106,6.321928094887363,0.22778010296360107,2.0834578285545877,0.29375,0.013716487175108727,0.0,OptiMix GWR+LBA+CRG(θ=.05),0.7,80
gwr+lba+crg,0.6,0.05,omega,nym,0,0.0,60.28443647278779,28652.941641860274,30902.95432513592,93325.43007969914,6.105260973145796,6.321928094887363,0.24102319980438658,2.166980385384613,0.2875,0.015383758528973761,0.0,OptiMix GWR+LBA+CRG(θ=.05),0.7,80
gwr+lba+crg,0.6,0.05,omega,nym,1,0.0,62.2974442373641,27223.176547340652,30902.95432513592,93325.43007969914,6.1311845556196705,6.321928094887363,0.2891917365123646,2.4606850077134284,0.29375,0.012006657763075508,0.0,OptiMix GWR+LBA+CRG(θ=.05),0.7,80
gwr+lba+crg,0.6,0.05,omega,nym,2,0.0,57.49706224834092,27369.45470935906,30902.95432513592,93325.43007969914,6.106577055501374,6.321928094887363,0.2728727271695326,2.4357247048307986,0.28125,0.014508276821690005,0.0,OptiMix GWR+LBA+CRG(θ=.05),0.7,80
gwr+lba+crg,0.6,0.05,omega,nym,3,0.0,62.08461537149244,23917.4552202656,30902.95432513592,93325.43007969914,6.10901307041353,6.321928094887363,0.24707450676498333,2.5784744009227136,0.2375,0.012114959666122851,0.0,OptiMix GWR+LBA+CRG(θ=.05),0.7,80
gwr,0.0,0.0,omega,nym,0,0.0,10.581800847677224,52125.23017559199,61659.50018614822,93325.43007969914,1.9233504805351884,6.321928094887363,2.252066224469939,9.013319205258291,0.24375,0.09128785266754628,0.0,OptiMix GWR (no LBA),0.7,80
gwr,0.0,0.0,omega,nym,1,0.0,10.092632463843168,47932.154853666696,61659.50018614822,93325.43007969914,1.8656487705755906,6.321928094887363,2.121921663718539,6.031606282027073,0.25,0.09335561522862976,0.0,OptiMix GWR (no LBA),0.7,80
gwr+lba+crg,0.8,0.05,omega,nym,1,0.0,63.37382274912398,27441.955236163758,30902.95432513592,93325.43007969914,6.167882142984017,6.321928094887363,0.27329092333546634,2.2788878676070077,0.29375,0.011193327863148495,0.0,OptiMix GWR+LBA+CRG(θ=.05),0.7,80
gwr+lba+crg,0.8,0.05,omega,nym,2,0.0,59.3813803741654,26986.548860185445,30902.95432513592,93325.43007969914,6.15460486056039,6.321928094887363,0.2537738688988378,2.2661615599408576,0.29375,0.013182349538188578,0.0,OptiMix GWR+LBA+CRG(θ=.05),0.7,80
gwr+lba+crg,0.8,0.05,omega,nym,3,0.0,63.804646415918576,23937.988517875892,30902.95432513592,93325.43007969914,6.1679772524362795,6.321928094887363,0.2367436901654325,2.425059984819065,0.2375,0.011194128600768346,0.0,OptiMix GWR+LBA+CRG(θ=.05),0.7,80
gwr+lba+crg,0.8,0.05,omega,nym,4,0.0,63.2180461898912,26205.29228484987,30902.95432513592,93325.43007969914,6.156187778347736,6.321928094887363,0.2209628583475487,2.166304136253065,0.28125,0.01337307170730206,0.0,OptiMix GWR+LBA+CRG(θ=.05),0.7,80
gwr,0.0,0.0,omega,nym,4,0.0,7.452132796780218,48301.64170875463,61659.50018614822,93325.43007969914,1.9628441565112063,6.321928094887363,2.2233689097072635,7.020265980576998,0.24375,0.09554320151205067,0.0,OptiMix GWR (no LBA),0.7,80
gwr,0.2,0.0,omega,nym,0,0.0,11.514285474543486,48424.75604072969,61659.50018614822,93325.43007969914,2.429809797807641,6.321928094887363,1.7215929886038435,7.783039332301371,0.25,0.07405481875835407,0.0,OptiMix GWR (no LBA),0.7,80
gwr,0.0,0.0,omega,nym,2,0.0,7.483624697952586,50290.73427849428,61659.50018614822,93325.43007969914,1.8664016679292992,6.321928094887363,2.9897635186333082,14.462521003420086,0.24375,0.09707295352184353,0.0,OptiMix GWR (no LBA),0.7,80
gwr,0.0,0.0,omega,nym,3,0.0,7.882161971223052,52779.46718114567,61659.50018614822,93325.43007969914,1.6846563520703668,6.321928094887363,3.1197063902403013,10.20362057011372,0.225,0.1004306181587608,0.0,OptiMix GWR (no LBA),0.7,80
gwr,0.4,0.0,omega,nym,0,0.0,13.348096277196579,48655.53678401126,61659.50018614822,93325.43007969914,3.0575563535879198,6.321928094887363,1.2881181121720289,6.8011785341451665,0.3125,0.061401157095663184,0.0,OptiMix GWR (no LBA),0.7,80
gwr,0.4,0.0,omega,nym,1,0.0,12.300755357574289,42986.77885188493,32359.365692962812,93325.43007969914,3.0091191435608806,6.321928094887363,1.2478144890937046,4.50515542783375,0.28125,0.06262462737840338,0.0,OptiMix GWR (no LBA),0.7,80
gwr,0.2,0.0,omega,nym,1,0.0,10.863848730370378,46060.506102459614,61659.50018614822,93325.43007969914,2.3786977729948586,6.321928094887363,1.6866833792420302,5.704725040583374,0.26875,0.07722230944339295,0.0,OptiMix GWR (no LBA),0.7,80
gwr,0.2,0.0,omega,nym,2,0.0,8.216892181931179,50107.123402129684,61659.50018614822,93325.43007969914,2.3889489889143793,6.321928094887363,2.048440472239259,10.509776099293095,0.3,0.0794162413671931,0.0,OptiMix GWR (no LBA),0.7,80
gwr,0.2,0.0,omega,nym,3,0.0,8.819209402643457,49572.82418097192,61659.50018614822,93325.43007969914,2.2001591062294024,6.321928094887363,2.342596652634938,9.240412485986099,0.24375,0.08156022872951363,0.0,OptiMix GWR (no LBA),0.7,80
gwr,0.2,0.0,omega,nym,4,0.0,8.248567515369617,44056.63143349435,33884.41561392024,93325.43007969914,2.4660626842319355,6.321928094887363,1.5833023150300511,5.145934252029734,0.2375,0.07854201902310624,0.0,OptiMix GWR (no LBA),0.7,80
gwr,0.4,0.0,omega,nym,2,0.0,9.525622967133195,46384.01044161264,33884.41561392024,93325.43007969914,3.011810556460116,6.321928094887363,1.3380664903919288,6.695830096381997,0.3,0.06441498669612829,0.0,OptiMix GWR (no LBA),0.7,80
gwr,0.4,0.0,omega,nym,3,0.0,10.641792561046325,46869.99148526598,61659.50018614822,93325.43007969914,2.866615875192479,6.321928094887363,1.5733922476670514,7.0257740672077125,0.26875,0.06555775887166104,0.0,OptiMix GWR (no LBA),0.7,80
gwr,0.4,0.0,omega,nym,4,0.0,9.677805434305986,42794.87785215078,32359.365692962812,93325.43007969914,3.078410859141438,6.321928094887363,1.054665861285458,3.839428923338248,0.2625,0.06437948083160558,0.0,OptiMix GWR (no LBA),0.7,80
gwr,0.6,0.0,omega,nym,0,0.0,17.373127538465184,44112.52355224768,32359.365692962812,93325.43007969914,3.885055785007814,6.321928094887363,0.9672483350611636,5.932922677729435,0.30625,0.04828454885496288,0.0,OptiMix GWR (no LBA),0.7,80
gwr,0.6,0.0,omega,nym,1,0.0,15.438467612906054,39673.02547767077,30902.95432513592,93325.43007969914,3.8082821724909506,6.321928094887363,0.8934778128774992,4.225582025545232,0.31875,0.04974673606424821,0.0,OptiMix GWR (no LBA),0.7,80
gwr,0.6,0.0,omega,nym,2,0.0,12.375345569407811,40231.225679571486,30902.95432513592,93325.43007969914,3.7785125480226514,6.321928094887363,0.9281670622262728,4.010965142380866,0.29375,0.04920182322781121,0.0,OptiMix GWR (no LBA),0.7,80
gwr,0.8,0.0,omega,nym,0,0.0,28.464141436262015,41370.20826660553,30902.95432513592,93325.43007969914,5.037028698431063,6.321928094887363,0.6554058226406689,4.8052395157241845,0.33125,0.03402090841079995,0.0,OptiMix GWR (no LBA),0.7,80
gwr,0.8,0.0,omega,nym,1,0.0,24.728966736133543,36124.19633410982,30902.95432513592,93325.43007969914,4.89669875024423,6.321928094887363,0.660920339847888,3.6291603255439457,0.325,0.035979552717724496,0.0,OptiMix GWR (no LBA),0.7,80
gwr,0.6,0.0,omega,nym,3,0.0,14.688819137835974,41002.24574254491,30902.95432513592,93325.43007969914,3.7612528683937,6.321928094887363,0.9545482635840985,4.666221924079046,0.275,0.05176484538447844,0.0,OptiMix GWR (no LBA),0.7,80
gwr,0.6,0.0,omega,nym,4,0.0,12.70010403503971,40159.31011579499,30902.95432513592,93325.43007969914,3.863201175608979,6.321928094887363,0.7318300507148348,3.103727444791286,0.275,0.052251679328043255,0.0,OptiMix GWR (no LBA),0.7,80
gwr,0.8,0.0,omega,nym,2,0.0,20.941978685663504,39627.43102961278,30902.95432513592,93325.43007969914,4.82043161572778,6.321928094887363,0.7710193536546472,3.6473721256949747,0.325,0.03636038320396791,0.0,OptiMix GWR (no LBA),0.7,80
gwr,0.8,0.0,omega,nym,3,0.0,25.682611004293445,33370.22597064523,30902.95432513592,93325.43007969914,4.9944835562855125,6.321928094887363,0.5451158109463268,3.3719863046971215,0.275,0.03490522996163287,0.0,OptiMix GWR (no LBA),0.7,80
uniform,1.0,0.0,omega,nym,1,0.0,98.9860037666679,27376.014211127997,30902.95432513592,93325.43007969914,6.321928094887363,6.321928094887363,0.2391328645505204,1.9647466332508021,0.3125,0.003375000000000046,0.0,uniform (Nym default),0.7,80
uniform,1.0,0.0,omega,nym,2,0.0,97.01516382724128,25965.487663063042,30902.95432513592,93325.43007969914,6.321928094887363,6.321928094887363,0.21426348390205163,2.03648233061948,0.29375,0.003375000000000046,0.0,uniform (Nym default),0.7,80
gwr,0.8,0.0,omega,nym,4,0.0,21.81839088607817,38184.275336723134,30902.95432513592,93325.43007969914,4.951245237290763,6.321928094887363,0.5412213161053006,2.6198561440319446,0.3125,0.036418574376428536,0.0,OptiMix GWR (no LBA),0.7,80
uniform,1.0,0.0,omega,nym,0,0.0,101.70897570215449,26979.963955937925,30902.95432513592,93325.43007969914,6.321928094887363,6.321928094887363,0.20919669572210742,2.0435670239528174,0.275,0.003375000000000046,0.0,uniform (Nym default),0.7,80
uniform,1.0,0.0,omega,nym,3,0.0,97.92669435677212,23996.285511105452,30902.95432513592,93325.43007969914,6.321928094887363,6.321928094887363,0.22131199444644345,2.1954509614839472,0.25,0.003375000000000046,0.0,uniform (Nym default),0.7,80
uniform,1.0,0.0,omega,nym,4,0.0,102.38419220393958,24576.200531223454,30902.95432513592,93325.43007969914,6.321928094887363,6.321928094887363,0.1965038396848724,1.9726656122153803,0.2625,0.003375000000000046,0.0,uniform (Nym default),0.7,80
regretor,0.0,0.0,equal,ripe,0,0.0,121.5900529389677,315.66465949671306,309.0295432513591,489.77881936844614,7.643661772755977,7.643856189774724,0.055299848274445784,0.31327933333333335,0.0,0.0038108245274953148,32.17234722222222,ours (θ_loc tilt),0.3,200
regretor,0.0,0.0,equal,ripe,1,0.0,121.57921722891423,315.6569017224502,309.0295432513591,489.77881936844614,7.643683846509478,7.643856189774724,0.05526308504777799,0.3124759999999999,0.0,0.0038119219172992394,32.17469444444444,ours (θ_loc tilt),0.3,200
regretor,0.0,0.0,equal,ripe,2,0.0,124.62398208401197,318.69832625728276,309.0295432513591,489.77881936844614,7.643706930335043,7.643856189774724,0.05511721455222163,0.3124833333333333,0.0,0.0038099787648293902,32.17409027777778,ours (θ_loc tilt),0.3,200
regretor,0.0,0.0,equal,ripe,3,0.0,122.23872763794604,316.31115486604347,309.0295432513591,489.77881936844614,7.643698602084623,7.643856189774724,0.05513844896888909,0.3119823333333332,0.0,0.0038115530731697425,32.1781875,ours (θ_loc tilt),0.3,200
regretor,0.0,0.0,equal,ripe,4,0.0,123.49120482525984,317.5728548525256,309.0295432513591,512.8613839913648,7.643686107935809,7.643856189774724,0.055348900090000486,0.3131616666666666,0.0,0.003802098000164074,32.165326388888886,ours (θ_loc tilt),0.3,200
regretor,0.0,0.0,equal,ripe,0,0.5,106.16656446280821,300.24032260684174,295.12092266663853,489.77881936844614,7.64354643424327,7.643856189774724,0.05550261865555606,0.31205266666666653,0.0,0.004144729866180945,32.9386875,ours (θ_loc tilt),0.3,200
regretor,0.0,0.0,equal,ripe,1,0.5,105.25824858855742,299.3374677014952,295.12092266663853,489.77881936844614,7.643517256699279,7.643856189774724,0.055572737462221466,0.3119123333333333,0.0,0.004205186535762562,33.031444444444446,ours (θ_loc tilt),0.3,200
regretor,0.0,0.0,equal,ripe,2,0.5,108.22846007447058,302.30952881205155,295.12092266663853,489.77881936844614,7.643575702956979,7.643856189774724,0.055672952144444565,0.3131346666666667,0.0,0.004117170972179488,32.98515277777778,ours (θ_loc tilt),0.3,200
regretor,0.0,0.0,equal,ripe,3,0.5,106.12922926679703,300.2119707974421,295.12092266663853,489.77881936844614,7.64340406390117,7.643856189774724,0.055895429697776944,0.3137699999999998,0.0,0.004172844285752439,33.00054166666667,ours (θ_loc tilt),0.3,200
regretor,0.0,0.0,equal,ripe,4,0.5,108.43183857803312,302.51123616915936,295.12092266663853,489.77881936844614,7.643418107600346,7.643856189774724,0.055447131432222685,0.31585133333333326,0.0,0.004197652829001342,32.912416666666665,ours (θ_loc tilt),0.3,200
regretor,0.0,0.0,equal,ripe,0,1.0,88.70008123300855,282.8012662496707,269.15348039269156,467.73514128719813,7.641807219303522,7.643856189774724,0.05741213284555524,0.33222900000000005,0.0,0.004747365129199433,35.00224305555555,ours (θ_loc tilt),0.3,200
regretor,0.0,0.0,equal,ripe,1,1.0,87.11017704299036,281.1979209543153,269.15348039269156,467.73514128719813,7.641609870313012,7.643856189774724,0.056696513032221674,0.3381676666666666,0.0,0.004705811692331926,35.25940972222222,ours (θ_loc tilt),0.3,200
regretor,0.0,0.0,equal,ripe,2,1.0,89.34369736029429,283.4476407117305,269.15348039269156,467.73514128719813,7.642117837613791,7.643856189774724,0.05738623969444445,0.33997066666666664,0.0,0.004868060255748841,35.17477083333333,ours (θ_loc tilt),0.3,200
regretor,0.0,0.0,equal,ripe,3,1.0,88.09215479548116,282.1765776311079,269.15348039269156,467.73514128719813,7.640641811991698,7.643856189774724,0.05661337720666637,0.3348533333333333,0.0,0.004931393502044084,35.17966666666667,ours (θ_loc tilt),0.3,200
regretor,0.0,0.0,equal,ripe,4,1.0,90.49881863852096,284.59466537835794,269.15348039269156,467.73514128719813,7.640291981987903,7.643856189774724,0.05689858600111042,0.33595866666666674,0.0,0.004991606814714046,34.98286805555556,ours (θ_loc tilt),0.3,200
regretor,0.0,0.0,equal,ripe,0,2.0,63.241209390354996,257.6452434087925,245.470891568503,407.38027780411284,7.621786150654734,7.643856189774724,0.06519465499111199,0.585962,0.0,0.006418300435310073,38.5224375,ours (θ_loc tilt),0.3,200
regretor,0.0,0.0,equal,ripe,1,2.0,61.58052562497298,256.030992215509,245.470891568503,407.38027780411284,7.621778187417053,7.643856189774724,0.06599331880333503,0.561157,0.0,0.006199664935757098,38.82032638888889,ours (θ_loc tilt),0.3,200
regretor,0.0,0.0,equal,ripe,2,2.0,60.99537953450007,255.6818630076057,245.470891568503,407.38027780411284,7.623295593985627,7.643856189774724,0.06844959307222176,0.5920219999999999,0.0,0.006629820263307136,38.95938888888889,ours (θ_loc tilt),0.3,200
regretor,0.0,0.0,equal,ripe,3,2.0,62.73827668108775,257.03194514001984,245.470891568503,407.38027780411284,7.614103711741563,7.643856189774724,0.06587195571444515,0.5541876666666666,0.0,0.006740665237231411,38.70359722222222,ours (θ_loc tilt),0.3,200
regretor,0.0,0.0,equal,ripe,4,2.0,64.1563082594326,258.60959787698476,245.470891568503,426.57951880159254,7.618216849942146,7.643856189774724,0.07091819849222158,0.5843683333333335,0.0,0.006543898206505194,38.585861111111114,ours (θ_loc tilt),0.3,200
regretor,0.0,0.0,equal,ripe,2,3.0,51.4096406778219,314.12664751486403,234.4228815319923,426.57951880159254,7.601283580909337,7.643856189774724,0.08701805751555547,0.8472299999999999,0.0,0.00800688427337196,40.39536111111111,ours (θ_loc tilt),0.3,200
regretor,0.0,0.0,equal,ripe,3,3.0,53.40589512251998,288.37393310665533,234.4228815319923,389.0451449942807,7.580135005419993,7.643856189774724,0.08061463114111,0.823957,0.0,0.00817161400487788,39.97665277777778,ours (θ_loc tilt),0.3,200
regretor,0.0,0.0,equal,ripe,0,3.0,53.85492249549728,271.71213617079195,234.4228815319923,389.0451449942807,7.595854373691857,7.643856189774724,0.07304999879999996,0.830269333333333,0.0,0.007746514133631895,39.76654861111111,ours (θ_loc tilt),0.3,200
regretor,0.0,0.0,equal,ripe,1,3.0,51.94380897715792,285.3305074295918,234.4228815319923,389.0451449942807,7.599704112219192,7.643856189774724,0.08017393483333324,0.8202153333333333,0.0,0.0073851397421204595,40.182319444444445,ours (θ_loc tilt),0.3,200
regretor,0.0,0.0,equal,ripe,4,3.0,54.37240748622399,296.4983922936599,234.4228815319923,426.57951880159254,7.595178405000495,7.643856189774724,0.0904295283233354,0.8477619999999999,0.0,0.007803435969067832,39.92859027777777,ours (θ_loc tilt),0.3,200
regretor,0.0,0.0,equal,ripe,0,4.0,52.51376154138326,280.5858888961205,234.4228815319923,407.38027780411284,7.592393135019196,7.643856189774724,0.07581121612111175,0.9096263333333329,0.0,0.007761334209480063,39.96432638888889,ours (θ_loc tilt),0.3,200
larmix,0.2,0.0,equal,ripe,0,0.0,19.521582338611516,213.46024294665904,204.17379446695296,309.0295432513591,3.674511875030512,7.643856189774724,0.039707466666665026,0.3079666666666666,0.0,0.05756458004037396,0.0,LARMix,0.3,200
larmix,0.2,0.0,equal,ripe,1,0.0,20.126687052904998,214.0712269683048,204.17379446695296,338.84415613920254,3.7504050028217377,7.643856189774724,0.03975899999999988,0.3079,0.0,0.058636156499167494,0.0,LARMix,0.3,200
larmix,0.2,0.0,equal,ripe,2,0.0,20.49706419354537,214.44228056519358,204.17379446695296,323.59365692962825,3.9404395143446735,7.643856189774724,0.039760266666666544,0.30993333333333334,0.0,0.05426986530903323,0.0,LARMix,0.3,200
larmix,0.2,0.0,equal,ripe,3,0.0,22.896136972096194,216.8514882759303,204.17379446695296,338.84415613920254,3.920072458355061,7.643856189774724,0.04010137777777767,0.3101333333333333,0.0,0.054374821306280186,0.0,LARMix,0.3,200
regretor,0.0,0.0,equal,ripe,1,4.0,50.859251918442375,295.5104379744884,234.4228815319923,426.57951880159254,7.595240127900982,7.643856189774724,0.08447862988555488,0.8776259999999995,0.0,0.007441643122543265,40.340631944444446,ours (θ_loc tilt),0.3,200
regretor,0.0,0.0,equal,ripe,2,4.0,49.87699260536487,347.79017140481585,234.4228815319923,1174.897554939529,7.596489131537519,7.643856189774724,0.09290611405333338,0.886048333333333,0.0,0.008352991230130908,40.617333333333335,ours (θ_loc tilt),0.3,200
larmix,0.2,0.0,equal,ripe,4,0.0,26.014079349458243,219.9647455555844,204.17379446695296,338.84415613920254,3.8089020551244994,7.643856189774724,0.039919577777778326,0.30843333333333334,0.0,0.05863607431715169,0.0,LARMix,0.3,200
larmix,0.4,0.0,equal,ripe,0,0.0,20.60746293308354,214.5480328348295,204.17379446695296,323.59365692962825,4.810018568845918,7.643856189774724,0.03981988888888899,0.3097333333333333,0.0,0.04681032548697459,0.0,LARMix,0.3,200
larmix,0.4,0.0,equal,ripe,1,0.0,21.31230353948595,215.25420334078186,204.17379446695296,338.84415613920254,4.927067324711387,7.643856189774724,0.039617377777778184,0.3073666666666666,0.0,0.04375000324766496,0.0,LARMix,0.3,200
larmix,0.4,0.0,equal,ripe,2,0.0,21.6375596929117,215.58458178931136,204.17379446695296,323.59365692962825,5.031351332379419,7.643856189774724,0.039864911111110235,0.30829999999999996,0.0,0.04358413869930595,0.0,LARMix,0.3,200
larmix,0.4,0.0,equal,ripe,3,0.0,23.68159702807734,217.63301786390517,204.17379446695296,338.84415613920254,5.097428151879667,7.643856189774724,0.03995282222222274,0.31066666666666665,0.0,0.043522174828857285,0.0,LARMix,0.3,200
larmix,0.4,0.0,equal,ripe,4,0.0,26.026468582720412,219.9785098920549,204.17379446695296,338.84415613920254,5.001735997536725,7.643856189774724,0.03996959999999983,0.3089333333333333,0.0,0.04369980730273136,0.0,LARMix,0.3,200
larmix,0.6,0.0,equal,ripe,0,0.0,28.077398109523415,222.0145371341783,204.17379446695296,338.84415613920254,6.505195450386976,7.643856189774724,0.03959237777777691,0.3077,0.0,0.02905261363419178,0.0,LARMix,0.3,200
larmix,0.6,0.0,equal,ripe,1,0.0,27.366963693035213,221.31435474177835,204.17379446695296,338.84415613920254,6.614524254732697,7.643856189774724,0.03993106666666635,0.3085666666666666,0.0,0.02697288787951415,0.0,LARMix,0.3,200
regretor,0.0,0.0,equal,ripe,3,4.0,51.988658134844144,310.36511753629793,234.4228815319923,512.8613839913648,7.5747510835166745,7.643856189774724,0.08599469114666736,0.8865133333333333,0.0,0.008132321045678046,40.168458333333334,ours (θ_loc tilt),0.3,200
regretor,0.0,0.0,equal,ripe,4,4.0,52.82305124222723,305.7570598500756,234.4228815319923,512.8613839913648,7.5908597571273,7.643856189774724,0.0950552596888885,0.8889690000000002,0.0,0.007907297441070785,40.144729166666664,ours (θ_loc tilt),0.3,200
larmix,0.6,0.0,equal,ripe,2,0.0,29.181569472543103,223.1272167167104,204.17379446695296,354.8133892335755,6.677590997550942,7.643856189774724,0.039807222222222105,0.31016666666666665,0.0,0.02667082827728155,0.0,LARMix,0.3,200
larmix,0.6,0.0,equal,ripe,3,0.0,30.581708659981405,224.52980742003652,213.79620895022325,354.8133892335755,6.669877509164804,7.643856189774724,0.03977906666666553,0.30929999999999996,0.0,0.02685697418318019,0.0,LARMix,0.3,200
larmix,0.6,0.0,equal,ripe,4,0.0,34.469142533929826,228.41935400578333,213.79620895022325,371.5352290971726,6.655708415510422,7.643856189774724,0.03987560000000068,0.3094666666666666,0.0,0.026597435819390763,0.0,LARMix,0.3,200
larmix,0.8,0.0,equal,ripe,0,0.0,87.86899773583907,281.8080372189834,269.15348039269156,467.73514128719813,7.63234762193165,7.643856189774724,0.039672599999999836,0.30896666666666667,0.0,0.006954799110514521,0.0,LARMix,0.3,200
larmix,0.8,0.0,equal,ripe,1,0.0,87.02137005352193,280.96067737198786,269.15348039269156,467.73514128719813,7.63437071604158,7.643856189774724,0.039529288888888736,0.31346666666666667,0.0,0.006738094161256848,0.0,LARMix,0.3,200
larmix,0.8,0.0,equal,ripe,2,0.0,89.93135142107164,283.8783310454369,269.15348039269156,467.73514128719813,7.635137681034655,7.643856189774724,0.039843333333333675,0.3088333333333333,0.0,0.006654356744153325,0.0,LARMix,0.3,200
larmix,0.8,0.0,equal,ripe,3,0.0,89.34361266045173,283.29536377630717,269.15348039269156,467.73514128719813,7.633975041104334,7.643856189774724,0.039956422222223065,0.30876666666666663,0.0,0.006796807435199545,0.0,LARMix,0.3,200
larmix,0.8,0.0,equal,ripe,4,0.0,90.85733719926773,284.8075853892062,269.15348039269156,467.73514128719813,7.634656515625211,7.643856189774724,0.03985142222222238,0.30926666666666663,0.0,0.006774175899648897,0.0,LARMix,0.3,200
larmix,1.0,0.0,equal,ripe,0,0.0,121.52927482578082,315.4706581797665,309.0295432513591,489.77881936844614,7.643856189774724,7.643856189774724,0.03978117777777701,0.30859999999999993,0.0,0.003374999999999936,0.0,LARMix,0.3,200
larmix,1.0,0.0,equal,ripe,1,0.0,121.68185455010409,315.62527545041974,309.0295432513591,489.77881936844614,7.643856189774724,7.643856189774724,0.039705355555554656,0.3085333333333333,0.0,0.003374999999999936,0.0,LARMix,0.3,200
larmix,1.0,0.0,equal,ripe,2,0.0,124.77744151388667,318.71878036437505,309.0295432513591,489.77881936844614,7.643856189774724,7.643856189774724,0.039528600000000136,0.31009999999999993,0.0,0.003374999999999936,0.0,LARMix,0.3,200
larmix,1.0,0.0,equal,ripe,3,0.0,122.13443454728424,316.09286714233696,309.0295432513591,489.77881936844614,7.643856189774724,7.643856189774724,0.040285533333333845,0.3083666666666666,0.0,0.003374999999999936,0.0,LARMix,0.3,200
larmix,1.0,0.0,equal,ripe,4,0.0,123.6361285266724,317.58747869659203,309.0295432513591,512.8613839913648,7.643856189774724,7.643856189774724,0.03994893333333405,0.30899999999999994,0.0,0.003374999999999936,0.0,LARMix,0.3,200
lamp,0.2,0.0,equal,ripe,0,0.0,41.06753408708095,32335.737817414058,30902.95432513592,61659.50018614822,2.8321271764221456,7.643856189774724,31.977650755555572,30.6692,0.0325,0.12489341988576433,0.0,LAMP-SC,0.3,200
lamp,0.2,0.0,equal,ripe,1,0.0,28.600102020935452,39344.506836252825,30902.95432513592,61659.50018614822,2.380140995894186,7.643856189774724,33.645704111111115,29.195199999999996,0.03,0.14274214244096,0.0,LAMP-SC,0.3,200
lamp,0.2,0.0,equal,ripe,2,0.0,0.8887404890193402,45238.132267558365,61659.50018614822,61659.50018614822,0.4499988683656351,7.643856189774724,75.31484562222231,45.86783333333333,0.0125,0.1499655924693174,0.0,LAMP-SC,0.3,200
lamp,0.2,0.0,equal,ripe,3,0.0,1.7599074804297954,40075.08311885521,30902.95432513592,61659.50018614822,0.5371154533808443,7.643856189774724,58.96922417777779,44.147033333333326,0.0275,0.1497048050732547,0.0,LAMP-SC,0.3,200
lamp,0.2,0.0,equal,ripe,4,0.0,19.079921524696637,35544.52950087188,30902.95432513592,61659.50018614822,2.577010946261499,7.643856189774724,39.49199306666667,33.184866666666665,0.0275,0.1357399761648896,0.0,LAMP-SC,0.3,200
lamp,0.4,0.0,equal,ripe,0,0.0,40.95872704520399,28470.68190858813,30902.95432513592,61659.50018614822,3.931210803160568,7.643856189774724,26.772707311111123,28.886499999999998,0.0275,0.10779104772150465,0.0,LAMP-SC,0.3,200
lamp,0.4,0.0,equal,ripe,1,0.0,28.16780760252498,37889.59170386483,30902.95432513592,61659.50018614822,3.3917391151832135,7.643856189774724,27.602371733333356,26.079266666666665,0.03,0.13138474961428212,0.0,LAMP-SC,0.3,200
lamp,0.4,0.0,equal,ripe,2,0.0,1.5472478361935107,44563.50463509003,61659.50018614822,61659.50018614822,0.9841877046890798,7.643856189774724,72.64513651111125,45.88553333333333,0.015,0.1465817310596989,0.0,LAMP-SC,0.3,200
lamp,0.4,0.0,equal,ripe,3,0.0,2.1177114051541057,39237.949219863025,30902.95432513592,61659.50018614822,1.3196185236310112,7.643856189774724,46.983465933333335,38.55296666666666,0.025,0.14231625432079026,0.0,LAMP-SC,0.3,200
lamp,0.4,0.0,equal,ripe,4,0.0,21.190657735742832,34873.6996396379,30902.95432513592,61659.50018614822,3.7885058828055627,7.643856189774724,27.445807688888912,28.20013333333333,0.0375,0.11989743819020157,0.0,LAMP-SC,0.3,200
lamp,0.6,0.0,equal,ripe,0,0.0,42.05730063148848,20101.091634885084,30902.95432513592,61659.50018614822,5.561482821790902,7.643856189774724,16.332555066666714,23.475133333333332,0.02,0.07186371182014298,0.0,LAMP-SC,0.3,200
lamp,0.6,0.0,equal,ripe,1,0.0,30.50958204618376,29542.59244631266,30902.95432513592,61659.50018614822,4.96243543569197,7.643856189774724,17.802642555555554,20.4378,0.0225,0.09457046078862862,0.0,LAMP-SC,0.3,200
lamp,0.6,0.0,equal,ripe,2,0.0,7.213617790058369,39258.58955811538,30902.95432513592,61659.50018614822,2.69975437493482,7.643856189774724,50.77363766666664,38.57573333333333,0.0225,0.11728300453763338,0.0,LAMP-SC,0.3,200
lamp,0.6,0.0,equal,ripe,3,0.0,6.583865772314755,32579.653033436876,30902.95432513592,61659.50018614822,2.8830414338538137,7.643856189774724,31.58264346666668,30.663133333333327,0.0175,0.10865004059429768,0.0,LAMP-SC,0.3,200
lamp,0.6,0.0,equal,ripe,4,0.0,26.91666543726672,27624.536287624123,30902.95432513592,61659.50018614822,5.55733893756548,7.643856189774724,15.03186633333334,21.088766666666665,0.0325,0.08250141356850478,0.0,LAMP-SC,0.3,200
lamp,0.8,0.0,equal,ripe,0,0.0,48.88634234283045,9213.265422800709,269.15348039269156,61659.50018614822,6.4330166250224625,7.643856189774724,6.02616626666667,14.475499999999998,0.0075,0.03370584205986006,0.0,LAMP-SC,0.3,200
lamp,0.8,0.0,equal,ripe,1,0.0,41.095752161652285,15522.879435287014,295.12092266663853,61659.50018614822,6.200707748874413,7.643856189774724,5.856446311111111,11.729199999999999,0.015,0.043276619224060384,0.0,LAMP-SC,0.3,200
lamp,0.8,0.0,equal,ripe,2,0.0,29.391431437253203,20415.263453847238,30902.95432513592,61659.50018614822,5.427275029830414,7.643856189774724,12.591120177777787,18.145799999999998,0.015,0.05550941342461348,0.0,LAMP-SC,0.3,200
lamp,0.8,0.0,equal,ripe,3,0.0,27.882548996133963,17173.8449701628,309.0295432513591,61659.50018614822,5.5123520485368775,7.643856189774724,7.822950888888887,14.35523333333333,0.015,0.04871039372203653,0.0,LAMP-SC,0.3,200
lamp,0.8,0.0,equal,ripe,4,0.0,39.786744451311414,14091.436430639369,295.12092266663853,61659.50018614822,6.600520599543346,7.643856189774724,4.975148200000001,11.820166666666665,0.02,0.03614811566057898,0.0,LAMP-SC,0.3,200
gwr+lba,0.0,0.0,equal,ripe,0,0.0,12.777611449342848,206.77776964220413,204.17379446695296,269.15348039269156,3.2573878202271613,7.643856189774724,0.04293204444444543,0.34493333333333326,0.0,0.06624507099975965,0.0,OptiMix GWR+LBA,0.3,200
gwr+lba,0.0,0.0,equal,ripe,1,0.0,14.952144192540821,208.90532963209043,204.17379446695296,295.12092266663853,3.35393282276439,7.643856189774724,0.04027511111111037,0.32016666666666665,0.0,0.06504490597105582,0.0,OptiMix GWR+LBA,0.3,200
gwr+lba,0.0,0.0,equal,ripe,2,0.0,13.066234368183519,207.1140716439847,204.17379446695296,281.83829312644536,3.381076843576958,7.643856189774724,0.04522637777777727,0.3372333333333333,0.0,0.06327311312036145,0.0,OptiMix GWR+LBA,0.3,200
gwr+lba,0.0,0.0,equal,ripe,3,0.0,16.377273016450843,210.4246071830224,204.17379446695296,295.12092266663853,3.291620642331296,7.643856189774724,0.04510404444444349,0.3363333333333333,0.0,0.06486446388228884,0.0,OptiMix GWR+LBA,0.3,200
gwr+lba,0.0,0.0,equal,ripe,4,0.0,16.487691311014565,210.52972621479083,204.17379446695296,309.0295432513591,3.4175539441208502,7.643856189774724,0.04491022222222152,0.33786666666666665,0.0,0.06302571611838012,0.0,OptiMix GWR+LBA,0.3,200
gwr+lba,0.2,0.0,equal,ripe,0,0.0,13.169411075351645,207.1535301757047,204.17379446695296,269.15348039269156,3.756372969611119,7.643856189774724,0.04207451111111138,0.3371333333333333,0.0,0.058821491700923566,0.0,OptiMix GWR+LBA,0.3,200
gwr+lba,0.2,0.0,equal,ripe,1,0.0,15.508358340259212,209.4564329986369,204.17379446695296,309.0295432513591,3.9001704544354703,7.643856189774724,0.03997128888889012,0.3144666666666666,0.0,0.057687763077134746,0.0,OptiMix GWR+LBA,0.3,200
gwr+lba,0.2,0.0,equal,ripe,2,0.0,13.836282719065682,207.83342637816213,204.17379446695296,295.12092266663853,3.9369411187501386,7.643856189774724,0.042482599999999815,0.3242333333333333,0.0,0.05545468944112719,0.0,OptiMix GWR+LBA,0.3,200
gwr+lba,0.2,0.0,equal,ripe,3,0.0,17.11936683826717,211.11050051136607,204.17379446695296,295.12092266663853,3.816410550907093,7.643856189774724,0.04208380000000078,0.32416666666666666,0.0,0.0576710082448601,0.0,OptiMix GWR+LBA,0.3,200
gwr+lba,0.2,0.0,equal,ripe,4,0.0,17.13176796438917,211.135730468374,204.17379446695296,309.0295432513591,3.9000325329388206,7.643856189774724,0.042780688888888196,0.32623333333333326,0.0,0.05580243754207152,0.0,OptiMix GWR+LBA,0.3,200
gwr+lba,0.4,0.0,equal,ripe,0,0.0,13.878364345058122,207.8409271218412,204.17379446695296,269.15348039269156,4.391168561685061,7.643856189774724,0.04095075555555683,0.3234333333333333,0.0,0.05042962217851808,0.0,OptiMix GWR+LBA,0.3,200
gwr+lba,0.4,0.0,equal,ripe,1,0.0,16.32474305313256,210.27061204911166,204.17379446695296,309.0295432513591,4.6000566762659405,7.643856189774724,0.03983477777777922,0.31189999999999996,0.0,0.048490838310426436,0.0,OptiMix GWR+LBA,0.3,200
gwr+lba,0.4,0.0,equal,ripe,2,0.0,14.998610702980658,208.96159099560592,204.17379446695296,295.12092266663853,4.624970806274758,7.643856189774724,0.04067057777777583,0.3182333333333333,0.0,0.04713108980105402,0.0,OptiMix GWR+LBA,0.3,200
gwr+lba,0.4,0.0,equal,ripe,3,0.0,18.17782396430972,212.14109557238996,204.17379446695296,295.12092266663853,4.511688756901416,7.643856189774724,0.04053635555555579,0.31726666666666664,0.0,0.04883011145596043,0.0,OptiMix GWR+LBA,0.3,200
gwr+lba,0.4,0.0,equal,ripe,4,0.0,18.017098364878994,211.99697425510865,204.17379446695296,309.0295432513591,4.534623130395616,7.643856189774724,0.04146599999999889,0.3189333333333333,0.0,0.04746051252506438,0.0,OptiMix GWR+LBA,0.3,200
gwr+lba,0.6,0.0,equal,ripe,0,0.0,15.781643971046474,209.72792702849807,204.17379446695296,281.83829312644536,5.312689824293759,7.643856189774724,0.04007164444444489,0.3160666666666666,0.0,0.04048147820880054,0.0,OptiMix GWR+LBA,0.3,200
gwr+lba,0.6,0.0,equal,ripe,1,0.0,17.568786658410872,211.51247248588197,204.17379446695296,309.0295432513591,5.53506528028696,7.643856189774724,0.03971426666666722,0.3094,0.0,0.038036947681350845,0.0,OptiMix GWR+LBA,0.3,200
gwr+lba,0.6,0.0,equal,ripe,2,0.0,17.058800655055098,211.0140443709805,204.17379446695296,295.12092266663853,5.524542740987474,7.643856189774724,0.04031682222222299,0.31116666666666665,0.0,0.03740191386874943,0.0,OptiMix GWR+LBA,0.3,200
gwr+lba,0.6,0.0,equal,ripe,3,0.0,19.78151379286151,213.73819496975298,204.17379446695296,309.0295432513591,5.498019403792941,7.643856189774724,0.040202822222224155,0.31153333333333333,0.0,0.03871437081294749,0.0,OptiMix GWR+LBA,0.3,200
gwr+lba,0.6,0.0,equal,ripe,4,0.0,20.12043686519597,214.07547108083213,204.17379446695296,309.0295432513591,5.400992186122705,7.643856189774724,0.04016417777777859,0.31366666666666665,0.0,0.03942462163710034,0.0,OptiMix GWR+LBA,0.3,200
gwr+lba,0.8,0.0,equal,ripe,0,0.0,25.023057635672863,218.96788304254846,204.17379446695296,323.59365692962825,6.670301932334293,7.643856189774724,0.039978866666667834,0.30839999999999995,0.0,0.026982661226398807,0.0,OptiMix GWR+LBA,0.3,200
gwr+lba,0.8,0.0,equal,ripe,1,0.0,25.442209810466196,219.38792735677495,204.17379446695296,338.84415613920254,6.781500572592352,7.643856189774724,0.03982922222222207,0.3088666666666666,0.0,0.02524680586266458,0.0,OptiMix GWR+LBA,0.3,200
gwr+lba,0.8,0.0,equal,ripe,2,0.0,25.490614283863874,219.43887150539706,204.17379446695296,338.84415613920254,6.815384343087744,7.643856189774724,0.03985842222222269,0.3102333333333333,0.0,0.024933144991523527,0.0,OptiMix GWR+LBA,0.3,200
gwr+lba,0.8,0.0,equal,ripe,3,0.0,28.08972687633327,222.04024227680122,213.79620895022325,338.84415613920254,6.761737798634799,7.643856189774724,0.039909377777778365,0.3086333333333333,0.0,0.02667430056439305,0.0,OptiMix GWR+LBA,0.3,200
gwr+lba,0.8,0.0,equal,ripe,4,0.0,29.63940154344135,223.58630624479662,213.79620895022325,354.8133892335755,6.785968066759999,7.643856189774724,0.03971586666666593,0.30979999999999996,0.0,0.025880845226974213,0.0,OptiMix GWR+LBA,0.3,200
gpr+lba,0.0,0.0,equal,ripe,0,0.0,19.293460916975626,213.23977010695822,204.17379446695296,309.0295432513591,6.480671030535873,7.643856189774724,0.04004211111111111,0.3174333333333333,0.0,0.023404755071866436,0.0,OptiMix GPR+LBA,0.3,200
gpr+lba,0.0,0.0,equal,ripe,1,0.0,18.310716364504312,212.25303726767262,204.17379446695296,323.59365692962825,6.442890710568886,7.643856189774724,0.039711288888888197,0.3109,0.0,0.02501820514382469,0.0,OptiMix GPR+LBA,0.3,200
gpr+lba,0.0,0.0,equal,ripe,2,0.0,17.04924460592762,211.00673911236996,204.17379446695296,295.12092266663853,6.409737520764716,7.643856189774724,0.040384799999999554,0.31356666666666666,0.0,0.025383564633361555,0.0,OptiMix GPR+LBA,0.3,200
gpr+lba,0.0,0.0,equal,ripe,3,0.0,20.814196517698832,214.76257218940967,204.17379446695296,309.0295432513591,6.462256358448713,7.643856189774724,0.03978917777777702,0.31076666666666664,0.0,0.02494283385798379,0.0,OptiMix GPR+LBA,0.3,200
gpr+lba,0.0,0.0,equal,ripe,4,0.0,21.90277938034393,215.85318936409965,204.17379446695296,338.84415613920254,6.340268200747032,7.643856189774724,0.03984655555555627,0.3096,0.0,0.026946834920047964,0.0,OptiMix GPR+LBA,0.3,200
gpr+lba,0.2,0.0,equal,ripe,0,0.0,21.240962896057276,215.18723033832845,204.17379446695296,309.0295432513591,6.751967971189952,7.643856189774724,0.040031577777778216,0.3113333333333333,0.0,0.020608409264375464,0.0,OptiMix GPR+LBA,0.3,200
gpr+lba,0.2,0.0,equal,ripe,1,0.0,20.059898045934695,214.00224686642892,204.17379446695296,323.59365692962825,6.737533691077599,7.643856189774724,0.03970020000000063,0.30829999999999996,0.0,0.021804046809220552,0.0,OptiMix GPR+LBA,0.3,200
gpr+lba,0.2,0.0,equal,ripe,2,0.0,18.949058145636023,212.90307383835054,204.17379446695296,295.12092266663853,6.7062194223766305,7.643856189774724,0.0401853111111099,0.3109,0.0,0.02233468461091193,0.0,OptiMix GPR+LBA,0.3,200
gpr+lba,0.2,0.0,equal,ripe,3,0.0,22.715807468965227,216.66184439359668,213.79620895022325,323.59365692962825,6.75107899260885,7.643856189774724,0.03972948888888794,0.3134333333333333,0.0,0.02164126732022649,0.0,OptiMix GPR+LBA,0.3,200
gpr+lba,0.2,0.0,equal,ripe,4,0.0,23.941451778019854,217.89224388935838,204.17379446695296,338.84415613920254,6.643132297714556,7.643856189774724,0.039896755555556274,0.30826666666666663,0.0,0.023685319086137416,0.0,OptiMix GPR+LBA,0.3,200
gpr+lba,0.4,0.0,equal,ripe,0,0.0,24.54051879510301,218.4824154101055,213.79620895022325,323.59365692962825,7.0400232935546505,7.643856189774724,0.039775088888888366,0.3110333333333333,0.0,0.017209164659913685,0.0,OptiMix GPR+LBA,0.3,200
gpr+lba,0.4,0.0,equal,ripe,1,0.0,23.098777706048153,217.04595089380956,213.79620895022325,323.59365692962825,7.052419520128544,7.643856189774724,0.03992575555555655,0.3082333333333333,0.0,0.018054330162741862,0.0,OptiMix GPR+LBA,0.3,200
gpr+lba,0.4,0.0,equal,ripe,2,0.0,21.99061322211036,215.9371902812525,213.79620895022325,309.0295432513591,7.017370015966846,7.643856189774724,0.039820644444443776,0.3096333333333333,0.0,0.01894585856082962,0.0,OptiMix GPR+LBA,0.3,200
gpr+lba,0.4,0.0,equal,ripe,3,0.0,25.83455411159987,219.7851971067861,213.79620895022325,323.59365692962825,7.053009056643316,7.643856189774724,0.03984182222222321,0.30979999999999996,0.0,0.018181194371036248,0.0,OptiMix GPR+LBA,0.3,200
gpr+lba,0.4,0.0,equal,ripe,4,0.0,27.39527604532709,221.34322041974934,213.79620895022325,354.8133892335755,6.974866187126654,7.643856189774724,0.03974806666666675,0.3116333333333333,0.0,0.019730317881390527,0.0,OptiMix GPR+LBA,0.3,200
gpr+lba,0.6,0.0,equal,ripe,0,0.0,31.177315931133332,225.1215953181474,213.79620895022325,354.8133892335755,7.327706890309475,7.643856189774724,0.03996313333333301,0.3103666666666666,0.0,0.013476010814175867,0.0,OptiMix GPR+LBA,0.3,200
gpr+lba,0.6,0.0,equal,ripe,1,0.0,29.063907613944558,223.00611073740788,213.79620895022325,338.84415613920254,7.354455612151367,7.643856189774724,0.03967702222222358,0.3092,0.0,0.013544355886308423,0.0,OptiMix GPR+LBA,0.3,200
gpr+lba,0.6,0.0,equal,ripe,2,0.0,27.673871547321856,221.618891321397,213.79620895022325,338.84415613920254,7.3121599893884115,7.643856189774724,0.03970822222222137,0.30906666666666666,0.0,0.014667479093459838,0.0,OptiMix GPR+LBA,0.3,200
gpr+lba,0.6,0.0,equal,ripe,3,0.0,31.744251185333933,225.6922765254576,213.79620895022325,354.8133892335755,7.337978101796838,7.643856189774724,0.03977786666666705,0.3093333333333333,0.0,0.014203560325764659,0.0,OptiMix GPR+LBA,0.3,200
gpr+lba,0.6,0.0,equal,ripe,4,0.0,34.08020122034601,228.03027232614872,213.79620895022325,371.5352290971726,7.302002358546706,7.643856189774724,0.03989275555555727,0.30966666666666665,0.0,0.01478768033272975,0.0,OptiMix GPR+LBA,0.3,200
gpr+lba,0.8,0.0,equal,ripe,0,0.0,50.38288770361731,244.32862371183737,223.872113856834,389.0451449942807,7.578050947900806,7.643856189774724,0.04001317777777702,0.31229999999999997,0.0,0.008585769018050835,0.0,OptiMix GPR+LBA,0.3,200
gpr+lba,0.8,0.0,equal,ripe,1,0.0,45.301786937651286,239.24658830961894,223.872113856834,389.0451449942807,7.583895123119942,7.643856189774724,0.0397595111111102,0.30899999999999994,0.0,0.008435798271070579,0.0,OptiMix GPR+LBA,0.3,200
gpr+lba,0.8,0.0,equal,ripe,2,0.0,43.13433470898246,237.083416698148,223.872113856834,371.5352290971726,7.5622712797197735,7.643856189774724,0.0399386666666659,0.3079666666666666,0.0,0.009291913547935963,0.0,OptiMix GPR+LBA,0.3,200
gpr+lba,0.8,0.0,equal,ripe,3,0.0,48.38735030954446,242.33753367071066,223.872113856834,389.0451449942807,7.5732435235137645,7.643856189774724,0.03988488888888808,0.3106333333333333,0.0,0.00900094566000457,0.0,OptiMix GPR+LBA,0.3,200
gpr+lba,0.8,0.0,equal,ripe,4,0.0,50.86854796905514,244.81786103219338,223.872113856834,407.38027780411284,7.559193589420083,7.643856189774724,0.03982688888888952,0.3081,0.0,0.009246180803751575,0.0,OptiMix GPR+LBA,0.3,200
ssr+lba,0.0,0.0,equal,ripe,0,0.0,58.312603562951196,252.2512651115322,234.4228815319923,426.57951880159254,7.400721463306682,7.643856189774724,0.03969495555555613,0.3098333333333333,0.0,0.0157529211539753,0.0,OptiMix SSR+LBA,0.3,200
ssr+lba,0.0,0.0,equal,ripe,1,0.0,56.811422530948576,250.75136708563693,223.872113856834,426.57951880159254,7.431228326573928,7.643856189774724,0.039514711111111156,0.3083666666666666,0.0,0.015446262827993005,0.0,OptiMix SSR+LBA,0.3,200
ssr+lba,0.0,0.0,equal,ripe,2,0.0,57.25341183997731,251.19642498014414,223.872113856834,426.57951880159254,7.4382411042575995,7.643856189774724,0.039633622222222,0.30966666666666665,0.0,0.015328998473563804,0.0,OptiMix SSR+LBA,0.3,200
ssr+lba,0.0,0.0,equal,ripe,3,0.0,61.668691616314725,255.61656074045962,234.4228815319923,446.683592150963,7.4344931805783245,7.643856189774724,0.0397697555555554,0.30993333333333334,0.0,0.015878074365515655,0.0,OptiMix SSR+LBA,0.3,200
ssr+lba,0.0,0.0,equal,ripe,4,0.0,61.231358768258175,255.1744470352997,234.4228815319923,446.683592150963,7.451391392086989,7.643856189774724,0.0395085555555561,0.3110333333333333,0.0,0.014910232281423411,0.0,OptiMix SSR+LBA,0.3,200
ssr+lba,0.2,0.0,equal,ripe,0,0.0,72.72412988498557,266.66514042616774,245.470891568503,446.683592150963,7.568145079956945,7.643856189774724,0.03978344444444426,0.3081333333333333,0.0,0.01047778422589336,0.0,OptiMix SSR+LBA,0.3,200
ssr+lba,0.2,0.0,equal,ripe,1,0.0,71.09198645968605,265.0416588307853,245.470891568503,446.683592150963,7.579649737498682,7.643856189774724,0.03999842222222161,0.3103666666666666,0.0,0.010365758757760312,0.0,OptiMix SSR+LBA,0.3,200
ssr+lba,0.2,0.0,equal,ripe,2,0.0,71.57957744043547,265.53062687180045,245.470891568503,446.683592150963,7.5803455421563,7.643856189774724,0.04004557777777884,0.3116333333333333,0.0,0.010354927964801324,0.0,OptiMix SSR+LBA,0.3,200
ssr+lba,0.2,0.0,equal,ripe,3,0.0,75.16119672203985,269.1103612954896,257.03957827688635,467.73514128719813,7.578882939338055,7.643856189774724,0.03982224444444471,0.30929999999999996,0.0,0.010571668850009345,0.0,OptiMix SSR+LBA,0.3,200
ssr+lba,0.2,0.0,equal,ripe,4,0.0,75.00912566571301,268.96307003912455,257.03957827688635,467.73514128719813,7.585635677861087,7.643856189774724,0.04002246666666576,0.30843333333333334,0.0,0.01013609309636784,0.0,OptiMix SSR+LBA,0.3,200
ssr+lba,0.4,0.0,equal,ripe,0,0.0,89.25785191644978,283.1970915873677,269.15348039269156,467.73514128719813,7.63337313053599,7.643856189774724,0.03967922222222264,0.30899999999999994,0.0,0.006597712953185874,0.0,OptiMix SSR+LBA,0.3,200
ssr+lba,0.4,0.0,equal,ripe,1,0.0,87.53551417187632,281.478280627656,269.15348039269156,467.73514128719813,7.634968182354818,7.643856189774724,0.03969040000000046,0.30906666666666666,0.0,0.006653427251486011,0.0,OptiMix SSR+LBA,0.3,200
ssr+lba,0.4,0.0,equal,ripe,2,0.0,88.68139170855164,282.6247705766046,269.15348039269156,467.73514128719813,7.634694913300747,7.643856189774724,0.03968204444444412,0.3097333333333333,0.0,0.006714439543405735,0.0,OptiMix SSR+LBA,0.3,200
ssr+lba,0.4,0.0,equal,ripe,3,0.0,90.37423945340424,284.32584978691915,269.15348039269156,467.73514128719813,7.633860353762559,7.643856189774724,0.039989222222222454,0.31116666666666665,0.0,0.006783386605512622,0.0,OptiMix SSR+LBA,0.3,200
ssr+lba,0.4,0.0,equal,ripe,4,0.0,90.94653440641251,284.890853265288,269.15348039269156,489.77881936844614,7.635162454763775,7.643856189774724,0.039557911111110844,0.30889999999999995,0.0,0.006646169783649909,0.0,OptiMix SSR+LBA,0.3,200
ssr+lba,0.6,0.0,equal,ripe,0,0.0,103.84321983870306,297.79352360211755,295.12092266663853,489.77881936844614,7.643401778860482,7.643856189774724,0.040265200000000556,0.3083666666666666,0.0,0.004575150104479855,0.0,OptiMix SSR+LBA,0.3,200
ssr+lba,0.6,0.0,equal,ripe,1,0.0,102.48452181329377,296.42867807974676,281.83829312644536,489.77881936844614,7.643424282372277,7.643856189774724,0.03971884444444429,0.3084666666666666,0.0,0.004643376519647236,0.0,OptiMix SSR+LBA,0.3,200
ssr+lba,0.6,0.0,equal,ripe,2,0.0,104.49270807536331,298.4339974380225,295.12092266663853,489.77881936844614,7.64341218467224,7.643856189774724,0.03953333333333342,0.30849999999999994,0.0,0.004689946593614121,0.0,OptiMix SSR+LBA,0.3,200
ssr+lba,0.6,0.0,equal,ripe,3,0.0,104.16018455906091,298.1095465523761,295.12092266663853,489.77881936844614,7.643265549827045,7.643856189774724,0.039831666666667154,0.3081,0.0,0.004704680771964198,0.0,OptiMix SSR+LBA,0.3,200
ssr+lba,0.6,0.0,equal,ripe,4,0.0,105.26436704371737,299.21675448935343,295.12092266663853,489.77881936844614,7.643303357051584,7.643856189774724,0.039980288888888715,0.3105333333333333,0.0,0.004701339489303067,0.0,OptiMix SSR+LBA,0.3,200
ssr+lba,0.8,0.0,equal,ripe,0,0.0,114.16275142721746,308.1007574241853,295.12092266663853,489.77881936844614,7.643849495953616,7.643856189774724,0.039691711111110584,0.30889999999999995,0.0,0.0037410407847150947,0.0,OptiMix SSR+LBA,0.3,200
ssr+lba,0.8,0.0,equal,ripe,1,0.0,113.71984767406072,307.6643892868391,295.12092266663853,489.77881936844614,7.64384907358558,7.643856189774724,0.03975657777777797,0.30953333333333327,0.0,0.003781312994257196,0.0,OptiMix SSR+LBA,0.3,200
ssr+lba,0.8,0.0,equal,ripe,2,0.0,116.45421640701129,310.3969512776867,309.0295432513591,489.77881936844614,7.643849919629274,7.643856189774724,0.039627488888887674,0.3079333333333333,0.0,0.003787789957403418,0.0,OptiMix SSR+LBA,0.3,200
ssr+lba,0.8,0.0,equal,ripe,3,0.0,114.60198383779952,308.55195872469955,295.12092266663853,489.77881936844614,7.643843280485566,7.643856189774724,0.03989111111111088,0.3088333333333333,0.0,0.0038001969755431402,0.0,OptiMix SSR+LBA,0.3,200
ssr+lba,0.8,0.0,equal,ripe,4,0.0,115.86487624605873,309.81677537861754,309.0295432513591,489.77881936844614,7.643842385583546,7.643856189774724,0.0399519333333338,0.3088666666666666,0.0,0.00381188379789588,0.0,OptiMix SSR+LBA,0.3,200
gwr+lba+crg,0.0,0.05,equal,ripe,0,0.0,104.9253226271592,298.90329028676433,295.12092266663853,489.77881936844614,7.633534648789228,7.643856189774724,0.041706844444443725,0.3348333333333333,0.0,0.007167455326135504,0.0,OptiMix GWR+LBA+CRG(θ=.05),0.3,200
gwr+lba+crg,0.0,0.05,equal,ripe,1,0.0,104.32779583479291,298.31865797762856,295.12092266663853,489.77881936844614,7.632417574889897,7.643856189774724,0.042152622222222824,0.3432,0.0,0.007246793541078482,0.0,OptiMix GWR+LBA+CRG(θ=.05),0.3,200
gwr+lba+crg,0.0,0.05,equal,ripe,2,0.0,106.79099232679005,300.7808679634058,295.12092266663853,489.77881936844614,7.6327990414480205,7.643856189774724,0.04203191111111115,0.3380666666666666,0.0,0.007087214515741997,0.0,OptiMix GWR+LBA+CRG(θ=.05),0.3,200
gwr+lba+crg,0.0,0.05,equal,ripe,3,0.0,105.11445624273881,299.10194865552677,295.12092266663853,489.77881936844614,7.6326833320402265,7.643856189774724,0.04180826666666704,0.33599999999999997,0.0,0.007169031634920652,0.0,OptiMix GWR+LBA+CRG(θ=.05),0.3,200
gwr+lba+crg,0.0,0.05,equal,ripe,4,0.0,106.11740496580848,300.11510449045335,295.12092266663853,489.77881936844614,7.632752870569634,7.643856189774724,0.04233140000000013,0.34509999999999996,0.0,0.007139575297266845,0.0,OptiMix GWR+LBA+CRG(θ=.05),0.3,200
gwr+lba+crg,0.2,0.05,equal,ripe,0,0.0,103.37940209833458,297.37237359405464,295.12092266663853,489.77881936844614,7.6322728957228785,7.643856189774724,0.042456600000000844,0.3418666666666666,0.0,0.007127411170983235,0.0,OptiMix GWR+LBA+CRG(θ=.05),0.3,200
gwr+lba+crg,0.2,0.05,equal,ripe,1,0.0,102.98315978778618,296.98336762133135,295.12092266663853,489.77881936844614,7.631650819745111,7.643856189774724,0.04262995555555449,0.3470333333333333,0.0,0.007182060252291145,0.0,OptiMix GWR+LBA+CRG(θ=.05),0.3,200
gwr+lba+crg,0.2,0.05,equal,ripe,2,0.0,105.37644063135738,299.3794763982947,295.12092266663853,489.77881936844614,7.6322086801829805,7.643856189774724,0.0427517333333336,0.34426666666666667,0.0,0.007011069209436881,0.0,OptiMix GWR+LBA+CRG(θ=.05),0.3,200
gwr+lba+crg,0.2,0.05,equal,ripe,3,0.0,103.50531426524014,297.50528034320723,295.12092266663853,489.77881936844614,7.631497983867193,7.643856189774724,0.04252180000000094,0.34119999999999995,0.0,0.007139842116431955,0.0,OptiMix GWR+LBA+CRG(θ=.05),0.3,200
gwr+lba+crg,0.2,0.05,equal,ripe,4,0.0,104.5343326545447,298.5436235253272,295.12092266663853,489.77881936844614,7.6312948590488965,7.643856189774724,0.04288975555555541,0.3432333333333333,0.0,0.007111311547869821,0.0,OptiMix GWR+LBA+CRG(θ=.05),0.3,200
gwr+lba+crg,0.4,0.05,equal,ripe,0,0.0,101.43651879205507,295.4550089221069,281.83829312644536,489.77881936844614,7.630801840789884,7.643856189774724,0.04372924444444526,0.3468666666666666,0.0,0.007105329866452842,0.0,OptiMix GWR+LBA+CRG(θ=.05),0.3,200
gwr+lba+crg,0.4,0.05,equal,ripe,1,0.0,100.88580122532298,294.90480230803615,281.83829312644536,489.77881936844614,7.630517620887706,7.643856189774724,0.043568199999999946,0.3519333333333333,0.0,0.007110439181209381,0.0,OptiMix GWR+LBA+CRG(θ=.05),0.3,200
gwr+lba+crg,0.4,0.05,equal,ripe,2,0.0,103.26369135817389,297.27642402265656,295.12092266663853,489.77881936844614,7.6315804925679345,7.643856189774724,0.04325051111111189,0.34433333333333327,0.0,0.006960223856842203,0.0,OptiMix GWR+LBA+CRG(θ=.05),0.3,200
gwr+lba+crg,0.4,0.05,equal,ripe,3,0.0,101.45950309530924,295.4723386693757,281.83829312644536,489.77881936844614,7.630089670904076,7.643856189774724,0.0431756666666665,0.3416333333333333,0.0,0.0070705143887695955,0.0,OptiMix GWR+LBA+CRG(θ=.05),0.3,200
gwr+lba+crg,0.4,0.05,equal,ripe,4,0.0,102.39892060751035,296.4297672993232,281.83829312644536,489.77881936844614,7.629777659535796,7.643856189774724,0.04402197777777794,0.34483333333333327,0.0,0.007034738237557367,0.0,OptiMix GWR+LBA+CRG(θ=.05),0.3,200
gwr+lba+crg,0.6,0.05,equal,ripe,0,0.0,98.48167453889428,292.5363528843728,281.83829312644536,489.77881936844614,7.629224610647839,7.643856189774724,0.04563700000000015,0.3506666666666666,0.0,0.006987950162006611,0.0,OptiMix GWR+LBA+CRG(θ=.05),0.3,200
gwr+lba+crg,0.6,0.05,equal,ripe,1,0.0,97.52876734261748,291.58686651382914,281.83829312644536,489.77881936844614,7.628893971989289,7.643856189774724,0.04556746666666678,0.36019999999999996,0.0,0.007011849569191046,0.0,OptiMix GWR+LBA+CRG(θ=.05),0.3,200
gwr+lba+crg,0.6,0.05,equal,ripe,2,0.0,100.06682861939034,294.0972659356127,281.83829312644536,489.77881936844614,7.630894275422239,7.643856189774724,0.044185799999999276,0.33846666666666664,0.0,0.006865083985261764,0.0,OptiMix GWR+LBA+CRG(θ=.05),0.3,200
gwr+lba+crg,0.6,0.05,equal,ripe,3,0.0,97.97513829595948,292.0185011657728,281.83829312644536,489.77881936844614,7.629100304814067,7.643856189774724,0.044740844444444594,0.3447666666666666,0.0,0.007007279411555116,0.0,OptiMix GWR+LBA+CRG(θ=.05),0.3,200
gwr+lba+crg,0.6,0.05,equal,ripe,4,0.0,99.43148572970665,293.49380658371314,281.83829312644536,489.77881936844614,7.628904808075179,7.643856189774724,0.045681244444444546,0.35366666666666663,0.0,0.006990108721392168,0.0,OptiMix GWR+LBA+CRG(θ=.05),0.3,200
gwr+lba+crg,0.8,0.05,equal,ripe,0,0.0,93.50583635162889,287.622643008732,281.83829312644536,467.73514128719813,7.629535441515122,7.643856189774724,0.04900755555555625,0.3493,0.0,0.006545993145588409,0.0,OptiMix GWR+LBA+CRG(θ=.05),0.3,200
gwr+lba+crg,0.8,0.05,equal,ripe,1,0.0,92.50118976647451,286.6325860046241,281.83829312644536,467.73514128719813,7.62911254620567,7.643856189774724,0.04954842222222178,0.3560666666666666,0.0,0.0065167785597897345,0.0,OptiMix GWR+LBA+CRG(θ=.05),0.3,200
gwr+lba+crg,0.8,0.05,equal,ripe,2,0.0,94.72832324786599,288.8309924126819,281.83829312644536,489.77881936844614,7.631052492739937,7.643856189774724,0.048061533333334516,0.3454666666666666,0.0,0.006454642680495401,0.0,OptiMix GWR+LBA+CRG(θ=.05),0.3,200
gwr+lba+crg,0.8,0.05,equal,ripe,3,0.0,93.32481548380557,287.4167781913464,281.83829312644536,467.73514128719813,7.631071493200409,7.643856189774724,0.04728820000000078,0.3495,0.0,0.006521553644187011,0.0,OptiMix GWR+LBA+CRG(θ=.05),0.3,200
gwr+lba+crg,0.8,0.05,equal,ripe,4,0.0,95.03153918976994,289.14246444781134,281.83829312644536,489.77881936844614,7.629843972176264,7.643856189774724,0.04839051111110981,0.3479,0.0,0.00651423327156995,0.0,OptiMix GWR+LBA+CRG(θ=.05),0.3,200
gwr,0.0,0.0,equal,ripe,0,0.0,3.8069763109356187,31269.18942976649,30902.95432513592,61659.50018614822,2.4738752008995255,7.643856189774724,28.403360866666667,27.20783333333333,0.02,0.12936461760809653,0.0,OptiMix GWR (no LBA),0.3,200
gwr,0.0,0.0,equal,ripe,1,0.0,3.561855137403521,40017.86297113327,61659.50018614822,61659.50018614822,2.578491270169386,7.643856189774724,26.263590311111088,21.782499999999995,0.025,0.14209873136244586,0.0,OptiMix GWR (no LBA),0.3,200
gwr,0.0,0.0,equal,ripe,2,0.0,1.093554006103731,42920.05722081551,61659.50018614822,61659.50018614822,1.9031079994647824,7.643856189774724,38.99521702222221,30.598799999999997,0.035,0.14289447389935733,0.0,OptiMix GWR (no LBA),0.3,200
gwr,0.0,0.0,equal,ripe,3,0.0,1.9670726559058112,35405.016326060235,30902.95432513592,61659.50018614822,2.0446138905380447,7.643856189774724,18.327473577777763,18.98613333333333,0.03,0.1347081877757147,0.0,OptiMix GWR (no LBA),0.3,200
gwr,0.0,0.0,equal,ripe,4,0.0,1.9467164176069343,39969.22762960499,61659.50018614822,61659.50018614822,2.4538902534775837,7.643856189774724,27.136749488888864,21.6772,0.0325,0.13795123739908918,0.0,OptiMix GWR (no LBA),0.3,200
gwr,0.2,0.0,equal,ripe,0,0.0,4.199134202185182,30244.2219433253,30902.95432513592,61659.50018614822,3.134301412078251,7.643856189774724,23.754998644444452,25.81983333333333,0.025,0.11799120480412587,0.0,OptiMix GWR (no LBA),0.3,200
gwr,0.2,0.0,equal,ripe,1,0.0,3.71194378826063,39966.37152461131,61659.50018614822,61659.50018614822,3.1569658961691567,7.643856189774724,23.42948957777776,19.8138,0.03,0.13479032069140712,0.0,OptiMix GWR (no LBA),0.3,200
gwr,0.2,0.0,equal,ripe,2,0.0,1.3226063682183025,42044.48938363045,61659.50018614822,61659.50018614822,2.4502807194635974,7.643856189774724,36.151950866666674,29.567966666666663,0.0375,0.13534420185889212,0.0,OptiMix GWR (no LBA),0.3,200
gwr,0.2,0.0,equal,ripe,3,0.0,2.2199910826308584,34841.01506661676,30902.95432513592,61659.50018614822,2.4880986226047894,7.643856189774724,17.402576422222214,17.6861,0.03,0.1250210747341896,0.0,OptiMix GWR (no LBA),0.3,200
gwr,0.2,0.0,equal,ripe,4,0.0,2.1651153247762904,39681.39798726735,61659.50018614822,61659.50018614822,3.077446998789496,7.643856189774724,21.706427555555578,18.788499999999996,0.0375,0.12953871781971044,0.0,OptiMix GWR (no LBA),0.3,200
gwr,0.4,0.0,equal,ripe,0,0.0,5.07739776182394,27888.42508650319,30902.95432513592,61659.50018614822,3.9328285491987276,7.643856189774724,18.969566955555557,23.859433333333328,0.0275,0.10373329888491198,0.0,OptiMix GWR (no LBA),0.3,200
gwr,0.4,0.0,equal,ripe,1,0.0,4.184433259456751,37724.695359702084,30902.95432513592,61659.50018614822,3.8190440847417038,7.643856189774724,20.65330015555555,17.705966666666665,0.03,0.12288814644025015,0.0,OptiMix GWR (no LBA),0.3,200
gwr,0.4,0.0,equal,ripe,2,0.0,1.7982091352946303,39207.49599918254,30902.95432513592,61659.50018614822,3.1494027688026422,7.643856189774724,31.05334782222222,26.979733333333332,0.035,0.12342939442400211,0.0,OptiMix GWR (no LBA),0.3,200
gwr,0.4,0.0,equal,ripe,3,0.0,2.7496247531379807,33352.733514680825,30902.95432513592,61659.50018614822,3.0219089061225475,7.643856189774724,16.063809288888898,16.14533333333333,0.03,0.11170280613845347,0.0,OptiMix GWR (no LBA),0.3,200
gwr,0.4,0.0,equal,ripe,4,0.0,2.616039027985775,38199.13868416623,61659.50018614822,61659.50018614822,3.794638229992212,7.643856189774724,17.57216904444444,16.025599999999997,0.04,0.11785931867682575,0.0,OptiMix GWR (no LBA),0.3,200
gwr,0.6,0.0,equal,ripe,0,0.0,7.343635276845835,24063.981275625236,234.4228815319923,61659.50018614822,4.9404752756582235,7.643856189774724,13.766219488888892,20.914966666666665,0.03,0.08446767890887494,0.0,OptiMix GWR (no LBA),0.3,200
gwr,0.6,0.0,equal,ripe,1,0.0,5.701116697869877,33769.475588768335,30902.95432513592,61659.50018614822,4.664336788118146,7.643856189774724,16.898681888888905,15.366566666666666,0.0325,0.10405479925147842,0.0,OptiMix GWR (no LBA),0.3,200
gwr,0.6,0.0,equal,ripe,2,0.0,3.0258736458198343,34767.982832371854,30902.95432513592,61659.50018614822,4.085097877445217,7.643856189774724,23.508187755555575,22.6421,0.035,0.10561235254422507,0.0,OptiMix GWR (no LBA),0.3,200
gwr,0.6,0.0,equal,ripe,3,0.0,4.096279166291794,30337.078084851884,30902.95432513592,61659.50018614822,3.759826149513198,7.643856189774724,13.673644488888902,14.207566666666667,0.03,0.09479610456765414,0.0,OptiMix GWR (no LBA),0.3,200
gwr,0.6,0.0,equal,ripe,4,0.0,3.8344536729180625,33600.54003097878,30902.95432513592,61659.50018614822,4.6867848070023355,7.643856189774724,13.751179511111106,13.385633333333331,0.035,0.10054665123618052,0.0,OptiMix GWR (no LBA),0.3,200
gwr,0.8,0.0,equal,ripe,0,0.0,15.948607378201473,15715.506680262542,223.872113856834,61659.50018614822,6.27176915581862,7.643856189774724,7.49118124444445,15.793566666666663,0.025,0.05525109687553377,0.0,OptiMix GWR (no LBA),0.3,200
gwr,0.8,0.0,equal,ripe,1,0.0,12.248095636214401,23199.69952982439,30902.95432513592,61659.50018614822,5.92747857989742,7.643856189774724,10.434835755555566,12.063666666666665,0.02,0.06901794209124898,0.0,OptiMix GWR (no LBA),0.3,200
gwr,0.8,0.0,equal,ripe,2,0.0,8.234703572875267,25909.579119968377,30902.95432513592,61659.50018614822,5.450294986050931,7.643856189774724,13.512982488888902,16.017766666666663,0.0275,0.07422022283299672,0.0,OptiMix GWR (no LBA),0.3,200
gwr,0.8,0.0,equal,ripe,3,0.0,9.751104925753829,23982.24664029368,30902.95432513592,61659.50018614822,4.969882462598132,7.643856189774724,9.14709562222223,11.298299999999998,0.0275,0.06942420584339234,0.0,OptiMix GWR (no LBA),0.3,200
gwr,0.8,0.0,equal,ripe,4,0.0,9.0282856946754,26139.2471956498,30902.95432513592,61659.50018614822,5.896280707990242,7.643856189774724,8.754964933333328,10.358133333333333,0.0325,0.07160949388542978,0.0,OptiMix GWR (no LBA),0.3,200
uniform,1.0,0.0,equal,ripe,0,0.0,121.52927482578082,315.4706581797665,309.0295432513591,489.77881936844614,7.643856189774724,7.643856189774724,0.03978117777777701,0.30859999999999993,0.0,0.003374999999999936,0.0,uniform (Nym default),0.3,200
uniform,1.0,0.0,equal,ripe,1,0.0,121.68185455010409,315.62527545041974,309.0295432513591,489.77881936844614,7.643856189774724,7.643856189774724,0.039705355555554656,0.3085333333333333,0.0,0.003374999999999936,0.0,uniform (Nym default),0.3,200
uniform,1.0,0.0,equal,ripe,2,0.0,124.77744151388667,318.71878036437505,309.0295432513591,489.77881936844614,7.643856189774724,7.643856189774724,0.039528600000000136,0.31009999999999993,0.0,0.003374999999999936,0.0,uniform (Nym default),0.3,200
uniform,1.0,0.0,equal,ripe,3,0.0,122.13443454728424,316.09286714233696,309.0295432513591,489.77881936844614,7.643856189774724,7.643856189774724,0.040285533333333845,0.3083666666666666,0.0,0.003374999999999936,0.0,uniform (Nym default),0.3,200
uniform,1.0,0.0,equal,ripe,4,0.0,123.6361285266724,317.58747869659203,309.0295432513591,512.8613839913648,7.643856189774724,7.643856189774724,0.03994893333333405,0.30899999999999994,0.0,0.003374999999999936,0.0,uniform (Nym default),0.3,200
regretor,0.0,0.0,omega,ripe,0,0.0,121.76733786578541,331.4719921239724,309.0295432513591,707.945784384138,7.522581113006323,7.643856189774724,0.05684929434375641,0.3549499728034799,0.0,0.008685199201733164,33.688027777777776,ours (θ_loc tilt),0.3,200
regretor,0.0,0.0,omega,ripe,1,0.0,120.62118385909405,335.65714321644526,309.0295432513591,1230.2687708123813,7.537635363423703,7.643856189774724,0.05677510974633093,0.37019747172673556,0.0,0.008343939809686377,33.613729166666666,ours (θ_loc tilt),0.3,200
regretor,0.0,0.0,omega,ripe,2,0.0,126.25905946007984,352.41347021063143,323.59365692962825,1348.9628825916534,7.534835836583916,7.643856189774724,0.05662821254136574,0.3705247838213059,0.0,0.008151135901986767,33.580486111111114,ours (θ_loc tilt),0.3,200
regretor,0.0,0.0,omega,ripe,3,0.0,123.122182779023,352.5248535685133,323.59365692962825,1348.9628825916534,7.531104087934768,7.643856189774724,0.05680056505150799,0.36651998553549847,0.0,0.007975137527712877,33.54295833333333,ours (θ_loc tilt),0.3,200
regretor,0.0,0.0,omega,ripe,4,0.0,123.08445323511675,350.6277911459099,323.59365692962825,1348.9628825916534,7.522416869401124,7.643856189774724,0.05678446075384258,0.35843473048625446,0.0,0.008949746727579316,33.61557638888889,ours (θ_loc tilt),0.3,200
regretor,0.0,0.0,omega,ripe,0,0.5,105.5279247035941,315.4646269393845,295.12092266663853,707.945784384138,7.535599441879745,7.643856189774724,0.0609328390820465,0.48111617619871,0.0,0.008508777154404255,34.33704166666667,ours (θ_loc tilt),0.3,200
regretor,0.0,0.0,omega,ripe,1,0.5,103.89226949270943,319.0167798915048,295.12092266663853,1230.2687708123813,7.5418738552924784,7.643856189774724,0.05966456969032974,0.4377438437496396,0.0,0.0083837862011344,34.38760416666666,ours (θ_loc tilt),0.3,200
regretor,0.0,0.0,omega,ripe,2,0.5,108.75154047253656,335.31976071044556,295.12092266663853,1288.2495516931335,7.546769287280328,7.643856189774724,0.061643403886837644,0.4997573438997908,0.0,0.00825424152054546,34.195972222222224,ours (θ_loc tilt),0.3,200
regretor,0.0,0.0,omega,ripe,3,0.5,106.13041315471004,335.7043434556537,295.12092266663853,1348.9628825916534,7.5397857056264455,7.643856189774724,0.06114172547140728,0.49957116559833414,0.0,0.007981109316367061,34.306374999999996,ours (θ_loc tilt),0.3,200
regretor,0.0,0.0,omega,ripe,4,0.5,107.09838689846471,334.70824510115,295.12092266663853,1288.2495516931335,7.529106259591833,7.643856189774724,0.05960349530283504,0.46805427765953667,0.0,0.00881422073012617,34.270812500000005,ours (θ_loc tilt),0.3,200
regretor,0.0,0.0,omega,ripe,0,1.0,87.16350590857726,298.2943276624145,281.83829312644536,851.1380382023764,7.5476049850805,7.643856189774724,0.0739341032891232,0.6314187517359849,0.0,0.008707612819811118,36.153909722222224,ours (θ_loc tilt),0.3,200
regretor,0.0,0.0,omega,ripe,1,1.0,85.57357267256648,300.99594901181246,269.15348039269156,1230.2687708123813,7.547098019234209,7.643856189774724,0.06592380078767901,0.5001158905978423,0.0,0.008677639611708702,36.413263888888885,ours (θ_loc tilt),0.3,200
regretor,0.0,0.0,omega,ripe,2,1.0,88.86022256311608,316.4545522013747,281.83829312644536,1288.2495516931335,7.5556010412054615,7.643856189774724,0.07307415041447651,0.6154425521115027,0.0,0.008494711285948007,36.149208333333334,ours (θ_loc tilt),0.3,200
regretor,0.0,0.0,omega,ripe,3,1.0,87.9207885260451,318.63310243315857,281.83829312644536,1288.2495516931335,7.543584540104406,7.643856189774724,0.06968779573602668,0.6100045848174807,0.0,0.00826559343036696,36.2650625,ours (θ_loc tilt),0.3,200
regretor,0.0,0.0,omega,ripe,4,1.0,88.73237055010708,316.77588100955626,281.83829312644536,1288.2495516931335,7.539306075970729,7.643856189774724,0.06907981285948095,0.5723290199403585,0.0,0.00894493421118941,36.101256944444444,ours (θ_loc tilt),0.3,200
regretor,0.0,0.0,omega,ripe,0,2.0,62.78692353678275,560.4583209154665,257.03957827688635,2238.72113856834,7.535593053250389,7.643856189774724,0.10192151105996738,1.1868348429684648,0.0025,0.00948128741744136,39.334986111111114,ours (θ_loc tilt),0.3,200
regretor,0.0,0.0,omega,ripe,1,2.0,61.663300354380425,277.4272996604746,245.470891568503,1174.897554939529,7.529937330375885,7.643856189774724,0.0762828633700936,0.6038568913894868,0.0,0.009790331459700647,39.674729166666665,ours (θ_loc tilt),0.3,200
regretor,0.0,0.0,omega,ripe,2,2.0,60.66016029552313,301.13477917274935,245.470891568503,1230.2687708123813,7.543808513720682,7.643856189774724,0.09450638967885094,0.7212179988281369,0.0,0.0096224771460184,39.719701388888886,ours (θ_loc tilt),0.3,200
regretor,0.0,0.0,omega,ripe,3,2.0,63.72558387859562,316.4011599920341,257.03957827688635,1348.9628825916534,7.524745650241641,7.643856189774724,0.08447010401607402,0.9372984237213504,0.0,0.009418301345115091,39.43040972222222,ours (θ_loc tilt),0.3,200
regretor,0.0,0.0,omega,ripe,4,2.0,63.07994263083418,319.8788681185148,257.03957827688635,1288.2495516931335,7.522984407280316,7.643856189774724,0.09956640193809063,0.8397790404250126,0.0,0.010030774323498606,39.42372916666667,ours (θ_loc tilt),0.3,200
regretor,0.0,0.0,omega,ripe,0,3.0,53.547523586312956,686.9553121249004,245.470891568503,30902.95432513592,7.510579908646462,7.643856189774724,0.12092456056522116,1.7331248936390433,0.0025,0.010354011042279704,40.56527777777778,ours (θ_loc tilt),0.3,200
regretor,0.0,0.0,omega,ripe,1,3.0,52.61710685885602,288.6272436630974,245.470891568503,1230.2687708123813,7.508954839169147,7.643856189774724,0.08602881262345474,0.6952300216249387,0.0,0.0105529955112903,40.949506944444444,ours (θ_loc tilt),0.3,200
regretor,0.0,0.0,omega,ripe,2,3.0,50.65819207163207,447.0175842422485,245.470891568503,4265.795188015925,7.523713149107754,7.643856189774724,0.11562084414384621,0.9899087579544047,0.0,0.010547810243059386,41.13840972222222,ours (θ_loc tilt),0.3,200
regretor,0.0,0.0,omega,ripe,3,3.0,54.33737498290556,563.5292906040002,245.470891568503,4073.802778041126,7.493045296476257,7.643856189774724,0.0995087741491667,1.2469154781506957,0.0025,0.010475286302378962,40.67881944444444,ours (θ_loc tilt),0.3,200
regretor,0.0,0.0,omega,ripe,4,3.0,53.80267540966608,1131.2294815565342,245.470891568503,30902.95432513592,7.502366270512603,7.643856189774724,0.13062570126125417,1.2353900293039815,0.005,0.01099663776180566,40.732798611111114,ours (θ_loc tilt),0.3,200
regretor,0.0,0.0,omega,ripe,0,4.0,52.26903554864435,724.2933243633927,245.470891568503,30902.95432513592,7.508527745043789,7.643856189774724,0.12870635054045287,1.890955307807512,0.0025,0.010422227321825793,40.746409722222225,ours (θ_loc tilt),0.3,200
regretor,0.0,0.0,omega,ripe,1,4.0,51.202247853438195,291.30280631561254,245.470891568503,1230.2687708123813,7.505171795741443,7.643856189774724,0.09034386078801826,0.7085642560573784,0.0,0.010697598807649731,41.13939583333334,ours (θ_loc tilt),0.3,200
larmix,0.2,0.0,omega,ripe,1,0.0,20.126687052904998,313.36543745423717,213.79620895022325,2238.72113856834,3.7504050028217377,7.643856189774724,0.2633728733428009,0.909347464170728,0.0,0.058636156499167494,0.0,LARMix,0.3,200
larmix,0.2,0.0,omega,ripe,2,0.0,20.49706419354537,322.47265141959593,213.79620895022325,2344.228815319923,3.9404395143446735,7.643856189774724,0.2611519646015652,0.9216444674752148,0.0,0.05426986530903323,0.0,LARMix,0.3,200
regretor,0.0,0.0,omega,ripe,4,4.0,52.25358264673253,1193.0715932414034,245.470891568503,30902.95432513592,7.500777970096575,7.643856189774724,0.14004109670007026,1.3249763672818158,0.005,0.011011835684836336,40.93613888888889,ours (θ_loc tilt),0.3,200
larmix,0.2,0.0,omega,ripe,0,0.0,19.521582338611516,283.7199479389266,213.79620895022325,1479.1083881682073,3.674511875030512,7.643856189774724,0.27098581627950313,0.8927960569830636,0.0,0.05756458004037396,0.0,LARMix,0.3,200
regretor,0.0,0.0,omega,ripe,2,4.0,49.00028555826073,749.8054281347295,245.470891568503,29512.09226666387,7.519601977533606,7.643856189774724,0.12264397270667393,1.0458752428031632,0.0025,0.01075770765008711,41.35886111111111,ours (θ_loc tilt),0.3,200
regretor,0.0,0.0,omega,ripe,3,4.0,52.79668901596999,592.5604832995283,245.470891568503,11220.184543019628,7.487582166533541,7.643856189774724,0.10766407973698522,1.3473621935149174,0.0025,0.010759665327339515,40.8435625,ours (θ_loc tilt),0.3,200
larmix,0.2,0.0,omega,ripe,3,0.0,22.896136972096194,348.9732996575757,223.872113856834,2818.3829312644552,3.920072458355061,7.643856189774724,0.2713152979726048,0.9094173789379324,0.0,0.054374821306280186,0.0,LARMix,0.3,200
larmix,0.2,0.0,omega,ripe,4,0.0,26.014079349458243,306.3317524344492,213.79620895022325,1949.8445997580457,3.8089020551244994,7.643856189774724,0.25865167968956415,0.8823122888442593,0.0,0.05863607431715169,0.0,LARMix,0.3,200
larmix,0.4,0.0,omega,ripe,4,0.0,26.026468582720412,307.29258722432587,213.79620895022325,2041.7379446695297,5.001735997536725,7.643856189774724,0.25892266024621535,0.8739441852809854,0.0,0.04369980730273136,0.0,LARMix,0.3,200
larmix,0.6,0.0,omega,ripe,0,0.0,28.077398109523415,291.2091895745538,223.872113856834,1412.537544622754,6.505195450386976,7.643856189774724,0.27109425883491634,0.8910052915467259,0.0,0.02905261363419178,0.0,LARMix,0.3,200
larmix,0.4,0.0,omega,ripe,0,0.0,20.60746293308354,284.75075001342566,213.79620895022325,1548.8166189124813,4.810018568845918,7.643856189774724,0.2715985607032638,0.8916022133588386,0.0,0.04681032548697459,0.0,LARMix,0.3,200
larmix,0.4,0.0,omega,ripe,1,0.0,21.31230353948595,317.16417150563683,213.79620895022325,2238.72113856834,4.927067324711387,7.643856189774724,0.26363051807155635,0.9191410302332654,0.0,0.04375000324766496,0.0,LARMix,0.3,200
larmix,0.4,0.0,omega,ripe,2,0.0,21.6375596929117,329.5633604069703,213.79620895022325,2454.708915685031,5.031351332379419,7.643856189774724,0.2628360504035221,0.9181700344012423,0.0,0.04358413869930595,0.0,LARMix,0.3,200
larmix,0.4,0.0,omega,ripe,3,0.0,23.68159702807734,352.530262489471,223.872113856834,2818.3829312644552,5.097428151879667,7.643856189774724,0.2719124115658853,0.9108810607644717,0.0,0.043522174828857285,0.0,LARMix,0.3,200
larmix,0.6,0.0,omega,ripe,1,0.0,27.366963693035213,320.93399106682347,223.872113856834,2137.9620895022326,6.614524254732697,7.643856189774724,0.26484352925623345,0.8978747383894867,0.0,0.02697288787951415,0.0,LARMix,0.3,200
larmix,0.6,0.0,omega,ripe,2,0.0,29.181569472543103,341.8813164731399,223.872113856834,2570.395782768865,6.677590997550942,7.643856189774724,0.26213248872234485,0.9390166328450769,0.0,0.02667082827728155,0.0,LARMix,0.3,200
larmix,0.6,0.0,omega,ripe,3,0.0,30.581708659981405,355.3211544337404,223.872113856834,2691.534803926917,6.669877509164804,7.643856189774724,0.27140536508139546,0.910039532693325,0.0,0.02685697418318019,0.0,LARMix,0.3,200
larmix,0.6,0.0,omega,ripe,4,0.0,34.469142533929826,317.5007191536901,223.872113856834,2041.7379446695297,6.655708415510422,7.643856189774724,0.25941378378659485,0.8742050041246104,0.0,0.026597435819390763,0.0,LARMix,0.3,200
larmix,0.8,0.0,omega,ripe,0,0.0,87.86899773583907,355.15467003325836,295.12092266663853,1548.8166189124813,7.63234762193165,7.643856189774724,0.27270880379819773,0.9009539884152691,0.0,0.006954799110514521,0.0,LARMix,0.3,200
larmix,0.8,0.0,omega,ripe,1,0.0,87.02137005352193,383.13388380384407,295.12092266663853,2238.72113856834,7.63437071604158,7.643856189774724,0.26580987903208864,0.9189024229938946,0.0,0.006738094161256848,0.0,LARMix,0.3,200
larmix,0.8,0.0,omega,ripe,2,0.0,89.93135142107164,400.27194587284646,295.12092266663853,2570.395782768865,7.635137681034655,7.643856189774724,0.26203450116897975,0.9216487880947005,0.0,0.006654356744153325,0.0,LARMix,0.3,200
larmix,0.8,0.0,omega,ripe,3,0.0,89.34361266045173,413.98313548741555,295.12092266663853,2691.534803926917,7.633975041104334,7.643856189774724,0.2721850885762236,0.9155777853915931,0.0,0.006796807435199545,0.0,LARMix,0.3,200
larmix,0.8,0.0,omega,ripe,4,0.0,90.85733719926773,374.19446323534106,295.12092266663853,2137.9620895022326,7.634656515625211,7.643856189774724,0.25961205969398127,0.8795444017067153,0.0,0.006774175899648897,0.0,LARMix,0.3,200
larmix,1.0,0.0,omega,ripe,0,0.0,121.52927482578082,388.3675121843349,323.59365692962825,1621.8100973589299,7.643856189774724,7.643856189774724,0.27219392815103194,0.8900104218598717,0.0,0.003374999999999936,0.0,LARMix,0.3,200
larmix,1.0,0.0,omega,ripe,1,0.0,121.68185455010409,419.6195472918545,323.59365692962825,2454.708915685031,7.643856189774724,7.643856189774724,0.2645564933562756,0.9139943248597591,0.0,0.003374999999999936,0.0,LARMix,0.3,200
larmix,1.0,0.0,omega,ripe,2,0.0,124.77744151388667,433.22949177569603,338.84415613920254,2570.395782768865,7.643856189774724,7.643856189774724,0.2616905805971994,0.9170359312974298,0.0,0.003374999999999936,0.0,LARMix,0.3,200
larmix,1.0,0.0,omega,ripe,3,0.0,122.13443454728424,449.1716031097955,338.84415613920254,2818.3829312644552,7.643856189774724,7.643856189774724,0.2724239710056713,0.9132550091877538,0.0,0.003374999999999936,0.0,LARMix,0.3,200
larmix,1.0,0.0,omega,ripe,4,0.0,123.6361285266724,408.0861076854747,323.59365692962825,2238.72113856834,7.643856189774724,7.643856189774724,0.2596896647084903,0.8795869285456293,0.0,0.003374999999999936,0.0,LARMix,0.3,200
lamp,0.2,0.0,omega,ripe,0,0.0,41.06753408708095,33927.641628451696,30902.95432513592,61659.50018614822,2.8321271764221456,7.643856189774724,64.41743083060798,64.95702489587354,0.0425,0.12489341988576433,0.0,LAMP-SC,0.3,200
lamp,0.2,0.0,omega,ripe,1,0.0,28.600102020935452,40491.09241165912,30902.95432513592,61659.50018614822,2.380140995894186,7.643856189774724,26.997214173530782,21.170077838785364,0.0425,0.14274214244096,0.0,LAMP-SC,0.3,200
lamp,0.2,0.0,omega,ripe,2,0.0,0.8887404890193402,46447.07023341686,61659.50018614822,61659.50018614822,0.4499988683656351,7.643856189774724,73.62781878107614,40.51555417846171,0.02,0.1499655924693174,0.0,LAMP-SC,0.3,200
lamp,0.2,0.0,omega,ripe,3,0.0,1.7599074804297954,40113.66964858576,30902.95432513592,64565.42290346556,0.5371154533808443,7.643856189774724,53.99390350103237,38.405755067998335,0.03,0.1497048050732547,0.0,LAMP-SC,0.3,200
lamp,0.2,0.0,omega,ripe,4,0.0,19.079921524696637,37432.8638075823,30902.95432513592,61659.50018614822,2.577010946261499,7.643856189774724,51.387236646708985,47.56829740833128,0.04,0.1357399761648896,0.0,LAMP-SC,0.3,200
lamp,0.4,0.0,omega,ripe,0,0.0,40.95872704520399,31123.29640531207,30902.95432513592,61659.50018614822,3.931210803160568,7.643856189774724,54.63296915711744,61.18128609988689,0.0475,0.10779104772150465,0.0,LAMP-SC,0.3,200
lamp,0.4,0.0,omega,ripe,1,0.0,28.16780760252498,39673.66765311826,30902.95432513592,61659.50018614822,3.3917391151832135,7.643856189774724,22.64901153329223,19.289463101889023,0.0475,0.13138474961428212,0.0,LAMP-SC,0.3,200
lamp,0.4,0.0,omega,ripe,2,0.0,1.5472478361935107,45094.379139492245,61659.50018614822,61659.50018614822,0.9841877046890798,7.643856189774724,69.80531360489435,40.53118878024783,0.0175,0.1465817310596989,0.0,LAMP-SC,0.3,200
lamp,0.4,0.0,omega,ripe,3,0.0,2.1177114051541057,40135.46871748917,30902.95432513592,64565.42290346556,1.3196185236310112,7.643856189774724,43.68348304089056,33.539191269433076,0.03,0.14231625432079026,0.0,LAMP-SC,0.3,200
lamp,0.4,0.0,omega,ripe,4,0.0,21.190657735742832,36329.451640172534,30902.95432513592,61659.50018614822,3.7885058828055627,7.643856189774724,36.728728987780165,40.42301398492676,0.05,0.11989743819020157,0.0,LAMP-SC,0.3,200
lamp,0.6,0.0,omega,ripe,0,0.0,42.05730063148848,25098.0056365915,30902.95432513592,61659.50018614822,5.561482821790902,7.643856189774724,34.179160038877896,49.72007161475631,0.055,0.07186371182014298,0.0,LAMP-SC,0.3,200
lamp,0.6,0.0,omega,ripe,1,0.0,30.50958204618376,31280.087123404457,30902.95432513592,61659.50018614822,4.96243543569197,7.643856189774724,15.221050713211454,16.455213178967615,0.0375,0.09457046078862862,0.0,LAMP-SC,0.3,200
lamp,0.6,0.0,omega,ripe,4,0.0,26.91666543726672,30399.30673216757,30902.95432513592,61659.50018614822,5.55733893756548,7.643856189774724,21.082277216035823,30.229343238029276,0.0525,0.08250141356850478,0.0,LAMP-SC,0.3,200
lamp,0.8,0.0,omega,ripe,0,0.0,48.88634234283045,12764.62311220642,323.59365692962825,61659.50018614822,6.4330166250224625,7.643856189774724,12.859906929212764,30.658948191678213,0.04,0.03370584205986006,0.0,LAMP-SC,0.3,200
lamp,0.6,0.0,omega,ripe,2,0.0,7.213617790058369,38766.48454806303,30902.95432513592,61659.50018614822,2.69975437493482,7.643856189774724,48.27392630183384,34.07436323583103,0.02,0.11728300453763338,0.0,LAMP-SC,0.3,200
lamp,0.6,0.0,omega,ripe,3,0.0,6.583865772314755,34585.93543892174,30902.95432513592,61659.50018614822,2.8830414338538137,7.643856189774724,29.7058320657479,26.675423001259624,0.03,0.10865004059429768,0.0,LAMP-SC,0.3,200
gwr+lba,0.0,0.0,omega,ripe,0,0.0,12.777611449342848,302.49169468415175,213.79620895022325,2137.9620895022326,3.2573878202271613,7.643856189774724,0.28289990865824977,0.9590510305425652,0.0,0.06624507099975965,0.0,OptiMix GWR+LBA,0.3,200
gwr+lba,0.0,0.0,omega,ripe,1,0.0,14.952144192540821,306.60380463518123,213.79620895022325,2137.9620895022326,3.35393282276439,7.643856189774724,0.26473525295734035,0.9406360938520275,0.0,0.06504490597105582,0.0,OptiMix GWR+LBA,0.3,200
lamp,0.8,0.0,omega,ripe,1,0.0,41.095752161652285,18024.52230660239,1412.537544622754,61659.50018614822,6.200707748874413,7.643856189774724,5.0748196609479,9.188170914497869,0.0375,0.043276619224060384,0.0,LAMP-SC,0.3,200
lamp,0.8,0.0,omega,ripe,2,0.0,29.391431437253203,22015.47768311774,30902.95432513592,61659.50018614822,5.427275029830414,7.643856189774724,12.377567386464648,16.02838175652939,0.03,0.05550941342461348,0.0,LAMP-SC,0.3,200
lamp,0.8,0.0,omega,ripe,3,0.0,27.882548996133963,19618.44362279583,26915.348039269167,61659.50018614822,5.5123520485368775,7.643856189774724,8.074970418307217,12.488349357049254,0.0375,0.04871039372203653,0.0,LAMP-SC,0.3,200
lamp,0.8,0.0,omega,ripe,4,0.0,39.786744451311414,17542.527981184616,1230.2687708123813,61659.50018614822,6.600520599543346,7.643856189774724,7.286588967203242,16.943422104534914,0.0525,0.03614811566057898,0.0,LAMP-SC,0.3,200
gwr+lba,0.0,0.0,omega,ripe,2,0.0,13.066234368183519,346.70022671857254,213.79620895022325,3090.295432513592,3.381076843576958,7.643856189774724,0.2675558984579609,0.9507683917717484,0.0,0.06327311312036145,0.0,OptiMix GWR+LBA,0.3,200
gwr+lba,0.0,0.0,omega,ripe,3,0.0,16.377273016450843,369.0413900604502,213.79620895022325,3235.936569296281,3.291620642331296,7.643856189774724,0.27775059194139984,0.9507785633930925,0.0,0.06486446388228884,0.0,OptiMix GWR+LBA,0.3,200
gwr+lba,0.0,0.0,omega,ripe,4,0.0,16.487691311014565,297.06677886655507,213.79620895022325,1949.8445997580457,3.4175539441208502,7.643856189774724,0.2576197152975055,0.8920677160356518,0.0,0.06302571611838012,0.0,OptiMix GWR+LBA,0.3,200
gwr+lba,0.2,0.0,omega,ripe,0,0.0,13.169411075351645,293.30835176536124,213.79620895022325,1778.2794100389228,3.756372969611119,7.643856189774724,0.2793696366709797,0.9312044727014309,0.0,0.058821491700923566,0.0,OptiMix GWR+LBA,0.3,200
gwr+lba,0.2,0.0,omega,ripe,1,0.0,15.508358340259212,305.86520902609016,213.79620895022325,2137.9620895022326,3.9001704544354703,7.643856189774724,0.26373141587962046,0.9221685039823868,0.0,0.057687763077134746,0.0,OptiMix GWR+LBA,0.3,200
gwr+lba,0.2,0.0,omega,ripe,2,0.0,13.836282719065682,338.0066346903678,213.79620895022325,2818.3829312644552,3.9369411187501386,7.643856189774724,0.2659194796276696,0.9438195256238036,0.0,0.05545468944112719,0.0,OptiMix GWR+LBA,0.3,200
gwr+lba,0.2,0.0,omega,ripe,3,0.0,17.11936683826717,349.54564564170465,213.79620895022325,2818.3829312644552,3.816410550907093,7.643856189774724,0.27412994631065435,0.940719543467224,0.0,0.0576710082448601,0.0,OptiMix GWR+LBA,0.3,200
gwr+lba,0.2,0.0,omega,ripe,4,0.0,17.13176796438917,296.16489007940316,213.79620895022325,1949.8445997580457,3.9000325329388206,7.643856189774724,0.25697920966640964,0.8789619219704856,0.0,0.05580243754207152,0.0,OptiMix GWR+LBA,0.3,200
gwr+lba,0.4,0.0,omega,ripe,0,0.0,13.878364345058122,286.078954232059,213.79620895022325,1698.2436524617444,4.391168561685061,7.643856189774724,0.27693374645612856,0.9199100646260058,0.0,0.05042962217851808,0.0,OptiMix GWR+LBA,0.3,200
gwr+lba,0.4,0.0,omega,ripe,1,0.0,16.32474305313256,307.04531267380776,213.79620895022325,2137.9620895022326,4.6000566762659405,7.643856189774724,0.263591409452699,0.9041045772792957,0.0,0.048490838310426436,0.0,OptiMix GWR+LBA,0.3,200
gwr+lba,0.4,0.0,omega,ripe,2,0.0,14.998610702980658,339.390205131816,213.79620895022325,2818.3829312644552,4.624970806274758,7.643856189774724,0.26420651479367807,0.9563887982149392,0.0,0.04713108980105402,0.0,OptiMix GWR+LBA,0.3,200
gwr+lba,0.4,0.0,omega,ripe,3,0.0,18.17782396430972,342.205983876409,213.79620895022325,2570.395782768865,4.511688756901416,7.643856189774724,0.27297016196793145,0.9118501562799814,0.0,0.04883011145596043,0.0,OptiMix GWR+LBA,0.3,200
gwr+lba,0.4,0.0,omega,ripe,4,0.0,18.017098364878994,299.4257048213225,213.79620895022325,2041.7379446695297,4.534623130395616,7.643856189774724,0.25832956294386844,0.872942964696113,0.0,0.04746051252506438,0.0,OptiMix GWR+LBA,0.3,200
gwr+lba,0.6,0.0,omega,ripe,0,0.0,15.781643971046474,284.01321931207275,213.79620895022325,1621.8100973589299,5.312689824293759,7.643856189774724,0.2741180317835339,0.9013132375362971,0.0,0.04048147820880054,0.0,OptiMix GWR+LBA,0.3,200
gwr+lba,0.6,0.0,omega,ripe,1,0.0,17.568786658410872,310.41186567246973,213.79620895022325,2137.9620895022326,5.53506528028696,7.643856189774724,0.2634114813184665,0.9160562650465685,0.0,0.038036947681350845,0.0,OptiMix GWR+LBA,0.3,200
gwr+lba,0.6,0.0,omega,ripe,2,0.0,17.058800655055098,334.0185244717284,213.79620895022325,2570.395782768865,5.524542740987474,7.643856189774724,0.26436901811835933,0.9371772271000328,0.0,0.03740191386874943,0.0,OptiMix GWR+LBA,0.3,200
gwr+lba,0.6,0.0,omega,ripe,3,0.0,19.78151379286151,347.51904005276174,213.79620895022325,2818.3829312644552,5.498019403792941,7.643856189774724,0.2716871672266945,0.9198587367786509,0.0,0.03871437081294749,0.0,OptiMix GWR+LBA,0.3,200
gwr+lba,0.6,0.0,omega,ripe,4,0.0,20.12043686519597,300.52945369588576,213.79620895022325,2041.7379446695297,5.400992186122705,7.643856189774724,0.25867843263622836,0.874041473957962,0.0,0.03942462163710034,0.0,OptiMix GWR+LBA,0.3,200
gwr+lba,0.8,0.0,omega,ripe,0,0.0,25.023057635672863,292.5151639381046,223.872113856834,1548.8166189124813,6.670301932334293,7.643856189774724,0.27192669955664295,0.9066247456303387,0.0,0.026982661226398807,0.0,OptiMix GWR+LBA,0.3,200
gwr+lba,0.8,0.0,omega,ripe,1,0.0,25.442209810466196,318.8541669773399,223.872113856834,2238.72113856834,6.781500572592352,7.643856189774724,0.2645748587969805,0.9175809925183502,0.0,0.02524680586266458,0.0,OptiMix GWR+LBA,0.3,200
gwr+lba,0.8,0.0,omega,ripe,2,0.0,25.490614283863874,335.11675008976323,223.872113856834,2570.395782768865,6.815384343087744,7.643856189774724,0.2628314994140877,0.9324765235293642,0.0,0.024933144991523527,0.0,OptiMix GWR+LBA,0.3,200
gwr+lba,0.8,0.0,omega,ripe,3,0.0,28.08972687633327,353.7550234066534,223.872113856834,2691.534803926917,6.761737798634799,7.643856189774724,0.27076826065410975,0.9200213572598073,0.0,0.02667430056439305,0.0,OptiMix GWR+LBA,0.3,200
gwr+lba,0.8,0.0,omega,ripe,4,0.0,29.63940154344135,311.6800317053498,223.872113856834,2041.7379446695297,6.785968066759999,7.643856189774724,0.25911571555588453,0.8764378431134907,0.0,0.025880845226974213,0.0,OptiMix GWR+LBA,0.3,200
gpr+lba,0.0,0.0,omega,ripe,0,0.0,19.293460916975626,288.9790476588533,213.79620895022325,1548.8166189124813,6.480671030535873,7.643856189774724,0.2743104825481564,0.898502888828069,0.0,0.023404755071866436,0.0,OptiMix GPR+LBA,0.3,200
gpr+lba,0.0,0.0,omega,ripe,1,0.0,18.310716364504312,319.7943214234889,213.79620895022325,2238.72113856834,6.442890710568886,7.643856189774724,0.2639935731434857,0.9146331860729052,0.0,0.02501820514382469,0.0,OptiMix GPR+LBA,0.3,200
gpr+lba,0.0,0.0,omega,ripe,2,0.0,17.04924460592762,329.59596962449217,213.79620895022325,2570.395782768865,6.409737520764716,7.643856189774724,0.2630826078627051,0.9329246602658068,0.0,0.025383564633361555,0.0,OptiMix GPR+LBA,0.3,200
gpr+lba,0.0,0.0,omega,ripe,3,0.0,20.814196517698832,345.79252949288707,223.872113856834,2818.3829312644552,6.462256358448713,7.643856189774724,0.2713847524694495,0.9088114373195396,0.0,0.02494283385798379,0.0,OptiMix GPR+LBA,0.3,200
gpr+lba,0.0,0.0,omega,ripe,4,0.0,21.90277938034393,304.9603274159585,213.79620895022325,2137.9620895022326,6.340268200747032,7.643856189774724,0.2589761796257364,0.8699715773152702,0.0,0.026946834920047964,0.0,OptiMix GPR+LBA,0.3,200
gpr+lba,0.2,0.0,omega,ripe,0,0.0,21.240962896057276,288.45166620927716,223.872113856834,1548.8166189124813,6.751967971189952,7.643856189774724,0.274029769187069,0.8917017003275239,0.0,0.020608409264375464,0.0,OptiMix GPR+LBA,0.3,200
gpr+lba,0.2,0.0,omega,ripe,1,0.0,20.059898045934695,316.60050187563985,213.79620895022325,2238.72113856834,6.737533691077599,7.643856189774724,0.2638657978935912,0.9194106654844886,0.0,0.021804046809220552,0.0,OptiMix GPR+LBA,0.3,200
gpr+lba,0.2,0.0,omega,ripe,2,0.0,18.949058145636023,326.61323217949166,213.79620895022325,2344.228815319923,6.7062194223766305,7.643856189774724,0.26272603213006396,0.9129356141443,0.0,0.02233468461091193,0.0,OptiMix GPR+LBA,0.3,200
gpr+lba,0.2,0.0,omega,ripe,3,0.0,22.715807468965227,347.250769053064,223.872113856834,2691.534803926917,6.75107899260885,7.643856189774724,0.2708541116897656,0.9146133530400293,0.0,0.02164126732022649,0.0,OptiMix GPR+LBA,0.3,200
gpr+lba,0.2,0.0,omega,ripe,4,0.0,23.941451778019854,307.7520896967728,223.872113856834,2137.9620895022326,6.643132297714556,7.643856189774724,0.258656031194767,0.8813405792750476,0.0,0.023685319086137416,0.0,OptiMix GPR+LBA,0.3,200
gpr+lba,0.4,0.0,omega,ripe,0,0.0,24.54051879510301,291.66484422664126,223.872113856834,1548.8166189124813,7.0400232935546505,7.643856189774724,0.27248288802020393,0.8966760487617955,0.0,0.017209164659913685,0.0,OptiMix GPR+LBA,0.3,200
gpr+lba,0.4,0.0,omega,ripe,1,0.0,23.098777706048153,313.6972634619302,223.872113856834,2137.9620895022326,7.052419520128544,7.643856189774724,0.26407652698007245,0.9215452839449833,0.0,0.018054330162741862,0.0,OptiMix GPR+LBA,0.3,200
gpr+lba,0.4,0.0,omega,ripe,2,0.0,21.99061322211036,329.453663718632,223.872113856834,2454.708915685031,7.017370015966846,7.643856189774724,0.2614842506448789,0.9270604955022894,0.0,0.01894585856082962,0.0,OptiMix GPR+LBA,0.3,200
gpr+lba,0.4,0.0,omega,ripe,3,0.0,25.83455411159987,354.0948613715245,223.872113856834,2818.3829312644552,7.053009056643316,7.643856189774724,0.27212065635200355,0.9190114545624859,0.0,0.018181194371036248,0.0,OptiMix GPR+LBA,0.3,200
gpr+lba,0.4,0.0,omega,ripe,4,0.0,27.39527604532709,313.8564638050542,223.872113856834,2137.9620895022326,6.974866187126654,7.643856189774724,0.25924783786672645,0.8900859653979533,0.0,0.019730317881390527,0.0,OptiMix GPR+LBA,0.3,200
gpr+lba,0.6,0.0,omega,ripe,0,0.0,31.177315931133332,296.3870924540014,223.872113856834,1548.8166189124813,7.327706890309475,7.643856189774724,0.2722852083721208,0.9046350062566301,0.0,0.013476010814175867,0.0,OptiMix GPR+LBA,0.3,200
gpr+lba,0.6,0.0,omega,ripe,1,0.0,29.063907613944558,321.2262653635151,223.872113856834,2238.72113856834,7.354455612151367,7.643856189774724,0.26305955675503734,0.929575515296368,0.0,0.013544355886308423,0.0,OptiMix GPR+LBA,0.3,200
gpr+lba,0.6,0.0,omega,ripe,4,0.0,34.08020122034601,318.2086188760969,223.872113856834,2137.9620895022326,7.302002358546706,7.643856189774724,0.259375453692436,0.8811462373612053,0.0,0.01478768033272975,0.0,OptiMix GPR+LBA,0.3,200
gpr+lba,0.8,0.0,omega,ripe,0,0.0,50.38288770361731,318.7639744265188,245.470891568503,1548.8166189124813,7.578050947900806,7.643856189774724,0.27320713199985525,0.9079180762232494,0.0,0.008585769018050835,0.0,OptiMix GPR+LBA,0.3,200
gpr+lba,0.6,0.0,omega,ripe,2,0.0,27.673871547321856,336.632963158948,223.872113856834,2454.708915685031,7.3121599893884115,7.643856189774724,0.2616527829517652,0.9261407926297673,0.0,0.014667479093459838,0.0,OptiMix GPR+LBA,0.3,200
gpr+lba,0.6,0.0,omega,ripe,3,0.0,31.744251185333933,358.05369444740217,234.4228815319923,2818.3829312644552,7.337978101796838,7.643856189774724,0.2717815244058257,0.9283025593778429,0.0,0.014203560325764659,0.0,OptiMix GPR+LBA,0.3,200
gpr+lba,0.8,0.0,omega,ripe,1,0.0,45.301786937651286,338.82745477431007,245.470891568503,2238.72113856834,7.583895123119942,7.643856189774724,0.263192136964544,0.9149025669844953,0.0,0.008435798271070579,0.0,OptiMix GPR+LBA,0.3,200
gpr+lba,0.8,0.0,omega,ripe,2,0.0,43.13433470898246,353.49041498777143,245.470891568503,2570.395782768865,7.5622712797197735,7.643856189774724,0.26237505265340877,0.9240970084686071,0.0,0.009291913547935963,0.0,OptiMix GPR+LBA,0.3,200
ssr+lba,0.0,0.0,omega,ripe,0,0.0,58.312603562951196,324.417631352746,257.03957827688635,1548.8166189124813,7.400721463306682,7.643856189774724,0.2713901928445843,0.8852350473629709,0.0,0.0157529211539753,0.0,OptiMix SSR+LBA,0.3,200
ssr+lba,0.0,0.0,omega,ripe,1,0.0,56.811422530948576,352.55883504012803,245.470891568503,2238.72113856834,7.431228326573928,7.643856189774724,0.26450051529445395,0.9260178178622102,0.0,0.015446262827993005,0.0,OptiMix SSR+LBA,0.3,200
gpr+lba,0.8,0.0,omega,ripe,3,0.0,48.38735030954446,372.25809512864345,245.470891568503,2691.534803926917,7.5732435235137645,7.643856189774724,0.2715464078451102,0.9073975735432895,0.0,0.00900094566000457,0.0,OptiMix GPR+LBA,0.3,200
gpr+lba,0.8,0.0,omega,ripe,4,0.0,50.86854796905514,332.59175386046013,245.470891568503,2041.7379446695297,7.559193589420083,7.643856189774724,0.25780758715161567,0.8816320921458112,0.0,0.009246180803751575,0.0,OptiMix GPR+LBA,0.3,200
ssr+lba,0.0,0.0,omega,ripe,2,0.0,57.25341183997731,368.623352777848,257.03957827688635,2570.395782768865,7.4382411042575995,7.643856189774724,0.2623304435059144,0.9211362484505593,0.0,0.015328998473563804,0.0,OptiMix SSR+LBA,0.3,200
ssr+lba,0.0,0.0,omega,ripe,3,0.0,61.668691616314725,391.4261817620474,257.03957827688635,2951.209226666387,7.4344931805783245,7.643856189774724,0.2710031441296896,0.9191932408258654,0.0,0.015878074365515655,0.0,OptiMix SSR+LBA,0.3,200
ssr+lba,0.2,0.0,omega,ripe,1,0.0,71.09198645968605,371.93602305060546,269.15348039269156,2454.708915685031,7.579649737498682,7.643856189774724,0.2649989363273544,0.9044073246542078,0.0,0.010365758757760312,0.0,OptiMix SSR+LBA,0.3,200
ssr+lba,0.2,0.0,omega,ripe,2,0.0,71.57957744043547,389.07912835732407,269.15348039269156,2570.395782768865,7.5803455421563,7.643856189774724,0.26266142473241527,0.9213412643082156,0.0,0.010354927964801324,0.0,OptiMix SSR+LBA,0.3,200
ssr+lba,0.0,0.0,omega,ripe,4,0.0,61.231358768258175,343.50068726263294,257.03957827688635,2041.7379446695297,7.451391392086989,7.643856189774724,0.2590386522336028,0.8686111839183739,0.0,0.014910232281423411,0.0,OptiMix SSR+LBA,0.3,200
ssr+lba,0.2,0.0,omega,ripe,0,0.0,72.72412988498557,338.18498714507,269.15348039269156,1548.8166189124813,7.568145079956945,7.643856189774724,0.27181646603870235,0.9042370583818884,0.0,0.01047778422589336,0.0,OptiMix SSR+LBA,0.3,200
ssr+lba,0.2,0.0,omega,ripe,3,0.0,75.16119672203985,400.4663783838917,281.83829312644536,2818.3829312644552,7.578882939338055,7.643856189774724,0.27130010303046603,0.9171936297073073,0.0,0.010571668850009345,0.0,OptiMix SSR+LBA,0.3,200
ssr+lba,0.2,0.0,omega,ripe,4,0.0,75.00912566571301,359.10297108060905,269.15348039269156,2137.9620895022326,7.585635677861087,7.643856189774724,0.25962619487713123,0.881049066404284,0.0,0.01013609309636784,0.0,OptiMix SSR+LBA,0.3,200
ssr+lba,0.4,0.0,omega,ripe,2,0.0,88.68139170855164,396.8795803864812,295.12092266663853,2570.395782768865,7.634694913300747,7.643856189774724,0.2630112186626077,0.9233816840122011,0.0,0.006714439543405735,0.0,OptiMix SSR+LBA,0.3,200
ssr+lba,0.4,0.0,omega,ripe,3,0.0,90.37423945340424,411.77716102741573,295.12092266663853,2691.534803926917,7.633860353762559,7.643856189774724,0.2712093540737326,0.9136607798666376,0.0,0.006783386605512622,0.0,OptiMix SSR+LBA,0.3,200
ssr+lba,0.4,0.0,omega,ripe,0,0.0,89.25785191644978,355.44500942058164,295.12092266663853,1548.8166189124813,7.63337313053599,7.643856189774724,0.27232393589072834,0.8987652751041896,0.0,0.006597712953185874,0.0,OptiMix SSR+LBA,0.3,200
ssr+lba,0.4,0.0,omega,ripe,1,0.0,87.53551417187632,385.132967150744,295.12092266663853,2344.228815319923,7.634968182354818,7.643856189774724,0.2632754202358645,0.9121936221180542,0.0,0.006653427251486011,0.0,OptiMix SSR+LBA,0.3,200
ssr+lba,0.4,0.0,omega,ripe,4,0.0,90.94653440641251,373.1702719032183,295.12092266663853,2041.7379446695297,7.635162454763775,7.643856189774724,0.25896975853247106,0.8706363702637803,0.0,0.006646169783649909,0.0,OptiMix SSR+LBA,0.3,200
ssr+lba,0.6,0.0,omega,ripe,0,0.0,103.84321983870306,370.49393028551106,309.0295432513591,1548.8166189124813,7.643401778860482,7.643856189774724,0.27260155159336596,0.8817757000762096,0.0,0.004575150104479855,0.0,OptiMix SSR+LBA,0.3,200
ssr+lba,0.6,0.0,omega,ripe,3,0.0,104.16018455906091,429.7476236696408,309.0295432513591,2818.3829312644552,7.643265549827045,7.643856189774724,0.271496703049531,0.9215068154088152,0.0,0.004704680771964198,0.0,OptiMix SSR+LBA,0.3,200
ssr+lba,0.6,0.0,omega,ripe,4,0.0,105.26436704371737,390.7584892192143,309.0295432513591,2137.9620895022326,7.643303357051584,7.643856189774724,0.25941355898243734,0.8770203228497203,0.0,0.004701339489303067,0.0,OptiMix SSR+LBA,0.3,200
ssr+lba,0.6,0.0,omega,ripe,1,0.0,102.48452181329377,395.12853505633234,309.0295432513591,2238.72113856834,7.643424282372277,7.643856189774724,0.26282483172518734,0.9139216465860738,0.0,0.004643376519647236,0.0,OptiMix SSR+LBA,0.3,200
ssr+lba,0.6,0.0,omega,ripe,2,0.0,104.49270807536331,413.91541088125734,309.0295432513591,2570.395782768865,7.64341218467224,7.643856189774724,0.2621738156454896,0.923279494804143,0.0,0.004689946593614121,0.0,OptiMix SSR+LBA,0.3,200
ssr+lba,0.8,0.0,omega,ripe,0,0.0,114.16275142721746,375.2877333335188,323.59365692962825,1479.1083881682073,7.643849495953616,7.643856189774724,0.2706567656668539,0.8796637771165867,0.0,0.0037410407847150947,0.0,OptiMix SSR+LBA,0.3,200
ssr+lba,0.8,0.0,omega,ripe,1,0.0,113.71984767406072,410.8373998571263,323.59365692962825,2344.228815319923,7.64384907358558,7.643856189774724,0.2640126411446455,0.9094491126688468,0.0,0.003781312994257196,0.0,OptiMix SSR+LBA,0.3,200
ssr+lba,0.8,0.0,omega,ripe,2,0.0,116.45421640701129,434.7136774765517,323.59365692962825,2818.3829312644552,7.643849919629274,7.643856189774724,0.2620415220111516,0.9297469144721313,0.0,0.003787789957403418,0.0,OptiMix SSR+LBA,0.3,200
ssr+lba,0.8,0.0,omega,ripe,3,0.0,114.60198383779952,431.7655306867716,323.59365692962825,2570.395782768865,7.643843280485566,7.643856189774724,0.2714652054245734,0.9141639216153431,0.0,0.0038001969755431402,0.0,OptiMix SSR+LBA,0.3,200
ssr+lba,0.8,0.0,omega,ripe,4,0.0,115.86487624605873,399.24073830717697,323.59365692962825,2137.9620895022326,7.643842385583546,7.643856189774724,0.2588820829332139,0.8815327020851618,0.0,0.00381188379789588,0.0,OptiMix SSR+LBA,0.3,200
gwr+lba+crg,0.0,0.05,omega,ripe,0,0.0,104.9253226271592,376.5717203311341,309.0295432513591,1698.2436524617444,7.633534648789228,7.643856189774724,0.27095147293043365,0.910428857403153,0.0,0.007167455326135504,0.0,OptiMix GWR+LBA+CRG(θ=.05),0.3,200
gwr+lba+crg,0.0,0.05,omega,ripe,1,0.0,104.32779583479291,402.0773679639988,309.0295432513591,2344.228815319923,7.632417574889897,7.643856189774724,0.26682419939471247,0.9006426006238704,0.0,0.007246793541078482,0.0,OptiMix GWR+LBA+CRG(θ=.05),0.3,200
gwr+lba+crg,0.0,0.05,omega,ripe,2,0.0,106.79099232679005,535.6379461092614,309.0295432513591,4466.83592150963,7.6327990414480205,7.643856189774724,0.2682054390587121,1.0094249971970477,0.0025,0.007087214515741997,0.0,OptiMix GWR+LBA+CRG(θ=.05),0.3,200
gwr+lba+crg,0.0,0.05,omega,ripe,3,0.0,105.11445624273881,438.1262782307661,309.0295432513591,2818.3829312644552,7.6326833320402265,7.643856189774724,0.2769244359745111,0.9412778002404025,0.0,0.007169031634920652,0.0,OptiMix GWR+LBA+CRG(θ=.05),0.3,200
gwr+lba+crg,0.0,0.05,omega,ripe,4,0.0,106.11740496580848,397.999559449011,309.0295432513591,2344.228815319923,7.632752870569634,7.643856189774724,0.2627861501078086,0.9047851902766652,0.0,0.007139575297266845,0.0,OptiMix GWR+LBA+CRG(θ=.05),0.3,200
gwr+lba+crg,0.2,0.05,omega,ripe,0,0.0,103.37940209833458,377.918167776121,309.0295432513591,1862.0871366628676,7.6322728957228785,7.643856189774724,0.2721371801351251,0.9210651434236001,0.0,0.007127411170983235,0.0,OptiMix GWR+LBA+CRG(θ=.05),0.3,200
gwr+lba+crg,0.2,0.05,omega,ripe,1,0.0,102.98315978778618,404.5911254536963,309.0295432513591,2454.708915685031,7.631650819745111,7.643856189774724,0.2678481760359106,0.90064392596508,0.0,0.007182060252291145,0.0,OptiMix GWR+LBA+CRG(θ=.05),0.3,200
gwr+lba+crg,0.2,0.05,omega,ripe,2,0.0,105.37644063135738,542.6959915836921,309.0295432513591,4677.351412871981,7.6322086801829805,7.643856189774724,0.26772422551636366,1.012695051854904,0.0025,0.007011069209436881,0.0,OptiMix GWR+LBA+CRG(θ=.05),0.3,200
gwr+lba+crg,0.2,0.05,omega,ripe,3,0.0,103.50531426524014,441.63358117720077,309.0295432513591,2951.209226666387,7.631497983867193,7.643856189774724,0.27859634766291674,0.9606291660848216,0.0,0.007139842116431955,0.0,OptiMix GWR+LBA+CRG(θ=.05),0.3,200
gwr+lba+crg,0.2,0.05,omega,ripe,4,0.0,104.5343326545447,393.974467500956,309.0295432513591,2238.72113856834,7.6312948590488965,7.643856189774724,0.2616479183745495,0.8916820276756565,0.0,0.007111311547869821,0.0,OptiMix GWR+LBA+CRG(θ=.05),0.3,200
gwr+lba+crg,0.4,0.05,omega,ripe,0,0.0,101.43651879205507,393.8677501547967,309.0295432513591,2454.708915685031,7.630801840789884,7.643856189774724,0.27470826094688183,0.9401263585129281,0.0,0.007105329866452842,0.0,OptiMix GWR+LBA+CRG(θ=.05),0.3,200
gwr+lba+crg,0.4,0.05,omega,ripe,1,0.0,100.88580122532298,399.8577403840449,309.0295432513591,2454.708915685031,7.630517620887706,7.643856189774724,0.2676613780178263,0.9091459943111948,0.0,0.007110439181209381,0.0,OptiMix GWR+LBA+CRG(θ=.05),0.3,200
gwr+lba+crg,0.4,0.05,omega,ripe,2,0.0,103.26369135817389,508.083284947153,309.0295432513591,4265.795188015925,7.6315804925679345,7.643856189774724,0.2697319724480858,0.9925637778674754,0.0,0.006960223856842203,0.0,OptiMix GWR+LBA+CRG(θ=.05),0.3,200
gwr+lba+crg,0.4,0.05,omega,ripe,3,0.0,101.45950309530924,440.5475546440141,309.0295432513591,2951.209226666387,7.630089670904076,7.643856189774724,0.2793435597288454,0.9699139123233055,0.0,0.0070705143887695955,0.0,OptiMix GWR+LBA+CRG(θ=.05),0.3,200
gwr+lba+crg,0.4,0.05,omega,ripe,4,0.0,102.39892060751035,392.09703972337144,309.0295432513591,2344.228815319923,7.629777659535796,7.643856189774724,0.2631230558389508,0.9101245878587699,0.0,0.007034738237557367,0.0,OptiMix GWR+LBA+CRG(θ=.05),0.3,200
gwr+lba+crg,0.6,0.05,omega,ripe,0,0.0,98.48167453889428,410.05334256830724,309.0295432513591,2691.534803926917,7.629224610647839,7.643856189774724,0.27704309592952425,0.9527252038562612,0.0,0.006987950162006611,0.0,OptiMix GWR+LBA+CRG(θ=.05),0.3,200
gwr+lba+crg,0.6,0.05,omega,ripe,1,0.0,97.52876734261748,392.3105510185604,309.0295432513591,2344.228815319923,7.628893971989289,7.643856189774724,0.26683222759633174,0.9202574963398253,0.0,0.007011849569191046,0.0,OptiMix GWR+LBA+CRG(θ=.05),0.3,200
gwr+lba+crg,0.6,0.05,omega,ripe,4,0.0,99.43148572970665,392.192606641017,309.0295432513591,2344.228815319923,7.628904808075179,7.643856189774724,0.2663451420793044,0.9160893043161378,0.0,0.006990108721392168,0.0,OptiMix GWR+LBA+CRG(θ=.05),0.3,200
gwr+lba+crg,0.8,0.05,omega,ripe,0,0.0,93.50583635162889,492.2664835606121,295.12092266663853,5128.613839913649,7.629535441515122,7.643856189774724,0.28040202093163,0.9828132866740403,0.0,0.006545993145588409,0.0,OptiMix GWR+LBA+CRG(θ=.05),0.3,200
gwr+lba+crg,0.6,0.05,omega,ripe,2,0.0,100.06682861939034,505.21520309791146,309.0295432513591,4265.795188015925,7.630894275422239,7.643856189774724,0.2730935461058692,0.9814251541891521,0.0,0.006865083985261764,0.0,OptiMix GWR+LBA+CRG(θ=.05),0.3,200
gwr+lba+crg,0.6,0.05,omega,ripe,3,0.0,97.97513829595948,446.12176718397615,309.0295432513591,3235.936569296281,7.629100304814067,7.643856189774724,0.2804568674535646,0.9542764449742801,0.0,0.007007279411555116,0.0,OptiMix GWR+LBA+CRG(θ=.05),0.3,200
gwr+lba+crg,0.8,0.05,omega,ripe,1,0.0,92.50118976647451,408.70132223215995,295.12092266663853,2691.534803926917,7.62911254620567,7.643856189774724,0.27566658961492974,0.9490920269351762,0.0,0.0065167785597897345,0.0,OptiMix GWR+LBA+CRG(θ=.05),0.3,200
gwr+lba+crg,0.8,0.05,omega,ripe,2,0.0,94.72832324786599,555.8389428572267,309.0295432513591,5128.613839913649,7.631052492739937,7.643856189774724,0.2849606909411204,1.0019651850088127,0.0025,0.006454642680495401,0.0,OptiMix GWR+LBA+CRG(θ=.05),0.3,200
gwr,0.0,0.0,omega,ripe,0,0.0,3.8069763109356187,34892.01642698042,32359.365692962812,61659.50018614822,2.4738752008995255,7.643856189774724,56.73140545208215,57.625888748193994,0.045,0.12936461760809653,0.0,OptiMix GWR (no LBA),0.3,200
gwr,0.0,0.0,omega,ripe,1,0.0,3.561855137403521,41264.60307260605,61659.50018614822,61659.50018614822,2.578491270169386,7.643856189774724,22.18612014426846,13.744027741413747,0.0375,0.14209873136244586,0.0,OptiMix GWR (no LBA),0.3,200
gwr+lba+crg,0.8,0.05,omega,ripe,3,0.0,93.32481548380557,525.4535528005204,309.0295432513591,4897.7881936844615,7.631071493200409,7.643856189774724,0.28155947430746986,0.9899081509047211,0.0,0.006521553644187011,0.0,OptiMix GWR+LBA+CRG(θ=.05),0.3,200
gwr+lba+crg,0.8,0.05,omega,ripe,4,0.0,95.03153918976994,393.9348258595795,295.12092266663853,2570.395782768865,7.629843972176264,7.643856189774724,0.2715792591516317,0.9102960793976965,0.0,0.00651423327156995,0.0,OptiMix GWR+LBA+CRG(θ=.05),0.3,200
gwr,0.0,0.0,omega,ripe,2,0.0,1.093554006103731,41522.733942368555,61659.50018614822,61659.50018614822,1.9031079994647824,7.643856189774724,39.12808833587791,27.028251589441716,0.03,0.14289447389935733,0.0,OptiMix GWR (no LBA),0.3,200
gwr,0.0,0.0,omega,ripe,3,0.0,1.9670726559058112,37401.19812805477,30902.95432513592,64565.42290346556,2.0446138905380447,7.643856189774724,19.907179864780314,16.517005366650356,0.045,0.1347081877757147,0.0,OptiMix GWR (no LBA),0.3,200
gwr,0.0,0.0,omega,ripe,4,0.0,1.9467164176069343,41292.56427056943,61659.50018614822,61659.50018614822,2.4538902534775837,7.643856189774724,36.36569571845346,31.072823252161495,0.0425,0.13795123739908918,0.0,OptiMix GWR (no LBA),0.3,200
gwr,0.2,0.0,omega,ripe,0,0.0,4.199134202185182,32357.480313269207,30902.95432513592,61659.50018614822,3.134301412078251,7.643856189774724,47.39939524565292,54.68612016748526,0.04,0.11799120480412587,0.0,OptiMix GWR (no LBA),0.3,200
gwr,0.2,0.0,omega,ripe,1,0.0,3.71194378826063,40011.119077456075,61659.50018614822,61659.50018614822,3.1569658961691567,7.643856189774724,19.86154318661761,12.501843996916044,0.035,0.13479032069140712,0.0,OptiMix GWR (no LBA),0.3,200
gwr,0.2,0.0,omega,ripe,2,0.0,1.3226063682183025,40832.97959558233,61659.50018614822,61659.50018614822,2.4502807194635974,7.643856189774724,35.70969799478094,26.11770533664369,0.0325,0.13534420185889212,0.0,OptiMix GWR (no LBA),0.3,200
gwr,0.2,0.0,omega,ripe,3,0.0,2.2199910826308584,35700.30143016782,30902.95432513592,64565.42290346556,2.4880986226047894,7.643856189774724,18.941249906517566,17.806285968875724,0.0375,0.1250210747341896,0.0,OptiMix GWR (no LBA),0.3,200
gwr,0.2,0.0,omega,ripe,4,0.0,2.1651153247762904,40501.62018503669,61659.50018614822,61659.50018614822,3.077446998789496,7.643856189774724,28.69850479400247,26.932064089146024,0.0425,0.12953871781971044,0.0,OptiMix GWR (no LBA),0.3,200
gwr,0.4,0.0,omega,ripe,0,0.0,5.07739776182394,28762.45291764477,30902.95432513592,61659.50018614822,3.9328285491987276,7.643856189774724,38.04527668785306,50.53401474556781,0.0375,0.10373329888491198,0.0,OptiMix GWR (no LBA),0.3,200
gwr,0.4,0.0,omega,ripe,1,0.0,4.184433259456751,37596.0810988522,30902.95432513592,61659.50018614822,3.8190440847417038,7.643856189774724,17.620108601978245,11.53761853015991,0.0325,0.12288814644025015,0.0,OptiMix GWR (no LBA),0.3,200
gwr,0.4,0.0,omega,ripe,2,0.0,1.7982091352946303,38371.390327222594,30902.95432513592,61659.50018614822,3.1494027688026422,7.643856189774724,30.437477289074568,23.831490788834213,0.0375,0.12342939442400211,0.0,OptiMix GWR (no LBA),0.3,200
gwr,0.4,0.0,omega,ripe,3,0.0,2.7496247531379807,34430.987485029014,30902.95432513592,64565.42290346556,3.0219089061225475,7.643856189774724,17.51216825026737,18.643214801813915,0.04,0.11170280613845347,0.0,OptiMix GWR (no LBA),0.3,200
gwr,0.4,0.0,omega,ripe,4,0.0,2.616039027985775,39587.942010333514,61659.50018614822,61659.50018614822,3.794638229992212,7.643856189774724,22.88664297651953,22.971630852224422,0.05,0.11785931867682575,0.0,OptiMix GWR (no LBA),0.3,200
gwr,0.6,0.0,omega,ripe,0,0.0,7.343635276845835,24128.639539527547,26915.348039269167,61659.50018614822,4.9404752756582235,7.643856189774724,27.982001022239093,44.297667055646436,0.0375,0.08446767890887494,0.0,OptiMix GWR (no LBA),0.3,200
gwr,0.6,0.0,omega,ripe,1,0.0,5.701116697869877,33999.55458512793,30902.95432513592,61659.50018614822,4.664336788118146,7.643856189774724,14.469186213517393,11.439369171004095,0.035,0.10405479925147842,0.0,OptiMix GWR (no LBA),0.3,200
gwr,0.6,0.0,omega,ripe,2,0.0,3.0258736458198343,34838.40687594592,30902.95432513592,61659.50018614822,4.085097877445217,7.643856189774724,23.033206489823293,20.00001226562147,0.0375,0.10561235254422507,0.0,OptiMix GWR (no LBA),0.3,200
gwr,0.6,0.0,omega,ripe,3,0.0,4.096279166291794,31276.562577553897,30902.95432513592,61659.50018614822,3.759826149513198,7.643856189774724,14.928020420467636,18.240132925413505,0.0375,0.09479610456765414,0.0,OptiMix GWR (no LBA),0.3,200
gwr,0.6,0.0,omega,ripe,4,0.0,3.8344536729180625,36600.570597053396,30902.95432513592,61659.50018614822,4.6867848070023355,7.643856189774724,17.773989326015027,19.187414365550346,0.0575,0.10054665123618052,0.0,OptiMix GWR (no LBA),0.3,200
gwr,0.8,0.0,omega,ripe,0,0.0,15.948607378201473,16561.25875701236,281.83829312644536,61659.50018614822,6.27176915581862,7.643856189774724,15.58840521177778,33.45059874927631,0.0375,0.05525109687553377,0.0,OptiMix GWR (no LBA),0.3,200
gwr,0.8,0.0,omega,ripe,1,0.0,12.248095636214401,24086.902661540862,30902.95432513592,61659.50018614822,5.92747857989742,7.643856189774724,8.932666917025644,9.69131250261147,0.03,0.06901794209124898,0.0,OptiMix GWR (no LBA),0.3,200
gwr,0.8,0.0,omega,ripe,2,0.0,8.234703572875267,26771.238621625907,30902.95432513592,61659.50018614822,5.450294986050931,7.643856189774724,13.401980949470598,14.148666855159021,0.035,0.07422022283299672,0.0,OptiMix GWR (no LBA),0.3,200
gwr,0.8,0.0,omega,ripe,3,0.0,9.751104925753829,24899.949653525382,30902.95432513592,61659.50018614822,4.969882462598132,7.643856189774724,10.03186616325419,15.421187111503922,0.04,0.06942420584339234,0.0,OptiMix GWR (no LBA),0.3,200
gwr,0.8,0.0,omega,ripe,4,0.0,9.0282856946754,27362.65906174854,30902.95432513592,61659.50018614822,5.896280707990242,7.643856189774724,11.46363451907002,14.847694641789026,0.0475,0.07160949388542978,0.0,OptiMix GWR (no LBA),0.3,200
uniform,1.0,0.0,omega,ripe,0,0.0,121.52927482578082,388.3675121843349,323.59365692962825,1621.8100973589299,7.643856189774724,7.643856189774724,0.27219392815103194,0.8900104218598717,0.0,0.003374999999999936,0.0,uniform (Nym default),0.3,200
uniform,1.0,0.0,omega,ripe,1,0.0,121.68185455010409,419.6195472918545,323.59365692962825,2454.708915685031,7.643856189774724,7.643856189774724,0.2645564933562756,0.9139943248597591,0.0,0.003374999999999936,0.0,uniform (Nym default),0.3,200
uniform,1.0,0.0,omega,ripe,2,0.0,124.77744151388667,433.22949177569603,338.84415613920254,2570.395782768865,7.643856189774724,7.643856189774724,0.2616905805971994,0.9170359312974298,0.0,0.003374999999999936,0.0,uniform (Nym default),0.3,200
uniform,1.0,0.0,omega,ripe,3,0.0,122.13443454728424,449.1716031097955,338.84415613920254,2818.3829312644552,7.643856189774724,7.643856189774724,0.2724239710056713,0.9132550091877538,0.0,0.003374999999999936,0.0,uniform (Nym default),0.3,200
uniform,1.0,0.0,omega,ripe,4,0.0,123.6361285266724,408.0861076854747,323.59365692962825,2238.72113856834,7.643856189774724,7.643856189774724,0.2596896647084903,0.8795869285456293,0.0,0.003374999999999936,0.0,uniform (Nym default),0.3,200
regretor,0.0,0.0,equal,ripe,0,0.0,121.51637296628441,633.3859994607171,446.683592150963,2454.708915685031,7.643650750006936,7.643856189774724,0.05915522630666725,0.734772111111111,0.0,0.0037421014910143636,32.31522916666667,ours (θ_loc tilt),0.7,200
regretor,0.0,0.0,equal,ripe,1,0.0,121.52969057311209,630.7903027512468,446.683592150963,2454.708915685031,7.643606631165474,7.643856189774724,0.05912975398222309,0.7367041111111112,0.0,0.0037407812169746374,32.30690277777778,ours (θ_loc tilt),0.7,200
regretor,0.0,0.0,equal,ripe,2,0.0,124.6697923604693,633.8994155727327,446.683592150963,2454.708915685031,7.643620546590419,7.643856189774724,0.05899338704111101,0.739581111111111,0.0,0.003740709142324196,32.30272222222222,ours (θ_loc tilt),0.7,200
regretor,0.0,0.0,equal,ripe,3,0.0,122.30694720444545,637.131545610993,446.683592150963,2454.708915685031,7.643658032212666,7.643856189774724,0.05946492990222185,0.731584777777778,0.0,0.003730580944317709,32.310006944444446,ours (θ_loc tilt),0.7,200
regretor,0.0,0.0,equal,ripe,4,0.0,123.69186055513707,639.102467875487,446.683592150963,2454.708915685031,7.643610869764196,7.643856189774724,0.059350309875556784,0.7301443333333335,0.0,0.0037385222037893545,32.303111111111114,ours (θ_loc tilt),0.7,200
regretor,0.0,0.0,equal,ripe,0,0.5,106.47155097338432,620.1794383828006,426.57951880159254,2454.708915685031,7.643536767891753,7.643856189774724,0.059378089225555986,0.7333822222222222,0.0,0.004047359861610965,33.03525694444445,ours (θ_loc tilt),0.7,200
regretor,0.0,0.0,equal,ripe,1,0.5,105.30759984967528,615.7507385863578,426.57951880159254,2344.228815319923,7.643508187960763,7.643856189774724,0.05936768806666737,0.7316804444444445,0.0,0.004123992522715315,33.13236805555556,ours (θ_loc tilt),0.7,200
regretor,0.0,0.0,equal,ripe,2,0.5,108.24305836805229,614.4698889492169,426.57951880159254,2344.228815319923,7.643551276397948,7.643856189774724,0.059394873728886965,0.7362872222222222,0.0,0.0041403789751352955,33.085631944444444,ours (θ_loc tilt),0.7,200
regretor,0.0,0.0,equal,ripe,3,0.5,106.23838357874132,611.5156358262899,426.57951880159254,2344.228815319923,7.643406341898012,7.643856189774724,0.05916478109444445,0.7281625555555556,0.0,0.004243653415639344,33.113479166666664,ours (θ_loc tilt),0.7,200
regretor,0.0,0.0,equal,ripe,4,0.5,108.45551009094599,622.0465912275229,426.57951880159254,2344.228815319923,7.643436200631623,7.643856189774724,0.05941537872555491,0.73864,0.0,0.004262532042031982,33.02415972222222,ours (θ_loc tilt),0.7,200
regretor,0.0,0.0,equal,ripe,0,1.0,88.38691978921138,611.6439303332825,407.38027780411284,2454.708915685031,7.641717115481793,7.643856189774724,0.0606340805322223,0.7809845555555556,0.0,0.004710082488329723,35.161631944444444,ours (θ_loc tilt),0.7,200
regretor,0.0,0.0,equal,ripe,1,1.0,86.80554613612586,606.6471708844541,407.38027780411284,2344.228815319923,7.641503976483878,7.643856189774724,0.05992281240111197,0.7851075555555553,0.0,0.004749300051189531,35.38745138888889,ours (θ_loc tilt),0.7,200
regretor,0.0,0.0,equal,ripe,2,1.0,89.28964836135992,621.4430299184355,407.38027780411284,2344.228815319923,7.642060529305874,7.643856189774724,0.06034560667555433,0.7851441111111112,0.0,0.004844268070562075,35.268479166666665,ours (θ_loc tilt),0.7,200
regretor,0.0,0.0,equal,ripe,3,1.0,87.85901308483515,610.7403087750939,407.38027780411284,2344.228815319923,7.640664922239669,7.643856189774724,0.06001420240666788,0.7817599999999999,0.0,0.005176843190250836,35.30938888888889,ours (θ_loc tilt),0.7,200
regretor,0.0,0.0,equal,ripe,4,1.0,90.42601097155742,612.370041888822,407.38027780411284,2344.228815319923,7.640474686700629,7.643856189774724,0.059997099766667006,0.7772722222222219,0.0,0.005042350947267783,35.09670833333333,ours (θ_loc tilt),0.7,200
regretor,0.0,0.0,equal,ripe,0,2.0,63.21626569285869,895.4088427707353,371.5352290971726,6456.542290346556,7.620892279618898,7.643856189774724,0.06766872836888882,1.3811824444444447,0.0025,0.006488199201406084,38.62220138888889,ours (θ_loc tilt),0.7,200
regretor,0.0,0.0,equal,ripe,1,2.0,61.171646693309064,1166.1549214383642,371.5352290971726,30902.95432513592,7.6217984618522765,7.643856189774724,0.06915719817444566,1.3088141111111107,0.005,0.006203560574887601,38.964375,ours (θ_loc tilt),0.7,200
regretor,0.0,0.0,equal,ripe,2,2.0,60.76332064257997,1490.709729400892,371.5352290971726,30902.95432513592,7.623415215662256,7.643856189774724,0.07130333368444486,1.4027673333333335,0.0075,0.006835021860773931,39.088680555555555,ours (θ_loc tilt),0.7,200
regretor,0.0,0.0,equal,ripe,3,2.0,62.58400702228863,1183.8872271001921,371.5352290971726,30902.95432513592,7.613324484221039,7.643856189774724,0.0685872754288892,1.3161664444444439,0.005,0.006780627163262,38.83182638888889,ours (θ_loc tilt),0.7,200
regretor,0.0,0.0,equal,ripe,4,2.0,63.98642054142379,1228.8241734293817,389.0451449942807,30902.95432513592,7.618016660496019,7.643856189774724,0.07340872972999835,1.3825738888888885,0.005,0.0065599948867409875,38.70771527777778,ours (θ_loc tilt),0.7,200
regretor,0.0,0.0,equal,ripe,0,3.0,53.69544977919294,1013.2833559250327,371.5352290971726,30902.95432513592,7.595651918614884,7.643856189774724,0.07471422014444351,1.9258726666666661,0.0025,0.007819207640957917,39.89522916666667,ours (θ_loc tilt),0.7,200
regretor,0.0,0.0,equal,ripe,1,3.0,51.90764301472893,1606.5623585906387,371.5352290971726,30902.95432513592,7.599024567771528,7.643856189774724,0.0831051657400006,1.9253041111111115,0.0075,0.007527770543393845,40.29557638888889,ours (θ_loc tilt),0.7,200
regretor,0.0,0.0,equal,ripe,2,3.0,51.47229024336108,1872.238816647813,371.5352290971726,30902.95432513592,7.601457970646579,7.643856189774724,0.09032727369555582,1.9860874444444436,0.0075,0.00793710281869315,40.50486111111111,ours (θ_loc tilt),0.7,200
regretor,0.0,0.0,equal,ripe,3,3.0,53.50183358885518,1867.647504855971,371.5352290971726,30902.95432513592,7.581156442797846,7.643856189774724,0.08417750270000002,1.9325911111111118,0.01,0.008050231161074117,40.06097916666667,ours (θ_loc tilt),0.7,200
regretor,0.0,0.0,equal,ripe,4,3.0,54.340709845955836,1941.6958296356984,371.5352290971726,30902.95432513592,7.594738793494255,7.643856189774724,0.09241103512555693,1.9859023333333332,0.01,0.0077843510375443,40.0156875,ours (θ_loc tilt),0.7,200
regretor,0.0,0.0,equal,ripe,0,4.0,52.48803043052352,1058.2318383204638,371.5352290971726,30902.95432513592,7.591663116499999,7.643856189774724,0.07799562080999944,2.1196567777777764,0.0025,0.007854481628390562,40.047895833333335,ours (θ_loc tilt),0.7,200
regretor,0.0,0.0,equal,ripe,1,4.0,50.71519177332094,1703.7551302394588,371.5352290971726,30902.95432513592,7.595789386227533,7.643856189774724,0.08706821087333316,2.0457087777777776,0.0075,0.0075356946719933844,40.47557638888889,ours (θ_loc tilt),0.7,200
regretor,0.0,0.0,equal,ripe,2,4.0,49.680916885708825,2010.7990182035082,354.8133892335755,30902.95432513592,7.596189077333129,7.643856189774724,0.09494263865777763,2.0872848888888886,0.0075,0.00812808444100396,40.74740277777778,ours (θ_loc tilt),0.7,200
regretor,0.0,0.0,equal,ripe,3,4.0,52.02788865781874,1982.3151249631696,371.5352290971726,30902.95432513592,7.574601351781012,7.643856189774724,0.0891501527577776,2.095043222222222,0.01,0.008343068952455525,40.26982638888889,ours (θ_loc tilt),0.7,200
regretor,0.0,0.0,equal,ripe,4,4.0,52.81308194459128,2027.167021181365,371.5352290971726,30902.95432513592,7.590513113787974,7.643856189774724,0.09754694171000056,2.072605888888888,0.01,0.008012119860413915,40.23986111111111,ours (θ_loc tilt),0.7,200
larmix,0.2,0.0,equal,ripe,0,0.0,19.521582338611516,460.692465279385,295.12092266663853,2238.72113856834,3.674511875030512,7.643856189774724,0.03970746666666458,0.7185888888888888,0.0,0.05756458004037396,0.0,LARMix,0.7,200
larmix,0.2,0.0,equal,ripe,1,0.0,20.126687052904998,463.8702107015048,295.12092266663853,2344.228815319923,3.7504050028217377,7.643856189774724,0.03975900000000032,0.7184333333333334,0.0,0.058636156499167494,0.0,LARMix,0.7,200
larmix,0.2,0.0,equal,ripe,2,0.0,20.49706419354537,464.75153523742307,309.0295432513591,2238.72113856834,3.9404395143446735,7.643856189774724,0.0397602666666661,0.7231777777777778,0.0,0.05426986530903323,0.0,LARMix,0.7,200
larmix,0.2,0.0,equal,ripe,3,0.0,22.896136972096194,472.7957035230271,309.0295432513591,2344.228815319923,3.920072458355061,7.643856189774724,0.04010137777777789,0.7236444444444444,0.0,0.054374821306280186,0.0,LARMix,0.7,200
larmix,0.2,0.0,equal,ripe,4,0.0,26.014079349458243,473.1465074120777,309.0295432513591,2344.228815319923,3.8089020551244994,7.643856189774724,0.03991957777777655,0.7196777777777777,0.0,0.05863607431715169,0.0,LARMix,0.7,200
larmix,0.4,0.0,equal,ripe,0,0.0,20.60746293308354,462.49096486132737,309.0295432513591,2238.72113856834,4.810018568845918,7.643856189774724,0.039819888888889654,0.7227111111111111,0.0,0.04681032548697459,0.0,LARMix,0.7,200
larmix,0.4,0.0,equal,ripe,1,0.0,21.31230353948595,464.0897057086988,309.0295432513591,2238.72113856834,4.927067324711387,7.643856189774724,0.039617377777779295,0.7171888888888888,0.0,0.04375000324766496,0.0,LARMix,0.7,200
larmix,0.4,0.0,equal,ripe,2,0.0,21.6375596929117,465.9464914987062,309.0295432513591,2238.72113856834,5.031351332379419,7.643856189774724,0.03986491111111112,0.7193666666666666,0.0,0.04358413869930595,0.0,LARMix,0.7,200
larmix,0.4,0.0,equal,ripe,3,0.0,23.68159702807734,470.5769924560042,309.0295432513591,2238.72113856834,5.097428151879667,7.643856189774724,0.03995282222222207,0.7248888888888889,0.0,0.043522174828857285,0.0,LARMix,0.7,200
larmix,0.4,0.0,equal,ripe,4,0.0,26.026468582720412,472.6271384555221,309.0295432513591,2238.72113856834,5.001735997536725,7.643856189774724,0.03996960000000027,0.7208444444444444,0.0,0.04369980730273136,0.0,LARMix,0.7,200
larmix,0.6,0.0,equal,ripe,0,0.0,28.077398109523415,469.93754580646566,309.0295432513591,2238.72113856834,6.505195450386976,7.643856189774724,0.039592377777776244,0.7179666666666666,0.0,0.02905261363419178,0.0,LARMix,0.7,200
larmix,0.6,0.0,equal,ripe,1,0.0,27.366963693035213,471.97962278715744,309.0295432513591,2137.9620895022326,6.614524254732697,7.643856189774724,0.039931066666664794,0.7199888888888889,0.0,0.02697288787951415,0.0,LARMix,0.7,200
larmix,0.6,0.0,equal,ripe,2,0.0,29.181569472543103,472.93956973254586,323.59365692962825,2137.9620895022326,6.677590997550942,7.643856189774724,0.03980722222222166,0.7237222222222222,0.0,0.02667082827728155,0.0,LARMix,0.7,200
larmix,0.6,0.0,equal,ripe,3,0.0,30.581708659981405,475.75300565490426,323.59365692962825,2137.9620895022326,6.669877509164804,7.643856189774724,0.03977906666666753,0.7216999999999999,0.0,0.02685697418318019,0.0,LARMix,0.7,200
larmix,0.6,0.0,equal,ripe,4,0.0,34.469142533929826,480.47744512551515,323.59365692962825,2238.72113856834,6.655708415510422,7.643856189774724,0.03987560000000001,0.7220888888888889,0.0,0.026597435819390763,0.0,LARMix,0.7,200
larmix,0.8,0.0,equal,ripe,0,0.0,87.86899773583907,530.7441872853251,389.0451449942807,1949.8445997580457,7.63234762193165,7.643856189774724,0.039672599999999836,0.7209222222222222,0.0,0.006954799110514521,0.0,LARMix,0.7,200
larmix,0.8,0.0,equal,ripe,1,0.0,87.02137005352193,527.2178126491496,389.0451449942807,1862.0871366628676,7.63437071604158,7.643856189774724,0.039529288888888514,0.7314222222222222,0.0,0.006738094161256848,0.0,LARMix,0.7,200
larmix,0.8,0.0,equal,ripe,2,0.0,89.93135142107164,534.926577749602,389.0451449942807,1949.8445997580457,7.635137681034655,7.643856189774724,0.03984333333333301,0.7206111111111111,0.0,0.006654356744153325,0.0,LARMix,0.7,200
larmix,0.8,0.0,equal,ripe,3,0.0,89.34361266045173,536.8551482383886,389.0451449942807,1949.8445997580457,7.633975041104334,7.643856189774724,0.0399564222222224,0.7204555555555555,0.0,0.006796807435199545,0.0,LARMix,0.7,200
larmix,0.8,0.0,equal,ripe,4,0.0,90.85733719926773,537.9995691518999,389.0451449942807,2041.7379446695297,7.634656515625211,7.643856189774724,0.03985142222222304,0.7216222222222222,0.0,0.006774175899648897,0.0,LARMix,0.7,200
larmix,1.0,0.0,equal,ripe,0,0.0,121.52927482578082,565.9941483907866,426.57951880159254,1949.8445997580457,7.643856189774724,7.643856189774724,0.03978117777777723,0.7200666666666666,0.0,0.003374999999999936,0.0,LARMix,0.7,200
larmix,1.0,0.0,equal,ripe,1,0.0,121.68185455010409,566.5911479341945,426.57951880159254,1949.8445997580457,7.643856189774724,7.643856189774724,0.039705355555553545,0.7199111111111112,0.0,0.003374999999999936,0.0,LARMix,0.7,200
larmix,1.0,0.0,equal,ripe,2,0.0,124.77744151388667,567.8267412413329,426.57951880159254,1949.8445997580457,7.643856189774724,7.643856189774724,0.03952859999999947,0.7235666666666666,0.0,0.003374999999999936,0.0,LARMix,0.7,200
larmix,1.0,0.0,equal,ripe,3,0.0,122.13443454728424,572.6466835141383,426.57951880159254,2041.7379446695297,7.643856189774724,7.643856189774724,0.04028553333333207,0.7195222222222222,0.0,0.003374999999999936,0.0,LARMix,0.7,200
larmix,1.0,0.0,equal,ripe,4,0.0,123.6361285266724,570.3174616215841,426.57951880159254,2041.7379446695297,7.643856189774724,7.643856189774724,0.03994893333333294,0.721,0.0,0.003374999999999936,0.0,LARMix,0.7,200
lamp,0.2,0.0,equal,ripe,0,0.0,41.06753408708095,42990.31790681965,61659.50018614822,64565.42290346556,2.8321271764221456,7.643856189774724,31.97765075555553,71.56146666666667,0.1125,0.12489341988576433,0.0,LAMP-SC,0.7,200
lamp,0.4,0.0,equal,ripe,0,0.0,40.95872704520399,40116.188563991775,32359.365692962812,64565.42290346556,3.931210803160568,7.643856189774724,26.772707311111127,67.40183333333333,0.1125,0.10779104772150465,0.0,LAMP-SC,0.7,200
lamp,0.4,0.0,equal,ripe,1,0.0,28.16780760252498,46491.30731133835,61659.50018614822,64565.42290346556,3.3917391151832135,7.643856189774724,27.602371733333317,60.851622222222225,0.1025,0.13138474961428212,0.0,LAMP-SC,0.7,200
lamp,0.2,0.0,equal,ripe,1,0.0,28.600102020935452,47875.395940164955,61659.50018614822,64565.42290346556,2.380140995894186,7.643856189774724,33.6457041111111,68.12213333333334,0.095,0.14274214244096,0.0,LAMP-SC,0.7,200
lamp,0.2,0.0,equal,ripe,2,0.0,0.8887404890193402,51758.04333785927,61659.50018614822,64565.42290346556,0.4499988683656351,7.643856189774724,75.31484562222214,107.02494444444444,0.06,0.1499655924693174,0.0,LAMP-SC,0.7,200
lamp,0.2,0.0,equal,ripe,3,0.0,1.7599074804297954,51101.61361188106,61659.50018614822,64565.42290346556,0.5371154533808443,7.643856189774724,58.969224177777754,103.00974444444444,0.105,0.1497048050732547,0.0,LAMP-SC,0.7,200
lamp,0.2,0.0,equal,ripe,4,0.0,19.079921524696637,47364.62536379991,61659.50018614822,64565.42290346556,2.577010946261499,7.643856189774724,39.49199306666665,77.43135555555556,0.115,0.1357399761648896,0.0,LAMP-SC,0.7,200
lamp,0.4,0.0,equal,ripe,2,0.0,1.5472478361935107,51312.64370618073,61659.50018614822,64565.42290346556,0.9841877046890798,7.643856189774724,72.64513651111115,107.06624444444444,0.0675,0.1465817310596989,0.0,LAMP-SC,0.7,200
lamp,0.4,0.0,equal,ripe,3,0.0,2.1177114051541057,49094.78944556891,61659.50018614822,64565.42290346556,1.3196185236310112,7.643856189774724,46.983465933333285,89.95692222222222,0.105,0.14231625432079026,0.0,LAMP-SC,0.7,200
lamp,0.4,0.0,equal,ripe,4,0.0,21.190657735742832,45774.58259425071,61659.50018614822,64565.42290346556,3.7885058828055627,7.643856189774724,27.44580768888885,65.8003111111111,0.1225,0.11989743819020157,0.0,LAMP-SC,0.7,200
lamp,0.6,0.0,equal,ripe,0,0.0,42.05730063148848,34836.68001955925,30902.95432513592,64565.42290346556,5.561482821790902,7.643856189774724,16.332555066666668,54.77531111111111,0.1375,0.07186371182014298,0.0,LAMP-SC,0.7,200
lamp,0.6,0.0,equal,ripe,1,0.0,30.50958204618376,37943.830007130106,30902.95432513592,64565.42290346556,4.96243543569197,7.643856189774724,17.802642555555558,47.6882,0.09,0.09457046078862862,0.0,LAMP-SC,0.7,200
lamp,0.6,0.0,equal,ripe,2,0.0,7.213617790058369,43637.7424111958,56234.13251903491,64565.42290346556,2.69975437493482,7.643856189774724,50.77363766666662,90.01004444444445,0.0575,0.11728300453763338,0.0,LAMP-SC,0.7,200
lamp,0.8,0.0,equal,ripe,2,0.0,29.391431437253203,27119.303392993384,30902.95432513592,61659.50018614822,5.427275029830414,7.643856189774724,12.591120177777768,42.3402,0.075,0.05550941342461348,0.0,LAMP-SC,0.7,200
lamp,0.8,0.0,equal,ripe,3,0.0,27.882548996133963,29596.22275187841,30902.95432513592,61659.50018614822,5.5123520485368775,7.643856189774724,7.82295088888889,33.49554444444444,0.13,0.04871039372203653,0.0,LAMP-SC,0.7,200
lamp,0.6,0.0,equal,ripe,3,0.0,6.583865772314755,41886.820693763104,32359.365692962812,64565.42290346556,2.8830414338538137,7.643856189774724,31.58264346666666,71.5473111111111,0.0925,0.10865004059429768,0.0,LAMP-SC,0.7,200
lamp,0.6,0.0,equal,ripe,4,0.0,26.91666543726672,38587.13471764144,30902.95432513592,64565.42290346556,5.55733893756548,7.643856189774724,15.031866333333333,49.20712222222222,0.12,0.08250141356850478,0.0,LAMP-SC,0.7,200
lamp,0.8,0.0,equal,ripe,0,0.0,48.88634234283045,26026.500008431154,30902.95432513592,61659.50018614822,6.4330166250224625,7.643856189774724,6.0261662666666735,33.77616666666667,0.15,0.03370584205986006,0.0,LAMP-SC,0.7,200
lamp,0.8,0.0,equal,ripe,1,0.0,41.095752161652285,26578.421617019354,30902.95432513592,61659.50018614822,6.200707748874413,7.643856189774724,5.856446311111107,27.368133333333333,0.115,0.043276619224060384,0.0,LAMP-SC,0.7,200
lamp,0.8,0.0,equal,ripe,4,0.0,39.786744451311414,31181.366756090614,30902.95432513592,61659.50018614822,6.600520599543346,7.643856189774724,4.9751482000000005,27.580388888888887,0.175,0.03614811566057898,0.0,LAMP-SC,0.7,200
gwr+lba,0.0,0.0,equal,ripe,0,0.0,12.777611449342848,479.255766323937,295.12092266663853,2344.228815319923,3.2573878202271613,7.643856189774724,0.04293204444444321,0.8048444444444444,0.0,0.06624507099975965,0.0,OptiMix GWR+LBA,0.7,200
gwr+lba,0.0,0.0,equal,ripe,1,0.0,14.952144192540821,461.4871155088115,295.12092266663853,2344.228815319923,3.35393282276439,7.643856189774724,0.04027511111111126,0.7470555555555556,0.0,0.06504490597105582,0.0,OptiMix GWR+LBA,0.7,200
gwr+lba,0.0,0.0,equal,ripe,2,0.0,13.066234368183519,495.7647330564244,295.12092266663853,2454.708915685031,3.381076843576958,7.643856189774724,0.04522637777777794,0.7868777777777778,0.0,0.06327311312036145,0.0,OptiMix GWR+LBA,0.7,200
gwr+lba,0.0,0.0,equal,ripe,3,0.0,16.377273016450843,499.1289294038253,309.0295432513591,2454.708915685031,3.291620642331296,7.643856189774724,0.04510404444444438,0.7847777777777778,0.0,0.06486446388228884,0.0,OptiMix GWR+LBA,0.7,200
gwr+lba,0.0,0.0,equal,ripe,4,0.0,16.487691311014565,493.6658153203224,309.0295432513591,2344.228815319923,3.4175539441208502,7.643856189774724,0.044910222222221075,0.7883555555555555,0.0,0.06302571611838012,0.0,OptiMix GWR+LBA,0.7,200
gwr+lba,0.2,0.0,equal,ripe,2,0.0,13.836282719065682,478.58613722793586,295.12092266663853,2344.228815319923,3.9369411187501386,7.643856189774724,0.042482599999999815,0.7565444444444445,0.0,0.05545468944112719,0.0,OptiMix GWR+LBA,0.7,200
gwr+lba,0.2,0.0,equal,ripe,3,0.0,17.11936683826717,478.1634315084144,295.12092266663853,2344.228815319923,3.816410550907093,7.643856189774724,0.042083800000000116,0.7563888888888889,0.0,0.0576710082448601,0.0,OptiMix GWR+LBA,0.7,200
gwr+lba,0.2,0.0,equal,ripe,0,0.0,13.169411075351645,472.9052056952804,295.12092266663853,2238.72113856834,3.756372969611119,7.643856189774724,0.04207451111111116,0.7866444444444445,0.0,0.058821491700923566,0.0,OptiMix GWR+LBA,0.7,200
gwr+lba,0.2,0.0,equal,ripe,1,0.0,15.508358340259212,460.02601940415275,295.12092266663853,2238.72113856834,3.9001704544354703,7.643856189774724,0.0399712888888879,0.7337555555555555,0.0,0.057687763077134746,0.0,OptiMix GWR+LBA,0.7,200
gwr+lba,0.4,0.0,equal,ripe,1,0.0,16.32474305313256,460.9875236958831,295.12092266663853,2238.72113856834,4.6000566762659405,7.643856189774724,0.03983477777777722,0.7277666666666667,0.0,0.048490838310426436,0.0,OptiMix GWR+LBA,0.7,200
gwr+lba,0.4,0.0,equal,ripe,2,0.0,14.998610702980658,467.11130674574684,295.12092266663853,2238.72113856834,4.624970806274758,7.643856189774724,0.04067057777777672,0.7425444444444445,0.0,0.04713108980105402,0.0,OptiMix GWR+LBA,0.7,200
gwr+lba,0.2,0.0,equal,ripe,4,0.0,17.13176796438917,482.43132501336333,309.0295432513591,2344.228815319923,3.9000325329388206,7.643856189774724,0.04278068888888775,0.7612111111111111,0.0,0.05580243754207152,0.0,OptiMix GWR+LBA,0.7,200
gwr+lba,0.4,0.0,equal,ripe,0,0.0,13.878364345058122,464.3235425321578,295.12092266663853,2238.72113856834,4.391168561685061,7.643856189774724,0.040950755555556384,0.7546777777777778,0.0,0.05042962217851808,0.0,OptiMix GWR+LBA,0.7,200
gwr+lba,0.4,0.0,equal,ripe,3,0.0,18.17782396430972,469.8380583122135,309.0295432513591,2238.72113856834,4.511688756901416,7.643856189774724,0.04053635555555557,0.7402888888888889,0.0,0.04883011145596043,0.0,OptiMix GWR+LBA,0.7,200
gwr+lba,0.4,0.0,equal,ripe,4,0.0,18.017098364878994,474.5396181167967,309.0295432513591,2238.72113856834,4.534623130395616,7.643856189774724,0.04146599999999956,0.7441777777777778,0.0,0.04746051252506438,0.0,OptiMix GWR+LBA,0.7,200
gwr+lba,0.6,0.0,equal,ripe,2,0.0,17.058800655055098,464.331815784562,309.0295432513591,2238.72113856834,5.524542740987474,7.643856189774724,0.040316822222222326,0.7260555555555556,0.0,0.03740191386874943,0.0,OptiMix GWR+LBA,0.7,200
gwr+lba,0.6,0.0,equal,ripe,3,0.0,19.78151379286151,469.5531027205281,309.0295432513591,2238.72113856834,5.498019403792941,7.643856189774724,0.040202822222222157,0.7269111111111112,0.0,0.03871437081294749,0.0,OptiMix GWR+LBA,0.7,200
gwr+lba,0.6,0.0,equal,ripe,0,0.0,15.781643971046474,460.61906525120344,295.12092266663853,2238.72113856834,5.312689824293759,7.643856189774724,0.040071644444444665,0.7374888888888889,0.0,0.04048147820880054,0.0,OptiMix GWR+LBA,0.7,200
gwr+lba,0.6,0.0,equal,ripe,1,0.0,17.568786658410872,460.51731613443496,309.0295432513591,2238.72113856834,5.53506528028696,7.643856189774724,0.039714266666666775,0.7219333333333333,0.0,0.038036947681350845,0.0,OptiMix GWR+LBA,0.7,200
gwr+lba,0.6,0.0,equal,ripe,4,0.0,20.12043686519597,467.3319554156038,309.0295432513591,2238.72113856834,5.400992186122705,7.643856189774724,0.04016417777777792,0.7318888888888889,0.0,0.03942462163710034,0.0,OptiMix GWR+LBA,0.7,200
gwr+lba,0.8,0.0,equal,ripe,0,0.0,25.023057635672863,469.3124533838728,309.0295432513591,2238.72113856834,6.670301932334293,7.643856189774724,0.039978866666666946,0.7195999999999999,0.0,0.026982661226398807,0.0,OptiMix GWR+LBA,0.7,200
gwr+lba,0.8,0.0,equal,ripe,3,0.0,28.08972687633327,474.7669635939333,323.59365692962825,2137.9620895022326,6.761737798634799,7.643856189774724,0.0399093777777777,0.7201444444444445,0.0,0.02667430056439305,0.0,OptiMix GWR+LBA,0.7,200
gwr+lba,0.8,0.0,equal,ripe,4,0.0,29.63940154344135,474.56135327753253,323.59365692962825,2137.9620895022326,6.785968066759999,7.643856189774724,0.03971586666666682,0.7228666666666667,0.0,0.025880845226974213,0.0,OptiMix GWR+LBA,0.7,200
gwr+lba,0.8,0.0,equal,ripe,1,0.0,25.442209810466196,470.02385865648864,309.0295432513591,2137.9620895022326,6.781500572592352,7.643856189774724,0.03982922222222185,0.7206888888888888,0.0,0.02524680586266458,0.0,OptiMix GWR+LBA,0.7,200
gwr+lba,0.8,0.0,equal,ripe,2,0.0,25.490614283863874,472.4240651378704,309.0295432513591,2137.9620895022326,6.815384343087744,7.643856189774724,0.0398584222222218,0.7238777777777777,0.0,0.024933144991523527,0.0,OptiMix GWR+LBA,0.7,200
gpr+lba,0.0,0.0,equal,ripe,0,0.0,19.293460916975626,464.97515813341636,309.0295432513591,2137.9620895022326,6.480671030535873,7.643856189774724,0.04004211111110867,0.7406777777777778,0.0,0.023404755071866436,0.0,OptiMix GPR+LBA,0.7,200
gpr+lba,0.0,0.0,equal,ripe,1,0.0,18.310716364504312,460.394278160211,309.0295432513591,2137.9620895022326,6.442890710568886,7.643856189774724,0.03971128888888931,0.7254333333333334,0.0,0.02501820514382469,0.0,OptiMix GPR+LBA,0.7,200
gpr+lba,0.0,0.0,equal,ripe,2,0.0,17.04924460592762,465.71758985043823,309.0295432513591,2137.9620895022326,6.409737520764716,7.643856189774724,0.040384799999999554,0.7316555555555556,0.0,0.025383564633361555,0.0,OptiMix GPR+LBA,0.7,200
gpr+lba,0.0,0.0,equal,ripe,3,0.0,20.814196517698832,467.64590934254863,309.0295432513591,2137.9620895022326,6.462256358448713,7.643856189774724,0.039789177777776796,0.7251222222222222,0.0,0.02494283385798379,0.0,OptiMix GPR+LBA,0.7,200
gpr+lba,0.0,0.0,equal,ripe,4,0.0,21.90277938034393,469.83647268067665,309.0295432513591,2238.72113856834,6.340268200747032,7.643856189774724,0.03984655555555516,0.7224,0.0,0.026946834920047964,0.0,OptiMix GPR+LBA,0.7,200
gpr+lba,0.2,0.0,equal,ripe,0,0.0,21.240962896057276,466.91991127799736,309.0295432513591,2137.9620895022326,6.751967971189952,7.643856189774724,0.040031577777778216,0.7264444444444443,0.0,0.020608409264375464,0.0,OptiMix GPR+LBA,0.7,200
gpr+lba,0.2,0.0,equal,ripe,3,0.0,22.715807468965227,466.58292560717166,309.0295432513591,2041.7379446695297,6.75107899260885,7.643856189774724,0.03972948888888839,0.7313444444444444,0.0,0.02164126732022649,0.0,OptiMix GPR+LBA,0.7,200
gpr+lba,0.2,0.0,equal,ripe,4,0.0,23.941451778019854,471.35258571160733,309.0295432513591,2137.9620895022326,6.643132297714556,7.643856189774724,0.039896755555556274,0.7192888888888889,0.0,0.023685319086137416,0.0,OptiMix GPR+LBA,0.7,200
gpr+lba,0.2,0.0,equal,ripe,1,0.0,20.059898045934695,461.91117628065075,309.0295432513591,2137.9620895022326,6.737533691077599,7.643856189774724,0.03970020000000063,0.7193666666666666,0.0,0.021804046809220552,0.0,OptiMix GPR+LBA,0.7,200
gpr+lba,0.2,0.0,equal,ripe,2,0.0,18.949058145636023,467.17371135572677,309.0295432513591,2137.9620895022326,6.7062194223766305,7.643856189774724,0.04018531111111123,0.7254333333333334,0.0,0.02233468461091193,0.0,OptiMix GPR+LBA,0.7,200
gpr+lba,0.4,0.0,equal,ripe,0,0.0,24.54051879510301,469.9088283798033,309.0295432513591,2041.7379446695297,7.0400232935546505,7.643856189774724,0.03977508888888859,0.7257444444444444,0.0,0.017209164659913685,0.0,OptiMix GPR+LBA,0.7,200
gpr+lba,0.4,0.0,equal,ripe,1,0.0,23.098777706048153,467.3605063546218,309.0295432513591,2041.7379446695297,7.052419520128544,7.643856189774724,0.039925755555554776,0.719211111111111,0.0,0.018054330162741862,0.0,OptiMix GPR+LBA,0.7,200
gpr+lba,0.4,0.0,equal,ripe,2,0.0,21.99061322211036,467.6430374627431,309.0295432513591,2041.7379446695297,7.017370015966846,7.643856189774724,0.03982064444444555,0.7224777777777778,0.0,0.01894585856082962,0.0,OptiMix GPR+LBA,0.7,200
gpr+lba,0.4,0.0,equal,ripe,3,0.0,25.83455411159987,474.38718128718455,309.0295432513591,2137.9620895022326,7.053009056643316,7.643856189774724,0.03984182222222232,0.7228666666666667,0.0,0.018181194371036248,0.0,OptiMix GPR+LBA,0.7,200
gpr+lba,0.6,0.0,equal,ripe,1,0.0,29.063907613944558,471.0604172313776,323.59365692962825,1949.8445997580457,7.354455612151367,7.643856189774724,0.03967702222222136,0.7214666666666666,0.0,0.013544355886308423,0.0,OptiMix GPR+LBA,0.7,200
gpr+lba,0.6,0.0,equal,ripe,2,0.0,27.673871547321856,472.9161504049873,323.59365692962825,2041.7379446695297,7.3121599893884115,7.643856189774724,0.03970822222222181,0.7211555555555555,0.0,0.014667479093459838,0.0,OptiMix GPR+LBA,0.7,200
gpr+lba,0.4,0.0,equal,ripe,4,0.0,27.39527604532709,473.9069591329349,309.0295432513591,2137.9620895022326,6.974866187126654,7.643856189774724,0.03974806666666586,0.7271444444444445,0.0,0.019730317881390527,0.0,OptiMix GPR+LBA,0.7,200
gpr+lba,0.6,0.0,equal,ripe,0,0.0,31.177315931133332,475.0185054489969,323.59365692962825,2041.7379446695297,7.327706890309475,7.643856189774724,0.0399631333333319,0.7241888888888888,0.0,0.013476010814175867,0.0,OptiMix GPR+LBA,0.7,200
gpr+lba,0.6,0.0,equal,ripe,3,0.0,31.744251185333933,477.0975720212488,323.59365692962825,2041.7379446695297,7.337978101796838,7.643856189774724,0.03977786666666683,0.7217777777777777,0.0,0.014203560325764659,0.0,OptiMix GPR+LBA,0.7,200
gpr+lba,0.6,0.0,equal,ripe,4,0.0,34.08020122034601,479.16871386070835,323.59365692962825,2041.7379446695297,7.302002358546706,7.643856189774724,0.03989275555555527,0.7225555555555556,0.0,0.01478768033272975,0.0,OptiMix GPR+LBA,0.7,200
gpr+lba,0.8,0.0,equal,ripe,0,0.0,50.38288770361731,495.44293922721613,338.84415613920254,1949.8445997580457,7.578050947900806,7.643856189774724,0.0400131777777788,0.7286999999999999,0.0,0.008585769018050835,0.0,OptiMix GPR+LBA,0.7,200
gpr+lba,0.8,0.0,equal,ripe,1,0.0,45.301786937651286,490.41443570270036,338.84415613920254,1949.8445997580457,7.583895123119942,7.643856189774724,0.0397595111111102,0.721,0.0,0.008435798271070579,0.0,OptiMix GPR+LBA,0.7,200
gpr+lba,0.8,0.0,equal,ripe,2,0.0,43.13433470898246,488.67267243423254,338.84415613920254,1949.8445997580457,7.5622712797197735,7.643856189774724,0.03993866666666768,0.7185888888888888,0.0,0.009291913547935963,0.0,OptiMix GPR+LBA,0.7,200
gpr+lba,0.8,0.0,equal,ripe,3,0.0,48.38735030954446,493.60705904084335,338.84415613920254,1862.0871366628676,7.5732435235137645,7.643856189774724,0.03988488888888897,0.7248111111111112,0.0,0.00900094566000457,0.0,OptiMix GPR+LBA,0.7,200
ssr+lba,0.0,0.0,equal,ripe,3,0.0,61.668691616314725,506.2207983256191,354.8133892335755,2041.7379446695297,7.4344931805783245,7.643856189774724,0.03976975555555606,0.7231777777777778,0.0,0.015878074365515655,0.0,OptiMix SSR+LBA,0.7,200
ssr+lba,0.0,0.0,equal,ripe,4,0.0,61.231358768258175,503.87190635034347,354.8133892335755,2041.7379446695297,7.451391392086989,7.643856189774724,0.039508555555554326,0.7257444444444444,0.0,0.014910232281423411,0.0,OptiMix SSR+LBA,0.7,200
ssr+lba,0.0,0.0,equal,ripe,1,0.0,56.811422530948576,500.1481525087091,354.8133892335755,2041.7379446695297,7.431228326573928,7.643856189774724,0.039514711111110934,0.7195222222222222,0.0,0.015446262827993005,0.0,OptiMix SSR+LBA,0.7,200
ssr+lba,0.0,0.0,equal,ripe,2,0.0,57.25341183997731,501.6270416534117,354.8133892335755,2041.7379446695297,7.4382411042575995,7.643856189774724,0.03963362222222444,0.7225555555555556,0.0,0.015328998473563804,0.0,OptiMix SSR+LBA,0.7,200
gpr+lba,0.8,0.0,equal,ripe,4,0.0,50.86854796905514,496.0404196143906,338.84415613920254,1949.8445997580457,7.559193589420083,7.643856189774724,0.03982688888888952,0.7189,0.0,0.009246180803751575,0.0,OptiMix GPR+LBA,0.7,200
ssr+lba,0.0,0.0,equal,ripe,0,0.0,58.312603562951196,499.42050108437564,354.8133892335755,2137.9620895022326,7.400721463306682,7.643856189774724,0.03969495555555613,0.7229444444444444,0.0,0.0157529211539753,0.0,OptiMix SSR+LBA,0.7,200
ssr+lba,0.2,0.0,equal,ripe,2,0.0,71.57957744043547,518.2324713163122,371.5352290971726,2041.7379446695297,7.5803455421563,7.643856189774724,0.040045577777777286,0.7271444444444445,0.0,0.010354927964801324,0.0,OptiMix SSR+LBA,0.7,200
ssr+lba,0.2,0.0,equal,ripe,3,0.0,75.16119672203985,521.1676251565871,371.5352290971726,2041.7379446695297,7.578882939338055,7.643856189774724,0.0398222444444456,0.7216999999999999,0.0,0.010571668850009345,0.0,OptiMix SSR+LBA,0.7,200
ssr+lba,0.2,0.0,equal,ripe,4,0.0,75.00912566571301,523.2495373029378,371.5352290971726,2041.7379446695297,7.585635677861087,7.643856189774724,0.040022466666667755,0.7196777777777777,0.0,0.01013609309636784,0.0,OptiMix SSR+LBA,0.7,200
ssr+lba,0.4,0.0,equal,ripe,0,0.0,89.25785191644978,531.6218060667551,389.0451449942807,1949.8445997580457,7.63337313053599,7.643856189774724,0.039679222222222865,0.721,0.0,0.006597712953185874,0.0,OptiMix SSR+LBA,0.7,200
ssr+lba,0.2,0.0,equal,ripe,0,0.0,72.72412988498557,516.2949839638602,371.5352290971726,2041.7379446695297,7.568145079956945,7.643856189774724,0.03978344444444426,0.7189777777777777,0.0,0.01047778422589336,0.0,OptiMix SSR+LBA,0.7,200
ssr+lba,0.2,0.0,equal,ripe,1,0.0,71.09198645968605,517.620577167749,371.5352290971726,1949.8445997580457,7.579649737498682,7.643856189774724,0.03999842222222161,0.7241888888888888,0.0,0.010365758757760312,0.0,OptiMix SSR+LBA,0.7,200
ssr+lba,0.4,0.0,equal,ripe,1,0.0,87.53551417187632,530.9938650581084,389.0451449942807,1949.8445997580457,7.634968182354818,7.643856189774724,0.0396904000000009,0.7211555555555555,0.0,0.006653427251486011,0.0,OptiMix SSR+LBA,0.7,200
ssr+lba,0.4,0.0,equal,ripe,2,0.0,88.68139170855164,531.4453963320339,389.0451449942807,1949.8445997580457,7.634694913300747,7.643856189774724,0.03968204444444501,0.7227111111111111,0.0,0.006714439543405735,0.0,OptiMix SSR+LBA,0.7,200
ssr+lba,0.4,0.0,equal,ripe,3,0.0,90.37423945340424,536.4233496129133,389.0451449942807,1949.8445997580457,7.633860353762559,7.643856189774724,0.03998922222221957,0.7260555555555556,0.0,0.006783386605512622,0.0,OptiMix SSR+LBA,0.7,200
ssr+lba,0.4,0.0,equal,ripe,4,0.0,90.94653440641251,535.2713014203823,389.0451449942807,1949.8445997580457,7.635162454763775,7.643856189774724,0.03955791111111129,0.7207666666666667,0.0,0.006646169783649909,0.0,OptiMix SSR+LBA,0.7,200
ssr+lba,0.6,0.0,equal,ripe,0,0.0,103.84321983870306,550.9513312988316,407.38027780411284,1949.8445997580457,7.643401778860482,7.643856189774724,0.040265199999999224,0.7195222222222222,0.0,0.004575150104479855,0.0,OptiMix SSR+LBA,0.7,200
ssr+lba,0.6,0.0,equal,ripe,1,0.0,102.48452181329377,546.8553306862485,407.38027780411284,1949.8445997580457,7.643424282372277,7.643856189774724,0.039718844444443846,0.7197555555555556,0.0,0.004643376519647236,0.0,OptiMix SSR+LBA,0.7,200
ssr+lba,0.6,0.0,equal,ripe,2,0.0,104.49270807536331,547.9121742272022,407.38027780411284,1949.8445997580457,7.64341218467224,7.643856189774724,0.039533333333332754,0.7198333333333333,0.0,0.004689946593614121,0.0,OptiMix SSR+LBA,0.7,200
ssr+lba,0.6,0.0,equal,ripe,3,0.0,104.16018455906091,550.5921541747624,407.38027780411284,1949.8445997580457,7.643265549827045,7.643856189774724,0.03983166666666538,0.7189,0.0,0.004704680771964198,0.0,OptiMix SSR+LBA,0.7,200
ssr+lba,0.6,0.0,equal,ripe,4,0.0,105.26436704371737,552.5407337798754,407.38027780411284,1949.8445997580457,7.643303357051584,7.643856189774724,0.039980288888889604,0.7245777777777778,0.0,0.004701339489303067,0.0,OptiMix SSR+LBA,0.7,200
ssr+lba,0.8,0.0,equal,ripe,0,0.0,114.16275142721746,554.0962952047536,426.57951880159254,1949.8445997580457,7.643849495953616,7.643856189774724,0.039691711111111694,0.7207666666666667,0.0,0.0037410407847150947,0.0,OptiMix SSR+LBA,0.7,200
ssr+lba,0.8,0.0,equal,ripe,1,0.0,113.71984767406072,559.6959060675164,426.57951880159254,1949.8445997580457,7.64384907358558,7.643856189774724,0.0397565777777773,0.7222444444444445,0.0,0.003781312994257196,0.0,OptiMix SSR+LBA,0.7,200
ssr+lba,0.8,0.0,equal,ripe,2,0.0,116.45421640701129,560.2670089124566,426.57951880159254,1949.8445997580457,7.643849919629274,7.643856189774724,0.03962748888888967,0.7185111111111111,0.0,0.003787789957403418,0.0,OptiMix SSR+LBA,0.7,200
ssr+lba,0.8,0.0,equal,ripe,3,0.0,114.60198383779952,561.3899598977941,426.57951880159254,1949.8445997580457,7.643843280485566,7.643856189774724,0.03989111111111088,0.7206111111111111,0.0,0.0038001969755431402,0.0,OptiMix SSR+LBA,0.7,200
ssr+lba,0.8,0.0,equal,ripe,4,0.0,115.86487624605873,561.9932943631115,426.57951880159254,1949.8445997580457,7.643842385583546,7.643856189774724,0.03995193333333136,0.7206888888888888,0.0,0.00381188379789588,0.0,OptiMix SSR+LBA,0.7,200
gwr+lba+crg,0.0,0.05,equal,ripe,0,0.0,104.9253226271592,563.5097427701799,407.38027780411284,2137.9620895022326,7.633534648789228,7.643856189774724,0.0417068444444435,0.7812777777777777,0.0,0.007167455326135504,0.0,OptiMix GWR+LBA+CRG(θ=.05),0.7,200
gwr+lba+crg,0.0,0.05,equal,ripe,1,0.0,104.32779583479291,567.6918112664774,407.38027780411284,2238.72113856834,7.632417574889897,7.643856189774724,0.042152622222221936,0.8008000000000001,0.0,0.007246793541078482,0.0,OptiMix GWR+LBA+CRG(θ=.05),0.7,200
gwr+lba+crg,0.0,0.05,equal,ripe,2,0.0,106.79099232679005,571.7349081101305,426.57951880159254,2238.72113856834,7.6327990414480205,7.643856189774724,0.04203191111111182,0.7888222222222222,0.0,0.007087214515741997,0.0,OptiMix GWR+LBA+CRG(θ=.05),0.7,200
gwr+lba+crg,0.0,0.05,equal,ripe,3,0.0,105.11445624273881,566.8671774101863,407.38027780411284,2137.9620895022326,7.6326833320402265,7.643856189774724,0.041808266666666594,0.784,0.0,0.007169031634920652,0.0,OptiMix GWR+LBA+CRG(θ=.05),0.7,200
gwr+lba+crg,0.0,0.05,equal,ripe,4,0.0,106.11740496580848,572.9084780442216,426.57951880159254,2238.72113856834,7.632752870569634,7.643856189774724,0.04233140000000102,0.8052333333333332,0.0,0.007139575297266845,0.0,OptiMix GWR+LBA+CRG(θ=.05),0.7,200
gwr+lba+crg,0.2,0.05,equal,ripe,0,0.0,103.37940209833458,569.5338807379758,407.38027780411284,2238.72113856834,7.6322728957228785,7.643856189774724,0.0424566000000004,0.7976888888888888,0.0,0.007127411170983235,0.0,OptiMix GWR+LBA+CRG(θ=.05),0.7,200
gwr+lba+crg,0.2,0.05,equal,ripe,1,0.0,102.98315978778618,572.8812418590833,407.38027780411284,2238.72113856834,7.631650819745111,7.643856189774724,0.04262995555555449,0.8097444444444444,0.0,0.007182060252291145,0.0,OptiMix GWR+LBA+CRG(θ=.05),0.7,200
gwr+lba+crg,0.2,0.05,equal,ripe,2,0.0,105.37644063135738,575.9868276869582,426.57951880159254,2238.72113856834,7.6322086801829805,7.643856189774724,0.04275173333333204,0.8032888888888889,0.0,0.007011069209436881,0.0,OptiMix GWR+LBA+CRG(θ=.05),0.7,200
gwr+lba+crg,0.2,0.05,equal,ripe,3,0.0,103.50531426524014,569.557869041032,407.38027780411284,2238.72113856834,7.631497983867193,7.643856189774724,0.04252179999999961,0.7961333333333334,0.0,0.007139842116431955,0.0,OptiMix GWR+LBA+CRG(θ=.05),0.7,200
gwr+lba+crg,0.2,0.05,equal,ripe,4,0.0,104.5343326545447,577.6815441492673,426.57951880159254,2238.72113856834,7.6312948590488965,7.643856189774724,0.042889755555557185,0.8008777777777778,0.0,0.007111311547869821,0.0,OptiMix GWR+LBA+CRG(θ=.05),0.7,200
gwr+lba+crg,0.4,0.05,equal,ripe,0,0.0,101.43651879205507,580.4274485538936,407.38027780411284,2238.72113856834,7.630801840789884,7.643856189774724,0.04372924444444526,0.8093555555555555,0.0,0.007105329866452842,0.0,OptiMix GWR+LBA+CRG(θ=.05),0.7,200
gwr+lba+crg,0.4,0.05,equal,ripe,1,0.0,100.88580122532298,578.4839702772529,407.38027780411284,2238.72113856834,7.630517620887706,7.643856189774724,0.043568200000000834,0.8211777777777778,0.0,0.007110439181209381,0.0,OptiMix GWR+LBA+CRG(θ=.05),0.7,200
gwr+lba+crg,0.4,0.05,equal,ripe,4,0.0,102.39892060751035,584.8022051536047,426.57951880159254,2238.72113856834,7.629777659535796,7.643856189774724,0.04402197777777861,0.804611111111111,0.0,0.007034738237557367,0.0,OptiMix GWR+LBA+CRG(θ=.05),0.7,200
gwr+lba+crg,0.6,0.05,equal,ripe,0,0.0,98.48167453889428,591.0451754808321,407.38027780411284,2344.228815319923,7.629224610647839,7.643856189774724,0.04563700000000104,0.8182222222222222,0.0,0.006987950162006611,0.0,OptiMix GWR+LBA+CRG(θ=.05),0.7,200
gwr+lba+crg,0.4,0.05,equal,ripe,2,0.0,103.26369135817389,575.6457226552252,407.38027780411284,2238.72113856834,7.6315804925679345,7.643856189774724,0.043250511111111445,0.8034444444444444,0.0,0.006960223856842203,0.0,OptiMix GWR+LBA+CRG(θ=.05),0.7,200
gwr+lba+crg,0.4,0.05,equal,ripe,3,0.0,101.45950309530924,571.5760490373038,407.38027780411284,2238.72113856834,7.630089670904076,7.643856189774724,0.04317566666666628,0.7971444444444444,0.0,0.0070705143887695955,0.0,OptiMix GWR+LBA+CRG(θ=.05),0.7,200
gwr+lba+crg,0.8,0.05,equal,ripe,0,0.0,93.50583635162889,608.7734553776639,407.38027780411284,2344.228815319923,7.629535441515122,7.643856189774724,0.04900755555555536,0.8150333333333334,0.0,0.006545993145588409,0.0,OptiMix GWR+LBA+CRG(θ=.05),0.7,200
gwr+lba+crg,0.8,0.05,equal,ripe,1,0.0,92.50118976647451,614.2246304366063,407.38027780411284,2344.228815319923,7.62911254620567,7.643856189774724,0.049548422222222666,0.8308222222222221,0.0,0.0065167785597897345,0.0,OptiMix GWR+LBA+CRG(θ=.05),0.7,200
gwr+lba+crg,0.6,0.05,equal,ripe,1,0.0,97.52876734261748,593.0217809619598,407.38027780411284,2344.228815319923,7.628893971989289,7.643856189774724,0.04556746666666722,0.8404666666666666,0.0,0.007011849569191046,0.0,OptiMix GWR+LBA+CRG(θ=.05),0.7,200
gwr+lba+crg,0.6,0.05,equal,ripe,2,0.0,100.06682861939034,580.2681406265652,407.38027780411284,2238.72113856834,7.630894275422239,7.643856189774724,0.04418579999999972,0.7897555555555555,0.0,0.006865083985261764,0.0,OptiMix GWR+LBA+CRG(θ=.05),0.7,200
gwr+lba+crg,0.6,0.05,equal,ripe,3,0.0,97.97513829595948,583.2482013878732,407.38027780411284,2238.72113856834,7.629100304814067,7.643856189774724,0.04474084444444504,0.8044555555555555,0.0,0.007007279411555116,0.0,OptiMix GWR+LBA+CRG(θ=.05),0.7,200
gwr+lba+crg,0.6,0.05,equal,ripe,4,0.0,99.43148572970665,594.6765327735286,426.57951880159254,2344.228815319923,7.628904808075179,7.643856189774724,0.04568124444444566,0.8252222222222222,0.0,0.006990108721392168,0.0,OptiMix GWR+LBA+CRG(θ=.05),0.7,200
gwr+lba+crg,0.8,0.05,equal,ripe,2,0.0,94.72832324786599,602.1864871186107,407.38027780411284,2344.228815319923,7.631052492739937,7.643856189774724,0.04806153333333385,0.8060888888888889,0.0,0.006454642680495401,0.0,OptiMix GWR+LBA+CRG(θ=.05),0.7,200
gwr+lba+crg,0.8,0.05,equal,ripe,3,0.0,93.32481548380557,599.9051339251191,407.38027780411284,2344.228815319923,7.631071493200409,7.643856189774724,0.04728819999999878,0.8155,0.0,0.006521553644187011,0.0,OptiMix GWR+LBA+CRG(θ=.05),0.7,200
gwr,0.0,0.0,equal,ripe,1,0.0,3.561855137403521,46761.95946912783,61659.50018614822,64565.42290346556,2.578491270169386,7.643856189774724,26.26359031111113,50.82583333333333,0.08,0.14209873136244586,0.0,OptiMix GWR (no LBA),0.7,200
gwr,0.0,0.0,equal,ripe,2,0.0,1.093554006103731,47125.24665511791,61659.50018614822,64565.42290346556,1.9031079994647824,7.643856189774724,38.995217022222185,71.3972,0.07,0.14289447389935733,0.0,OptiMix GWR (no LBA),0.7,200
gwr+lba+crg,0.8,0.05,equal,ripe,4,0.0,95.03153918976994,603.2748443685917,426.57951880159254,2344.228815319923,7.629843972176264,7.643856189774724,0.04839051111111026,0.8117666666666666,0.0,0.00651423327156995,0.0,OptiMix GWR+LBA+CRG(θ=.05),0.7,200
gwr,0.0,0.0,equal,ripe,0,0.0,3.8069763109356187,41395.436948255105,61659.50018614822,64565.42290346556,2.4738752008995255,7.643856189774724,28.403360866666674,63.48494444444444,0.1,0.12936461760809653,0.0,OptiMix GWR (no LBA),0.7,200
gwr,0.2,0.0,equal,ripe,0,0.0,4.199134202185182,39556.64450643745,61659.50018614822,64565.42290346556,3.134301412078251,7.643856189774724,23.75499864444445,60.24627777777778,0.1025,0.11799120480412587,0.0,OptiMix GWR (no LBA),0.7,200
gwr,0.2,0.0,equal,ripe,1,0.0,3.71194378826063,45170.09087587523,61659.50018614822,64565.42290346556,3.1569658961691567,7.643856189774724,23.42948957777775,46.2322,0.0775,0.13479032069140712,0.0,OptiMix GWR (no LBA),0.7,200
gwr,0.0,0.0,equal,ripe,3,0.0,1.9670726559058112,45661.08998899113,61659.50018614822,64565.42290346556,2.0446138905380447,7.643856189774724,18.327473577777766,44.300977777777774,0.115,0.1347081877757147,0.0,OptiMix GWR (no LBA),0.7,200
gwr,0.0,0.0,equal,ripe,4,0.0,1.9467164176069343,47154.18275623448,61659.50018614822,64565.42290346556,2.4538902534775837,7.643856189774724,27.13674948888887,50.580133333333336,0.0925,0.13795123739908918,0.0,OptiMix GWR (no LBA),0.7,200
gwr,0.2,0.0,equal,ripe,2,0.0,1.3226063682183025,45599.04167249591,61659.50018614822,64565.42290346556,2.4502807194635974,7.643856189774724,36.15195086666668,68.99192222222221,0.0675,0.13534420185889212,0.0,OptiMix GWR (no LBA),0.7,200
gwr,0.2,0.0,equal,ripe,3,0.0,2.2199910826308584,43798.966933739364,61659.50018614822,64565.42290346556,2.4880986226047894,7.643856189774724,17.40257642222222,41.26756666666667,0.105,0.1250210747341896,0.0,OptiMix GWR (no LBA),0.7,200
gwr,0.2,0.0,equal,ripe,4,0.0,2.1651153247762904,45291.98874822561,61659.50018614822,64565.42290346556,3.077446998789496,7.643856189774724,21.70642755555554,43.83983333333333,0.0825,0.12953871781971044,0.0,OptiMix GWR (no LBA),0.7,200
gwr,0.4,0.0,equal,ripe,0,0.0,5.07739776182394,36707.22195231216,32359.365692962812,64565.42290346556,3.9328285491987276,7.643856189774724,18.96956695555554,55.67201111111111,0.1025,0.10373329888491198,0.0,OptiMix GWR (no LBA),0.7,200
gwr,0.4,0.0,equal,ripe,3,0.0,2.7496247531379807,41149.962456655136,32359.365692962812,64565.42290346556,3.0219089061225475,7.643856189774724,16.063809288888898,37.67244444444444,0.1,0.11170280613845347,0.0,OptiMix GWR (no LBA),0.7,200
gwr,0.4,0.0,equal,ripe,4,0.0,2.616039027985775,44205.7496413397,61659.50018614822,64565.42290346556,3.794638229992212,7.643856189774724,17.572169044444436,37.39306666666667,0.09,0.11785931867682575,0.0,OptiMix GWR (no LBA),0.7,200
gwr,0.4,0.0,equal,ripe,1,0.0,4.184433259456751,42276.433808263246,61659.50018614822,64565.42290346556,3.8190440847417038,7.643856189774724,20.65330015555554,41.313922222222224,0.0675,0.12288814644025015,0.0,OptiMix GWR (no LBA),0.7,200
gwr,0.4,0.0,equal,ripe,2,0.0,1.7982091352946303,43605.217246367414,61659.50018614822,64565.42290346556,3.1494027688026422,7.643856189774724,31.05334782222222,62.95271111111111,0.0675,0.12342939442400211,0.0,OptiMix GWR (no LBA),0.7,200
gwr,0.6,0.0,equal,ripe,2,0.0,3.0258736458198343,41152.90808418893,61659.50018614822,64565.42290346556,4.085097877445217,7.643856189774724,23.508187755555582,52.83156666666667,0.0825,0.10561235254422507,0.0,OptiMix GWR (no LBA),0.7,200
gwr,0.6,0.0,equal,ripe,3,0.0,4.096279166291794,37899.84788268921,30902.95432513592,64565.42290346556,3.759826149513198,7.643856189774724,13.673644488888893,33.15098888888889,0.0925,0.09479610456765414,0.0,OptiMix GWR (no LBA),0.7,200
gwr,0.6,0.0,equal,ripe,4,0.0,3.8344536729180625,40791.73670010837,61659.50018614822,64565.42290346556,4.6867848070023355,7.643856189774724,13.751179511111117,31.233144444444445,0.09,0.10054665123618052,0.0,OptiMix GWR (no LBA),0.7,200
gwr,0.8,0.0,equal,ripe,0,0.0,15.948607378201473,28952.255523541353,30902.95432513592,61659.50018614822,6.27176915581862,7.643856189774724,7.491181244444446,36.85165555555555,0.1425,0.05525109687553377,0.0,OptiMix GWR (no LBA),0.7,200
gwr,0.6,0.0,equal,ripe,0,0.0,7.343635276845835,33347.59208766702,30902.95432513592,64565.42290346556,4.9404752756582235,7.643856189774724,13.766219488888881,48.80158888888889,0.11,0.08446767890887494,0.0,OptiMix GWR (no LBA),0.7,200
gwr,0.6,0.0,equal,ripe,1,0.0,5.701116697869877,38418.19802464152,32359.365692962812,64565.42290346556,4.664336788118146,7.643856189774724,16.898681888888884,35.85532222222222,0.0675,0.10405479925147842,0.0,OptiMix GWR (no LBA),0.7,200
gwr,0.8,0.0,equal,ripe,1,0.0,12.248095636214401,30667.682979359073,30902.95432513592,64565.42290346556,5.92747857989742,7.643856189774724,10.434835755555559,28.148555555555554,0.08,0.06901794209124898,0.0,OptiMix GWR (no LBA),0.7,200
gwr,0.8,0.0,equal,ripe,2,0.0,8.234703572875267,34405.60488863545,30902.95432513592,64565.42290346556,5.450294986050931,7.643856189774724,13.51298248888892,37.37478888888889,0.095,0.07422022283299672,0.0,OptiMix GWR (no LBA),0.7,200
gwr,0.8,0.0,equal,ripe,3,0.0,9.751104925753829,32687.168297077766,30902.95432513592,64565.42290346556,4.969882462598132,7.643856189774724,9.147095622222222,26.3627,0.1,0.06942420584339234,0.0,OptiMix GWR (no LBA),0.7,200
gwr,0.8,0.0,equal,ripe,4,0.0,9.0282856946754,35023.48426255831,30902.95432513592,64565.42290346556,5.896280707990242,7.643856189774724,8.754964933333339,24.168977777777776,0.1075,0.07160949388542978,0.0,OptiMix GWR (no LBA),0.7,200
uniform,1.0,0.0,equal,ripe,0,0.0,121.52927482578082,565.9941483907866,426.57951880159254,1949.8445997580457,7.643856189774724,7.643856189774724,0.03978117777777723,0.7200666666666666,0.0,0.003374999999999936,0.0,uniform (Nym default),0.7,200
uniform,1.0,0.0,equal,ripe,1,0.0,121.68185455010409,566.5911479341945,426.57951880159254,1949.8445997580457,7.643856189774724,7.643856189774724,0.039705355555553545,0.7199111111111112,0.0,0.003374999999999936,0.0,uniform (Nym default),0.7,200
uniform,1.0,0.0,equal,ripe,2,0.0,124.77744151388667,567.8267412413329,426.57951880159254,1949.8445997580457,7.643856189774724,7.643856189774724,0.03952859999999947,0.7235666666666666,0.0,0.003374999999999936,0.0,uniform (Nym default),0.7,200
uniform,1.0,0.0,equal,ripe,3,0.0,122.13443454728424,572.6466835141383,426.57951880159254,2041.7379446695297,7.643856189774724,7.643856189774724,0.04028553333333207,0.7195222222222222,0.0,0.003374999999999936,0.0,uniform (Nym default),0.7,200
uniform,1.0,0.0,equal,ripe,4,0.0,123.6361285266724,570.3174616215841,426.57951880159254,2041.7379446695297,7.643856189774724,7.643856189774724,0.03994893333333294,0.721,0.0,0.003374999999999936,0.0,uniform (Nym default),0.7,200
regretor,0.0,0.0,omega,ripe,0,0.0,121.79988319566232,9581.025339766402,645.6542290346556,32359.365692962812,7.521587818207137,7.643856189774724,0.06068150849026699,0.8336895223941329,0.0,0.008674095428724889,33.81597222222222,ours (θ_loc tilt),0.7,200
regretor,0.0,0.0,omega,ripe,1,0.0,120.61253758623914,9475.139091255143,676.0829753919819,32359.365692962812,7.536372734452043,7.643856189774724,0.06069061108476115,0.8500497062606769,0.0,0.008399237866953997,33.722680555555556,ours (θ_loc tilt),0.7,200
regretor,0.0,0.0,omega,ripe,2,0.0,126.28508673292322,8954.963649261395,588.843655355589,32359.365692962812,7.532024991299117,7.643856189774724,0.06029868554099438,0.8658479136508561,0.0,0.008192024108941756,33.6801875,ours (θ_loc tilt),0.7,200
regretor,0.0,0.0,omega,ripe,3,0.0,123.1052893964849,8652.529344970015,562.341325190349,32359.365692962812,7.530124375828887,7.643856189774724,0.060308165161738314,0.8591366800779265,0.0,0.008002288539561479,33.66359027777778,ours (θ_loc tilt),0.7,200
regretor,0.0,0.0,omega,ripe,4,0.0,123.24755464924685,8811.304768727083,588.843655355589,32359.365692962812,7.520218248051783,7.643856189774724,0.06051156179421491,0.8442205486910882,0.0,0.00893174196763154,33.74258333333333,ours (θ_loc tilt),0.7,200
regretor,0.0,0.0,omega,ripe,0,0.5,105.71011673715257,10170.62600115032,707.945784384138,35481.338923357536,7.533954636795492,7.643856189774724,0.06392663827390566,1.147006348808041,0.0175,0.008484078050236595,34.44822222222222,ours (θ_loc tilt),0.7,200
regretor,0.0,0.0,omega,ripe,1,0.5,103.79486346040699,9711.331316791418,707.945784384138,33884.41561392024,7.542465317179467,7.643856189774724,0.0629514889491054,1.0068116998534626,0.005,0.008399922633943261,34.486180555555556,ours (θ_loc tilt),0.7,200
regretor,0.0,0.0,omega,ripe,2,0.5,108.99679009757625,9774.827501111637,588.843655355589,40738.027780411256,7.5451412804835805,7.643856189774724,0.06477625648963481,1.1926843103144165,0.0225,0.008186134317843274,34.29020138888889,ours (θ_loc tilt),0.7,200
regretor,0.0,0.0,omega,ripe,3,0.5,106.22881501613212,9391.060998623201,562.341325190349,37153.52290971724,7.538929499896837,7.643856189774724,0.06447966072085753,1.146436224670497,0.025,0.007990931583235737,34.41984027777777,ours (θ_loc tilt),0.7,200
regretor,0.0,0.0,omega,ripe,4,0.5,107.17398548919125,9109.037240918049,588.843655355589,33884.41561392024,7.529422847506797,7.643856189774724,0.06249475334854959,1.1037177621494463,0.005,0.00879356070815357,34.37111111111111,ours (θ_loc tilt),0.7,200
regretor,0.0,0.0,omega,ripe,0,1.0,87.14934036878752,11506.493668596573,1174.897554939529,61659.50018614822,7.548621658485091,7.643856189774724,0.07622091046799029,1.496232072158416,0.045,0.008710247081147027,36.23257638888889,ours (θ_loc tilt),0.7,200
regretor,0.0,0.0,omega,ripe,1,1.0,85.67376752375002,10659.699142894637,851.1380382023764,53703.17963702527,7.546708051870639,7.643856189774724,0.06830627579423298,1.1736796577128867,0.0325,0.008631891459092801,36.50570138888889,ours (θ_loc tilt),0.7,200
regretor,0.0,0.0,omega,ripe,2,1.0,88.98536991581689,10900.404305231054,741.3102413009177,61659.50018614822,7.555620238591193,7.643856189774724,0.07445732827808116,1.4310935246540963,0.05,0.008438878992872698,36.224131944444444,ours (θ_loc tilt),0.7,200
regretor,0.0,0.0,omega,ripe,3,1.0,87.97590620697787,10095.835565379039,588.843655355589,58884.3655355589,7.543434217088853,7.643856189774724,0.0720649696364295,1.4361388014834109,0.0425,0.008226905642822845,36.384083333333336,ours (θ_loc tilt),0.7,200
regretor,0.0,0.0,omega,ripe,4,1.0,88.74520094354246,10290.869768083636,741.3102413009177,56234.13251903491,7.537610202294552,7.643856189774724,0.07177692258325696,1.3706756802362594,0.03,0.008924797207585993,36.174958333333336,ours (θ_loc tilt),0.7,200
regretor,0.0,0.0,omega,ripe,0,2.0,62.8020632202137,12599.328169699396,1288.2495516931335,61659.50018614822,7.536612259896394,7.643856189774724,0.10373098477823617,2.7848946437000084,0.065,0.009555752539150437,39.40817361111111,ours (θ_loc tilt),0.7,200
regretor,0.0,0.0,omega,ripe,1,2.0,61.29305876024216,11262.458431750878,1174.897554939529,58884.3655355589,7.529854010560973,7.643856189774724,0.07854225577853469,1.4148895129205261,0.045,0.009865436053554968,39.80300694444445,ours (θ_loc tilt),0.7,200
regretor,0.0,0.0,omega,ripe,2,2.0,60.542321096242276,12529.06631983043,1230.2687708123813,61659.50018614822,7.543940608543506,7.643856189774724,0.09654989548896942,1.712846029818573,0.0725,0.009596724167827904,39.80284722222222,ours (θ_loc tilt),0.7,200
regretor,0.0,0.0,omega,ripe,3,2.0,63.67224038218153,10961.015372567672,707.945784384138,61659.50018614822,7.52448079385638,7.643856189774724,0.08665335478313518,2.1888727350818304,0.055,0.009352361395660161,39.50875694444444,ours (θ_loc tilt),0.7,200
regretor,0.0,0.0,omega,ripe,4,2.0,63.096781993727674,11477.646964379279,1230.2687708123813,61659.50018614822,7.5241358564009655,7.643856189774724,0.10195261470303851,1.9994983206662387,0.055,0.009995732516666519,39.50538888888889,ours (θ_loc tilt),0.7,200
regretor,0.0,0.0,omega,ripe,0,3.0,53.52872890479949,12673.074307331102,1230.2687708123813,61659.50018614822,7.510432084725989,7.643856189774724,0.12220892628419189,4.015783890933383,0.065,0.01049424799386019,40.64339583333334,ours (θ_loc tilt),0.7,200
regretor,0.0,0.0,omega,ripe,3,3.0,54.23363309642676,11552.770202201085,741.3102413009177,61659.50018614822,7.492870741119268,7.643856189774724,0.10166753825318331,2.907709426527422,0.0525,0.010637448026688843,40.757375,ours (θ_loc tilt),0.7,200
regretor,0.0,0.0,omega,ripe,4,3.0,53.75587435402288,12083.647310561746,1230.2687708123813,61659.50018614822,7.505264693615185,7.643856189774724,0.13401882729603898,2.9500347179750803,0.06,0.011003536398029968,40.8124375,ours (θ_loc tilt),0.7,200
regretor,0.0,0.0,omega,ripe,1,3.0,52.507315921674476,11678.97464752182,1230.2687708123813,61659.50018614822,7.508828710121383,7.643856189774724,0.08791773750367615,1.6518085998004535,0.0425,0.010637531076289425,41.06102083333333,ours (θ_loc tilt),0.7,200
regretor,0.0,0.0,omega,ripe,2,3.0,50.53395928530031,13200.631789705807,1230.2687708123813,61659.50018614822,7.521756292781486,7.643856189774724,0.11785324023241772,2.3257555197362207,0.0775,0.010639613806111057,41.232055555555554,ours (θ_loc tilt),0.7,200
regretor,0.0,0.0,omega,ripe,4,4.0,52.358252625699905,12378.80957913275,1230.2687708123813,61659.50018614822,7.503363299957035,7.643856189774724,0.1432106121616199,3.1144108991619537,0.06,0.011025983201480277,40.996125,ours (θ_loc tilt),0.7,200
larmix,0.2,0.0,omega,ripe,0,0.0,19.521582338611516,27733.15349735725,30902.95432513592,93325.43007969914,3.674511875030512,7.643856189774724,0.27098581627950313,2.0831907996271486,0.3025,0.05756458004037396,0.0,LARMix,0.7,200
regretor,0.0,0.0,omega,ripe,0,4.0,52.115464720755355,12737.27575899654,1230.2687708123813,61659.50018614822,7.506712666493593,7.643856189774724,0.13044699000011262,4.407855404490946,0.06,0.01057813257884091,40.82565972222222,ours (θ_loc tilt),0.7,200
regretor,0.0,0.0,omega,ripe,1,4.0,51.06676043967395,11883.486565725623,1230.2687708123813,61659.50018614822,7.5051410476867115,7.643856189774724,0.09223079902287101,1.6806123785534322,0.04,0.010698984554385596,41.24655555555555,ours (θ_loc tilt),0.7,200
larmix,0.2,0.0,omega,ripe,1,0.0,20.126687052904998,26323.339683375205,30902.95432513592,93325.43007969914,3.7504050028217377,7.643856189774724,0.26337287334280224,2.121810749731699,0.2775,0.058636156499167494,0.0,LARMix,0.7,200
larmix,0.2,0.0,omega,ripe,2,0.0,20.49706419354537,25278.8219938776,30902.95432513592,93325.43007969914,3.9404395143446735,7.643856189774724,0.2611519646015661,2.1505037574421677,0.2675,0.05426986530903323,0.0,LARMix,0.7,200
regretor,0.0,0.0,omega,ripe,2,4.0,48.87361070889799,13378.834151052102,1230.2687708123813,61659.50018614822,7.518916981911826,7.643856189774724,0.12331997585283672,2.4499781835181764,0.075,0.010719097687779938,41.45261111111111,ours (θ_loc tilt),0.7,200
regretor,0.0,0.0,omega,ripe,3,4.0,52.80616982812083,11739.809008235716,776.2471166286916,61659.50018614822,7.488177852817318,7.643856189774724,0.10994848609132912,3.1975712879003275,0.0575,0.010738972979464228,40.92227083333333,ours (θ_loc tilt),0.7,200
larmix,0.4,0.0,omega,ripe,0,0.0,20.60746293308354,27740.241924909078,30902.95432513592,93325.43007969914,4.810018568845918,7.643856189774724,0.2715985607032627,2.0804051645039565,0.305,0.04681032548697459,0.0,LARMix,0.7,200
larmix,0.4,0.0,omega,ripe,1,0.0,21.31230353948595,26289.716504446842,30902.95432513592,93325.43007969914,4.927067324711387,7.643856189774724,0.26363051807155835,2.144662403877619,0.2775,0.04375000324766496,0.0,LARMix,0.7,200
larmix,0.2,0.0,omega,ripe,3,0.0,22.896136972096194,25485.345413428146,30902.95432513592,93325.43007969914,3.920072458355061,7.643856189774724,0.27131529797260634,2.121973884188509,0.2775,0.054374821306280186,0.0,LARMix,0.7,200
larmix,0.2,0.0,omega,ripe,4,0.0,26.014079349458243,25883.525797374718,30902.95432513592,93325.43007969914,3.8089020551244994,7.643856189774724,0.25865167968956326,2.0587286739699384,0.285,0.05863607431715169,0.0,LARMix,0.7,200
larmix,0.4,0.0,omega,ripe,2,0.0,21.6375596929117,25215.15389773775,30902.95432513592,93325.43007969914,5.031351332379419,7.643856189774724,0.26283605040352365,2.142396746936232,0.2675,0.04358413869930595,0.0,LARMix,0.7,200
larmix,0.4,0.0,omega,ripe,3,0.0,23.68159702807734,25464.459479425634,30902.95432513592,93325.43007969914,5.097428151879667,7.643856189774724,0.27191241156588286,2.1253891417837676,0.2825,0.043522174828857285,0.0,LARMix,0.7,200
larmix,0.4,0.0,omega,ripe,4,0.0,26.026468582720412,25840.207349630764,30902.95432513592,93325.43007969914,5.001735997536725,7.643856189774724,0.2589226602462149,2.039203098988966,0.285,0.04369980730273136,0.0,LARMix,0.7,200
larmix,0.6,0.0,omega,ripe,0,0.0,28.077398109523415,27696.821551614692,30902.95432513592,93325.43007969914,6.505195450386976,7.643856189774724,0.27109425883491767,2.0790123469423603,0.3,0.02905261363419178,0.0,LARMix,0.7,200
larmix,0.6,0.0,omega,ripe,1,0.0,27.366963693035213,26310.57824211287,30902.95432513592,93325.43007969914,6.614524254732697,7.643856189774724,0.2648435292562308,2.0950410562421355,0.2825,0.02697288787951415,0.0,LARMix,0.7,200
larmix,0.6,0.0,omega,ripe,2,0.0,29.181569472543103,25243.89878143647,30902.95432513592,93325.43007969914,6.677590997550942,7.643856189774724,0.2621324887223442,2.191038809971846,0.2675,0.02667082827728155,0.0,LARMix,0.7,200
larmix,0.6,0.0,omega,ripe,3,0.0,30.581708659981405,25518.21448779576,30902.95432513592,93325.43007969914,6.669877509164804,7.643856189774724,0.271405365081397,2.123425576284425,0.285,0.02685697418318019,0.0,LARMix,0.7,200
larmix,0.6,0.0,omega,ripe,4,0.0,34.469142533929826,26021.73453454341,30902.95432513592,93325.43007969914,6.655708415510422,7.643856189774724,0.25941378378659485,2.039811676290758,0.2825,0.026597435819390763,0.0,LARMix,0.7,200
larmix,0.8,0.0,omega,ripe,0,0.0,87.86899773583907,27791.05274333296,30902.95432513592,93325.43007969914,7.63234762193165,7.643856189774724,0.2727088037981973,2.102225972968961,0.3025,0.006954799110514521,0.0,LARMix,0.7,200
larmix,0.8,0.0,omega,ripe,1,0.0,87.02137005352193,26273.134942610588,30902.95432513592,93325.43007969914,7.63437071604158,7.643856189774724,0.2658098790320884,2.144105653652421,0.275,0.006738094161256848,0.0,LARMix,0.7,200
larmix,0.8,0.0,omega,ripe,2,0.0,89.93135142107164,25342.89056689881,30902.95432513592,93325.43007969914,7.635137681034655,7.643856189774724,0.2620345011689824,2.1505138388876346,0.2725,0.006654356744153325,0.0,LARMix,0.7,200
larmix,0.8,0.0,omega,ripe,3,0.0,89.34361266045173,25629.65732337321,30902.95432513592,93325.43007969914,7.633975041104334,7.643856189774724,0.27218508857622514,2.1363481659137173,0.2825,0.006796807435199545,0.0,LARMix,0.7,200
larmix,0.8,0.0,omega,ripe,4,0.0,90.85733719926773,25993.524530822207,30902.95432513592,93325.43007969914,7.634656515625211,7.643856189774724,0.2596120596939806,2.0522702706490024,0.2825,0.006774175899648897,0.0,LARMix,0.7,200
larmix,1.0,0.0,omega,ripe,0,0.0,121.52927482578082,27753.592241821305,30902.95432513592,93325.43007969914,7.643856189774724,7.643856189774724,0.27219392815103327,2.0766909843397006,0.2925,0.003374999999999936,0.0,LARMix,0.7,200
larmix,1.0,0.0,omega,ripe,1,0.0,121.68185455010409,26391.533698360294,30902.95432513592,93325.43007969914,7.643856189774724,7.643856189774724,0.2645564933562725,2.132653424672771,0.28,0.003374999999999936,0.0,LARMix,0.7,200
larmix,1.0,0.0,omega,ripe,2,0.0,124.77744151388667,25439.85913316271,30902.95432513592,93325.43007969914,7.643856189774724,7.643856189774724,0.2616905805972001,2.1397505063606697,0.27,0.003374999999999936,0.0,LARMix,0.7,200
larmix,1.0,0.0,omega,ripe,3,0.0,122.13443454728424,25685.818496064177,30902.95432513592,93325.43007969914,7.643856189774724,7.643856189774724,0.27242397100567306,2.1309283547714255,0.285,0.003374999999999936,0.0,LARMix,0.7,200
larmix,1.0,0.0,omega,ripe,4,0.0,123.6361285266724,26042.785409143617,30902.95432513592,93325.43007969914,7.643856189774724,7.643856189774724,0.2596896647084912,2.0523694999398017,0.2825,0.003374999999999936,0.0,LARMix,0.7,200
lamp,0.2,0.0,omega,ripe,0,0.0,41.06753408708095,55364.60142824963,61659.50018614822,93325.43007969914,2.8321271764221456,7.643856189774724,64.41743083060798,151.5663914237049,0.1825,0.12489341988576433,0.0,LAMP-SC,0.7,200
lamp,0.2,0.0,omega,ripe,1,0.0,28.600102020935452,58845.98009182387,61659.50018614822,93325.43007969914,2.380140995894186,7.643856189774724,26.997214173530768,49.396848290499186,0.135,0.14274214244096,0.0,LAMP-SC,0.7,200
lamp,0.2,0.0,omega,ripe,2,0.0,0.8887404890193402,61088.66575989423,61659.50018614822,93325.43007969914,0.4499988683656351,7.643856189774724,73.62781878107616,94.53629308307734,0.09,0.1499655924693174,0.0,LAMP-SC,0.7,200
lamp,0.2,0.0,omega,ripe,3,0.0,1.7599074804297954,60212.00462917619,61659.50018614822,93325.43007969914,0.5371154533808443,7.643856189774724,53.993903501032406,89.61342849199612,0.1425,0.1497048050732547,0.0,LAMP-SC,0.7,200
lamp,0.2,0.0,omega,ripe,4,0.0,19.079921524696637,56339.35222866051,61659.50018614822,93325.43007969914,2.577010946261499,7.643856189774724,51.38723664670894,110.99269395277301,0.15,0.1357399761648896,0.0,LAMP-SC,0.7,200
lamp,0.4,0.0,omega,ripe,0,0.0,40.95872704520399,53141.27478243577,61659.50018614822,93325.43007969914,3.931210803160568,7.643856189774724,54.63296915711744,142.7563342330694,0.1875,0.10779104772150465,0.0,LAMP-SC,0.7,200
lamp,0.4,0.0,omega,ripe,1,0.0,28.16780760252498,55739.698776590514,61659.50018614822,93325.43007969914,3.3917391151832135,7.643856189774724,22.64901153329221,45.00874723774106,0.1275,0.13138474961428212,0.0,LAMP-SC,0.7,200
lamp,0.4,0.0,omega,ripe,2,0.0,1.5472478361935107,60285.600126218356,61659.50018614822,93325.43007969914,0.9841877046890798,7.643856189774724,69.80531360489444,94.57277382057828,0.095,0.1465817310596989,0.0,LAMP-SC,0.7,200
lamp,0.4,0.0,omega,ripe,3,0.0,2.1177114051541057,57533.634872132796,61659.50018614822,93325.43007969914,1.3196185236310112,7.643856189774724,43.683483040890465,78.25811296201051,0.1275,0.14231625432079026,0.0,LAMP-SC,0.7,200
lamp,0.4,0.0,omega,ripe,4,0.0,21.190657735742832,54367.65577124558,61659.50018614822,93325.43007969914,3.7885058828055627,7.643856189774724,36.72872898778015,94.32036596482912,0.1525,0.11989743819020157,0.0,LAMP-SC,0.7,200
lamp,0.6,0.0,omega,ripe,0,0.0,42.05730063148848,47226.127136840594,58884.3655355589,93325.43007969914,5.561482821790902,7.643856189774724,34.17916003887785,116.01350043443138,0.2175,0.07186371182014298,0.0,LAMP-SC,0.7,200
lamp,0.6,0.0,omega,ripe,1,0.0,30.50958204618376,48827.40073606342,61659.50018614822,93325.43007969914,4.96243543569197,7.643856189774724,15.221050713211465,38.3954974175911,0.135,0.09457046078862862,0.0,LAMP-SC,0.7,200
lamp,0.6,0.0,omega,ripe,2,0.0,7.213617790058369,53188.61078124449,61659.50018614822,93325.43007969914,2.69975437493482,7.643856189774724,48.273926301833846,79.5068475502724,0.0875,0.11728300453763338,0.0,LAMP-SC,0.7,200
lamp,0.6,0.0,omega,ripe,3,0.0,6.583865772314755,50315.84728768704,61659.50018614822,93325.43007969914,2.8830414338538137,7.643856189774724,29.705832065747902,62.242653669605794,0.125,0.10865004059429768,0.0,LAMP-SC,0.7,200
lamp,0.6,0.0,omega,ripe,4,0.0,26.91666543726672,47825.57269734259,61659.50018614822,93325.43007969914,5.55733893756548,7.643856189774724,21.08227721603586,70.53513422206832,0.155,0.08250141356850478,0.0,LAMP-SC,0.7,200
lamp,0.8,0.0,omega,ripe,0,0.0,48.88634234283045,39951.18497007673,30902.95432513592,93325.43007969914,6.4330166250224625,7.643856189774724,12.859906929212768,71.53754578058249,0.25,0.03370584205986006,0.0,LAMP-SC,0.7,200
lamp,0.8,0.0,omega,ripe,3,0.0,27.882548996133963,40398.14733860294,30902.95432513592,93325.43007969914,5.5123520485368775,7.643856189774724,8.074970418307226,29.139481833114928,0.2025,0.04871039372203653,0.0,LAMP-SC,0.7,200
lamp,0.8,0.0,omega,ripe,4,0.0,39.786744451311414,40248.16694312815,30902.95432513592,93325.43007969914,6.600520599543346,7.643856189774724,7.286588967203235,39.53465157724814,0.22,0.03614811566057898,0.0,LAMP-SC,0.7,200
lamp,0.8,0.0,omega,ripe,1,0.0,41.095752161652285,38987.6891829943,30902.95432513592,93325.43007969914,6.200707748874413,7.643856189774724,5.074819660947899,21.439065467161694,0.19,0.043276619224060384,0.0,LAMP-SC,0.7,200
lamp,0.8,0.0,omega,ripe,2,0.0,29.391431437253203,41293.10290859731,32359.365692962812,93325.43007969914,5.427275029830414,7.643856189774724,12.377567386464667,37.39955743190191,0.1825,0.05550941342461348,0.0,LAMP-SC,0.7,200
gwr+lba,0.0,0.0,omega,ripe,0,0.0,12.777611449342848,28200.94209495109,30902.95432513592,93325.43007969914,3.2573878202271613,7.643856189774724,0.2828999086582513,2.2377857379326525,0.31,0.06624507099975965,0.0,OptiMix GWR+LBA,0.7,200
gwr+lba,0.0,0.0,omega,ripe,1,0.0,14.952144192540821,26269.14413295538,30902.95432513592,93325.43007969914,3.35393282276439,7.643856189774724,0.26473525295734146,2.1948175523213975,0.2775,0.06504490597105582,0.0,OptiMix GWR+LBA,0.7,200
gwr+lba,0.0,0.0,omega,ripe,2,0.0,13.066234368183519,25530.45407747949,30902.95432513592,89125.0938133746,3.381076843576958,7.643856189774724,0.2675558984579618,2.2184595808007463,0.27,0.06327311312036145,0.0,OptiMix GWR+LBA,0.7,200
gwr+lba,0.0,0.0,omega,ripe,3,0.0,16.377273016450843,25512.65799454264,30902.95432513592,93325.43007969914,3.291620642331296,7.643856189774724,0.2777505919414014,2.2184833145838825,0.275,0.06486446388228884,0.0,OptiMix GWR+LBA,0.7,200
gwr+lba,0.0,0.0,omega,ripe,4,0.0,16.487691311014565,25731.433655085108,30902.95432513592,93325.43007969914,3.4175539441208502,7.643856189774724,0.25761971529750327,2.081491337416521,0.28,0.06302571611838012,0.0,OptiMix GWR+LBA,0.7,200
gwr+lba,0.2,0.0,omega,ripe,0,0.0,13.169411075351645,28261.24466566058,30902.95432513592,93325.43007969914,3.756372969611119,7.643856189774724,0.2793696366709806,2.1728104363033385,0.3125,0.058821491700923566,0.0,OptiMix GWR+LBA,0.7,200
gwr+lba,0.2,0.0,omega,ripe,3,0.0,17.11936683826717,25444.89363684103,30902.95432513592,93325.43007969914,3.816410550907093,7.643856189774724,0.2741299463106568,2.1950122680901893,0.28,0.0576710082448601,0.0,OptiMix GWR+LBA,0.7,200
gwr+lba,0.2,0.0,omega,ripe,4,0.0,17.13176796438917,25765.6396626301,30902.95432513592,93325.43007969914,3.9000325329388206,7.643856189774724,0.2569792096664101,2.0509111512644664,0.28,0.05580243754207152,0.0,OptiMix GWR+LBA,0.7,200
gwr+lba,0.2,0.0,omega,ripe,1,0.0,15.508358340259212,26183.022327859082,30902.95432513592,93325.43007969914,3.9001704544354703,7.643856189774724,0.26373141587962046,2.151726509292236,0.275,0.057687763077134746,0.0,OptiMix GWR+LBA,0.7,200
gwr+lba,0.2,0.0,omega,ripe,2,0.0,13.836282719065682,25506.8532397282,30902.95432513592,89125.0938133746,3.9369411187501386,7.643856189774724,0.26591947962766804,2.202245559788875,0.27,0.05545468944112719,0.0,OptiMix GWR+LBA,0.7,200
gwr+lba,0.4,0.0,omega,ripe,0,0.0,13.878364345058122,28178.042844298114,30902.95432513592,93325.43007969914,4.391168561685061,7.643856189774724,0.2769337464561272,2.14645681746068,0.3075,0.05042962217851808,0.0,OptiMix GWR+LBA,0.7,200
gwr+lba,0.4,0.0,omega,ripe,1,0.0,16.32474305313256,26290.878120393118,30902.95432513592,93325.43007969914,4.6000566762659405,7.643856189774724,0.26359140945269943,2.109577346985023,0.275,0.048490838310426436,0.0,OptiMix GWR+LBA,0.7,200
gwr+lba,0.4,0.0,omega,ripe,2,0.0,14.998610702980658,25360.919813737943,30902.95432513592,89125.0938133746,4.624970806274758,7.643856189774724,0.2642065147936785,2.2315738625015245,0.2725,0.04713108980105402,0.0,OptiMix GWR+LBA,0.7,200
gwr+lba,0.4,0.0,omega,ripe,3,0.0,18.17782396430972,25399.040561517555,30902.95432513592,93325.43007969914,4.511688756901416,7.643856189774724,0.2729701619679328,2.12765036465329,0.28,0.04883011145596043,0.0,OptiMix GWR+LBA,0.7,200
gwr+lba,0.4,0.0,omega,ripe,4,0.0,18.017098364878994,25829.800108192023,30902.95432513592,93325.43007969914,4.534623130395616,7.643856189774724,0.2583295629438711,2.0368669176242635,0.2825,0.04746051252506438,0.0,OptiMix GWR+LBA,0.7,200
gwr+lba,0.6,0.0,omega,ripe,0,0.0,15.781643971046474,27988.21422726675,30902.95432513592,93325.43007969914,5.312689824293759,7.643856189774724,0.2741180317835348,2.1030642209180264,0.3075,0.04048147820880054,0.0,OptiMix GWR+LBA,0.7,200
gwr+lba,0.6,0.0,omega,ripe,1,0.0,17.568786658410872,26247.411206897963,30902.95432513592,93325.43007969914,5.53506528028696,7.643856189774724,0.26341148131846714,2.137464618441993,0.2725,0.038036947681350845,0.0,OptiMix GWR+LBA,0.7,200
gwr+lba,0.6,0.0,omega,ripe,2,0.0,17.058800655055098,25189.201429915913,30902.95432513592,93325.43007969914,5.524542740987474,7.643856189774724,0.2643690181183609,2.1867468632334095,0.2675,0.03740191386874943,0.0,OptiMix GWR+LBA,0.7,200
gwr+lba,0.6,0.0,omega,ripe,3,0.0,19.78151379286151,25463.658067676126,30902.95432513592,93325.43007969914,5.498019403792941,7.643856189774724,0.2716871672266974,2.1463370524835192,0.285,0.03871437081294749,0.0,OptiMix GWR+LBA,0.7,200
gwr+lba,0.6,0.0,omega,ripe,4,0.0,20.12043686519597,25955.02010516014,30902.95432513592,93325.43007969914,5.400992186122705,7.643856189774724,0.2586784326362308,2.0394301059019115,0.2875,0.03942462163710034,0.0,OptiMix GWR+LBA,0.7,200
gwr+lba,0.8,0.0,omega,ripe,0,0.0,25.023057635672863,27711.58306092012,30902.95432513592,93325.43007969914,6.670301932334293,7.643856189774724,0.27192669955664717,2.115457739804124,0.3025,0.026982661226398807,0.0,OptiMix GWR+LBA,0.7,200
gwr+lba,0.8,0.0,omega,ripe,1,0.0,25.442209810466196,26292.500717062874,30902.95432513592,93325.43007969914,6.781500572592352,7.643856189774724,0.2645748587969803,2.1410223158761506,0.28,0.02524680586266458,0.0,OptiMix GWR+LBA,0.7,200
gwr+lba,0.8,0.0,omega,ripe,2,0.0,25.490614283863874,25274.182640211868,30902.95432513592,93325.43007969914,6.815384343087744,7.643856189774724,0.2628314994140877,2.1757785549018496,0.2725,0.024933144991523527,0.0,OptiMix GWR+LBA,0.7,200
gwr+lba,0.8,0.0,omega,ripe,3,0.0,28.08972687633327,25483.90560711431,30902.95432513592,93325.43007969914,6.761737798634799,7.643856189774724,0.27076826065410975,2.146716500272884,0.285,0.02667430056439305,0.0,OptiMix GWR+LBA,0.7,200
gwr+lba,0.8,0.0,omega,ripe,4,0.0,29.63940154344135,25867.806020916825,30902.95432513592,93325.43007969914,6.785968066759999,7.643856189774724,0.2591157155558865,2.045021633931478,0.2825,0.025880845226974213,0.0,OptiMix GWR+LBA,0.7,200
gpr+lba,0.0,0.0,omega,ripe,0,0.0,19.293460916975626,27808.23582205134,30902.95432513592,93325.43007969914,6.480671030535873,7.643856189774724,0.27431048254815815,2.096506740598828,0.3025,0.023404755071866436,0.0,OptiMix GPR+LBA,0.7,200
gpr+lba,0.0,0.0,omega,ripe,1,0.0,18.310716364504312,26261.118010402777,30902.95432513592,93325.43007969914,6.442890710568886,7.643856189774724,0.2639935731434859,2.134144100836779,0.2775,0.02501820514382469,0.0,OptiMix GPR+LBA,0.7,200
gpr+lba,0.0,0.0,omega,ripe,2,0.0,17.04924460592762,25455.346774343023,30902.95432513592,93325.43007969914,6.409737520764716,7.643856189774724,0.2630826078627062,2.1768242072868826,0.275,0.025383564633361555,0.0,OptiMix GPR+LBA,0.7,200
gpr+lba,0.0,0.0,omega,ripe,3,0.0,20.814196517698832,25559.707493680038,30902.95432513592,93325.43007969914,6.462256358448713,7.643856189774724,0.27138475246945193,2.120560020412259,0.2825,0.02494283385798379,0.0,OptiMix GPR+LBA,0.7,200
gpr+lba,0.0,0.0,omega,ripe,4,0.0,21.90277938034393,25901.14085571111,30902.95432513592,93325.43007969914,6.340268200747032,7.643856189774724,0.2589761796257364,2.029933680402297,0.2775,0.026946834920047964,0.0,OptiMix GPR+LBA,0.7,200
gpr+lba,0.2,0.0,omega,ripe,0,0.0,21.240962896057276,27774.067891494484,30902.95432513592,93325.43007969914,6.751967971189952,7.643856189774724,0.2740297691870668,2.0806373007642227,0.3,0.020608409264375464,0.0,OptiMix GPR+LBA,0.7,200
gpr+lba,0.2,0.0,omega,ripe,1,0.0,20.059898045934695,26317.784484348413,30902.95432513592,93325.43007969914,6.737533691077599,7.643856189774724,0.26386579789359077,2.14529155279714,0.275,0.021804046809220552,0.0,OptiMix GPR+LBA,0.7,200
gpr+lba,0.2,0.0,omega,ripe,2,0.0,18.949058145636023,25467.878491311738,30902.95432513592,93325.43007969914,6.7062194223766305,7.643856189774724,0.2627260321300615,2.1301830996700337,0.275,0.02233468461091193,0.0,OptiMix GPR+LBA,0.7,200
gpr+lba,0.2,0.0,omega,ripe,3,0.0,22.715807468965227,25516.188528566043,30902.95432513592,93325.43007969914,6.75107899260885,7.643856189774724,0.2708541116897658,2.1340978237600687,0.2825,0.02164126732022649,0.0,OptiMix GPR+LBA,0.7,200
gpr+lba,0.2,0.0,omega,ripe,4,0.0,23.941451778019854,25783.28074859055,30902.95432513592,93325.43007969914,6.643132297714556,7.643856189774724,0.25865603119476677,2.0564613516417776,0.2775,0.023685319086137416,0.0,OptiMix GPR+LBA,0.7,200
gpr+lba,0.4,0.0,omega,ripe,0,0.0,24.54051879510301,27696.45252976018,30902.95432513592,93325.43007969914,7.0400232935546505,7.643856189774724,0.27248288802020393,2.092244113777523,0.2975,0.017209164659913685,0.0,OptiMix GPR+LBA,0.7,200
gpr+lba,0.4,0.0,omega,ripe,1,0.0,23.098777706048153,26266.86732476307,30902.95432513592,93325.43007969914,7.052419520128544,7.643856189774724,0.2640765269800729,2.150272329204961,0.275,0.018054330162741862,0.0,OptiMix GPR+LBA,0.7,200
gpr+lba,0.4,0.0,omega,ripe,2,0.0,21.99061322211036,25383.67997055405,30902.95432513592,93325.43007969914,7.017370015966846,7.643856189774724,0.26148425064487757,2.1631411561720086,0.2725,0.01894585856082962,0.0,OptiMix GPR+LBA,0.7,200
gpr+lba,0.4,0.0,omega,ripe,3,0.0,25.83455411159987,25457.08113180743,30902.95432513592,93325.43007969914,7.053009056643316,7.643856189774724,0.2721206563520062,2.1443600606458006,0.2825,0.018181194371036248,0.0,OptiMix GPR+LBA,0.7,200
gpr+lba,0.4,0.0,omega,ripe,4,0.0,27.39527604532709,25898.683096078326,30902.95432513592,93325.43007969914,6.974866187126654,7.643856189774724,0.25924783786672734,2.076867252595224,0.285,0.019730317881390527,0.0,OptiMix GPR+LBA,0.7,200
gpr+lba,0.6,0.0,omega,ripe,0,0.0,31.177315931133332,27731.14097620259,30902.95432513592,93325.43007969914,7.327706890309475,7.643856189774724,0.2722852083721212,2.1108150145988036,0.3,0.013476010814175867,0.0,OptiMix GPR+LBA,0.7,200
gpr+lba,0.6,0.0,omega,ripe,1,0.0,29.063907613944558,26317.687748857676,30902.95432513592,93325.43007969914,7.354455612151367,7.643856189774724,0.2630595567550369,2.1690095356915253,0.2775,0.013544355886308423,0.0,OptiMix GPR+LBA,0.7,200
gpr+lba,0.6,0.0,omega,ripe,2,0.0,27.673871547321856,25260.433893802325,30902.95432513592,93325.43007969914,7.3121599893884115,7.643856189774724,0.2616527829517663,2.1609951828027905,0.2725,0.014667479093459838,0.0,OptiMix GPR+LBA,0.7,200
gpr+lba,0.6,0.0,omega,ripe,3,0.0,31.744251185333933,25397.023766514838,30902.95432513592,93325.43007969914,7.337978101796838,7.643856189774724,0.27178152440582903,2.166039305214967,0.28,0.014203560325764659,0.0,OptiMix GPR+LBA,0.7,200
gpr+lba,0.6,0.0,omega,ripe,4,0.0,34.08020122034601,25932.948757202154,30902.95432513592,93325.43007969914,7.302002358546706,7.643856189774724,0.25937545369243487,2.0560078871761456,0.2825,0.01478768033272975,0.0,OptiMix GPR+LBA,0.7,200
gpr+lba,0.8,0.0,omega,ripe,0,0.0,50.38288770361731,27701.977024246084,30902.95432513592,93325.43007969914,7.578050947900806,7.643856189774724,0.2732071319998517,2.1184755111875817,0.2975,0.008585769018050835,0.0,OptiMix GPR+LBA,0.7,200
gpr+lba,0.8,0.0,omega,ripe,1,0.0,45.301786937651286,26385.734712467103,30902.95432513592,93325.43007969914,7.583895123119942,7.643856189774724,0.26319213696454313,2.134772656297156,0.275,0.008435798271070579,0.0,OptiMix GPR+LBA,0.7,200
gpr+lba,0.8,0.0,omega,ripe,2,0.0,43.13433470898246,25388.852030538623,30902.95432513592,93325.43007969914,7.5622712797197735,7.643856189774724,0.2623750526534123,2.1562263530934165,0.2725,0.009291913547935963,0.0,OptiMix GPR+LBA,0.7,200
ssr+lba,0.0,0.0,omega,ripe,0,0.0,58.312603562951196,27710.15093942984,30902.95432513592,93325.43007969914,7.400721463306682,7.643856189774724,0.27139019284458454,2.065548443846932,0.2975,0.0157529211539753,0.0,OptiMix SSR+LBA,0.7,200
ssr+lba,0.0,0.0,omega,ripe,1,0.0,56.811422530948576,26171.80903613966,30902.95432513592,93325.43007969914,7.431228326573928,7.643856189774724,0.26450051529445373,2.1607082416784906,0.27,0.015446262827993005,0.0,OptiMix SSR+LBA,0.7,200
gpr+lba,0.8,0.0,omega,ripe,3,0.0,48.38735030954446,25549.83257093545,30902.95432513592,93325.43007969914,7.5732435235137645,7.643856189774724,0.2715464078451111,2.1172610049343423,0.2825,0.00900094566000457,0.0,OptiMix GPR+LBA,0.7,200
gpr+lba,0.8,0.0,omega,ripe,4,0.0,50.86854796905514,25950.355325948058,30902.95432513592,93325.43007969914,7.559193589420083,7.643856189774724,0.25780758715161456,2.0571415483402262,0.2825,0.009246180803751575,0.0,OptiMix GPR+LBA,0.7,200
ssr+lba,0.0,0.0,omega,ripe,2,0.0,57.25341183997731,25407.820111428748,30902.95432513592,93325.43007969914,7.4382411042575995,7.643856189774724,0.26233044350591395,2.149317913051305,0.2725,0.015328998473563804,0.0,OptiMix SSR+LBA,0.7,200
ssr+lba,0.0,0.0,omega,ripe,3,0.0,61.668691616314725,25543.63660394304,30902.95432513592,93325.43007969914,7.4344931805783245,7.643856189774724,0.2710031441296923,2.144784228593686,0.28,0.015878074365515655,0.0,OptiMix SSR+LBA,0.7,200
ssr+lba,0.0,0.0,omega,ripe,4,0.0,61.231358768258175,26031.585021631403,30902.95432513592,93325.43007969914,7.451391392086989,7.643856189774724,0.25903865223360256,2.026759429142872,0.2875,0.014910232281423411,0.0,OptiMix SSR+LBA,0.7,200
ssr+lba,0.2,0.0,omega,ripe,0,0.0,72.72412988498557,27682.32888729781,30902.95432513592,93325.43007969914,7.568145079956945,7.643856189774724,0.271816466038705,2.1098864695577397,0.2925,0.01047778422589336,0.0,OptiMix SSR+LBA,0.7,200
ssr+lba,0.2,0.0,omega,ripe,1,0.0,71.09198645968605,26443.98979142955,30902.95432513592,93325.43007969914,7.579649737498682,7.643856189774724,0.2649989363273544,2.110283757526485,0.2775,0.010365758757760312,0.0,OptiMix SSR+LBA,0.7,200
ssr+lba,0.2,0.0,omega,ripe,2,0.0,71.57957744043547,25325.84692002694,30902.95432513592,93325.43007969914,7.5803455421563,7.643856189774724,0.2626614247324164,2.149796283385837,0.27,0.010354927964801324,0.0,OptiMix SSR+LBA,0.7,200
ssr+lba,0.2,0.0,omega,ripe,3,0.0,75.16119672203985,25581.799108154013,30902.95432513592,93325.43007969914,7.578882939338055,7.643856189774724,0.27130010303046515,2.1401184693170507,0.2825,0.010571668850009345,0.0,OptiMix SSR+LBA,0.7,200
ssr+lba,0.2,0.0,omega,ripe,4,0.0,75.00912566571301,25869.071786018783,30902.95432513592,93325.43007969914,7.585635677861087,7.643856189774724,0.2596261948771301,2.0557811549433294,0.2825,0.01013609309636784,0.0,OptiMix SSR+LBA,0.7,200
ssr+lba,0.4,0.0,omega,ripe,0,0.0,89.25785191644978,27723.54891481812,30902.95432513592,93325.43007969914,7.63337313053599,7.643856189774724,0.2723239358907277,2.097118975243109,0.3,0.006597712953185874,0.0,OptiMix SSR+LBA,0.7,200
ssr+lba,0.4,0.0,omega,ripe,1,0.0,87.53551417187632,26225.047655532922,30902.95432513592,93325.43007969914,7.634968182354818,7.643856189774724,0.2632754202358649,2.1284517849421265,0.275,0.006653427251486011,0.0,OptiMix SSR+LBA,0.7,200
ssr+lba,0.4,0.0,omega,ripe,2,0.0,88.68139170855164,25236.646823926618,30902.95432513592,93325.43007969914,7.634694913300747,7.643856189774724,0.263011218662607,2.154557262695136,0.2675,0.006714439543405735,0.0,OptiMix SSR+LBA,0.7,200
ssr+lba,0.4,0.0,omega,ripe,3,0.0,90.37423945340424,25615.86716896095,30902.95432513592,93325.43007969914,7.633860353762559,7.643856189774724,0.2712093540737368,2.1318751530221545,0.2825,0.006783386605512622,0.0,OptiMix SSR+LBA,0.7,200
ssr+lba,0.4,0.0,omega,ripe,4,0.0,90.94653440641251,26045.1720957137,30902.95432513592,93325.43007969914,7.635162454763775,7.643856189774724,0.25896975853246973,2.0314848639488208,0.285,0.006646169783649909,0.0,OptiMix SSR+LBA,0.7,200
ssr+lba,0.6,0.0,omega,ripe,0,0.0,103.84321983870306,27775.492399677627,30902.95432513592,93325.43007969914,7.643401778860482,7.643856189774724,0.27260155159336663,2.0574766335111563,0.2975,0.004575150104479855,0.0,OptiMix SSR+LBA,0.7,200
ssr+lba,0.6,0.0,omega,ripe,3,0.0,104.16018455906091,25608.996479360674,30902.95432513592,93325.43007969914,7.643265549827045,7.643856189774724,0.271496703049533,2.150182569287235,0.2825,0.004704680771964198,0.0,OptiMix SSR+LBA,0.7,200
ssr+lba,0.6,0.0,omega,ripe,4,0.0,105.26436704371737,26073.88512562283,30902.95432513592,93325.43007969914,7.643303357051584,7.643856189774724,0.25941355898243534,2.046380753316014,0.28,0.004701339489303067,0.0,OptiMix SSR+LBA,0.7,200
ssr+lba,0.6,0.0,omega,ripe,1,0.0,102.48452181329377,26230.282630961552,30902.95432513592,93325.43007969914,7.643424282372277,7.643856189774724,0.26282483172518756,2.1324838420341723,0.2725,0.004643376519647236,0.0,OptiMix SSR+LBA,0.7,200
ssr+lba,0.6,0.0,omega,ripe,2,0.0,104.49270807536331,25415.389715766938,30902.95432513592,93325.43007969914,7.64341218467224,7.643856189774724,0.26217381564548936,2.154318821209667,0.2725,0.004689946593614121,0.0,OptiMix SSR+LBA,0.7,200
ssr+lba,0.8,0.0,omega,ripe,0,0.0,114.16275142721746,27763.76429315481,30902.95432513592,93325.43007969914,7.643849495953616,7.643856189774724,0.2706567656668566,2.0525488132720358,0.3,0.0037410407847150947,0.0,OptiMix SSR+LBA,0.7,200
ssr+lba,0.8,0.0,omega,ripe,1,0.0,113.71984767406072,26326.433772130236,30902.95432513592,93325.43007969914,7.64384907358558,7.643856189774724,0.2640126411446455,2.1220479295606425,0.2725,0.003781312994257196,0.0,OptiMix SSR+LBA,0.7,200
ssr+lba,0.8,0.0,omega,ripe,2,0.0,116.45421640701129,25334.406409302283,30902.95432513592,93325.43007969914,7.643849919629274,7.643856189774724,0.2620415220111503,2.16940946710164,0.27,0.003787789957403418,0.0,OptiMix SSR+LBA,0.7,200
ssr+lba,0.8,0.0,omega,ripe,3,0.0,114.60198383779952,25676.55709740536,30902.95432513592,93325.43007969914,7.643843280485566,7.643856189774724,0.2714652054245754,2.133049150435801,0.2825,0.0038001969755431402,0.0,OptiMix SSR+LBA,0.7,200
ssr+lba,0.8,0.0,omega,ripe,4,0.0,115.86487624605873,25936.94121324997,30902.95432513592,93325.43007969914,7.643842385583546,7.643856189774724,0.258882082933213,2.056909638198711,0.2825,0.00381188379789588,0.0,OptiMix SSR+LBA,0.7,200
gwr+lba+crg,0.0,0.05,omega,ripe,0,0.0,104.9253226271592,27544.215069801143,30902.95432513592,93325.43007969914,7.633534648789228,7.643856189774724,0.27095147293043387,2.1243340006073574,0.2925,0.007167455326135504,0.0,OptiMix GWR+LBA+CRG(θ=.05),0.7,200
gwr+lba+crg,0.0,0.05,omega,ripe,1,0.0,104.32779583479291,25899.341006081057,30902.95432513592,93325.43007969914,7.632417574889897,7.643856189774724,0.26682419939471314,2.1014994014556976,0.26,0.007246793541078482,0.0,OptiMix GWR+LBA+CRG(θ=.05),0.7,200
gwr+lba+crg,0.0,0.05,omega,ripe,2,0.0,106.79099232679005,25391.336236278195,30902.95432513592,93325.43007969914,7.6327990414480205,7.643856189774724,0.2682054390587112,2.3553249934597775,0.2625,0.007087214515741997,0.0,OptiMix GWR+LBA+CRG(θ=.05),0.7,200
gwr+lba+crg,0.0,0.05,omega,ripe,3,0.0,105.11445624273881,25546.356443595283,30902.95432513592,93325.43007969914,7.6326833320402265,7.643856189774724,0.27692443597451155,2.196314867227606,0.2725,0.007169031634920652,0.0,OptiMix GWR+LBA+CRG(θ=.05),0.7,200
gwr+lba+crg,0.0,0.05,omega,ripe,4,0.0,106.11740496580848,25769.427920523958,30902.95432513592,93325.43007969914,7.632752870569634,7.643856189774724,0.26278615010780815,2.1111654439788854,0.275,0.007139575297266845,0.0,OptiMix GWR+LBA+CRG(θ=.05),0.7,200
gwr+lba+crg,0.2,0.05,omega,ripe,0,0.0,103.37940209833458,27653.932574518585,30902.95432513592,93325.43007969914,7.6322728957228785,7.643856189774724,0.27213718013512755,2.149152001321734,0.2975,0.007127411170983235,0.0,OptiMix GWR+LBA+CRG(θ=.05),0.7,200
gwr+lba+crg,0.2,0.05,omega,ripe,1,0.0,102.98315978778618,26065.12904159217,30902.95432513592,93325.43007969914,7.631650819745111,7.643856189774724,0.2678481760359117,2.1015024939185203,0.265,0.007182060252291145,0.0,OptiMix GWR+LBA+CRG(θ=.05),0.7,200
gwr+lba+crg,0.2,0.05,omega,ripe,2,0.0,105.37644063135738,25611.409660495916,30902.95432513592,93325.43007969914,7.6322086801829805,7.643856189774724,0.26772422551636277,2.362955120994776,0.2675,0.007011069209436881,0.0,OptiMix GWR+LBA+CRG(θ=.05),0.7,200
gwr+lba+crg,0.2,0.05,omega,ripe,3,0.0,103.50531426524014,25553.133907065097,30902.95432513592,93325.43007969914,7.631497983867193,7.643856189774724,0.27859634766291586,2.241468054197917,0.27,0.007139842116431955,0.0,OptiMix GWR+LBA+CRG(θ=.05),0.7,200
gwr+lba+crg,0.2,0.05,omega,ripe,4,0.0,104.5343326545447,25707.041468655403,30902.95432513592,93325.43007969914,7.6312948590488965,7.643856189774724,0.26164791837454726,2.0805913979098656,0.275,0.007111311547869821,0.0,OptiMix GWR+LBA+CRG(θ=.05),0.7,200
gwr+lba+crg,0.4,0.05,omega,ripe,0,0.0,101.43651879205507,27669.34773547153,30902.95432513592,93325.43007969914,7.630801840789884,7.643856189774724,0.2747082609468816,2.193628169863499,0.295,0.007105329866452842,0.0,OptiMix GWR+LBA+CRG(θ=.05),0.7,200
gwr+lba+crg,0.4,0.05,omega,ripe,1,0.0,100.88580122532298,25994.014998199786,30902.95432513592,93325.43007969914,7.630517620887706,7.643856189774724,0.26766137801782475,2.121340653392788,0.2675,0.007110439181209381,0.0,OptiMix GWR+LBA+CRG(θ=.05),0.7,200
gwr+lba+crg,0.4,0.05,omega,ripe,2,0.0,103.26369135817389,25661.37266305197,30902.95432513592,93325.43007969914,7.6315804925679345,7.643856189774724,0.26973197244808644,2.3159821483574428,0.27,0.006960223856842203,0.0,OptiMix GWR+LBA+CRG(θ=.05),0.7,200
gwr+lba+crg,0.4,0.05,omega,ripe,3,0.0,101.45950309530924,25621.88761674069,30902.95432513592,93325.43007969914,7.630089670904076,7.643856189774724,0.27934355972884584,2.2631324620877127,0.275,0.0070705143887695955,0.0,OptiMix GWR+LBA+CRG(θ=.05),0.7,200
gwr+lba+crg,0.4,0.05,omega,ripe,4,0.0,102.39892060751035,25646.877897029757,30902.95432513592,93325.43007969914,7.629777659535796,7.643856189774724,0.2631230558389537,2.12362403833713,0.27,0.007034738237557367,0.0,OptiMix GWR+LBA+CRG(θ=.05),0.7,200
gwr+lba+crg,0.6,0.05,omega,ripe,0,0.0,98.48167453889428,27469.562722816667,30902.95432513592,93325.43007969914,7.629224610647839,7.643856189774724,0.2770430959295236,2.2230254756646097,0.2875,0.006987950162006611,0.0,OptiMix GWR+LBA+CRG(θ=.05),0.7,200
gwr+lba+crg,0.6,0.05,omega,ripe,1,0.0,97.52876734261748,26017.42496100767,30902.95432513592,93325.43007969914,7.628893971989289,7.643856189774724,0.26683222759633085,2.1472674914595924,0.265,0.007011849569191046,0.0,OptiMix GWR+LBA+CRG(θ=.05),0.7,200
gwr+lba+crg,0.6,0.05,omega,ripe,2,0.0,100.06682861939034,25583.919929756463,30902.95432513592,93325.43007969914,7.630894275422239,7.643856189774724,0.273093546105871,2.2899920264413547,0.2625,0.006865083985261764,0.0,OptiMix GWR+LBA+CRG(θ=.05),0.7,200
gwr+lba+crg,0.6,0.05,omega,ripe,3,0.0,97.97513829595948,25327.60726322704,30902.95432513592,93325.43007969914,7.629100304814067,7.643856189774724,0.2804568674535646,2.22664503827332,0.27,0.007007279411555116,0.0,OptiMix GWR+LBA+CRG(θ=.05),0.7,200
gwr+lba+crg,0.6,0.05,omega,ripe,4,0.0,99.43148572970665,25648.427295418867,30902.95432513592,93325.43007969914,7.628904808075179,7.643856189774724,0.2663451420793068,2.137541710070988,0.275,0.006990108721392168,0.0,OptiMix GWR+LBA+CRG(θ=.05),0.7,200
gwr+lba+crg,0.8,0.05,omega,ripe,0,0.0,93.50583635162889,27745.185749575416,30902.95432513592,93325.43007969914,7.629535441515122,7.643856189774724,0.28040202093162825,2.2932310022394278,0.3,0.006545993145588409,0.0,OptiMix GWR+LBA+CRG(θ=.05),0.7,200
gwr+lba+crg,0.8,0.05,omega,ripe,1,0.0,92.50118976647451,26736.191858951268,30902.95432513592,93325.43007969914,7.62911254620567,7.643856189774724,0.27566658961492996,2.2145480628487446,0.2775,0.0065167785597897345,0.0,OptiMix GWR+LBA+CRG(θ=.05),0.7,200
gwr+lba+crg,0.8,0.05,omega,ripe,2,0.0,94.72832324786599,26081.728239477536,30902.95432513592,93325.43007969914,7.631052492739937,7.643856189774724,0.28496069094112086,2.3379187650205626,0.275,0.006454642680495401,0.0,OptiMix GWR+LBA+CRG(θ=.05),0.7,200
gwr+lba+crg,0.8,0.05,omega,ripe,3,0.0,93.32481548380557,25248.399176804567,30902.95432513592,93325.43007969914,7.631071493200409,7.643856189774724,0.2815594743074732,2.309785685444349,0.27,0.006521553644187011,0.0,OptiMix GWR+LBA+CRG(θ=.05),0.7,200
gwr+lba+crg,0.8,0.05,omega,ripe,4,0.0,95.03153918976994,25836.659135977774,30902.95432513592,93325.43007969914,7.629843972176264,7.643856189774724,0.27157925915163394,2.1240241852612916,0.2775,0.00651423327156995,0.0,OptiMix GWR+LBA+CRG(θ=.05),0.7,200
gwr,0.0,0.0,omega,ripe,2,0.0,1.093554006103731,56816.71017387549,61659.50018614822,93325.43007969914,1.9031079994647824,7.643856189774724,39.128088335877855,63.065920375364,0.105,0.14289447389935733,0.0,OptiMix GWR (no LBA),0.7,200
gwr,0.0,0.0,omega,ripe,3,0.0,1.9670726559058112,54333.11249171474,61659.50018614822,93325.43007969914,2.0446138905380447,7.643856189774724,19.907179864780293,38.53967918885083,0.145,0.1347081877757147,0.0,OptiMix GWR (no LBA),0.7,200
gwr,0.0,0.0,omega,ripe,0,0.0,3.8069763109356187,51707.138627231005,61659.50018614822,93325.43007969914,2.4738752008995255,7.643856189774724,56.73140545208204,134.4604070791193,0.1375,0.12936461760809653,0.0,OptiMix GWR (no LBA),0.7,200
gwr,0.0,0.0,omega,ripe,1,0.0,3.561855137403521,57544.48545392178,61659.50018614822,93325.43007969914,2.578491270169386,7.643856189774724,22.186120144268443,32.06939806329874,0.12,0.14209873136244586,0.0,OptiMix GWR (no LBA),0.7,200
gwr,0.0,0.0,omega,ripe,4,0.0,1.9467164176069343,56010.89958902949,61659.50018614822,93325.43007969914,2.4538902534775837,7.643856189774724,36.36569571845347,72.5032542550435,0.115,0.13795123739908918,0.0,OptiMix GWR (no LBA),0.7,200
gwr,0.2,0.0,omega,ripe,0,0.0,4.199134202185182,50848.94529880338,61659.50018614822,93325.43007969914,3.134301412078251,7.643856189774724,47.39939524565298,127.60094705746559,0.155,0.11799120480412587,0.0,OptiMix GWR (no LBA),0.7,200
gwr,0.2,0.0,omega,ripe,1,0.0,3.71194378826063,55616.16091948254,61659.50018614822,93325.43007969914,3.1569658961691567,7.643856189774724,19.86154318661761,29.170969326137435,0.1125,0.13479032069140712,0.0,OptiMix GWR (no LBA),0.7,200
gwr,0.2,0.0,omega,ripe,2,0.0,1.3226063682183025,55631.82201737965,61659.50018614822,93325.43007969914,2.4502807194635974,7.643856189774724,35.70969799478096,60.94131245216862,0.1025,0.13534420185889212,0.0,OptiMix GWR (no LBA),0.7,200
gwr,0.2,0.0,omega,ripe,3,0.0,2.2199910826308584,52050.195924559484,61659.50018614822,93325.43007969914,2.4880986226047894,7.643856189774724,18.941249906517534,41.54800059404336,0.1375,0.1250210747341896,0.0,OptiMix GWR (no LBA),0.7,200
gwr,0.2,0.0,omega,ripe,4,0.0,2.1651153247762904,54609.60396745593,61659.50018614822,93325.43007969914,3.077446998789496,7.643856189774724,28.698504794002435,62.84148287467407,0.11,0.12953871781971044,0.0,OptiMix GWR (no LBA),0.7,200
gwr,0.4,0.0,omega,ripe,0,0.0,5.07739776182394,49114.23164570955,61659.50018614822,93325.43007969914,3.9328285491987276,7.643856189774724,38.04527668785306,117.91270107299154,0.1725,0.10373329888491198,0.0,OptiMix GWR (no LBA),0.7,200
gwr,0.4,0.0,omega,ripe,1,0.0,4.184433259456751,52745.14201547814,61659.50018614822,93325.43007969914,3.8190440847417038,7.643856189774724,17.620108601978185,26.92110990370646,0.1,0.12288814644025015,0.0,OptiMix GWR (no LBA),0.7,200
gwr,0.4,0.0,omega,ripe,2,0.0,1.7982091352946303,53494.89951476461,61659.50018614822,93325.43007969914,3.1494027688026422,7.643856189774724,30.43747728907461,55.60681184061316,0.1,0.12342939442400211,0.0,OptiMix GWR (no LBA),0.7,200
gwr,0.4,0.0,omega,ripe,3,0.0,2.7496247531379807,49947.09795625394,61659.50018614822,93325.43007969914,3.0219089061225475,7.643856189774724,17.512168250267337,43.5008345375658,0.125,0.11170280613845347,0.0,OptiMix GWR (no LBA),0.7,200
gwr,0.6,0.0,omega,ripe,1,0.0,5.701116697869877,49700.04273758307,61659.50018614822,93325.43007969914,4.664336788118146,7.643856189774724,14.46918621351739,26.691861399009554,0.115,0.10405479925147842,0.0,OptiMix GWR (no LBA),0.7,200
gwr,0.6,0.0,omega,ripe,2,0.0,3.0258736458198343,50235.016544561266,61659.50018614822,93325.43007969914,4.085097877445217,7.643856189774724,23.033206489823286,46.6666952864501,0.1075,0.10561235254422507,0.0,OptiMix GWR (no LBA),0.7,200
gwr,0.4,0.0,omega,ripe,4,0.0,2.616039027985775,52908.88724688937,61659.50018614822,93325.43007969914,3.794638229992212,7.643856189774724,22.886642976519557,53.600471988523665,0.11,0.11785931867682575,0.0,OptiMix GWR (no LBA),0.7,200
gwr,0.6,0.0,omega,ripe,0,0.0,7.343635276845835,46653.49155068562,61659.50018614822,93325.43007969914,4.9404752756582235,7.643856189774724,27.982001022239082,103.36122312984169,0.1975,0.08446767890887494,0.0,OptiMix GWR (no LBA),0.7,200
gwr,0.8,0.0,omega,ripe,2,0.0,8.234703572875267,44399.10361254093,35481.338923357536,93325.43007969914,5.450294986050931,7.643856189774724,13.401980949470596,33.01355599537105,0.1425,0.07422022283299672,0.0,OptiMix GWR (no LBA),0.7,200
gwr,0.8,0.0,omega,ripe,3,0.0,9.751104925753829,44093.04538609226,32359.365692962812,93325.43007969914,4.969882462598132,7.643856189774724,10.031866163254184,35.98276992684249,0.175,0.06942420584339234,0.0,OptiMix GWR (no LBA),0.7,200
gwr,0.8,0.0,omega,ripe,0,0.0,15.948607378201473,42388.77440186793,32359.365692962812,93325.43007969914,6.27176915581862,7.643856189774724,15.588405211777768,78.05139708164472,0.2375,0.05525109687553377,0.0,OptiMix GWR (no LBA),0.7,200
gwr,0.8,0.0,omega,ripe,1,0.0,12.248095636214401,44116.475066445695,33884.41561392024,93325.43007969914,5.92747857989742,7.643856189774724,8.932666917025639,22.61306250609343,0.16,0.06901794209124898,0.0,OptiMix GWR (no LBA),0.7,200
gwr,0.6,0.0,omega,ripe,3,0.0,4.096279166291794,48081.02863238942,61659.50018614822,93325.43007969914,3.759826149513198,7.643856189774724,14.928020420467638,42.56031015929818,0.1425,0.09479610456765414,0.0,OptiMix GWR (no LBA),0.7,200
gwr,0.6,0.0,omega,ripe,4,0.0,3.8344536729180625,49520.23928716,61659.50018614822,93325.43007969914,4.6867848070023355,7.643856189774724,17.773989326015013,44.77063351961748,0.11,0.10054665123618052,0.0,OptiMix GWR (no LBA),0.7,200
uniform,1.0,0.0,omega,ripe,1,0.0,121.68185455010409,26391.533698360294,30902.95432513592,93325.43007969914,7.643856189774724,7.643856189774724,0.2645564933562725,2.132653424672771,0.28,0.003374999999999936,0.0,uniform (Nym default),0.7,200
uniform,1.0,0.0,omega,ripe,2,0.0,124.77744151388667,25439.85913316271,30902.95432513592,93325.43007969914,7.643856189774724,7.643856189774724,0.2616905805972001,2.1397505063606697,0.27,0.003374999999999936,0.0,uniform (Nym default),0.7,200
gwr,0.8,0.0,omega,ripe,4,0.0,9.0282856946754,44575.65177008182,51286.138399136486,93325.43007969914,5.896280707990242,7.643856189774724,11.46363451907,34.64462083084106,0.1425,0.07160949388542978,0.0,OptiMix GWR (no LBA),0.7,200
uniform,1.0,0.0,omega,ripe,0,0.0,121.52927482578082,27753.592241821305,30902.95432513592,93325.43007969914,7.643856189774724,7.643856189774724,0.27219392815103327,2.0766909843397006,0.2925,0.003374999999999936,0.0,uniform (Nym default),0.7,200
uniform,1.0,0.0,omega,ripe,3,0.0,122.13443454728424,25685.818496064177,30902.95432513592,93325.43007969914,7.643856189774724,7.643856189774724,0.27242397100567306,2.1309283547714255,0.285,0.003374999999999936,0.0,uniform (Nym default),0.7,200
uniform,1.0,0.0,omega,ripe,4,0.0,123.6361285266724,26042.785409143617,30902.95432513592,93325.43007969914,7.643856189774724,7.643856189774724,0.2596896647084912,2.0523694999398017,0.2825,0.003374999999999936,0.0,uniform (Nym default),0.7,200
