dataset,rho_bar,capacity,family,method,tau,theta_loc,n_seeds,lat_link_ms,lat_link_ms_ci95,lat_e2e_ms,lat_e2e_ms_ci95,lat_p50_ms,lat_p50_ms_ci95,lat_p99_ms,lat_p99_ms_ci95,H_r,H_r_ci95,FCP,FCP_ci95,excess,excess_ci95,frac_overloaded,frac_overloaded_ci95,dummies_per_node_round,dummies_per_node_round_ci95
nym,0.3,equal,LAMP-SC,lamp,0.2,0.0,5,9.823788856752241,4.23188187096581,31999.18665890682,3495.5148063666397,30902.95432513592,0.0,61659.50018614823,1.0100648451763094e-11,0.4637163610040119,0.07320679592851662,0.1444692399514163,0.0016872956179219787,4.935461948444446,1.246953496353142,0.07250000000000001,0.00694111276299448,0.0,0.0
nym,0.3,equal,LAMP-SC,lamp,0.4,0.0,5,10.152257036419396,3.9742175545657004,25100.73101114245,3658.027707125796,24957.34297109664,16507.663541330778,61659.50018614823,1.0100648451763094e-11,1.3549919178745604,0.1085520940418773,0.11836992958511128,0.0036258121578182203,3.2697297066666664,0.8713990868861077,0.0625,0.005487431456781769,0.0,0.0
nym,0.3,equal,LAMP-SC,lamp,0.6,0.0,5,11.809279944049267,3.7001880551672683,14115.207810880907,4312.851931193827,253.29543111520246,31.27021793734605,61659.50018614823,1.0100648451763094e-11,2.8375982200197485,0.16646362595445677,0.07586768503933335,0.0030117556287519547,1.4624347306666656,0.48981752170545256,0.042499999999999996,0.010118323654429396,0.0,0.0
nym,0.3,equal,LAMP-SC,lamp,0.8,0.0,5,16.76861938247881,3.30776317665819,5494.088330183264,3964.0283376543753,217.82657091286757,6.852495775698577,49356.8818417433,20917.138712711374,3.979885920879135,0.22299047373257,0.04981162009419939,0.0035945097837611277,0.649723715555556,0.3567518083269067,0.02,0.012751638387342293,0.0,0.0
nym,0.3,equal,LARMix,larmix,0.2,0.0,5,28.470074069932814,5.489767113556288,221.74875964744024,5.488873293618411,208.02276026026107,6.544082661535355,342.3254963119966,21.232145967443405,3.9026582749925454,0.08839096958701109,0.049705559834729976,0.0021156384660751047,0.015835198222222548,0.00013809436819372143,0.0,0.0,0.0,0.0
nym,0.3,equal,LARMix,larmix,0.4,0.0,5,28.710710568954124,5.052524182581039,221.98866457815748,5.05347159753383,208.02276026026107,6.544082661535354,348.4256959958263,10.860473906273233,4.417284032611457,0.14509673703948875,0.04139974430619946,0.0009491933646646424,0.015791655111110848,0.00015293491485468406,0.0,0.0,0.0,0.0
nym,0.3,equal,LARMix,larmix,0.6,0.0,5,36.24795045921483,3.3458969931747307,229.52513392258638,3.3476104624890284,213.79620895022327,3.9455658014699586e-14,371.6928443038748,15.029942272703687,5.369699659681073,0.09118611236996424,0.028018341531234198,0.0014986726751212306,0.015757619555555148,0.00015883696247181756,0.0,0.0,0.0,0.0
nym,0.3,equal,LARMix,larmix,0.8,0.0,5,73.1289725412776,1.6672409166038944,266.40748597487107,1.66884396050872,245.47089156850296,3.9455658014699586e-14,472.14387690344773,12.240612421847379,6.284250888865172,0.0017801627053821419,0.009507354102230737,0.0004168219976016744,0.015838392888889042,0.00011476386393634743,0.0,0.0,0.0,0.0
nym,0.3,equal,LARMix,larmix,1.0,0.0,5,99.60420597135507,2.9157788081759026,292.8815533480786,2.9171358740528666,279.3013305796946,7.043737244996276,522.52954894292,16.437992444187692,6.321928094887363,0.0,0.003375000000000046,0.0,0.015773422222222243,0.00017295058275569283,0.0,0.0,0.0,0.0
nym,0.3,equal,OptiMix GPR+LBA,gpr+lba,0.0,0.0,5,26.873816016489506,6.051542587071679,220.16602527851046,6.053837217892404,208.02276026026107,6.544082661535355,332.88770323233257,17.287166264075235,4.600501893045579,0.2697685940695774,0.03381617090050847,0.004854942369464483,0.016601500444444594,0.0009650964997614929,0.0,0.0,0.0,0.0
nym,0.3,equal,OptiMix GPR+LBA,gpr+lba,0.2,0.0,5,28.352236901282993,6.336411489600975,221.63826686631396,6.333337937554073,208.02276026026107,6.544082661535355,342.4760176658414,25.76958401837963,4.794375484041983,0.27949384917734577,0.031195374378585224,0.005224404644938212,0.016255066666666006,0.0006296686541553127,0.0,0.0,0.0,0.0
nym,0.3,equal,OptiMix GPR+LBA,gpr+lba,0.4,0.0,5,30.808223361698026,6.560683978787437,224.08918695218586,6.558848562776507,211.87172605356918,5.343221118452029,348.8704854804757,26.82794464127131,5.044644044295524,0.28548094507828325,0.02817949673036873,0.005301237673722126,0.0159723448888891,0.00031630693534418836,0.0,0.0,0.0,0.0
nym,0.3,equal,OptiMix GPR+LBA,gpr+lba,0.6,0.0,5,35.43074862072889,6.345119244499028,228.70845894866997,6.344302272543065,215.81138993154542,5.595039371679575,365.00410835843593,18.955000881660546,5.379177873555501,0.2545094822636907,0.024632172053273317,0.005010340403844378,0.01579039822222237,0.0001153997181981496,0.0,0.0,0.0,0.0
nym,0.3,equal,OptiMix GPR+LBA,gpr+lba,0.8,0.0,5,47.26062703281928,4.796209670249443,240.539402158568,4.797522747113791,225.98226739186566,5.858725453554463,403.8860728796759,19.434299691474063,5.8667918787181055,0.12899873877235804,0.01884618136209553,0.0041982776614875265,0.01584764977777815,7.160348605448046e-05,0.0,0.0,0.0,0.0
nym,0.3,equal,OptiMix GWR (no LBA),gwr,0.0,0.0,5,8.69847055549525,1.881662661467975,20369.244683988207,4602.389983743788,12586.997873908836,20760.845019074048,61659.50018614823,1.0100648451763094e-11,1.8605802855243305,0.13229229965884892,0.09553804821776621,0.004351158874123047,2.0551353919999995,0.5329480114942613,0.061250000000000006,0.011510533331199882,0.0,0.0
nym,0.3,equal,OptiMix GWR (no LBA),gwr,0.2,0.0,5,9.532560660971622,1.9223803082318427,15764.00954343236,5130.412437543212,6397.219606037565,17009.74993982509,61659.50018614823,1.0100648451763094e-11,2.372735670035643,0.12730610338350937,0.078159123464312,0.003457616741226687,1.4494548675555563,0.3840939424931385,0.05375,0.01609230792455673,0.0,0.0
nym,0.3,equal,OptiMix GWR (no LBA),gwr,0.4,0.0,5,11.098814519451276,2.078350239415403,8919.801563265491,3732.680595352963,239.35829624137097,23.4697392099903,55508.19101394577,17078.772241719813,3.0047025575885664,0.1026991979969253,0.06367560217469229,0.0020461380335169703,0.953643351111111,0.24641605118867152,0.033749999999999995,0.014097466664369002,0.0,0.0
nym,0.3,equal,OptiMix GWR (no LBA),gwr,0.6,0.0,5,14.515172778730946,2.554017644302265,2182.787713278093,1885.498514836975,217.82657091286757,6.852495775698577,24968.417214271212,16476.91651307497,3.819260909904819,0.06630301791849759,0.0502499265719088,0.0021068466015082975,0.6094608604444444,0.129627195158975,0.0075000000000000015,0.0064928164605222985,0.0,0.0
nym,0.3,equal,OptiMix GWR (no LBA),gwr,0.8,0.0,5,24.327217749686135,3.76956421599788,299.8885878536322,182.8609931369585,213.79620895022327,3.9455658014699586e-14,2606.086348967866,5645.051304754328,4.93997757159587,0.10514092951339132,0.03553692973411075,0.0012946473398308773,0.3759326791111104,0.052631664925075226,0.00125,0.0034705563814972414,0.0,0.0
nym,0.3,equal,OptiMix GWR+LBA,gwr+lba,0.0,0.0,5,22.63219111023006,4.290526920408838,216.1183053486887,4.253438700940708,204.17379446695296,0.0,323.59365692962825,0.0,3.3920287645492984,0.2991179491248739,0.05248001128186234,0.0040556534596879025,0.02784926755555528,0.009969493310488593,0.0,0.0,0.0,0.0
nym,0.3,equal,OptiMix GWR+LBA,gwr+lba,0.2,0.0,5,24.13311656395164,4.823258430555103,217.46580281715165,4.831344288567996,204.17379446695296,0.0,329.97488049667874,21.647039484700294,3.722661197113586,0.3384100961651895,0.04723448930880962,0.003946849262741464,0.018918455111110878,0.0019071524742565991,0.0,0.0,0.0,0.0
nym,0.3,equal,OptiMix GWR+LBA,gwr+lba,0.4,0.0,5,25.311555454910092,5.459262284182316,218.59944944282392,5.451370903640966,204.17379446695296,0.0,329.97488049667874,21.647039484700294,4.151212701635641,0.33899413631631403,0.04135682058562011,0.0037646649751383464,0.01636235555555543,0.0007677925648499477,0.0,0.0,0.0,0.0
nym,0.3,equal,OptiMix GWR+LBA,gwr+lba,0.6,0.0,5,27.78553598703699,5.113313644553051,221.0637633559761,5.115107735165993,204.17379446695296,0.0,342.4760176658414,25.76958401837963,4.704627447433434,0.24992492122007648,0.03434247218039306,0.003472042854802749,0.015815461333333492,0.00012910193537350072,0.0,0.0,0.0,0.0
nym,0.3,equal,OptiMix GWR+LBA,gwr+lba,0.8,0.0,5,37.71599126619634,3.247897319252566,230.99289336761913,3.2488546003815615,213.79620895022327,3.9455658014699586e-14,385.54316181485905,9.723064056990163,5.472483489124994,0.0854843919354774,0.026435787877039003,0.002653593486342188,0.015749646222221792,0.000100068413276382,0.0,0.0,0.0,0.0
nym,0.3,equal,OptiMix GWR+LBA+CRG(θ=.05),gwr+lba+crg,0.0,0.0,5,64.65922786180927,2.6960668077957513,258.9334051412064,2.467249811705378,234.4228815319923,0.0,476.55261251969733,14.991627286349756,6.115091497269766,0.02710026147455142,0.014232067283458646,0.0013147901587972641,0.06406124800000113,0.01443708043922632,0.0,0.0,0.0,0.0
nym,0.3,equal,OptiMix GWR+LBA+CRG(θ=.05),gwr+lba+crg,0.2,0.0,5,63.955508298595234,1.951550796445756,258.1005653988964,1.9405501683099444,234.4228815319923,0.0,472.14387690344773,12.240612421847379,6.111060172709124,0.023666429728807947,0.014232410732383854,0.001466163084071772,0.05860455822222206,0.010412074431466016,0.0,0.0,0.0,0.0
nym,0.3,equal,OptiMix GWR+LBA+CRG(θ=.05),gwr+lba+crg,0.4,0.0,5,62.361069671790084,2.1230580754774993,256.38500855895296,2.1344775780840997,234.4228815319923,0.0,467.7351412871982,7.891131602939917e-14,6.104832780572193,0.022184088211732737,0.014053553878512908,0.0017300862392574498,0.05342998933333334,0.008570284467513243,0.0,0.0,0.0,0.0
nym,0.3,equal,OptiMix GWR+LBA+CRG(θ=.05),gwr+lba+crg,0.6,0.0,5,60.66471045296255,2.412941557738056,254.48032283882304,2.431266912411788,232.31272799696063,5.858725453554463,463.5248314599511,11.68969411122616,6.110613849927051,0.014723626247790023,0.013752486518162545,0.001958750037699332,0.04405136888888954,0.004117174221872554,0.0,0.0,0.0,0.0
nym,0.3,equal,OptiMix GWR+LBA+CRG(θ=.05),gwr+lba+crg,0.8,0.0,5,62.40533572620584,2.2146697373534514,256.00264903072525,2.2341130446244466,234.4228815319923,0.0,463.5248314599511,11.68969411122616,6.159438219780106,0.009959209835804337,0.012531872976903242,0.0015352648006677864,0.033401479111111555,0.0022814326245134,0.0,0.0,0.0,0.0
nym,0.3,equal,OptiMix SSR+LBA,ssr+lba,0.0,0.0,5,51.083994803241595,2.699292179172054,244.36225203329406,2.6985890611866985,223.872113856834,0.0,442.85227263846184,21.30928586901366,5.888959433992674,0.03843799234588807,0.020451161948419914,0.0021610292841966194,0.015816108444444678,5.235739396549884e-05,0.0,0.0,0.0,0.0
nym,0.3,equal,OptiMix SSR+LBA,ssr+lba,0.2,0.0,5,59.83734281274944,2.494894376643943,253.1161014903799,2.4932723873436458,232.31272799696063,5.858725453554463,455.1042118054571,14.3168929108607,6.104513181814614,0.022000455170912585,0.015673171118724245,0.0018481314445125301,0.015842945777777694,0.00010712541517650014,0.0,0.0,0.0,0.0
nym,0.3,equal,OptiMix SSR+LBA,ssr+lba,0.4,0.0,5,70.85303415631077,2.3298241203130283,264.1304018328172,2.330076962642934,245.47089156850296,3.9455658014699586e-14,476.55261251969733,14.991627286349756,6.249438744811046,0.008818860781555728,0.010947865836904182,0.0012568840654999796,0.015767495111110863,9.203549050055625e-05,0.0,0.0,0.0,0.0
nym,0.3,equal,OptiMix SSR+LBA,ssr+lba,0.6,0.0,5,82.51164420193753,2.4900937149917053,275.7895918469545,2.489757537672202,257.03957827688635,0.0,494.39533229302987,12.817494712542882,6.3097332911018125,0.001693371674592372,0.0072343439270767685,0.0006764196548446609,0.015802241777778246,0.00019247298183062048,0.0,0.0,0.0,0.0
nym,0.3,equal,OptiMix SSR+LBA,ssr+lba,0.8,0.0,5,92.42886078398726,2.6758120484321837,285.70573742322455,2.6758462414922275,269.15348039269156,0.0,513.0789535425586,20.74709581112986,6.321396298589954,7.487417085675821e-05,0.004844386378894847,0.000250754544433187,0.015746095999999633,0.00011006985107856143,0.0,0.0,0.0,0.0
nym,0.3,equal,ours (θ_loc tilt),regretor,0.0,0.0,5,99.61042765985535,2.86095987733187,292.8983822953145,2.8591760820685943,279.3013305796946,7.043737244996276,522.52954894292,16.437992444187692,6.321880092729714,5.075864976867629e-06,0.003984428237262851,1.465346047739948e-05,0.016399249820622776,9.015666337388162e-05,0.0,0.0,0.366125,0.0024669624854634542
nym,0.3,equal,ours (θ_loc tilt),regretor,0.0,0.5,5,87.24216699192259,2.6755440612743797,280.53054856986034,2.6752158486165185,257.03957827688635,0.0,499.0118452176136,15.698160913275702,6.319925798470207,0.0004970477048072115,0.005479523348754708,0.0006079962518205483,0.016447138936800654,8.216832376659138e-05,0.0,0.0,0.6126805555555556,0.005474302653137359
nym,0.3,equal,ours (θ_loc tilt),regretor,0.0,1.0,5,73.94165398546986,2.3988853539154658,267.23582271687087,2.397315239684129,245.47089156850296,3.9455658014699586e-14,467.7351412871982,7.891131602939917e-14,6.2927170077848205,0.007941589363431808,0.00882352401100515,0.0015586842164655008,0.016844229842311043,0.00011606795608534518,0.0,0.0,1.2368333333333337,0.0772093079862512
nym,0.3,equal,ours (θ_loc tilt),regretor,0.0,2.0,5,55.49990822606789,2.4252931531902195,248.84483264493474,2.423437546856994,234.4228815319923,0.0,403.71325124214644,10.181297948601987,6.137787036953213,0.03388041265966215,0.015096108216155863,0.0021749490895473507,0.02014547864035534,0.0020873513401490195,0.0,0.0,3.02284375,0.2983103983844921
nym,0.3,equal,ours (θ_loc tilt),regretor,0.0,3.0,5,49.992802470115265,2.4037749038589244,243.40751008624233,2.379809929880571,234.4228815319923,0.0,371.5352290971726,0.0,6.047673238429556,0.033236776112122265,0.01667436079784943,0.002400653070679231,0.024901181371733517,0.00446424576406324,0.0,0.0,4.073895833333333,0.4058321835439925
nym,0.3,equal,ours (θ_loc tilt),regretor,0.0,4.0,5,49.06198918479838,2.356648044116463,242.49447986565596,2.327766561655256,234.4228815319923,0.0,361.50212517901434,11.372312272620553,6.029867399274549,0.03174233015026416,0.01696031747309823,0.002197534487563939,0.0261402685895999,0.0051097969959878016,0.0,0.0,4.327340277777777,0.410110275233427
nym,0.3,equal,uniform (Nym default),uniform,1.0,0.0,5,99.60420597135507,2.9157788081759026,292.8815533480786,2.9171358740528666,279.3013305796946,7.043737244996276,522.52954894292,16.437992444187692,6.321928094887363,0.0,0.003375000000000046,0.0,0.015773422222222243,0.00017295058275569283,0.0,0.0,0.0,0.0
nym,0.3,omega,LAMP-SC,lamp,0.2,0.0,5,9.823788856752241,4.23188187096581,34494.125937313336,3854.336935333047,30902.95432513592,0.0,61659.50018614823,1.0100648451763094e-11,0.4637163610040119,0.07320679592851662,0.1444692399514163,0.0016872956179219787,5.48901872692305,1.8259816991424551,0.095,0.021534236032195855,0.0,0.0
nym,0.3,omega,LAMP-SC,lamp,0.4,0.0,5,10.152257036419396,3.9742175545657004,27283.61048118842,2457.156522804097,30902.95432513592,0.0,61659.50018614823,1.0100648451763094e-11,1.35499191787456,0.1085520940418773,0.11836992958511125,0.0036258121578182207,3.7454569524907866,1.1277030117809113,0.08875,0.012751638387342296,0.0,0.0
nym,0.3,omega,LAMP-SC,lamp,0.6,0.0,5,11.809279944049267,3.7001880551672683,18222.6653147974,2215.7713393028175,6676.1198038034445,16823.295429166807,61659.50018614823,1.0100648451763094e-11,2.8375982200197485,0.16646362595445677,0.07586768503933335,0.0030117556287519547,1.8416000420249727,0.4304561465249328,0.075,0.012270269759234726,0.0,0.0
nym,0.3,omega,LAMP-SC,lamp,0.8,0.0,5,16.76861938247881,3.30776317665819,9382.769847520565,2438.778330466775,232.4121764692311,11.18327219665338,61659.50018614823,1.0100648451763094e-11,3.9798859208791355,0.22299047373256997,0.04981162009419939,0.0035945097837611277,0.9729419867893849,0.24733141513477144,0.05,0.009504510086197722,0.0,0.0
nym,0.3,omega,LARMix,larmix,0.2,0.0,5,28.470074069932814,5.48976711355629,258.0308892412136,22.34747323607055,219.8417518941897,6.852495775698578,1172.4562128160167,188.02742566989778,3.9026582749925454,0.08839096958701109,0.049705559834729976,0.0021156384660751047,0.21581135923784123,0.01936294812304792,0.0,0.0,0.0,0.0
nym,0.3,omega,LARMix,larmix,0.4,0.0,5,28.710710568954124,5.052524182581039,257.0945921415214,20.13845432137409,221.85693287551186,5.595039371679574,1148.3714558894385,249.06049766691964,4.417284032611457,0.14509673703948875,0.04139974430619946,0.0009491933646646426,0.21621518407420964,0.019145272529603657,0.0,0.0,0.0,0.0
nym,0.3,omega,LARMix,larmix,0.6,0.0,5,36.24795045921483,3.3458969931747307,265.6935614853836,22.983291928985693,228.09242092689732,7.1754439521321896,1167.0838770976675,313.02932220219196,5.369699659681073,0.09118611236996424,0.028018341531234198,0.0014986726751212306,0.2159452653767388,0.019353900696441644,0.0,0.0,0.0,0.0
nym,0.3,omega,LARMix,larmix,0.8,0.0,5,73.12897254127759,1.6672409166038944,303.5914964456906,24.081421468104356,261.88513912320843,8.238511959488472,1245.3090045534627,428.5563697487072,6.284250888865172,0.001780162705382142,0.009507354102230737,0.0004168219976016744,0.21606432168477357,0.01967955313627335,0.0,0.0,0.0,0.0
nym,0.3,omega,LARMix,larmix,1.0,0.0,5,99.60420597135507,2.9157788081759026,329.1145094549485,19.61819742932568,295.12092266663853,0.0,1235.0973594309032,274.85508949465515,6.321928094887363,0.0,0.003375000000000046,0.0,0.2160817756611982,0.019560779670951364,0.0,0.0,0.0,0.0
nym,0.3,omega,OptiMix GPR+LBA,gpr+lba,0.0,0.0,5,26.873816016489506,6.051542587071679,258.43131794023304,29.09364013637537,219.8417518941897,6.852495775698578,1196.0037075612595,307.5934768195458,4.600501893045579,0.2697685940695774,0.03381617090050847,0.004854942369464483,0.2162370188762633,0.02008087326301713,0.0,0.0,0.0,0.0
nym,0.3,omega,OptiMix GPR+LBA,gpr+lba,0.2,0.0,5,28.352236901282993,6.336411489600975,257.6602298499344,23.477331611404388,221.85693287551186,5.595039371679574,1158.172072575801,252.7605627692388,4.794375484041983,0.27949384917734577,0.031195374378585224,0.005224404644938211,0.2159405394706034,0.019949379193857895,0.0,0.0,0.0,0.0
nym,0.3,omega,OptiMix GPR+LBA,gpr+lba,0.4,0.0,5,30.808223361698026,6.560683978787437,261.443204347093,28.37487704441318,223.96708641054352,9.05643579456183,1202.9408988428936,356.6176957890517,5.044644044295524,0.28548094507828325,0.02817949673036873,0.005301237673722126,0.21548778462685153,0.020052779945635174,0.0,0.0,0.0,0.0
nym,0.3,omega,OptiMix GPR+LBA,gpr+lba,0.6,0.0,5,35.43074862072889,6.345119244499028,265.62058078886093,27.46234644500985,228.09242092689732,7.1754439521321896,1254.6786566575952,264.6075517676774,5.379177873555501,0.2545094822636907,0.024632172053273317,0.005010340403844378,0.21595907655791108,0.02040728569416096,0.0,0.0,0.0,0.0
nym,0.3,omega,OptiMix GPR+LBA,gpr+lba,0.8,0.0,5,47.26062703281928,4.796209670249442,277.7600571091089,28.805920931119715,238.8420855465966,7.513612207216684,1203.9138488471372,446.3960773029971,5.8667918787181055,0.12899873877235804,0.018846181362095527,0.0041982776614875265,0.21620756839108718,0.01930089460625285,0.0,0.0,0.0,0.0
nym,0.3,omega,OptiMix GWR (no LBA),gwr,0.0,0.0,5,8.69847055549525,1.881662661467975,24040.29873020635,3508.4603910342676,21803.37494651775,16164.95996671934,61659.50018614823,1.0100648451763094e-11,1.8605802855243305,0.13229229965884892,0.09553804821776621,0.004351158874123047,2.5413653413538713,0.5877571011881867,0.09375,0.015520799977547049,0.0,0.0
nym,0.3,omega,OptiMix GWR (no LBA),gwr,0.2,0.0,5,9.532560660971622,1.9223803082318427,19959.62721067058,3298.986937041824,18852.545080629956,20492.193989341384,61659.50018614823,1.0100648451763094e-11,2.372735670035643,0.12730610338350937,0.078159123464312,0.003457616741226687,1.8765231615500226,0.38909925628310865,0.08875000000000001,0.010118323654429398,0.0,0.0
nym,0.3,omega,OptiMix GWR (no LBA),gwr,0.4,0.0,5,11.098814519451274,2.078350239415403,12919.482580576772,2682.0327882880133,276.9981135178215,17.941639688014725,61659.50018614823,1.0100648451763094e-11,3.004702557588567,0.1026991979969253,0.0636756021746923,0.0020461380335169703,1.3004114401220361,0.2316667515964871,0.06999999999999999,0.010118323654429396,0.0,0.0
nym,0.3,omega,OptiMix GWR (no LBA),gwr,0.6,0.0,5,14.515172778730948,2.554017644302265,7817.031729232435,2788.8711465493516,236.63248353929444,6.134838677609247,55799.47328751114,16270.04299904833,3.819260909904819,0.06630301791849759,0.0502499265719088,0.0021068466015082975,0.8950543048927748,0.11859777304099182,0.05125,0.017696434712278403,0.0,0.0
nym,0.3,omega,OptiMix GWR (no LBA),gwr,0.8,0.0,5,24.327217749686135,3.76956421599788,4806.8011536782615,1867.079039912557,234.52233000426276,9.483252464075667,37636.82804446913,16698.90485108716,4.93997757159587,0.10514092951339132,0.03553692973411075,0.0012946473398308773,0.6347365286389671,0.11854930987563612,0.04,0.012985632921044597,0.0,0.0
nym,0.3,omega,OptiMix GWR+LBA,gwr+lba,0.0,0.0,5,22.63219111023006,4.29052692040884,279.1593992530906,42.66104270198365,215.81138993154542,5.595039371679574,1607.9977224014735,709.6827252896819,3.3920287645492975,0.2991179491248738,0.05248001128186234,0.0040556534596879025,0.23245029670149625,0.03204827061024957,0.0,0.0,0.0,0.0
nym,0.3,omega,OptiMix GWR+LBA,gwr+lba,0.2,0.0,5,24.13311656395164,4.823258430555103,254.33715628154283,18.829062172355915,217.82657091286757,6.852495775698577,1178.3212849330653,122.35271054416968,3.722661197113586,0.3384100961651895,0.04723448930880962,0.003946849262741464,0.2176047297183116,0.01896394634155444,0.0,0.0,0.0,0.0
nym,0.3,omega,OptiMix GWR+LBA,gwr+lba,0.4,0.0,5,25.311555454910092,5.4592622841823175,254.57904749713552,21.966649458756205,217.82657091286757,6.852495775698577,1146.7823333230222,306.40708198569297,4.151212701635642,0.33899413631631403,0.04135682058562011,0.0037646649751383464,0.21639943985178065,0.01896004353160044,0.0,0.0,0.0,0.0
nym,0.3,omega,OptiMix GWR+LBA,gwr+lba,0.6,0.0,5,27.78553598703699,5.113313644553051,257.2140383772804,23.6787454878549,219.8417518941897,6.852495775698578,1160.9926949991805,388.0724919861359,4.704627447433434,0.24992492122007648,0.03434247218039305,0.003472042854802749,0.21582107917493393,0.01930437108834194,0.0,0.0,0.0,0.0
nym,0.3,omega,OptiMix GWR+LBA,gwr+lba,0.8,0.0,5,37.71599126619635,3.247897319252566,268.9944819967714,25.66454333916616,225.98226739186566,5.858725453554463,1233.911694257386,362.0037099592154,5.472483489124993,0.0854843919354774,0.026435787877038996,0.002653593486342189,0.2162507030752187,0.01961927392869578,0.0,0.0,0.0,0.0
nym,0.3,omega,OptiMix GWR+LBA+CRG(θ=.05),gwr+lba+crg,0.0,0.0,5,64.65922786180928,2.6960668077957517,1440.4703604643241,1068.5447049884528,257.03957827688635,0.0,24957.34297109664,16507.663541330778,6.115091497269767,0.02710026147455142,0.014232067283458646,0.0013147901587972641,0.27966098468387185,0.046317738009904116,0.013750000000000002,0.011510533331199883,0.0,0.0
nym,0.3,omega,OptiMix GWR+LBA+CRG(θ=.05),gwr+lba+crg,0.2,0.0,5,63.955508298595234,1.951550796445756,1382.1102459264316,968.1878747911578,257.03957827688635,0.0,24968.417214271212,16476.91651307497,6.1110601727091245,0.023666429728807954,0.014232410732383854,0.001466163084071772,0.2713278010966181,0.032853964669050856,0.013750000000000002,0.011510533331199883,0.0,0.0
nym,0.3,omega,OptiMix GWR+LBA+CRG(θ=.05),gwr+lba+crg,0.4,0.0,5,62.361069671790084,2.1230580754774993,1225.4459713270946,939.6036002062834,252.412103593533,7.867717841160412,23063.750528248493,15996.475483852659,6.104832780572193,0.022184088211732737,0.014053553878512908,0.0017300862392574498,0.2670052093451334,0.03201822765626753,0.0125,0.010974862913563537,0.0,0.0
nym,0.3,omega,OptiMix GWR+LBA+CRG(θ=.05),gwr+lba+crg,0.6,0.0,5,60.66471045296255,2.412941557738056,946.1156512864343,732.7003953928297,250.09836625185636,7.867717841160412,19301.905505797804,19733.088916860073,6.110613849927051,0.014723626247790023,0.013752486518162545,0.001958750037699332,0.256311066204649,0.029744021517252084,0.008749999999999999,0.010411669144491724,0.0,0.0
nym,0.3,omega,OptiMix GWR+LBA+CRG(θ=.05),gwr+lba+crg,0.8,0.0,5,62.40533572620584,2.2146697373534514,430.12138572876455,298.28503184678806,250.09836625185636,7.867717841160412,7414.343264688378,15359.050065936122,6.159438219780105,0.009959209835804337,0.012531872976903242,0.0015352648006677864,0.242510288742176,0.026257887333515507,0.00125,0.0034705563814972414,0.0,0.0
nym,0.3,omega,OptiMix SSR+LBA,ssr+lba,0.0,0.0,5,51.083994803241595,2.699292179172054,280.07930138127733,19.61286904455775,236.63248353929444,6.134838677609247,1168.747892703314,251.54797146456917,5.888959433992674,0.03843799234588807,0.020451161948419914,0.0021610292841966194,0.21644811959689642,0.019566061053633156,0.0,0.0,0.0,0.0
nym,0.3,omega,OptiMix SSR+LBA,ssr+lba,0.2,0.0,5,59.837342812749434,2.494894376643944,289.96016749881574,22.16025010983289,247.78462891017966,6.423964717011546,1210.602403250549,340.74732646699096,6.104513181814613,0.022000455170912585,0.015673171118724245,0.0018481314445125301,0.21617736234132962,0.02008153377150568,0.0,0.0,0.0,0.0
nym,0.3,omega,OptiMix SSR+LBA,ssr+lba,0.4,0.0,5,70.85303415631077,2.3298241203130283,300.98647939994675,21.910785629192333,259.4623587000474,6.726716846854518,1202.9408988428936,356.6176957890517,6.249438744811046,0.008818860781555728,0.010947865836904182,0.0012568840654999796,0.21639130281326008,0.02003086430896486,0.0,0.0,0.0,0.0
nym,0.3,omega,OptiMix SSR+LBA,ssr+lba,0.6,0.0,5,82.51164420193753,2.4900937149917053,312.33949993949085,20.75507067925034,271.69044293944233,7.043737244996276,1232.2977872865167,254.8763629833338,6.309733291101812,0.001693371674592372,0.007234343927076767,0.0006764196548446609,0.21622297715269254,0.01993756356515494,0.0,0.0,0.0,0.0
nym,0.3,omega,OptiMix SSR+LBA,ssr+lba,0.8,0.0,5,92.42886078398726,2.6758120484321837,321.27822002590653,17.502946930443755,284.49481903448407,7.375698354204989,1223.8292839239698,263.4030621248435,6.321396298589954,7.487417085675821e-05,0.004844386378894847,0.000250754544433187,0.2160248417752439,0.019572676303890004,0.0,0.0,0.0,0.0
nym,0.3,omega,ours (θ_loc tilt),regretor,0.0,0.0,5,98.7678978396864,3.2969445257250416,306.44066752283805,5.772253550833453,281.83829312644536,0.0,779.3498140472282,332.7628045596441,6.218914728470238,0.012315225198342801,0.008500468329116535,0.0006904603998637521,0.017095875885975387,0.0001712866697451722,0.0,0.0,1.0076284722222222,0.059959686314715835
nym,0.3,omega,ours (θ_loc tilt),regretor,0.0,0.5,5,86.56725619985177,2.858818582487677,294.2843706633795,5.196693212043433,269.15348039269156,0.0,767.7261231779587,342.2154457169356,6.2211323288988885,0.01377822026982951,0.008831424596098788,0.0006721496485878332,0.018563348683880942,9.755150759093809e-05,0.0,0.0,1.2496006944444444,0.038963765881056225
nym,0.3,omega,ours (θ_loc tilt),regretor,0.0,1.0,5,73.20666699855,2.418812688662789,281.0100484966377,4.286207409513614,252.412103593533,7.867717841160412,734.1124503956751,365.9786473295979,6.20593003455627,0.009582410425451326,0.01010593884233413,0.000656316790521513,0.022452928171532615,0.002349273104499514,0.0,0.0,1.8748333333333331,0.057070664447287416
nym,0.3,omega,ours (θ_loc tilt),regretor,0.0,2.0,5,55.02120430631835,2.504575417978942,263.0422993440626,4.616025802319629,241.05168755389872,7.513612207216684,693.6311569251759,396.7681857474178,6.067615113284467,0.028052287684132888,0.014064256399487116,0.0018570679071291812,0.03225657926753698,0.008977544093208443,0.0,0.0,3.5906215277777775,0.2426764786593394
nym,0.3,omega,ours (θ_loc tilt),regretor,0.0,3.0,5,49.64403585861307,2.3935110087530527,257.7495209404798,5.056272487592787,236.63248353929444,6.134838677609247,665.2382716558392,416.37436654853184,5.979435056971191,0.03789512034624743,0.015728629901258995,0.002242081193217716,0.03823121054095489,0.012421145967819115,0.0,0.0,4.606173611111112,0.3053744583247916
nym,0.3,omega,ours (θ_loc tilt),regretor,0.0,4.0,5,48.70015204980141,2.3652242276968978,256.83740285846386,5.159004923811865,236.63248353929444,6.134838677609247,665.238271655839,416.3743665485317,5.960547395801266,0.040154758509506755,0.016040664169346536,0.0021253209733240147,0.0395939907689201,0.013196639836882955,0.0,0.0,4.844951388888889,0.32944643457251516
nym,0.3,omega,uniform (Nym default),uniform,1.0,0.0,5,99.60420597135507,2.9157788081759026,329.1145094549486,19.61819742932568,295.12092266663853,0.0,1235.0973594309032,274.85508949465515,6.321928094887363,0.0,0.003375000000000046,0.0,0.2160817756611982,0.019560779670951364,0.0,0.0,0.0,0.0
nym,0.7,equal,LAMP-SC,lamp,0.2,0.0,5,9.82378885675224,4.23188187096581,50057.15486732219,2054.759612543665,61659.50018614823,1.0100648451763094e-11,61659.50018614823,1.0100648451763094e-11,0.4637163610040119,0.07320679592851663,0.1444692399514163,0.0016872956179219787,4.935461948444447,1.2469534963531415,0.1975,0.01609230792455673,0.0,0.0
nym,0.7,equal,LAMP-SC,lamp,0.4,0.0,5,10.152257036419396,3.9742175545657004,45718.545075273985,2311.7969113164404,61659.50018614823,1.0100648451763094e-11,61659.50018614823,1.0100648451763094e-11,1.35499191787456,0.1085520940418773,0.11836992958511125,0.0036258121578182207,3.2697297066666677,0.871399086886112,0.21625,0.011769229302177749,0.0,0.0
nym,0.7,equal,LAMP-SC,lamp,0.6,0.0,5,11.809279944049267,3.7001880551672683,35804.84754866666,2738.0999190627035,30902.95432513592,0.0,61659.50018614823,1.0100648451763094e-11,2.8375982200197485,0.16646362595445677,0.07586768503933335,0.0030117556287519547,1.4624347306666656,0.48981752170545395,0.20875,0.015127804544806665,0.0,0.0
nym,0.7,equal,LAMP-SC,lamp,0.8,0.0,5,16.76861938247881,3.30776317665819,24847.013060489706,1361.6200408295572,30902.95432513592,0.0,61659.50018614823,1.0100648451763094e-11,3.979885920879135,0.22299047373257,0.04981162009419939,0.0035945097837611277,0.6497237155555565,0.3567518083269085,0.17875000000000002,0.011769229302177733,0.0,0.0
nym,0.7,equal,LARMix,larmix,0.2,0.0,5,28.470074069932814,5.489767113556288,302.6050282990451,5.418518791531416,281.83829312644536,0.0,578.7310868266524,37.485398381346485,3.9026582749925454,0.08839096958701109,0.049705559834729976,0.0021156384660751047,0.01583519822222206,0.00013809436819328975,0.0,0.0,0.0,0.0
nym,0.7,equal,LARMix,larmix,0.4,0.0,5,28.71071056895412,5.052524182581039,302.62003766743624,5.252578287271066,281.83829312644536,0.0,573.4306207936044,37.618243156482656,4.417284032611457,0.14509673703948875,0.04139974430619946,0.0009491933646646424,0.015791655111111337,0.00015293491485477345,0.0,0.0,0.0,0.0
nym,0.7,equal,LARMix,larmix,0.6,0.0,5,36.24795045921483,3.3458969931747307,309.72157169349066,3.576741271932454,289.80787085056124,9.033348732243944,572.942257256445,18.023900303418333,5.369699659681073,0.09118611236996424,0.028018341531234198,0.0014986726751212306,0.01575761955555608,0.00015883696247269408,0.0,0.0,0.0,0.0
nym,0.7,equal,LARMix,larmix,0.8,0.0,5,73.1289725412776,1.6672409166038944,346.6952751348715,1.788385570077371,323.59365692962825,0.0,645.6542290346556,0.0,6.284250888865172,0.0017801627053821419,0.009507354102230737,0.0004168219976016744,0.015838392888889087,0.00011476386393627889,0.0,0.0,0.0,0.0
nym,0.7,equal,LARMix,larmix,1.0,0.0,5,99.60420597135507,2.9157788081759026,373.06694832661645,3.2573517205414966,354.8133892335755,0.0,701.8735521706315,33.77294211000754,6.321928094887363,0.0,0.003375000000000046,0.0,0.015773422222221712,0.00017295058275573118,0.0,0.0,0.0,0.0
nym,0.7,equal,OptiMix GPR+LBA,gpr+lba,0.0,0.0,5,26.873816016489506,6.051542587071679,302.1090576989174,6.429784960053227,281.83829312644536,0.0,595.155107326485,44.78240446366678,4.600501893045579,0.2697685940695774,0.03381617090050847,0.004854942369464483,0.016601500444444372,0.0009650964997614778,0.0,0.0,0.0,0.0
nym,0.7,equal,OptiMix GPR+LBA,gpr+lba,0.2,0.0,5,28.352236901282993,6.336411489600975,302.82824984008687,6.010529993284433,284.49481903448407,7.375698354204989,589.0934586237197,23.82085319109157,4.794375484041983,0.27949384917734577,0.031195374378585224,0.005224404644938212,0.016255066666666672,0.0006296686541563215,0.0,0.0,0.0,0.0
nym,0.7,equal,OptiMix GPR+LBA,gpr+lba,0.4,0.0,5,30.808223361698026,6.560683978787437,304.6820745662905,6.252356227856576,287.1513449425226,9.033348732243944,567.8803514924257,27.003802691007465,5.044644044295524,0.28548094507828325,0.02817949673036873,0.005301237673722126,0.015972344888889635,0.000316306935343878,0.0,0.0,0.0,0.0
nym,0.7,equal,OptiMix GPR+LBA,gpr+lba,0.6,0.0,5,35.43074862072889,6.345119244499028,308.95073727537584,5.792663196119444,287.1513449425226,9.033348732243944,573.4306207936044,37.618243156482656,5.379177873555501,0.2545094822636907,0.024632172053273317,0.005010340403844378,0.01579039822222237,0.00011539971819892268,0.0,0.0,0.0,0.0
nym,0.7,equal,OptiMix GPR+LBA,gpr+lba,0.8,0.0,5,47.26062703281927,4.796209670249442,321.0366010256622,5.182478823024245,300.68437090052674,9.459077342032096,594.6437279248983,28.276452703687553,5.8667918787181055,0.12899873877235804,0.018846181362095527,0.0041982776614875265,0.01584764977777837,7.160348605425033e-05,0.0,0.0,0.0,0.0
nym,0.7,equal,OptiMix GWR (no LBA),gwr,0.0,0.0,5,8.698470555495252,1.881662661467975,42280.79951385708,2980.632795355495,49689.42944294768,18843.469361781066,61659.50018614823,1.0100648451763094e-11,1.8605802855243305,0.13229229965884892,0.09553804821776621,0.004351158874123047,2.055135392000001,0.5329480114942613,0.2225,0.016092307924556737,0.0,0.0
nym,0.7,equal,OptiMix GWR (no LBA),gwr,0.2,0.0,5,9.532560660971622,1.9223803082318427,39472.11214352479,3018.1745157254013,37345.54577090376,16894.746313635154,61659.50018614823,1.0100648451763094e-11,2.372735670035643,0.12730610338350937,0.078159123464312,0.003457616741226687,1.4494548675555539,0.3840939424931363,0.23125,0.017352781907486205,0.0,0.0
nym,0.7,equal,OptiMix GWR (no LBA),gwr,0.4,0.0,5,11.098814519451276,2.0783502394154034,36354.12713884217,3221.601786521697,30902.95432513592,0.0,61659.50018614823,1.0100648451763094e-11,3.004702557588567,0.1026991979969253,0.0636756021746923,0.0020461380335169703,0.953643351111112,0.24641605118867335,0.24625,0.02302106666239976,0.0,0.0
nym,0.7,equal,OptiMix GWR (no LBA),gwr,0.6,0.0,5,14.515172778730948,2.554017644302265,32354.1996765372,1957.1889203122005,30902.95432513592,0.0,61659.50018614823,1.0100648451763094e-11,3.819260909904819,0.06630301791849759,0.0502499265719088,0.0021068466015082975,0.6094608604444455,0.12962719515897592,0.25125,0.010118323654429398,0.0,0.0
nym,0.7,equal,OptiMix GWR (no LBA),gwr,0.8,0.0,5,24.327217749686135,3.76956421599788,25730.55346725358,4135.677311456232,30902.95432513592,0.0,61659.50018614823,1.0100648451763094e-11,4.93997757159587,0.10514092951339132,0.03553692973411075,0.0012946473398308773,0.37593267911111156,0.05263166492507552,0.2225,0.03825491516202689,0.0,0.0
nym,0.7,equal,OptiMix GWR+LBA,gwr+lba,0.0,0.0,5,22.632191110230057,4.290526920408839,327.8699297636835,35.99241450417123,287.1513449425226,9.033348732243944,1158.2362290757317,269.9315860787493,3.3920287645492984,0.2991179491248738,0.05248001128186234,0.0040556534596879025,0.02784926755555577,0.009969493310489587,0.0,0.0,0.0,0.0
nym,0.7,equal,OptiMix GWR+LBA,gwr+lba,0.2,0.0,5,24.13311656395164,4.823258430555103,303.57740481887964,5.548208201824721,281.83829312644536,0.0,698.1652879091006,92.27722243007392,3.7226611971135855,0.3384100961651895,0.04723448930880963,0.003946849262741464,0.01891845511111061,0.0019071524742569077,0.0,0.0,0.0,0.0
nym,0.7,equal,OptiMix GWR+LBA,gwr+lba,0.4,0.0,5,25.311555454910096,5.4592622841823175,299.87468641862154,4.7075998617363055,281.83829312644536,0.0,573.6691810626331,43.84564776155249,4.151212701635642,0.33899413631631403,0.04135682058562011,0.0037646649751383464,0.016362355555556186,0.0007677925648492608,0.0,0.0,0.0,0.0
nym,0.7,equal,OptiMix GWR+LBA,gwr+lba,0.6,0.0,5,27.78553598703699,5.113313644553051,301.3462098737353,5.464336431501325,281.83829312644536,0.0,547.1556078982912,17.212691160953977,4.704627447433434,0.24992492122007648,0.03434247218039305,0.003472042854802749,0.01581546133333318,0.00012910193537452573,0.0,0.0,0.0,0.0
nym,0.7,equal,OptiMix GWR+LBA,gwr+lba,0.8,0.0,5,37.71599126619635,3.247897319252566,310.94711917630104,3.4363298093886168,289.80787085056124,9.033348732243944,572.942257256445,18.023900303418333,5.472483489124993,0.0854843919354774,0.026435787877038996,0.002653593486342189,0.01574964622222246,0.00010006841327703392,0.0,0.0,0.0,0.0
nym,0.7,equal,OptiMix GWR+LBA+CRG(θ=.05),gwr+lba+crg,0.0,0.0,5,64.65922786180927,2.6960668077957513,7292.006462732812,2828.5011138934647,375.03721227659423,9.723064056990163,32081.81113002354,1543.721296703113,6.115091497269766,0.02710026147455142,0.014232067283458646,0.0013147901587972641,0.06406124799999975,0.014437080439227175,0.075,0.025738334985840043,0.0,0.0
nym,0.7,equal,OptiMix GWR+LBA+CRG(θ=.05),gwr+lba+crg,0.2,0.0,5,63.955508298595234,1.951550796445756,6092.015497462741,3796.309089082131,368.19086112445314,9.285454087837099,29097.121623013176,6075.381368486134,6.1110601727091245,0.023666429728807954,0.014232410732383854,0.001466163084071772,0.05860455822222192,0.010412074431466582,0.0625,0.042858209756889774,0.0,0.0
nym,0.7,equal,OptiMix GWR+LBA+CRG(θ=.05),gwr+lba+crg,0.4,0.0,5,62.361069671790084,2.1230580754774993,3138.5363771251095,4466.09666508261,361.50212517901434,11.372312272620553,19828.1332047889,15412.957501366815,6.104832780572193,0.022184088211732737,0.014053553878512908,0.0017300862392574498,0.05342998933333387,0.008570284467513838,0.027500000000000004,0.05280494588332148,0.0,0.0
nym,0.7,equal,OptiMix GWR+LBA+CRG(θ=.05),gwr+lba+crg,0.6,0.0,5,60.66471045296255,2.412941557738056,640.235866173127,279.9640672725332,348.4256959958263,10.860473906273233,3977.691308644233,3179.962157154995,6.110613849927051,0.014723626247790023,0.013752486518162545,0.001958750037699332,0.044051368888889365,0.0041171742218740525,0.0,0.0,0.0,0.0
nym,0.7,equal,OptiMix GWR+LBA+CRG(θ=.05),gwr+lba+crg,0.8,0.0,5,62.40533572620584,2.2146697373534514,411.6983270847021,24.48014042919049,335.79405629728774,8.468434776449069,1513.5409688668037,205.7232050424133,6.159438219780106,0.009959209835804337,0.012531872976903242,0.0015352648006677864,0.0334014791111108,0.002281432624513683,0.0,0.0,0.0,0.0
nym,0.7,equal,OptiMix SSR+LBA,ssr+lba,0.0,0.0,5,51.0839948032416,2.699292179172054,324.8936422059594,3.0513014475512303,303.4660950174708,9.459077342032096,611.3063086937595,29.41500290351104,5.888959433992674,0.03843799234588808,0.020451161948419914,0.0021610292841966194,0.01581610844444419,5.2357393965956395e-05,0.0,0.0,0.0,0.0
nym,0.7,equal,OptiMix SSR+LBA,ssr+lba,0.2,0.0,5,59.837342812749434,2.494894376643944,333.8411068202288,2.7189297793178127,309.0295432513591,0.0,634.0305381653862,19.76281369215673,6.104513181814613,0.022000455170912585,0.015673171118724245,0.0018481314445125301,0.015842945777778318,0.00010712541517660733,0.0,0.0,0.0,0.0
nym,0.7,equal,OptiMix SSR+LBA,ssr+lba,0.4,0.0,5,70.85303415631077,2.3298241203130283,344.49839907481095,2.4719148871112573,323.59365692962825,0.0,645.9281328714862,26.119046137559764,6.249438744811046,0.008818860781555728,0.010947865836904182,0.0012568840654999796,0.015767495111111574,9.203549050088096e-05,0.0,0.0,0.0,0.0
nym,0.7,equal,OptiMix SSR+LBA,ssr+lba,0.6,0.0,5,82.51164420193751,2.4900937149917053,356.29648686793286,2.5185014617525834,338.84415613920254,0.0,663.9114768490515,20.69420640686848,6.309733291101812,0.001693371674592372,0.0072343439270767685,0.0006764196548446609,0.015802241777778114,0.00019247298183092254,0.0,0.0,0.0,0.0
nym,0.7,equal,OptiMix SSR+LBA,ssr+lba,0.8,0.0,5,92.42886078398726,2.6758120484321837,366.14120880588894,3.032637528447047,338.84415613920254,0.0,689.128428573769,36.21998463165995,6.321396298589954,7.487417085675821e-05,0.004844386378894847,0.000250754544433187,0.015746095999999675,0.00011006985107705725,0.0,0.0,0.0,0.0
nym,0.7,equal,ours (θ_loc tilt),regretor,0.0,0.0,5,99.62147642463113,2.8899524164416803,376.95228811722245,2.9990518655910168,354.8133892335755,0.0,770.5776594289631,66.09337239886786,6.3218724485411375,3.927998217989855e-06,0.004039481136986407,1.170985011110103e-05,0.01731810234924467,0.0001316985777061601,0.0,0.0,0.4190555555555555,0.0034178569112356975
nym,0.7,equal,ours (θ_loc tilt),regretor,0.0,0.5,5,86.93578143303898,2.6886604764217443,364.23323854788293,3.3318438512241233,338.84415613920254,0.0,749.9300179144975,73.2398016940458,6.319663464676343,0.0005614143932711784,0.0056383424250589466,0.0006817647358492034,0.01736522547839985,7.993076241839304e-05,0.0,0.0,0.6539826388888889,0.010964787412316476
nym,0.7,equal,ours (θ_loc tilt),regretor,0.0,1.0,5,73.63544917241315,2.332744205504243,351.32472377598845,2.053476693442321,323.59365692962825,0.0,721.9063804179734,47.358562256747895,6.290195313148375,0.007956324299300014,0.009175592707070973,0.001512666892368408,0.017574778360444698,0.00013863179415188464,0.0,0.0,1.2839305555555556,0.07158133319827857
nym,0.7,equal,ours (θ_loc tilt),regretor,0.0,2.0,5,55.5476325901509,2.4146070437667935,336.1844806412707,3.1025479078718767,311.9423659870129,8.087292426714932,779.918157281063,106.3017324373048,6.134385149079643,0.035070950606391864,0.015272683106290891,0.0022944992651991315,0.020419218380266457,0.0017262513546201532,0.0,0.0,3.0466458333333337,0.293961271727796
nym,0.7,equal,ours (θ_loc tilt),regretor,0.0,3.0,5,50.185021812118954,2.381113656636323,335.58194757626904,3.4558942071148504,309.0295432513591,0.0,1006.153470636765,77.37263750956265,6.047954608344371,0.03419377115573234,0.016762571492712996,0.002271040767230924,0.025225102499911722,0.004293200859973548,0.0,0.0,4.079680555555556,0.40082530012587997
nym,0.7,equal,ours (θ_loc tilt),regretor,0.0,4.0,5,49.1969855312201,2.3166059337278218,338.6899520874852,11.452832017113497,309.0295432513591,0.0,1036.9289503900209,130.44889938296933,6.02989360395849,0.03390037782217652,0.016983819158948987,0.002273114835459689,0.026557072384533066,0.004687202775936098,0.0,0.0,4.333527777777777,0.4137366594824203
nym,0.7,equal,uniform (Nym default),uniform,1.0,0.0,5,99.60420597135507,2.9157788081759026,373.06694832661645,3.2573517205414966,354.8133892335755,0.0,701.8735521706315,33.77294211000754,6.321928094887363,0.0,0.003375000000000046,0.0,0.015773422222221712,0.00017295058275573118,0.0,0.0,0.0,0.0
nym,0.7,omega,LAMP-SC,lamp,0.2,0.0,5,9.823788856752241,4.23188187096581,59550.58877815215,2972.466224404597,61659.50018614823,1.0100648451763094e-11,93325.43007969914,0.0,0.4637163610040119,0.07320679592851662,0.1444692399514163,0.0016872956179219787,5.489018726923048,1.8259816991424527,0.22374999999999998,0.02008729731707494,0.0,0.0
nym,0.7,omega,LAMP-SC,lamp,0.4,0.0,5,10.152257036419396,3.9742175545657004,54434.17361468259,3146.0364549916367,61659.50018614823,1.0100648451763094e-11,93325.43007969914,0.0,1.3549919178745604,0.1085520940418773,0.11836992958511125,0.0036258121578182207,3.7454569524907897,1.1277030117809108,0.24,0.017002184516456388,0.0,0.0
nym,0.7,omega,LAMP-SC,lamp,0.6,0.0,5,11.809279944049267,3.7001880551672683,45229.02206920159,1794.7415076296456,38524.402575791384,16079.252257774247,93325.43007969914,0.0,2.8375982200197485,0.16646362595445677,0.07586768503933335,0.0030117556287519547,1.8416000420249738,0.4304561465249335,0.24874999999999997,0.020087297317074936,0.0,0.0
nym,0.7,omega,LAMP-SC,lamp,0.8,0.0,5,16.76861938247881,3.30776317665819,37564.1773978219,883.4123822973156,30902.95432513592,0.0,93325.43007969914,0.0,3.979885920879135,0.22299047373257,0.04981162009419939,0.0035945097837611277,0.9729419867893858,0.2473314151347724,0.27125000000000005,0.03979806716444137,0.0,0.0
nym,0.7,omega,LARMix,larmix,0.2,0.0,5,28.470074069932814,5.489767113556288,25797.939487976022,1758.5290003006817,30902.95432513592,0.0,92485.36282643423,2332.4006133643143,3.9026582749925454,0.08839096958701109,0.049705559834729976,0.0021156384660751047,0.21581135923784064,0.019362948123046415,0.28250000000000003,0.028723965071084094,0.0,0.0
nym,0.7,omega,LARMix,larmix,0.4,0.0,5,28.71071056895412,5.052524182581039,25790.647943111253,1805.2682414367653,30902.95432513592,0.0,93325.43007969914,0.0,4.417284032611457,0.14509673703948875,0.04139974430619946,0.0009491933646646424,0.21621518407420992,0.019145272529604518,0.27749999999999997,0.03133126346267933,0.0,0.0
nym,0.7,omega,LARMix,larmix,0.6,0.0,5,36.24795045921483,3.3458969931747307,25794.24008276431,1706.729025336761,30902.95432513592,0.0,93325.43007969914,0.0,5.369699659681073,0.09118611236996424,0.028018341531234198,0.0014986726751212306,0.21594526537673925,0.019353900696440857,0.28,0.029753822903798684,0.0,0.0
nym,0.7,omega,LARMix,larmix,0.8,0.0,5,73.1289725412776,1.6672409166038944,25771.534359812213,1810.284402672661,30902.95432513592,0.0,93325.43007969914,0.0,6.284250888865172,0.0017801627053821419,0.009507354102230737,0.0004168219976016744,0.21606432168477316,0.019679553136273686,0.27999999999999997,0.032184615849113474,0.0,0.0
nym,0.7,omega,LARMix,larmix,1.0,0.0,5,99.60420597135507,2.9157788081759026,25778.790374491575,1826.1690416455715,30902.95432513592,0.0,93325.43007969914,0.0,6.321928094887363,0.0,0.003375000000000046,0.0,0.21608177566119907,0.019560779670951475,0.27875,0.03084697985500277,0.0,0.0
nym,0.7,omega,OptiMix GPR+LBA,gpr+lba,0.0,0.0,5,26.873816016489506,6.051542587071679,25654.746880994662,1647.3280479608839,30902.95432513592,0.0,92485.36282643423,2332.4006133643143,4.600501893045579,0.2697685940695774,0.03381617090050847,0.004854942369464483,0.21623701887626337,0.020080873263015858,0.27749999999999997,0.02665784939247581,0.0,0.0
nym,0.7,omega,OptiMix GPR+LBA,gpr+lba,0.2,0.0,5,28.352236901282993,6.336411489600975,25610.619793169444,1679.0520567050544,30902.95432513592,0.0,93325.43007969914,0.0,4.794375484041983,0.27949384917734577,0.031195374378585224,0.005224404644938212,0.21594053947060296,0.01994937919385683,0.27749999999999997,0.028301530810374138,0.0,0.0
nym,0.7,omega,OptiMix GPR+LBA,gpr+lba,0.4,0.0,5,30.808223361698026,6.560683978787437,25651.140881678286,1745.3910998330418,30902.95432513592,0.0,93325.43007969914,0.0,5.044644044295524,0.28548094507828325,0.02817949673036873,0.005301237673722126,0.21548778462685161,0.020052779945635847,0.27749999999999997,0.028301530810374138,0.0,0.0
nym,0.7,omega,OptiMix GPR+LBA,gpr+lba,0.6,0.0,5,35.43074862072889,6.345119244499028,25778.151421402734,1683.0795610761968,30902.95432513592,0.0,93325.43007969914,0.0,5.379177873555501,0.2545094822636907,0.024632172053273317,0.005010340403844378,0.21595907655791122,0.020407285694161167,0.27875,0.030354970963288194,0.0,0.0
nym,0.7,omega,OptiMix GPR+LBA,gpr+lba,0.8,0.0,5,47.26062703281928,4.796209670249442,25797.602575865872,1776.370249610066,30902.95432513592,0.0,93325.43007969914,0.0,5.8667918787181055,0.12899873877235804,0.018846181362095527,0.0041982776614875265,0.2162075683910877,0.019300894606253425,0.28,0.029753822903798684,0.0,0.0
nym,0.7,omega,OptiMix GWR (no LBA),gwr,0.0,0.0,5,8.698470555495248,1.881662661467975,50285.84563953066,2711.723767383606,61659.50018614823,1.0100648451763094e-11,93325.43007969914,0.0,1.86058028552433,0.13229229965884892,0.09553804821776621,0.004351158874123047,2.5413653413538704,0.5877571011881856,0.24125000000000002,0.011769229302177733,0.0,0.0
nym,0.7,omega,OptiMix GWR (no LBA),gwr,0.2,0.0,5,9.532560660971622,1.9223803082318427,47644.36823195706,3151.8207456005975,56104.48327170262,15423.199521403427,93325.43007969914,0.0,2.372735670035643,0.12730610338350937,0.078159123464312,0.003457616741226687,1.8765231615500244,0.38909925628311137,0.26,0.03133126346267933,0.0,0.0
nym,0.7,omega,OptiMix GWR (no LBA),gwr,0.4,0.0,5,11.098814519451276,2.0783502394154034,45538.239082985114,3180.358106770922,44384.429474428456,19596.183630166506,93325.43007969914,0.0,3.004702557588567,0.1026991979969253,0.0636756021746923,0.0020461380335169703,1.3004114401220344,0.23166675159648645,0.28500000000000003,0.02608695134045073,0.0,0.0
nym,0.7,omega,OptiMix GWR (no LBA),gwr,0.6,0.0,5,14.515172778730948,2.554017644302265,41035.66611356597,2215.951298063374,31194.236598701296,808.729242671479,93325.43007969914,0.0,3.819260909904819,0.06630301791849759,0.0502499265719088,0.0021068466015082975,0.8950543048927738,0.11859777304099206,0.29375,0.02391915917971789,0.0,0.0
nym,0.7,omega,OptiMix GWR (no LBA),gwr,0.8,0.0,5,24.327217749686135,3.76956421599788,37735.2673875393,3859.349733164301,30902.95432513592,0.0,93325.43007969914,0.0,4.93997757159587,0.10514092951339132,0.03553692973411075,0.0012946473398308773,0.6347365286389662,0.11854930987563389,0.31375000000000003,0.028194933328737997,0.0,0.0
nym,0.7,omega,OptiMix GWR+LBA,gwr+lba,0.0,0.0,5,22.63219111023006,4.290526920408839,25318.535513209958,1385.1005853128383,30902.95432513592,0.0,87573.42864445243,15970.116229981431,3.3920287645492984,0.2991179491248739,0.05248001128186234,0.0040556534596879025,0.23245029670149614,0.03204827061025065,0.26125,0.027655783507597526,0.0,0.0
nym,0.7,omega,OptiMix GWR+LBA,gwr+lba,0.2,0.0,5,24.13311656395164,4.823258430555103,25462.693215306103,1382.4505404344116,30902.95432513592,0.0,87573.42864445243,15970.116229981431,3.7226611971135855,0.3384100961651895,0.04723448930880963,0.003946849262741464,0.21760472971831213,0.01896394634155477,0.2725,0.020967446155791596,0.0,0.0
nym,0.7,omega,OptiMix GWR+LBA,gwr+lba,0.4,0.0,5,25.311555454910096,5.4592622841823175,25577.544132606152,1564.7329850295553,30902.95432513592,0.0,87573.42864445243,15970.116229981431,4.151212701635642,0.33899413631631403,0.04135682058562011,0.0037646649751383464,0.21639943985178162,0.01896004353160066,0.27375,0.028723965071084108,0.0,0.0
nym,0.7,omega,OptiMix GWR+LBA,gwr+lba,0.6,0.0,5,27.78553598703699,5.113313644553051,25669.059511499392,1740.3198237531562,30902.95432513592,0.0,88819.25975144208,12511.134551076866,4.704627447433434,0.24992492122007648,0.03434247218039305,0.003472042854802749,0.21582107917493326,0.01930437108834192,0.27749999999999997,0.03133126346267933,0.0,0.0
nym,0.7,omega,OptiMix GWR+LBA,gwr+lba,0.8,0.0,5,37.71599126619635,3.247897319252566,25772.15759303404,1738.6401541460325,30902.95432513592,0.0,93325.43007969914,0.0,5.472483489124993,0.0854843919354774,0.026435787877038996,0.002653593486342189,0.21625070307521818,0.01961927392869571,0.28,0.029753822903798684,0.0,0.0
nym,0.7,omega,OptiMix GWR+LBA+CRG(θ=.05),gwr+lba+crg,0.0,0.0,5,64.65922786180927,2.6960668077957513,27331.73770196802,3013.9575049694445,30902.95432513592,0.0,93325.43007969914,0.0,6.115091497269766,0.02710026147455142,0.014232067283458646,0.0013147901587972641,0.27966098468387146,0.046317738009903714,0.2725,0.03409280707312165,0.0,0.0
nym,0.7,omega,OptiMix GWR+LBA+CRG(θ=.05),gwr+lba+crg,0.2,0.0,5,63.955508298595234,1.951550796445756,27213.789379531438,2887.240436418378,30902.95432513592,0.0,93325.43007969914,0.0,6.111060172709123,0.023666429728807954,0.014232410732383854,0.001466163084071772,0.271327801096618,0.032853964669051126,0.27625,0.03817612019646966,0.0,0.0
nym,0.7,omega,OptiMix GWR+LBA+CRG(θ=.05),gwr+lba+crg,0.4,0.0,5,62.361069671790084,2.1230580754774993,27178.268863678444,2709.339811229571,30902.95432513592,0.0,93325.43007969914,0.0,6.104832780572193,0.022184088211732737,0.014053553878512908,0.0017300862392574498,0.26700520934513333,0.03201822765626588,0.27999999999999997,0.03264906432576413,0.0,0.0
nym,0.7,omega,OptiMix GWR+LBA+CRG(θ=.05),gwr+lba+crg,0.6,0.0,5,60.66471045296255,2.412941557738056,26465.392415782397,2352.839845187569,30902.95432513592,0.0,93325.43007969914,0.0,6.110613849927051,0.014723626247790023,0.013752486518162545,0.001958750037699332,0.2563110662046484,0.02974402151725312,0.27125,0.029346217033824194,0.0,0.0
nym,0.7,omega,OptiMix GWR+LBA+CRG(θ=.05),gwr+lba+crg,0.8,0.0,5,62.40533572620584,2.2146697373534514,26578.62053357407,2064.7734943134997,30902.95432513592,0.0,93325.43007969914,0.0,6.159438219780106,0.009959209835804337,0.012531872976903242,0.0015352648006677864,0.24251028874217728,0.02625788733351529,0.28,0.030255609089613347,0.0,0.0
nym,0.7,omega,OptiMix SSR+LBA,ssr+lba,0.0,0.0,5,51.083994803241595,2.699292179172054,25757.07315859709,1764.7409695532488,30902.95432513592,0.0,93325.43007969914,0.0,5.888959433992674,0.03843799234588808,0.020451161948419918,0.0021610292841966194,0.21644811959689605,0.019566061053633205,0.27999999999999997,0.029753822903798684,0.0,0.0
nym,0.7,omega,OptiMix SSR+LBA,ssr+lba,0.2,0.0,5,59.837342812749434,2.494894376643944,25757.148265062144,1715.708367374773,30902.95432513592,0.0,93325.43007969914,0.0,6.104513181814613,0.022000455170912585,0.015673171118724245,0.0018481314445125301,0.2161773623413299,0.020081533771505157,0.28,0.029753822903798684,0.0,0.0
nym,0.7,omega,OptiMix SSR+LBA,ssr+lba,0.4,0.0,5,70.85303415631077,2.3298241203130283,25789.735219456867,1688.4110970058698,30902.95432513592,0.0,93325.43007969914,0.0,6.249438744811046,0.008818860781555728,0.010947865836904182,0.0012568840654999796,0.2163913028132601,0.020030864308965116,0.28,0.029753822903798684,0.0,0.0
nym,0.7,omega,OptiMix SSR+LBA,ssr+lba,0.6,0.0,5,82.51164420193753,2.4900937149917053,25829.21480194651,1712.43223942499,30902.95432513592,0.0,93325.43007969914,0.0,6.309733291101812,0.001693371674592372,0.007234343927076767,0.0006764196548446609,0.2162229771526921,0.019937563565154484,0.27999999999999997,0.029753822903798684,0.0,0.0
nym,0.7,omega,OptiMix SSR+LBA,ssr+lba,0.8,0.0,5,92.42886078398726,2.6758120484321837,25819.558019069966,1800.0661535518623,30902.95432513592,0.0,93325.43007969914,0.0,6.321396298589954,7.487417085675821e-05,0.004844386378894847,0.000250754544433187,0.216024841775244,0.019572676303889706,0.27875,0.03084697985500277,0.0,0.0
nym,0.7,omega,ours (θ_loc tilt),regretor,0.0,0.0,5,98.72327189019994,3.2407259879331867,8742.50098362433,948.1651281645172,419.0807888729788,21.763252907754996,30902.95432513592,0.0,6.216127270710901,0.012742130660677926,0.008621983313350855,0.0006680194792015965,0.017767916216325296,0.000279191528023456,0.0,0.0,1.0708229166666665,0.06425095055298749
nym,0.7,omega,ours (θ_loc tilt),regretor,0.0,0.5,5,86.52002411725071,2.8958861765001886,8896.367617663567,997.2309947818557,403.8860728796759,19.434299691474063,31776.801145832054,990.4869923062979,6.218279156188399,0.013088689587963217,0.009015007011058701,0.0006763495080531139,0.019069977303983875,0.00015092459240637507,0.0037500000000000007,0.004250546129114098,1.3014375,0.03841827531164343
nym,0.7,omega,ours (θ_loc tilt),regretor,0.0,1.0,5,73.10016188871626,2.3714053350448854,9450.785189265833,757.9874775477664,389.2101883768255,15.73828162930505,37134.31905817723,13257.395898397306,6.202161704161161,0.00994448760913504,0.0103916796646951,0.0005645316515505004,0.022602529779137105,0.002269533339525429,0.02,0.011510533331199883,1.9113611111111113,0.05698064072678635
nym,0.7,omega,ours (θ_loc tilt),regretor,0.0,2.0,5,54.83973722321754,2.510461765254613,9933.71267033922,739.1998808366964,368.3484763311553,17.724291973915665,45505.134961800286,17233.48451192197,6.061458705807292,0.03118188263491301,0.01442767327685745,0.0017679375207072193,0.03242628509154537,0.008803694046296719,0.028749999999999998,0.011769229302177739,3.633756944444444,0.23785826634765514
nym,0.7,omega,ours (θ_loc tilt),regretor,0.0,3.0,5,49.65993690348024,2.457121822832328,10079.331243181088,819.9500989430078,364.84649315173374,11.372312272620553,47336.62687754094,15953.351912738397,5.977478688308769,0.044310914731565454,0.015842013930573398,0.0021284188644631894,0.0384563502753851,0.012428702490684234,0.03,0.014927427425624877,4.63704861111111,0.3162171169071235
nym,0.7,omega,ours (θ_loc tilt),regretor,0.0,4.0,5,48.66610596015122,2.423205712774247,10171.577130886708,841.9714975592409,361.50212517901434,11.372312272620553,48651.912031171225,16253.815074942926,5.957785430152826,0.04629110333530335,0.01620152112357886,0.0019980475447309116,0.039879288437144125,0.013284129620955258,0.0325,0.014927427425624877,4.878097222222221,0.3454202851421866
nym,0.7,omega,uniform (Nym default),uniform,1.0,0.0,5,99.60420597135507,2.9157788081759026,25778.790374491575,1826.1690416455715,30902.95432513592,0.0,93325.43007969914,0.0,6.321928094887363,0.0,0.003375000000000046,0.0,0.21608177566119907,0.019560779670951475,0.27875,0.03084697985500277,0.0,0.0
ripe,0.3,equal,LAMP-SC,lamp,0.2,0.0,5,18.279241120432438,21.522244679762974,38507.59790819047,6061.595544037436,37054.26349733838,17078.77224171981,61659.50018614823,1.0100648451763094e-11,1.7552786880648619,1.4444155863094321,0.1406091872068372,0.013104065594928521,47.87988354666669,23.24184899201319,0.026000000000000002,0.009717557868192277,0.0,0.0
ripe,0.3,equal,LAMP-SC,lamp,0.4,0.0,5,18.796430324963886,21.14875294071598,37007.08542140878,7353.035279412223,37054.26349733838,17078.77224171981,61659.50018614823,1.0100648451763094e-11,2.6830524058938865,1.7589669244733728,0.1295942441812955,0.019857285864415136,40.2898978355556,24.835792139203438,0.027000000000000003,0.010153972585723014,0.0,0.0
ripe,0.3,equal,LAMP-SC,lamp,0.6,0.0,5,22.656206335462414,19.1657500221672,29821.29259207482,8692.908296544307,30902.95432513592,0.0,61659.50018614823,1.0100648451763094e-11,4.332810600767397,1.7749972053873446,0.09497372626184149,0.02301721089987924,26.30466901777778,18.885858722022764,0.023,0.007078573884911361,0.0,0.0
ripe,0.3,equal,LAMP-SC,lamp,0.8,0.0,5,37.40856387783627,10.860299724750055,15283.337942547427,5128.330335098543,6414.27583882265,16997.87730520168,61659.50018614823,1.0100648451763094e-11,6.034774410361503,0.6652411449077811,0.04347007681822988,0.011129967609690325,7.454366368888891,3.7897062527101704,0.014499999999999999,0.005552890210395587,0.0,0.0
ripe,0.3,equal,LARMix,larmix,0.2,0.0,5,21.811109981323263,3.3229402107690875,215.7579968623344,3.328750028676015,204.17379446695296,0.0,329.831133719719,16.60439528529171,3.8188661811352964,0.13971778047047065,0.05669629949440132,0.0027454905536944013,0.039849537777777486,0.0002008654017808722,0.0,0.0,0.0,0.0
ripe,0.3,equal,LARMix,larmix,0.4,0.0,5,22.65307835525579,2.7380809792696823,216.59966914417654,2.7439275956835316,204.17379446695296,0.0,332.7439564553728,10.371672061170177,4.973520275070624,0.13656103328067273,0.04427328991310683,0.0017645574498689521,0.03984491999999999,0.0001755864537432563,0.0,0.0,0.0,0.0
ripe,0.3,equal,LARMix,larmix,0.6,0.0,5,29.93535649380259,3.4893758976915485,223.88105400369736,3.493091747605233,208.02276026026107,6.544082661535355,351.77006396854574,16.92656742756871,6.624579325469169,0.088203595304908,0.027230147958711686,0.0012783691743519288,0.03979706666666631,0.0001600352218902242,0.0,0.0,0.0,0.0
ripe,0.3,equal,LARMix,larmix,0.8,0.0,5,89.00453381403042,1.9265034564064694,282.9499989603843,1.9328905788724442,269.15348039269156,0.0,467.7351412871982,7.891131602939917e-14,7.634097515147486,0.001323725563274886,0.006783646670154628,0.00013650820213551777,0.03977061333333354,0.00020978915404698,0.0,0.0,0.0,0.0
ripe,0.3,equal,LARMix,larmix,1.0,0.0,5,122.75182679274565,1.7456037936958995,316.6990119666981,1.7447491412016947,309.0295432513591,0.0,494.39533229302987,12.81749471254288,7.643856189774725,1.232989312959362e-15,0.003374999999999936,0.0,0.03984991999999994,0.0003557933591295653,0.0,0.0,0.0,0.0
ripe,0.3,equal,OptiMix GPR+LBA,gpr+lba,0.0,0.0,5,19.47407955709006,2.401292610062629,213.42306160810205,2.3997366634997754,204.17379446695296,0.0,315.1235644476375,20.672762217202063,6.427164764213043,0.0685629260732302,0.025139238725416884,0.0015692143390656833,0.03995478666666643,0.00033488605164446475,0.0,0.0,0.0,0.0
ripe,0.3,equal,OptiMix GPR+LBA,gpr+lba,0.2,0.0,5,21.381435666922616,2.484638016470931,215.3293278652126,2.484273276316573,206.09827736360702,5.343221118452029,318.03638718329137,20.599758583386315,6.717986474993518,0.05681057821298819,0.02201474541817437,0.0013958146158604317,0.03990866666666659,0.00025396824321436236,0.0,0.0,0.0,0.0
ripe,0.3,equal,OptiMix GPR+LBA,gpr+lba,0.4,0.0,5,24.5719479760377,2.6630626912278266,218.51879482234057,2.664261258554939,213.79620895022327,3.9455658014699586e-14,326.9247806547638,20.881591455524212,7.027537614684002,0.040717564228193864,0.018424173127182388,0.0011861365188589954,0.03982227555555573,8.518390545461243e-05,0.0,0.0,0.0,0.0
ripe,0.3,equal,OptiMix GPR+LBA,gpr+lba,0.6,0.0,5,30.747909499615936,3.0771496815709107,224.69382924571173,3.080188388269893,213.79620895022327,3.9455658014699586e-14,351.77006396854574,16.92656742756871,7.326860590438559,0.02574649410848501,0.014135817290487707,0.000759688856983683,0.03980380000000046,0.0001510300089173844,0.0,0.0,0.0,0.0
ripe,0.3,equal,OptiMix GPR+LBA,gpr+lba,0.8,0.0,5,47.61498152577013,4.130778281084927,241.56280468450169,4.130988632727659,223.872113856834,0.0,389.2101883768255,15.73828162930505,7.571330892734873,0.012964362142234492,0.008912121460162705,0.0004797377030082889,0.039884626666666145,0.0001217105179808102,0.0,0.0,0.0,0.0
ripe,0.3,equal,OptiMix GWR (no LBA),gwr,0.0,0.0,5,2.4752349055911234,1.4428009396530295,37916.270715476094,5695.411713567631,49356.8818417433,20917.138712711374,61659.50018614823,1.0100648451763094e-11,2.290795722909864,0.36927446077209575,0.13740344960894074,0.00692399837559208,27.825278253333316,9.171160648618994,0.028500000000000004,0.007475807234726007,0.0,0.0
ripe,0.3,equal,OptiMix GWR (no LBA),gwr,0.2,0.0,5,2.723758153214253,1.4799174803976023,37355.499181090236,5925.807546864828,49356.8818417433,20917.138712711374,61659.50018614823,1.0100648451763094e-11,2.8614187298210583,0.4463448179584853,0.12853710398166504,0.008997159836829487,24.489088613333333,8.683792059476698,0.032,0.006729658505844751,0.0,0.0
ripe,0.3,equal,OptiMix GWR (no LBA),gwr,0.4,0.0,5,3.2851407875398158,1.638614567143656,35274.49772884697,5832.937679086162,37054.26349733838,17078.772241719813,61659.50018614823,1.0100648451763094e-11,3.543564507771567,0.5260398400712448,0.11592259291288869,0.010295472528853109,20.86243865333333,7.380699012282468,0.0325,0.006208319991018821,0.0,0.0
ripe,0.3,equal,OptiMix GWR (no LBA),gwr,0.6,0.0,5,4.800271691949081,2.13778325809695,31307.81156251922,5437.318085697077,24769.248036415134,17029.89880203975,61659.50018614823,1.0100648451763094e-11,4.427304179547424,0.6049501496593181,0.09789551730168262,0.01065279718204683,16.319582626666676,5.272641999785581,0.0325,0.003104159995509413,0.0,0.0
ripe,0.3,equal,OptiMix GWR (no LBA),gwr,0.8,0.0,5,11.042159441544076,3.8836419073549635,22989.25583319976,5282.126712477025,24767.137882880103,17035.757527493304,61659.50018614823,1.0100648451763094e-11,5.7031411784710695,0.6247209610455099,0.06790459230572032,0.009151181689848326,9.868212008888895,2.8460267063022133,0.026500000000000003,0.005638986665747601,0.0,0.0
ripe,0.3,equal,OptiMix GWR+LBA,gwr+lba,0.0,0.0,5,14.732190867506517,2.1890159761466097,208.75030086321854,2.200393233816722,204.17379446695296,0.0,290.0526324207546,18.787203116163266,3.340314414604131,0.0810914138076698,0.06449065401836918,0.0016604623759000799,0.043689559999999614,0.002640170280807657,0.0,0.0,0.0,0.0
ripe,0.3,equal,OptiMix GWR+LBA,gwr+lba,0.2,0.0,5,15.353037387466577,2.2706411915588904,209.33792410644878,2.2745906377625675,204.17379446695296,0.0,295.4908824457373,20.217812845397223,3.861985525328528,0.09157028870526197,0.05708747800122342,0.001758717525987364,0.04187857777777806,0.0013738360207583866,0.0,0.0,0.0,0.0
ripe,0.3,equal,OptiMix GWR+LBA,gwr+lba,0.4,0.0,5,16.27932808607201,2.325515893443156,210.24223999881147,2.3305536422650834,204.17379446695296,0.0,295.4908824457373,20.217812845397223,4.532501586304558,0.11367660311165871,0.04846843485420467,0.0016167837052265144,0.04069169333333331,0.0007412494910606236,0.0,0.0,0.0,0.0
ripe,0.3,equal,OptiMix GWR+LBA,gwr+lba,0.6,0.0,5,18.062236388513984,2.2931807683385412,212.01362198718917,2.297924026869142,204.17379446695296,0.0,300.80956910943223,15.143388481136256,5.454261887096768,0.11822508999639461,0.03881186644178973,0.001490131709274116,0.04009394666666757,0.0002852546375975566,0.0,0.0,0.0,0.0
ripe,0.3,equal,OptiMix GWR+LBA,gwr+lba,0.8,0.0,5,26.737002029955512,2.5158148869948573,220.68424608526365,2.5170876033363827,208.02276026026107,6.544082661535355,338.9879029161623,13.707470267599358,6.762978542681838,0.06859686589488954,0.025943551574390832,0.0010973196523315634,0.03985835111111138,0.00012146437089411622,0.0,0.0,0.0,0.0
ripe,0.3,equal,OptiMix GWR+LBA+CRG(θ=.05),gwr+lba+crg,0.0,0.0,5,105.45519439945788,1.2245937615981424,299.4439738747558,1.2281428422317302,295.12092266663853,0.0,489.77881936844614,0.0,7.6328374935474015,0.00051747845842303,0.007162014063028696,7.177227142525661e-05,0.04200620888888897,0.0003145155502234075,0.0,0.0,0.0,0.0
ripe,0.3,equal,OptiMix GWR+LBA+CRG(θ=.05),gwr+lba+crg,0.2,0.0,5,103.95572988745262,1.215645608238505,297.95682429644296,1.2199569628252656,295.12092266663853,0.0,489.77881936844614,0.0,7.631785047713412,0.0005405760279873819,0.007114338859402608,7.872892391961664e-05,0.042649968888889056,0.0002169121370909369,0.0,0.0,0.0,0.0
ripe,0.3,equal,OptiMix GWR+LBA+CRG(θ=.05),gwr+lba+crg,0.4,0.0,5,101.8888870156743,1.1689806446699424,295.9076682442997,1.1691161968996246,284.49481903448407,7.375698354204989,489.77881936844614,0.0,7.630553456937079,0.0008635458535135091,0.007056249106166278,7.662321895051858e-05,0.04354912000000031,0.00043237639464514555,0.0,0.0,0.0,0.0
ripe,0.3,equal,OptiMix GWR+LBA+CRG(θ=.05),gwr+lba+crg,0.6,0.0,5,98.69677890531365,1.294567424208903,292.74655861666014,1.2876734638485061,281.83829312644536,0.0,489.77881936844614,0.0,7.629403594189722,0.0010489401644565865,0.006972454369881341,7.564210669615138e-05,0.04516247111111107,0.0008306120441482632,0.0,0.0,0.0,0.0
ripe,0.3,equal,OptiMix GWR+LBA+CRG(θ=.05),gwr+lba+crg,0.8,0.0,5,93.81834080790898,1.2987163653600715,287.9290928130391,1.2908232372910855,281.83829312644536,0.0,476.55261251969733,14.991627286349756,7.63012318916748,0.0011119124148410015,0.006510640260326102,4.190154180159838e-05,0.048459244444444625,0.0010791047422223032,0.0,0.0,0.0,0.0
ripe,0.3,equal,OptiMix SSR+LBA,ssr+lba,0.0,0.0,5,59.05549766368999,2.803964362249154,252.9980129906145,2.8071237935353546,230.202574461929,7.1754439521321896,434.62114814134077,13.672526584734817,7.431215093360704,0.0232049641585227,0.015463297820494234,0.0004728642445646299,0.03962432000000016,0.00014108457240491088,0.0,0.0,0.0,0.0
ripe,0.3,equal,OptiMix SSR+LBA,ssr+lba,0.2,0.0,5,73.11320323457198,2.354050745694901,267.0621714926735,2.3554198125003145,250.09836625185636,7.867717841160412,455.1042118054571,14.3168929108607,7.578531795362214,0.007926538712710993,0.010381246578966436,0.00020271180197344458,0.039934431111111036,0.00015154091288812518,0.0,0.0,0.0,0.0
ripe,0.3,equal,OptiMix SSR+LBA,ssr+lba,0.4,0.0,5,89.3591063313389,1.6826106147257516,283.3033691687671,1.685225736566692,269.15348039269156,0.0,472.14387690344773,12.240612421847379,7.634411806943577,0.0009489035294436242,0.0066790272274480315,8.887203776961697e-05,0.039719760000000104,0.0001989887486848955,0.0,0.0,0.0,0.0
ripe,0.3,equal,OptiMix SSR+LBA,ssr+lba,0.6,0.0,5,104.04900026602768,1.2687311227064053,297.9965000323233,1.2711858543479324,292.4643967585999,7.375698354204989,489.77881936844614,0.0,7.643361430556726,8.936523054051014e-05,0.004662898695801695,6.811055002766996e-05,0.039865866666666826,0.00034338416413344215,0.0,0.0,0.0,0.0
ripe,0.3,equal,OptiMix SSR+LBA,ssr+lba,0.8,0.0,5,114.96073511842955,1.436423282919583,308.90616641840563,1.438376149243526,300.68437090052674,9.459077342032096,489.77881936844614,0.0,7.643846831047516,4.5637984308565695e-06,0.0037844449019629454,3.346702829843809e-05,0.03978376444444418,0.00016824325223499759,0.0,0.0,0.0,0.0
ripe,0.3,equal,ours (θ_loc tilt),regretor,0.0,0.0,5,122.70463694301998,1.6459090357534434,316.780779439003,1.6465210613520933,309.0295432513591,0.0,494.39533229302987,12.81749471254288,7.643687451924185,2.1307833043988972e-05,0.0038092752565915522,5.0665914689786296e-06,0.055233499386666995,0.0001259410208554639,0.0,0.0,32.17292916666666,0.005898078585278387
ripe,0.3,equal,ours (θ_loc tilt),regretor,0.0,0.5,5,106.84286819413327,1.7474384249644146,300.922105217398,1.74833124067498,295.12092266663853,0.0,489.77881936844614,0.0,7.643492313080209,9.577634390156681e-05,0.004167516897775355,4.566183720871688e-05,0.055618173878444345,0.0002190969197013164,0.0,0.0,32.97364861111111,0.05944307031278196
ripe,0.3,equal,ours (θ_loc tilt),regretor,0.0,1.0,5,88.74898581405907,1.5870862537985242,282.8436141850365,1.5932617170564085,269.15348039269156,0.0,467.7351412871982,7.891131602939917e-14,7.641293744241985,0.0009759639938768211,0.004848847478807665,0.00014992946018705928,0.057001369755999634,0.0004690842935693462,0.0,0.0,35.119791666666664,0.15037299110314373
ripe,0.3,equal,ours (θ_loc tilt),regretor,0.0,2.0,5,62.54233989806968,1.5767026603365233,256.9999283297824,1.4802158299819363,245.47089156850296,3.9455658014699586e-14,411.22012600360875,10.661127738193064,7.619836098748225,0.0046052489808145565,0.006506469815622182,0.00025849791433840393,0.0672855442146671,0.0029508193605391683,0.0,0.0,38.71832222222223,0.21919113918596866
ripe,0.3,equal,ours (θ_loc tilt),regretor,0.0,3.0,5,52.99733495184421,1.573523456424062,291.2083233031126,19.394599027394932,234.4228815319923,0.0,404.05889451720543,25.526653967262554,7.594431095448175,0.010420432461074625,0.007822717624614004,0.00036901618786033114,0.08225723012266681,0.008358513112539136,0.0,0.0,40.04989444444445,0.30239521711585166
ripe,0.3,equal,ours (θ_loc tilt),regretor,0.0,4.0,5,51.612343088452384,1.5205403943819584,308.00173513235967,31.05032101018154,234.4228815319923,0.0,606.916023905593,398.80004447005797,7.589946647020334,0.010905268254016994,0.007919117409780612,0.0004331250925922398,0.08684918217911117,0.009460560994528251,0.0,0.0,40.24709583333333,0.30569036349607753
ripe,0.3,equal,uniform (Nym default),uniform,1.0,0.0,5,122.75182679274565,1.7456037936958995,316.6990119666981,1.7447491412016947,309.0295432513591,0.0,494.39533229302987,12.81749471254288,7.643856189774725,1.232989312959362e-15,0.003374999999999936,0.0,0.03984991999999994,0.0003557933591295653,0.0,0.0,0.0,0.0
ripe,0.3,omega,LAMP-SC,lamp,0.2,0.0,5,18.279241120432438,21.522244679762974,39682.467545939144,5716.322128537567,37054.26349733838,17078.77224171981,62240.68472961169,1613.6269809157573,1.7552786880648619,1.4444155863094321,0.1406091872068372,0.013104065594928521,54.084720786591255,21.770899569962108,0.035,0.012221090123416784,0.0,0.0
ripe,0.3,omega,LAMP-SC,lamp,0.4,0.0,5,18.796430324963886,21.14875294071598,38471.25271111685,6411.75481596707,37054.26349733838,17078.77224171981,62240.68472961169,1613.6269809157573,2.6830524058938865,1.7589669244733728,0.1295942441812955,0.019857285864415136,45.49990126479495,22.181711334700214,0.0385,0.01764190011507796,0.0,0.0
ripe,0.3,omega,LAMP-SC,lamp,0.6,0.0,5,22.656206335462414,19.1657500221672,32025.963895829664,6306.474406619257,30902.95432513592,0.0,61659.50018614823,1.0100648451763094e-11,4.332810600767397,1.7749972053873446,0.09497372626184147,0.02301721089987924,29.69244926714138,15.815486265415252,0.03899999999999999,0.018442995079529536,0.0,0.0
ripe,0.3,omega,LAMP-SC,lamp,0.8,0.0,5,37.40856387783627,10.860299724750055,17993.1189411814,4227.233966693127,12156.940467353972,19075.67389037943,61659.50018614823,1.0100648451763094e-11,6.034774410361503,0.6652411449077811,0.04347007681822988,0.011129967609690325,9.134770672427155,4.183805454427385,0.03949999999999999,0.010153972585723014,0.0,0.0
ripe,0.3,omega,LARMix,larmix,0.2,0.0,5,21.811109981323263,3.3229402107690875,314.97261778095697,29.554953813123618,215.81138993154542,5.595039371679575,2166.057174615794,614.96867417472,3.8188661811352964,0.13971778047047065,0.05669629949440132,0.0027454905536944013,0.2650955263772076,0.0071711725337155535,0.0,0.0,0.0,0.0
ripe,0.3,omega,LARMix,larmix,0.4,0.0,5,22.653078355255786,2.738080979269683,318.26022632796594,31.32939761738746,215.81138993154542,5.595039371679574,2220.4735098199676,587.5853489242677,4.973520275070624,0.13656103328067273,0.04427328991310683,0.001764557449868952,0.2657800401980886,0.007126663010440132,0.0,0.0,0.0,0.0
ripe,0.3,omega,LARMix,larmix,0.6,0.0,5,29.93535649380259,3.4893758976915485,325.36927414038956,30.529914264712204,223.872113856834,0.0,2170.8336330980596,628.0963237319949,6.624579325469169,0.088203595304908,0.027230147958711686,0.0012783691743519288,0.26577788513629697,0.006645979198652137,0.0,0.0,0.0,0.0
ripe,0.3,omega,LARMix,larmix,0.8,0.0,5,89.00453381403042,1.9265034564064694,385.3476196865411,28.33903259498321,295.12092266663853,0.0,2237.486086735767,555.691907329268,7.634097515147486,0.001323725563274886,0.006783646670154628,0.00013650820213551777,0.2664700664538942,0.007312274749815845,0.0,0.0,0.0,0.0
ripe,0.3,omega,LARMix,larmix,1.0,0.0,5,122.75182679274565,1.7456037936958995,419.6948524094311,28.90862165947622,329.69385661345797,10.371672061170173,2340.8037731291242,562.5784508301135,7.643856189774725,1.232989312959362e-15,0.003374999999999936,0.0,0.2661109275637337,0.007346983776805973,0.0,0.0,0.0,0.0
ripe,0.3,omega,OptiMix GPR+LBA,gpr+lba,0.0,0.0,5,19.47407955709006,2.401292610062629,317.824439123136,27.219114505144134,215.81138993154542,5.595039371679575,2262.855712203275,598.4588967064257,6.427164764213043,0.0685629260732302,0.025139238725416884,0.0015692143390656833,0.2663495191299066,0.007836263363389133,0.0,0.0,0.0,0.0
ripe,0.3,omega,OptiMix GPR+LBA,gpr+lba,0.2,0.0,5,21.381435666922616,2.484638016470931,317.3336518028491,27.115916618278067,219.8417518941897,6.852495775698578,2192.2526932459787,516.2605884009067,6.717986474993518,0.05681057821298819,0.02201474541817437,0.0013958146158604317,0.2660263484190514,0.007785037321865373,0.0,0.0,0.0,0.0
ripe,0.3,omega,OptiMix GPR+LBA,gpr+lba,0.4,0.0,5,24.5719479760377,2.6630626912278266,320.5534193167565,28.65695238041677,223.872113856834,0.0,2219.566528973287,581.4306411889817,7.027537614684002,0.040717564228193864,0.018424173127182388,0.0011861365188589954,0.26588243197277706,0.007580879717834856,0.0,0.0,0.0,0.0
ripe,0.3,omega,OptiMix GPR+LBA,gpr+lba,0.6,0.0,5,30.747909499615936,3.0771496815709107,326.1017268599927,28.45596147281872,225.98226739186566,5.858725453554463,2239.718338786508,578.6654385925527,7.326860590438559,0.02574649410848501,0.014135817290487707,0.000759688856983683,0.265630905235437,0.007441645437722592,0.0,0.0,0.0,0.0
ripe,0.3,omega,OptiMix GPR+LBA,gpr+lba,0.8,0.0,5,47.61498152577013,4.130778281084927,343.1863386355408,25.43925296147973,245.47089156850296,3.9455658014699586e-14,2218.2412577692266,564.8280882154974,7.571330892734873,0.012964362142234492,0.008912121460162705,0.0004797377030082889,0.26562566332290677,0.008098103617370853,0.0,0.0,0.0,0.0
ripe,0.3,omega,OptiMix GWR (no LBA),gwr,0.0,0.0,5,2.4752349055911234,1.4428009396530295,39274.62316811584,3714.7897353331755,49648.16411530868,20431.901064354086,62240.68472961169,1613.6269809157573,2.290795722909864,0.36927446077209575,0.13740344960894074,0.00692399837559208,34.86369790309246,18.448804662089877,0.039999999999999994,0.007914086195208286,0.0,0.0
ripe,0.3,omega,OptiMix GWR (no LBA),gwr,0.2,0.0,5,2.723758153214253,1.4799174803976023,37880.70012030242,4620.256451386975,49356.8818417433,20917.138712711374,62240.68472961169,1613.6269809157573,2.8614187298210583,0.4463448179584853,0.12853710398166504,0.008997159836829487,30.122078225514304,14.71834429851297,0.037500000000000006,0.0049081079036938915,0.0,0.0
ripe,0.3,omega,OptiMix GWR (no LBA),gwr,0.4,0.0,5,3.2851407875398158,1.638614567143656,35749.770767816415,5397.137543308172,37054.26349733838,17078.772241719813,62240.68472961169,1613.6269809157573,3.543564507771567,0.5260398400712448,0.11592259291288869,0.010295472528853109,25.30033476113855,11.006269256623332,0.0395,0.008034918926829978,0.0,0.0
ripe,0.3,omega,OptiMix GWR (no LBA),gwr,0.6,0.0,5,4.800271691949081,2.13778325809695,32168.74683504174,6068.908957748865,30105.433067962567,2214.27399077014,61659.50018614823,1.0100648451763094e-11,4.427304179547424,0.6049501496593181,0.09789551730168262,0.01065279718204683,19.63728069441249,7.173897282845392,0.041,0.011531442582459039,0.0,0.0
ripe,0.3,omega,OptiMix GWR (no LBA),gwr,0.8,0.0,5,11.042159441544076,3.8836419073549635,23936.40175109061,5380.839024901674,24778.731118734024,17003.569544553273,61659.50018614823,1.0100648451763094e-11,5.7031411784710695,0.6247209610455099,0.06790459230572032,0.009151181689848326,11.883710752119647,3.305273505504777,0.038,0.008034918926829976,0.0,0.0
ripe,0.3,omega,OptiMix GWR+LBA,gwr+lba,0.0,0.0,5,14.732190867506517,2.1890159761466097,324.38077899298213,39.4310698640921,213.79620895022327,3.9455658014699586e-14,2510.400156114477,748.6946594159951,3.340314414604131,0.0810914138076698,0.06449065401836918,0.0016604623759000799,0.2701122734624913,0.012622583855395096,0.0,0.0,0.0,0.0
ripe,0.3,omega,OptiMix GWR+LBA,gwr+lba,0.2,0.0,5,15.353037387466577,2.2706411915588904,316.5781462405854,31.771725947080995,213.79620895022327,3.9455658014699586e-14,2300.5703923656224,607.812461500977,3.861985525328528,0.09157028870526197,0.05708747800122342,0.001758717525987364,0.26802593763106675,0.010945828234173215,0.0,0.0,0.0,0.0
ripe,0.3,omega,OptiMix GWR+LBA,gwr+lba,0.4,0.0,5,16.27932808607201,2.325515893443156,314.8292321470828,30.89950442474545,213.79620895022327,3.9455658014699586e-14,2253.3444801333653,550.4148648522944,4.532501586304558,0.11367660311165871,0.04846843485420467,0.0016167837052265144,0.2672062791228611,0.009388899714344225,0.0,0.0,0.0,0.0
ripe,0.3,omega,OptiMix GWR+LBA,gwr+lba,0.6,0.0,5,18.062236388513984,2.2931807683385412,315.29842064098364,31.71336755410544,213.79620895022327,3.9455658014699586e-14,2238.057769112803,580.916870866652,5.454261887096768,0.11822508999639461,0.03881186644178973,0.001490131709274116,0.2664528262166565,0.007857558736477848,0.0,0.0,0.0,0.0
ripe,0.3,omega,OptiMix GWR+LBA,gwr+lba,0.8,0.0,5,26.737002029955512,2.5158148869948573,322.3842272234422,28.89001574114501,223.872113856834,0.0,2218.2412577692266,564.8280882154974,6.762978542681838,0.06859686589488954,0.025943551574390832,0.0010973196523315634,0.2658434067955411,0.006721155604687635,0.0,0.0,0.0,0.0
ripe,0.3,omega,OptiMix GWR+LBA+CRG(θ=.05),gwr+lba+crg,0.0,0.0,5,105.45519439945788,1.2245937615981424,430.0825744168343,78.24370242812863,309.0295432513591,0.0,2734.384027175135,1300.2650664408977,7.6328374935474015,0.00051747845842303,0.007162014063028696,7.177227142525661e-05,0.26913833949323557,0.006525727211350607,0.0005,0.0013882225525988967,0.0,0.0
ripe,0.3,omega,OptiMix GWR+LBA+CRG(θ=.05),gwr+lba+crg,0.2,0.0,5,103.95572988745262,1.215645608238505,432.1626666983332,82.05395459009364,309.0295432513591,0.0,2836.8155660909215,1367.8714188464517,7.631785047713412,0.0005405760279873819,0.007114338859402608,7.872892391961664e-05,0.26959076954497313,0.0077838109581613675,0.0005,0.0013882225525988967,0.0,0.0
ripe,0.3,omega,OptiMix GWR+LBA+CRG(θ=.05),gwr+lba+crg,0.4,0.0,5,101.8888870156743,1.1689806446699424,426.890673970676,61.49258824820187,309.0295432513591,0.0,2894.1302122744596,995.9075149796138,7.630553456937079,0.0008635458535135091,0.007056249106166278,7.662321895051858e-05,0.270913645396118,0.007806933199413779,0.0,0.0,0.0,0.0
ripe,0.3,omega,OptiMix GWR+LBA+CRG(θ=.05),gwr+lba+crg,0.6,0.0,5,98.69677890531365,1.294567424208903,429.1786941019544,59.42380041793058,309.0295432513591,0.0,2976.344838375794,1003.0478413489287,7.629403594189722,0.0010489401644565865,0.006972454369881341,7.564210669615138e-05,0.27275417583291883,0.007703988567052855,0.0,0.0,0.0,0.0
ripe,0.3,omega,OptiMix GWR+LBA+CRG(θ=.05),gwr+lba+crg,0.8,0.0,5,93.81834080790898,1.2987163653600715,475.2390254620197,88.5538419812107,300.68437090052674,9.459077342032096,4083.3892920415083,1651.3013824081156,7.63012318916748,0.0011119124148410015,0.006510640260326102,4.190154180159838e-05,0.27883360698935633,0.0065139152001456825,0.0005,0.0013882225525988967,0.0,0.0
ripe,0.3,omega,OptiMix SSR+LBA,ssr+lba,0.0,0.0,5,59.05549766368999,2.803964362249154,356.1053376390805,31.533305560293716,254.72584093520967,6.423964717011548,2270.1761423171206,659.2145145087172,7.431215093360704,0.0232049641585227,0.015463297820494234,0.0004728642445646299,0.265652589601649,0.006734142175825383,0.0,0.0,0.0,0.0
ripe,0.3,omega,OptiMix SSR+LBA,ssr+lba,0.2,0.0,5,73.11320323457198,2.354050745694901,371.75389760350004,30.487346066505957,271.69044293944233,7.043737244996276,2306.053267626613,607.0578771892973,7.578531795362214,0.007926538712710993,0.010381246578966436,0.00020271180197344458,0.2660806250012139,0.006647933065668536,0.0,0.0,0.0,0.0
ripe,0.3,omega,OptiMix SSR+LBA,ssr+lba,0.4,0.0,5,89.3591063313389,1.6826106147257518,384.48099797768816,26.8487523370181,295.12092266663853,0.0,2239.3427931195433,569.3232019935634,7.634411806943578,0.0009489035294436242,0.00667902722744803,8.887203776961697e-05,0.26575793747908083,0.007149467649665087,0.0,0.0,0.0,0.0
ripe,0.3,omega,OptiMix SSR+LBA,ssr+lba,0.6,0.0,5,104.04900026602768,1.2687311227064053,400.00879782239116,28.166240067086576,309.0295432513591,0.0,2262.855712203275,598.4588967064258,7.643361430556726,8.936523054051014e-05,0.004662898695801694,6.811055002766996e-05,0.26570209219920227,0.007383806027421909,0.0,0.0,0.0,0.0
ripe,0.3,omega,OptiMix SSR+LBA,ssr+lba,0.8,0.0,5,114.96073511842955,1.436423282919583,410.3690159322291,30.447538897566147,323.59365692962825,0.0,2270.0156014047366,632.9487831959758,7.643846831047516,4.5637984308565695e-06,0.0037844449019629454,3.346702829843809e-05,0.2654116434360877,0.006803905361565269,0.0,0.0,0.0,0.0
ripe,0.3,omega,ours (θ_loc tilt),regretor,0.0,0.0,5,122.9708434398198,2.6205804186381494,344.53905005309446,12.608983129507543,317.76801145832053,9.90486992306315,1197.0206405942959,345.41866580267344,7.529714654069967,0.008670330470674073,0.008421031833739701,0.0004915690231339076,0.05676752848736073,0.00010300981735917697,0.0,0.0,33.60815555555555,0.06652463787267578
ripe,0.3,omega,ours (θ_loc tilt),regretor,0.0,0.5,5,106.28010694440297,2.2442471226600182,328.04275121962775,12.35067269943451,295.12092266663853,0.0,1172.735308234888,326.79751956119605,7.538626909934166,0.008282748541113842,0.00838842698451547,0.00038256523942430197,0.06059720668669124,0.0011381651380659302,0.0,0.0,34.29956111111112,0.08945140244511741
ripe,0.3,omega,ours (θ_loc tilt),regretor,0.0,1.0,5,87.65009204408241,1.6725308529153333,310.2307624636633,12.101187950850617,279.3013305796946,7.043737244996276,1189.2310928188315,236.7356805189465,7.546638932319061,0.007464546592945821,0.008618098271804838,0.0003152602791667679,0.07033993261735727,0.0040191099732092665,0.0,0.0,36.21654027777778,0.15558130337180312
ripe,0.3,omega,ours (θ_loc tilt),regretor,0.0,2.0,5,62.38318213922322,1.5127879434144993,355.0600855718479,144.07510281507166,252.412103593533,7.867717841160412,1456.2199797210076,549.0845661941203,7.531413790973784,0.010550380548167192,0.00966863433835482,0.0003078297169361381,0.09134945401261532,0.013367083531447103,0.0005,0.0013882225525988967,39.51671111111112,0.21080177159849153
ripe,0.3,omega,ours (θ_loc tilt),regretor,0.0,3.0,5,52.992574581874536,1.7953789029307912,623.4717824381562,396.89478998462613,245.47089156850296,3.9455658014699586e-14,14275.155077428255,18906.25945048952,7.507731892782445,0.014013394790854207,0.010585348172162803,0.0003023938774601933,0.11054173854858859,0.022033639074520838,0.002,0.0025971265842089186,40.812962500000005,0.28472347074738347
ripe,0.3,omega,ours (θ_loc tilt),regretor,0.0,4.0,5,51.504368124609165,1.8808072483902494,710.2067270709333,404.37381339737607,245.47089156850296,3.9455658014699586e-14,20753.690846153542,17056.238598764518,7.504332330989792,0.014489077648243415,0.010729806958347696,0.00026108386184654206,0.1178798720944401,0.023993558438017846,0.0025,0.002194972582712707,41.00487361111111,0.3047473860249432
ripe,0.3,omega,uniform (Nym default),uniform,1.0,0.0,5,122.75182679274565,1.7456037936958995,419.6948524094311,28.90862165947622,329.69385661345797,10.371672061170173,2340.8037731291242,562.5784508301135,7.643856189774725,1.232989312959362e-15,0.003374999999999936,0.0,0.2661109275637337,0.007346983776805973,0.0,0.0,0.0,0.0
ripe,0.7,equal,LAMP-SC,lamp,0.2,0.0,5,18.279241120432438,21.522244679762974,48217.99923210497,4346.773770664628,61659.50018614823,1.0100648451763094e-11,64565.42290346556,0.0,1.7552786880648619,1.4444155863094321,0.1406091872068372,0.013104065594928521,47.87988354666663,23.24184899201313,0.0975,0.027764451051977935,0.0,0.0
ripe,0.7,equal,LAMP-SC,lamp,0.4,0.0,5,18.796430324963886,21.14875294071598,46557.9023242661,5237.006340732086,55799.47328751114,16270.04299904833,64565.42290346556,0.0,2.6830524058938865,1.7589669244733728,0.1295942441812955,0.019857285864415136,40.28989783555554,24.835792139203402,0.10200000000000001,0.02582243214761715,0.0,0.0
ripe,0.7,equal,LAMP-SC,lamp,0.6,0.0,5,22.656206335462414,19.1657500221672,39378.44156985794,4289.831609455692,36260.472237481095,13886.038891844928,64565.42290346556,0.0,4.332810600767397,1.7749972053873446,0.09497372626184149,0.02301721089987924,26.30466901777777,18.885858722022764,0.0995,0.03810664585282405,0.0,0.0
ripe,0.7,equal,LAMP-SC,lamp,0.8,0.0,5,37.408563877836265,10.860299724750057,28100.362905282585,2728.1220032062656,30902.95432513592,0.0,61659.50018614823,1.0100648451763094e-11,6.034774410361503,0.6652411449077811,0.04347007681822989,0.011129967609690324,7.454366368888889,3.789706252710161,0.129,0.046748278515760536,0.0,0.0
ripe,0.7,equal,LARMix,larmix,0.2,0.0,5,21.811109981323263,3.3229402107690875,467.0512844306835,6.968621447950188,303.4660950174709,9.459077342032096,2302.0257446192895,71.75443952132198,3.8188661811352964,0.13971778047047065,0.05669629949440132,0.0027454905536944013,0.03984953777777709,0.00020086540178086077,0.0,0.0,0.0,0.0
ripe,0.7,equal,LARMix,larmix,0.4,0.0,5,22.65307835525579,2.7380809792696823,467.14625859605167,5.350105807110573,309.0295432513591,0.0,2238.72113856834,0.0,4.973520275070624,0.13656103328067273,0.04427328991310683,0.0017645574498689521,0.039844920000000485,0.00017558645374266793,0.0,0.0,0.0,0.0
ripe,0.7,equal,LARMix,larmix,0.6,0.0,5,29.93535649380259,3.4893758976915485,474.2174378213176,5.062880143542191,317.76801145832053,9.90486992306315,2178.2657091286756,68.52495775698559,6.624579325469169,0.088203595304908,0.027230147958711686,0.0012783691743519288,0.03979706666666605,0.0001600352218898275,0.0,0.0,0.0,0.0
ripe,0.7,equal,LARMix,larmix,0.8,0.0,5,89.00453381403042,1.9265034564064694,533.548659014873,5.573218553995039,389.0451449942807,0.0,1950.671776121307,78.87825831838316,7.634097515147486,0.001323725563274886,0.006783646670154628,0.00013650820213551777,0.03977061333333336,0.00020978915404686093,0.0,0.0,0.0,0.0
ripe,0.7,equal,LARMix,larmix,1.0,0.0,5,122.75182679274565,1.7456037936958995,568.6752365404074,3.441050476417872,426.57951880159254,0.0,1986.6019377226391,62.49550424077684,7.643856189774725,1.232989312959362e-15,0.003374999999999936,0.0,0.03984991999999905,0.00035579335912899713,0.0,0.0,0.0,0.0
ripe,0.7,equal,OptiMix GPR+LBA,gpr+lba,0.0,0.0,5,19.47407955709006,2.401292610062629,465.7138816334582,4.371133246191515,309.0295432513591,0.0,2158.113899315454,55.95039371679558,6.427164764213043,0.0685629260732302,0.025139238725416884,0.0015692143390656833,0.039954786666665895,0.00033488605164408875,0.0,0.0,0.0,0.0
ripe,0.7,equal,OptiMix GPR+LBA,gpr+lba,0.2,0.0,5,21.38143566692262,2.484638016470931,466.7880620466308,4.1566583168254265,309.0295432513591,0.0,2118.717260535692,53.432211184520305,6.717986474993518,0.05681057821298819,0.02201474541817437,0.0013958146158604314,0.039908666666666946,0.0002539682432148009,0.0,0.0,0.0,0.0
ripe,0.7,equal,OptiMix GPR+LBA,gpr+lba,0.4,0.0,5,24.5719479760377,2.6630626912278266,470.64130252345757,4.1640131080341005,309.0295432513591,0.0,2080.227602602611,65.44082661535354,7.027537614684002,0.040717564228193864,0.018424173127182388,0.0011861365188589954,0.03982227555555542,8.518390545393987e-05,0.0,0.0,0.0,0.0
ripe,0.7,equal,OptiMix GPR+LBA,gpr+lba,0.6,0.0,5,30.74790949961594,3.0771496815709116,475.05227179346383,4.005564849524475,323.59365692962825,0.0,2023.3592756872326,51.02736553594849,7.326860590438559,0.02574649410848501,0.014135817290487707,0.000759688856983683,0.03980379999999943,0.00015103000891710408,0.0,0.0,0.0,0.0
ripe,0.7,equal,OptiMix GPR+LBA,gpr+lba,0.8,0.0,5,47.61498152577013,4.130778281084927,492.83550520387655,3.9682888906868996,338.84415613920254,0.0,1932.2931071390099,48.730755771036634,7.571330892734873,0.012964362142234492,0.008912121460162705,0.0004797377030082889,0.039884626666667033,0.00012171051798183808,0.0,0.0,0.0,0.0
ripe,0.7,equal,OptiMix GWR (no LBA),gwr,0.0,0.0,5,2.4752349055911234,1.4428009396530295,45619.58316354529,3026.9731117308193,61659.50018614823,1.0100648451763094e-11,64565.42290346556,0.0,2.2907957229098646,0.36927446077209575,0.13740344960894074,0.00692399837559208,27.82527825333333,9.17116064861898,0.0915,0.021684729483043685,0.0,0.0
ripe,0.7,equal,OptiMix GWR (no LBA),gwr,0.2,0.0,5,2.723758153214253,1.4799174803976023,43883.34654735471,3123.412145700463,61659.50018614823,1.0100648451763094e-11,64565.42290346556,0.0,2.8614187298210583,0.4463448179584853,0.12853710398166504,0.008997159836829487,24.48908861333333,8.683792059476703,0.087,0.02016509735954243,0.0,0.0
ripe,0.7,equal,OptiMix GWR (no LBA),gwr,0.4,0.0,5,3.2851407875398153,1.638614567143656,41588.91702098753,3694.320097140811,49939.44638887406,19926.651720405072,64565.42290346556,0.0,3.543564507771567,0.5260398400712449,0.11592259291288869,0.010295472528853109,20.862438653333328,7.380699012282472,0.08549999999999999,0.021213021785440416,0.0,0.0
ripe,0.7,equal,OptiMix GWR (no LBA),gwr,0.6,0.0,5,4.800271691949081,2.13778325809695,38322.05655585901,3879.372485167221,43496.85494310622,20600.209522574183,64565.42290346556,0.0,4.4273041795474235,0.6049501496593181,0.09789551730168262,0.01065279718204683,16.319582626666673,5.272641999785586,0.0885,0.019210713035614103,0.0,0.0
ripe,0.7,equal,OptiMix GWR (no LBA),gwr,0.8,0.0,5,11.042159441544076,3.8836419073549635,32347.239190234388,3157.193626884202,30902.95432513592,0.0,63984.2383600021,1613.626980915757,5.7031411784710695,0.6247209610455099,0.06790459230572032,0.009151181689848326,9.868212008888898,2.8460267063022218,0.10500000000000001,0.02887035681322391,0.0,0.0
ripe,0.7,equal,OptiMix GWR+LBA,gwr+lba,0.0,0.0,5,14.732190867506517,2.1890159761466097,485.86047192266415,19.363115843631288,300.68437090052674,9.459077342032096,2388.4208554659663,75.13612207216765,3.340314414604131,0.0810914138076698,0.06449065401836918,0.0016604623759000799,0.04368955999999957,0.0026401702808077137,0.0,0.0,0.0,0.0
ripe,0.7,equal,OptiMix GWR+LBA,gwr+lba,0.2,0.0,5,15.353037387466577,2.2706411915588913,474.4224237698294,10.84294340860762,297.9026467835826,7.723304308500129,2302.0257446192895,71.75443952132198,3.861985525328528,0.09157028870526197,0.05708747800122342,0.001758717525987364,0.04187857777777735,0.0013738360207594118,0.0,0.0,0.0,0.0
ripe,0.7,equal,OptiMix GWR+LBA,gwr+lba,0.4,0.0,5,16.27932808607201,2.325515893443156,467.3600098805596,6.4392599725961075,300.68437090052674,9.459077342032096,2238.72113856834,0.0,4.532501586304558,0.11367660311165871,0.04846843485420468,0.0016167837052265142,0.04069169333333309,0.0007412494910617306,0.0,0.0,0.0,0.0
ripe,0.7,equal,OptiMix GWR+LBA,gwr+lba,0.6,0.0,5,18.062236388513988,2.2931807683385412,464.4706510612665,4.986066518106078,306.24781913441495,7.723304308500129,2238.72113856834,0.0,5.454261887096768,0.11822508999639461,0.03881186644178973,0.001490131709274116,0.04009394666666677,0.00028525463759723334,0.0,0.0,0.0,0.0
ripe,0.7,equal,OptiMix GWR+LBA,gwr+lba,0.8,0.0,5,26.737002029955512,2.5158148869948573,472.2177388099396,3.121954180415128,314.85518872266675,9.90486992306315,2158.113899315454,55.95039371679558,6.762978542681838,0.06859686589488954,0.025943551574390832,0.0010973196523315631,0.03985835111111102,0.00012146437089328744,0.0,0.0,0.0,0.0
ripe,0.7,equal,OptiMix GWR+LBA+CRG(θ=.05),gwr+lba+crg,0.0,0.0,5,105.45519439945788,1.2245937615981424,568.5424235202393,4.732688951266814,415.0599742031048,13.05716152060257,2198.4175189418975,68.52495775698559,7.6328374935474015,0.00051747845842303,0.007162014063028696,7.177227142525661e-05,0.04200620888888897,0.0003145155502238122,0.0,0.0,0.0,0.0
ripe,0.7,equal,OptiMix GWR+LBA+CRG(θ=.05),gwr+lba+crg,0.2,0.0,5,103.95572988745262,1.215645608238505,573.1282726948633,4.588787553370248,415.0599742031048,13.05716152060257,2238.72113856834,0.0,7.631785047713412,0.0005405760279873819,0.007114338859402608,7.872892391961664e-05,0.042649968888888744,0.0002169121370918687,0.0,0.0,0.0,0.0
ripe,0.7,equal,OptiMix GWR+LBA+CRG(θ=.05),gwr+lba+crg,0.4,0.0,5,101.88888701567431,1.1689806446699424,578.1870791354561,6.178183162029712,411.22012600360875,10.661127738193064,2238.72113856834,0.0,7.630553456937079,0.0008635458535135091,0.007056249106166278,7.662321895051858e-05,0.04354912000000048,0.00043237639464563366,0.0,0.0,0.0,0.0
ripe,0.7,equal,OptiMix GWR+LBA+CRG(θ=.05),gwr+lba+crg,0.6,0.0,5,98.69677890531365,1.294567424208903,588.4519662461519,7.862962625137124,411.22012600360875,10.661127738193064,2302.0257446192895,71.75443952132198,7.629403594189722,0.0010489401644565865,0.006972454369881341,7.564210669615138e-05,0.045162471111111734,0.0008306120441485214,0.0,0.0,0.0,0.0
ripe,0.7,equal,OptiMix GWR+LBA+CRG(θ=.05),gwr+lba+crg,0.8,0.0,5,93.81834080790898,1.2987163653600715,605.6729102453185,7.184461678219191,411.22012600360875,10.661127738193064,2344.228815319923,0.0,7.63012318916748,0.0011119124148410015,0.006510640260326102,4.190154180159838e-05,0.04845924444444418,0.0010791047422233943,0.0,0.0,0.0,0.0
ripe,0.7,equal,OptiMix SSR+LBA,ssr+lba,0.0,0.0,5,59.05549766368999,2.803964362249154,502.25767998449174,3.4683027718898507,354.8133892335755,0.0,2060.9827736360703,53.432211184520305,7.431215093360704,0.0232049641585227,0.015463297820494234,0.0004728642445646299,0.03962432000000038,0.0001410845724058659,0.0,0.0,0.0,0.0
ripe,0.7,equal,OptiMix SSR+LBA,ssr+lba,0.2,0.0,5,73.11320323457198,2.354050745694901,519.3130389814894,3.5161360814178404,371.5352290971726,0.0,2023.3592756872326,51.02736553594849,7.578531795362214,0.007926538712710995,0.010381246578966436,0.00020271180197344458,0.0399344311111113,0.00015154091288787982,0.0,0.0,0.0,0.0
ripe,0.7,equal,OptiMix SSR+LBA,ssr+lba,0.4,0.0,5,89.3591063313389,1.6826106147257516,533.1511436980386,3.1106532602680357,389.0451449942807,0.0,1949.8445997580457,0.0,7.634411806943577,0.0009489035294436242,0.0066790272274480315,8.887203776961697e-05,0.03971975999999992,0.00019898874868314208,0.0,0.0,0.0,0.0
ripe,0.7,equal,OptiMix SSR+LBA,ssr+lba,0.6,0.0,5,104.04900026602768,1.2687311227064053,549.7703448333841,2.891721893820891,407.38027780411284,0.0,1949.8445997580457,0.0,7.643361430556726,8.936523054051014e-05,0.004662898695801695,6.811055002766996e-05,0.03986586666666616,0.0003433841641333492,0.0,0.0,0.0,0.0
ripe,0.7,equal,OptiMix SSR+LBA,ssr+lba,0.8,0.0,5,114.96073511842955,1.436423282919583,559.4884928891264,3.9075202767179746,426.57951880159254,0.0,1949.8445997580457,0.0,7.643846831047516,4.5637984308565695e-06,0.0037844449019629454,3.346702829843809e-05,0.03978376444444418,0.00016824325223314848,0.0,0.0,0.0,0.0
ripe,0.7,equal,ours (θ_loc tilt),regretor,0.0,0.0,5,122.74293273188967,1.731636205887152,634.8619462542354,4.0623609440369,446.68359215096297,7.891131602939917e-14,2454.708915685031,0.0,7.643629365947939,2.9223934052838247e-05,0.0037385389996840517,5.749297489083724e-06,0.059218721421556,0.00023283811872336336,0.0,0.0,32.30759444444445,0.006464598419482581
ripe,0.7,equal,ours (θ_loc tilt),regretor,0.0,0.5,5,106.94322057215985,1.6855469216191405,616.7924585944377,5.3189728777274246,426.57951880159254,0.0,2366.3248353929444,61.34838677609312,7.643487754956018,7.887421580243678e-05,0.004163583363426581,0.00011073776545877828,0.059344162168221935,0.00012651200957064615,0.0,0.0,33.078179166666665,0.058892344365099415
ripe,0.7,equal,ours (θ_loc tilt),regretor,0.0,1.0,5,88.55342766861796,1.713048121062209,612.5688963600176,6.7455594242661645,407.38027780411284,0.0,2366.3248353929444,61.34838677609312,7.641284246042369,0.0008506126642527248,0.00490456894951999,0.00024731156639715303,0.060182760356444695,0.00037284225874416245,0.0,0.0,35.24473194444444,0.14417463539346617
ripe,0.7,equal,ours (θ_loc tilt),regretor,0.0,2.0,5,62.34433211849203,1.6875847965565403,1192.996978827913,262.8684004527785,375.03721227659423,9.723064056990163,26013.671918178046,13574.824206727872,7.6194894203700985,0.0049232805304200026,0.006573480737414121,0.0003138790139874741,0.07002505307733338,0.0028757265118981943,0.005,0.002194972582712707,38.842959722222226,0.23416944424520772
ripe,0.7,equal,ours (θ_loc tilt),regretor,0.0,3.0,5,52.98358529441879,1.5281529530199072,1660.2855731310308,476.30922583686197,371.5352290971726,0.0,30902.95432513592,0.0,7.59440593866502,0.009782296935116895,0.007823732640332665,0.0002430930510749031,0.08494703948111137,0.008632767250824366,0.0075000000000000015,0.003801804034479088,40.154466666666664,0.3028055946070695
ripe,0.7,equal,ours (θ_loc tilt),regretor,0.0,4.0,5,51.545021938392665,1.6300720854986281,1756.4536265815932,511.68065454227536,368.19086112445314,9.285454087837099,30902.95432513592,0.0,7.5897512091259305,0.010960099182766797,0.007974689910851467,0.0003765134188356154,0.08934071296177767,0.009469172912969568,0.0075000000000000015,0.003801804034479088,40.3561125,0.33046514334578747
ripe,0.7,equal,uniform (Nym default),uniform,1.0,0.0,5,122.75182679274565,1.7456037936958995,568.6752365404074,3.441050476417872,426.57951880159254,0.0,1986.6019377226391,62.49550424077684,7.643856189774725,1.232989312959362e-15,0.003374999999999936,0.0,0.03984991999999905,0.00035579335912899713,0.0,0.0,0.0,0.0
ripe,0.7,omega,LAMP-SC,lamp,0.2,0.0,5,18.279241120432438,21.522244679762974,58370.12082756088,3051.9833652852426,61659.50018614823,1.0100648451763094e-11,93325.43007969914,0.0,1.7552786880648619,1.4444155863094321,0.1406091872068372,0.013104065594928521,54.084720786591255,21.77089956996212,0.13999999999999999,0.04135645229943538,0.0,0.0
ripe,0.7,omega,LAMP-SC,lamp,0.4,0.0,5,18.796430324963886,21.14875294071598,56213.57286572461,3478.59608339654,61659.50018614823,1.0100648451763094e-11,93325.43007969914,0.0,2.6830524058938865,1.7589669244733728,0.1295942441812955,0.019857285864415136,45.49990126479494,22.18171133470026,0.138,0.04269771791729401,0.0,0.0
ripe,0.7,omega,LAMP-SC,lamp,0.6,0.0,5,22.656206335462414,19.1657500221672,49476.71172783562,2957.620377662865,61104.47325603035,1541.001803378703,93325.43007969914,0.0,4.332810600767397,1.7749972053873446,0.09497372626184149,0.02301721089987924,29.692449267141388,15.81548626541524,0.14400000000000002,0.05941041102727025,0.0,0.0
ripe,0.7,omega,LAMP-SC,lamp,0.8,0.0,5,37.408563877836265,10.860299724750057,40175.65826867989,1032.3561096454096,31194.236598701296,808.729242671479,93325.43007969914,0.0,6.0347744103615035,0.6652411449077811,0.04347007681822988,0.011129967609690325,9.134770672427159,4.183805454427392,0.209,0.03347603051436879,0.0,0.0
ripe,0.7,omega,LARMix,larmix,0.2,0.0,5,21.811109981323263,3.3229402107690875,26140.837277082584,1211.4542188636592,30902.95432513592,0.0,93325.43007969914,0.0,3.8188661811352964,0.13971778047047065,0.05669629949440132,0.0027454905536944013,0.26509552637720823,0.007171172533716069,0.28200000000000003,0.016189317847087017,0.0,0.0
ripe,0.7,omega,LARMix,larmix,0.4,0.0,5,22.65307835525579,2.7380809792696823,26109.955831230014,1238.5943694573234,30902.95432513592,0.0,93325.43007969914,0.0,4.973520275070624,0.13656103328067273,0.04427328991310683,0.0017645574498689521,0.2657800401980885,0.007126663010438657,0.2835,0.017086983967773403,0.0,0.0
ripe,0.7,omega,LARMix,larmix,0.6,0.0,5,29.93535649380259,3.4893758976915485,26158.24951950064,1186.8655607754747,30902.95432513592,0.0,93325.43007969914,0.0,6.624579325469169,0.088203595304908,0.027230147958711686,0.0012783691743519288,0.2657778851362969,0.00664597919865334,0.2835,0.01432629532068415,0.0,0.0
ripe,0.7,omega,LARMix,larmix,0.8,0.0,5,89.00453381403042,1.9265034564064694,26206.052021407555,1184.3375446146758,30902.95432513592,0.0,93325.43007969914,0.0,7.634097515147486,0.001323725563274886,0.006783646670154628,0.00013650820213551777,0.26647006645389476,0.0073122747498157925,0.28300000000000003,0.014625832146083362,0.0,0.0
ripe,0.7,omega,LARMix,larmix,1.0,0.0,5,122.75182679274565,1.7456037936958995,26262.71779571042,1127.383660844262,30902.95432513592,0.0,93325.43007969914,0.0,7.643856189774725,1.232989312959362e-15,0.003374999999999936,0.0,0.266110927563734,0.007346983776806786,0.282,0.010153972585722992,0.0,0.0
ripe,0.7,omega,OptiMix GPR+LBA,gpr+lba,0.0,0.0,5,19.47407955709006,2.401292610062629,26197.109791237657,1185.108902858906,30902.95432513592,0.0,93325.43007969914,0.0,6.427164764213043,0.0685629260732302,0.025139238725416884,0.0015692143390656833,0.26634951912990773,0.007836263363390227,0.28300000000000003,0.013951463988053846,0.0,0.0
ripe,0.7,omega,OptiMix GPR+LBA,gpr+lba,0.2,0.0,5,21.381435666922616,2.484638016470931,26171.840028862243,1188.508714947184,30902.95432513592,0.0,93325.43007969914,0.0,6.717986474993518,0.05681057821298819,0.02201474541817437,0.0013958146158604317,0.2660263484190503,0.007785037321865075,0.282,0.01305962573030563,0.0,0.0
ripe,0.7,omega,OptiMix GPR+LBA,gpr+lba,0.4,0.0,5,24.5719479760377,2.6630626912278266,26140.55281059261,1167.3078461656492,30902.95432513592,0.0,93325.43007969914,0.0,7.027537614684002,0.040717564228193864,0.018424173127182388,0.0011861365188589954,0.2658824319727776,0.00758087971783566,0.2825,0.012221090123416762,0.0,0.0
ripe,0.7,omega,OptiMix GPR+LBA,gpr+lba,0.6,0.0,5,30.747909499615936,3.0771496815709107,26127.84702851592,1230.9212897666016,30902.95432513592,0.0,93325.43007969914,0.0,7.326860590438559,0.02574649410848501,0.014135817290487707,0.000759688856983683,0.26563090523543764,0.007441645437723997,0.28250000000000003,0.012985632921044578,0.0,0.0
ripe,0.7,omega,OptiMix GPR+LBA,gpr+lba,0.8,0.0,5,47.61498152577013,4.130778281084927,26195.350332827064,1150.3541920371003,30902.95432513592,0.0,93325.43007969914,0.0,7.571330892734873,0.012964362142234492,0.008912121460162705,0.0004797377030082889,0.26562566332290655,0.008098103617369788,0.282,0.012102243635845316,0.0,0.0
ripe,0.7,omega,OptiMix GWR (no LBA),gwr,0.0,0.0,5,2.4752349055911234,1.4428009396530295,55282.469267154505,2891.070746035962,61659.50018614823,1.0100648451763094e-11,93325.43007969914,0.0,2.2907957229098646,0.3692744607720957,0.13740344960894074,0.00692399837559208,34.86369790309242,18.448804662089834,0.12450000000000001,0.020402621419747666,0.0,0.0
ripe,0.7,omega,OptiMix GWR (no LBA),gwr,0.2,0.0,5,2.723758153214253,1.4799174803976023,53751.3456255362,2710.9944831021253,61659.50018614823,1.0100648451763094e-11,93325.43007969914,0.0,2.8614187298210583,0.4463448179584853,0.12853710398166504,0.008997159836829487,30.122078225514304,14.718344298513015,0.12350000000000001,0.027291904608653314,0.0,0.0
ripe,0.7,omega,OptiMix GWR (no LBA),gwr,0.4,0.0,5,3.2851407875398158,1.638614567143656,51642.051675819115,2445.5949136650374,61659.50018614823,1.0100648451763094e-11,93325.43007969914,0.0,3.543564507771567,0.5260398400712448,0.11592259291288869,0.010295472528853109,25.30033476113855,11.00626925662336,0.12149999999999998,0.037610328394863016,0.0,0.0
ripe,0.7,omega,OptiMix GWR (no LBA),gwr,0.6,0.0,5,4.800271691949081,2.13778325809695,48837.96375047588,1810.5856293081526,61659.50018614823,1.0100648451763094e-11,93325.43007969914,0.0,4.427304179547424,0.6049501496593181,0.09789551730168262,0.01065279718204683,19.637280694412482,7.173897282845388,0.1345,0.04704620485323454,0.0,0.0
ripe,0.7,omega,OptiMix GWR (no LBA),gwr,0.8,0.0,5,11.042159441544076,3.8836419073549635,43914.610047405724,1088.2236207460467,37074.12486446798,9994.246945897237,93325.43007969914,0.0,5.7031411784710695,0.6247209610455099,0.06790459230572032,0.009151181689848327,11.883710752119637,3.305273505504775,0.17149999999999999,0.04881532171747307,0.0,0.0
ripe,0.7,omega,OptiMix GWR+LBA,gwr+lba,0.0,0.0,5,14.732190867506517,2.1890159761466097,26248.92639100274,1407.0943827959184,30902.95432513592,0.0,92485.36282643423,2332.4006133643143,3.340314414604131,0.0810914138076698,0.06449065401836918,0.0016604623759000799,0.27011227346249184,0.012622583855396665,0.28250000000000003,0.019632431614775556,0.0,0.0
ripe,0.7,omega,OptiMix GWR+LBA,gwr+lba,0.2,0.0,5,15.353037387466577,2.2706411915588904,26232.330706543802,1453.7412475871135,30902.95432513592,0.0,92485.36282643423,2332.4006133643143,3.861985525328529,0.09157028870526197,0.05708747800122342,0.001758717525987364,0.2680259376310672,0.010945828234174037,0.2835,0.020777012673671342,0.0,0.0
ripe,0.7,omega,OptiMix GWR+LBA,gwr+lba,0.4,0.0,5,16.27932808607201,2.325515893443156,26211.736289627752,1443.0656119929724,30902.95432513592,0.0,92485.36282643423,2332.4006133643143,4.532501586304558,0.11367660311165871,0.04846843485420467,0.0016167837052265144,0.2672062791228618,0.009388899714342917,0.2835,0.01736665858455985,0.0,0.0
ripe,0.7,omega,OptiMix GWR+LBA,gwr+lba,0.6,0.0,5,18.062236388513984,2.2931807683385412,26168.701007383374,1362.8624394862738,30902.95432513592,0.0,93325.43007969914,0.0,5.454261887096768,0.11822508999639461,0.03881186644178973,0.001490131709274116,0.2664528262166582,0.007857558736477734,0.284,0.019335702727741072,0.0,0.0
ripe,0.7,omega,OptiMix GWR+LBA,gwr+lba,0.8,0.0,5,26.737002029955512,2.5158148869948573,26125.995609245198,1201.64888744865,30902.95432513592,0.0,93325.43007969914,0.0,6.762978542681838,0.06859686589488954,0.025943551574390832,0.0010973196523315634,0.2658434067955423,0.006721155604688352,0.2845,0.013777715440924992,0.0,0.0
ripe,0.7,omega,OptiMix GWR+LBA+CRG(θ=.05),gwr+lba+crg,0.0,0.0,5,105.45519439945788,1.2245937615981424,26030.135335255927,1078.8229749386824,30902.95432513592,0.0,93325.43007969914,0.0,7.6328374935474015,0.00051747845842303,0.007162014063028696,7.177227142525661e-05,0.26913833949323557,0.00652572721135096,0.27249999999999996,0.015979641606106366,0.0,0.0
ripe,0.7,omega,OptiMix GWR+LBA+CRG(θ=.05),gwr+lba+crg,0.2,0.0,5,103.95572988745262,1.215645608238505,26118.129330465432,1094.229126295438,30902.95432513592,0.0,93325.43007969914,0.0,7.631785047713412,0.0005405760279873819,0.007114338859402608,7.872892391961664e-05,0.269590769544973,0.0077838109581621386,0.275,0.016278352347130425,0.0,0.0
ripe,0.7,omega,OptiMix GWR+LBA+CRG(θ=.05),gwr+lba+crg,0.4,0.0,5,101.8888870156743,1.1689806446699424,26118.700182098743,1092.848027505063,30902.95432513592,0.0,93325.43007969914,0.0,7.630553456937079,0.0008635458535135091,0.007056249106166278,7.662321895051858e-05,0.27091364539611845,0.007806933199413023,0.27549999999999997,0.013951463988053846,0.0,0.0
ripe,0.7,omega,OptiMix GWR+LBA+CRG(θ=.05),gwr+lba+crg,0.6,0.0,5,98.69677890531365,1.294567424208903,26009.38843444534,1058.7534828972516,30902.95432513592,0.0,93325.43007969914,0.0,7.629403594189722,0.0010489401644565865,0.006972454369881341,7.564210669615138e-05,0.2727541758329194,0.007703988567052222,0.27199999999999996,0.012299683152838492,0.0,0.0
ripe,0.7,omega,OptiMix GWR+LBA+CRG(θ=.05),gwr+lba+crg,0.8,0.0,5,93.81834080790898,1.2987163653600715,26329.632832157316,1184.8991863568278,30902.95432513592,0.0,93325.43007969914,0.0,7.63012318916748,0.0011119124148410015,0.006510640260326102,4.190154180159838e-05,0.2788336069893572,0.006513915200145221,0.28,0.014393397773666945,0.0,0.0
ripe,0.7,omega,OptiMix SSR+LBA,ssr+lba,0.0,0.0,5,59.05549766368999,2.803964362249154,26173.000342514537,1138.7540049421816,30902.95432513592,0.0,93325.43007969914,0.0,7.431215093360704,0.0232049641585227,0.015463297820494234,0.0004728642445646299,0.2656525896016494,0.006734142175826454,0.28150000000000003,0.013985954680955297,0.0,0.0
ripe,0.7,omega,OptiMix SSR+LBA,ssr+lba,0.2,0.0,5,73.11320323457198,2.354050745694901,26180.60729858542,1163.2574406298627,30902.95432513592,0.0,93325.43007969914,0.0,7.578531795362214,0.007926538712710993,0.010381246578966436,0.00020271180197344458,0.2660806250012142,0.006647933065669348,0.281,0.010201310709873812,0.0,0.0
ripe,0.7,omega,OptiMix SSR+LBA,ssr+lba,0.4,0.0,5,89.3591063313389,1.6826106147257516,26169.256531790463,1179.6355385251015,30902.95432513592,0.0,93325.43007969914,0.0,7.634411806943577,0.0009489035294436242,0.0066790272274480315,8.887203776961697e-05,0.2657579374790812,0.007149467649666618,0.282,0.015111872150133708,0.0,0.0
ripe,0.7,omega,OptiMix SSR+LBA,ssr+lba,0.6,0.0,5,104.04900026602768,1.2687311227064053,26220.80927027792,1155.103212233255,30902.95432513592,0.0,93325.43007969914,0.0,7.643361430556726,8.936523054051014e-05,0.004662898695801694,6.811055002766996e-05,0.2657020921992024,0.007383806027423417,0.281,0.012723269857458499,0.0,0.0
ripe,0.7,omega,OptiMix SSR+LBA,ssr+lba,0.8,0.0,5,114.96073511842955,1.436423282919583,26207.620557048533,1170.3133665664623,30902.95432513592,0.0,93325.43007969914,0.0,7.643846831047516,4.5637984308565695e-06,0.0037844449019629454,3.346702829843809e-05,0.26541164343608814,0.00680390536156733,0.2815,0.014658736196997932,0.0,0.0
ripe,0.7,omega,ours (θ_loc tilt),regretor,0.0,0.0,5,123.0100703121113,2.6342534595264957,9094.992438796007,510.66962569900363,612.3531680656329,58.16313814565123,32359.365692962812,0.0,7.5280656335677945,0.008612942857111285,0.008439877582362731,0.0004609884215743512,0.060498106414395146,0.00023780522270293612,0.0,0.0,33.725002777777775,0.07442171054819749
ripe,0.7,omega,ours (θ_loc tilt),regretor,0.0,0.5,5,106.38091416009183,2.3748370401234147,9631.376611718926,499.89538627957256,631.1840409339605,88.03885145522115,36228.34416826531,3552.28877791452,7.537982716372435,0.007895360724704325,0.008370925458682487,0.0003780494817570531,0.0637257595564106,0.0012145375430429447,0.015000000000000003,0.011820289105049599,34.40311111111111,0.09412930074055119
ripe,0.7,omega,ours (θ_loc tilt),regretor,0.0,1.0,5,87.70591699177496,1.6692663702673118,10690.660490036986,686.9062553961901,819.4999462198659,272.5572776033918,58428.1356127831,4311.562616339122,7.546398873666066,0.008238603616940704,0.008586544076704273,0.00033022122258117914,0.07256528135199818,0.0037226328882132022,0.04,0.010526718704980738,36.30429027777778,0.17028048913653962
ripe,0.7,omega,ours (θ_loc tilt),regretor,0.0,2.0,5,62.281293090521466,1.6274313318045193,11765.903051645531,933.6057967109456,1126.3260865283125,294.6360592909189,61104.47325603035,1541.001803378703,7.531804705851644,0.010511125066261694,0.009673201334571998,0.00031872440608699036,0.09348582110638279,0.0132577981502066,0.058499999999999996,0.013096465368313447,39.60563472222223,0.22918203547946994
ripe,0.7,omega,ours (θ_loc tilt),regretor,0.0,3.0,5,52.911902312444795,1.8267699960813886,12237.819651464311,860.6584455874311,1132.4770649100888,271.5133031813627,61659.50018614823,1.0100648451763094e-11,7.507830504472662,0.012904797966917849,0.010682475460195897,0.0002359114982180531,0.11273325391390161,0.02244750440657889,0.0595,0.01633743911979081,40.90125694444444,0.29776353219248375
ripe,0.7,omega,ours (θ_loc tilt),regretor,0.0,4.0,5,51.444051664629605,1.9525576132170404,12423.643012628545,826.467912638439,1139.4644399756432,252.11323988242202,61659.50018614823,1.0100648451763094e-11,7.5044623697732975,0.013613837849842388,0.01075223420039019,0.00020530615100381434,0.11983137262575387,0.02429122624477004,0.058499999999999996,0.015458592112074124,41.08864444444444,0.3182686894296802
ripe,0.7,omega,uniform (Nym default),uniform,1.0,0.0,5,122.75182679274565,1.7456037936958995,26262.717795710418,1127.3836608442618,30902.95432513592,0.0,93325.43007969914,0.0,7.643856189774725,1.232989312959362e-15,0.003374999999999936,0.0,0.266110927563734,0.007346983776806786,0.282,0.010153972585722992,0.0,0.0
